{
"type": "FeatureCollection",
"name": "INTERSECT 800",
"crs": { "type": "name", "properties": { "name": "urn:ogc:def:crs:OGC:1.3:CRS84" } },
"features": [
{ "type": "Feature", "properties": { "OBJECTID": 1, "Name": "Halte Semeru", "REMARK": "Halte", "type": "lines", "start": "608654.7414, 9134550.954", "NAMZON": "AREA PERUMAHAN", "LUAS": 487955.918 }, "geometry": { "type": "MultiPolygon", "coordinates": [ [ [ [ 111.991167511097288, -7.831145663567882 ], [ 111.991125503352308, -7.831134356409879 ], [ 111.991213165198687, -7.830833181758997 ], [ 111.991249169990667, -7.83084486936406 ], [ 111.991167511097288, -7.831145663567882 ] ] ], [ [ [ 111.991044839952977, -7.831597527593963 ], [ 111.99092747023073, -7.831565840797063 ], [ 111.990943807743193, -7.83151247771743 ], [ 111.990982203511535, -7.831387057678902 ], [ 111.991055313116192, -7.83114825157387 ], [ 111.99105969373548, -7.831149430604614 ], [ 111.991159216009521, -7.831176218877239 ], [ 111.991044839952977, -7.831597527593963 ] ] ], [ [ [ 111.990765559562107, -7.831522129030259 ], [ 111.99089129642735, -7.831103784494458 ], [ 111.991029040213633, -7.831141147516753 ], [ 111.991033418131209, -7.831142334694011 ], [ 111.990960399412103, -7.831380843025133 ], [ 111.990945652021139, -7.831429014247441 ], [ 111.990922148530771, -7.831505786990892 ], [ 111.990905573230833, -7.83155992916774 ], [ 111.990765559562107, -7.831522129030259 ] ] ], [ [ [ 111.990507718056492, -7.831452518222754 ], [ 111.990513564302006, -7.831432185742995 ], [ 111.990419916530556, -7.831406083160369 ], [ 111.990448678346297, -7.831305401187268 ], [ 111.990459070378108, -7.831269024047478 ], [ 111.990495613834042, -7.83114110401675 ], [ 111.990523229643983, -7.831044432270743 ], [ 111.990531601201226, -7.83100622568939 ], [ 111.990624975875164, -7.831031552897044 ], [ 111.990695059746784, -7.831050561278308 ], [ 111.990567853614934, -7.831468753347812 ], [ 111.990507718056492, -7.831452518222754 ] ] ], [ [ [ 111.988617015392649, -7.831972168261741 ], [ 111.988575279942012, -7.83187989276291 ], [ 111.988427695144665, -7.83190560785267 ], [ 111.988420032068163, -7.831861871378226 ], [ 111.988233581369073, -7.831874874285449 ], [ 111.988229421685844, -7.831815558344432 ], [ 111.988212328201996, -7.831814351289668 ], [ 111.988211708657175, -7.831816964470926 ], [ 111.988200554875434, -7.831814334568601 ], [ 111.98820055478474, -7.831814334568812 ], [ 111.988147766705168, -7.832015311542813 ], [ 111.988154001966379, -7.832017036060942 ], [ 111.98815289858085, -7.832021003406911 ], [ 111.9883685336616, -7.832082766186689 ], [ 111.988463267632341, -7.832109900092385 ], [ 111.988388914328738, -7.832342692105958 ], [ 111.988581047818741, -7.832411039942233 ], [ 111.988411075585134, -7.832836193310833 ], [ 111.988288009054656, -7.832800586745928 ], [ 111.98821684220934, -7.8329803144141 ], [ 111.987914871696603, -7.83289382335946 ], [ 111.987898554327359, -7.832935523460161 ], [ 111.987852756864555, -7.833100192426023 ], [ 111.987828480631151, -7.833187479874444 ], [ 111.987625591686566, -7.833115046590921 ], [ 111.987426974388001, -7.833036783766143 ], [ 111.987423721693247, -7.833035473627374 ], [ 111.987493369365964, -7.832789500217362 ], [ 111.987493489840062, -7.832789051336654 ], [ 111.987554778251393, -7.832545459882402 ], [ 111.987606970063609, -7.832351603671603 ], [ 111.987608146063721, -7.8323472352214 ], [ 111.987619044076126, -7.832350356210957 ], [ 111.987641110558585, -7.832356677145558 ], [ 111.987732176318872, -7.832382760160877 ], [ 111.988256088010203, -7.832532821215342 ], [ 111.988347285428432, -7.832558941765678 ], [ 111.988425193376997, -7.832581245095884 ], [ 111.98843092452563, -7.83255937334123 ], [ 111.988355095781515, -7.832537653922217 ], [ 111.988316993547201, -7.832526740833933 ], [ 111.988263633358486, -7.832511457117544 ], [ 111.987728848184631, -7.832358282261112 ], [ 111.987714884424051, -7.832354283018118 ], [ 111.987636878496659, -7.832331939981074 ], [ 111.987624924987102, -7.832328515766537 ], [ 111.987614026975237, -7.832325394777065 ], [ 111.987615202975249, -7.832321026326853 ], [ 111.987640554421688, -7.832226862553253 ], [ 111.987656899739122, -7.832166146795235 ], [ 111.98773862306858, -7.831847350030068 ], [ 111.987877929163361, -7.831892214500499 ], [ 111.987953489814458, -7.831734789217102 ], [ 111.987984678688619, -7.83173817106166 ], [ 111.987985930433254, -7.831738236865188 ], [ 111.987986302265341, -7.831738229662787 ], [ 111.988102502757528, -7.831734157821658 ], [ 111.98819378989235, -7.831745319812953 ], [ 111.988195195862161, -7.831745404247431 ], [ 111.988196509844812, -7.831745325195279 ], [ 111.988311788874924, -7.831731636819366 ], [ 111.988406543290196, -7.83171818374865 ], [ 111.988462514453232, -7.831723452890947 ], [ 111.988533368127705, -7.831760429082755 ], [ 111.988614994772576, -7.831807498786509 ], [ 111.988679594856208, -7.831860926764123 ], [ 111.988683504173281, -7.831864159081201 ], [ 111.988685095747627, -7.831865261469297 ], [ 111.988685609732727, -7.8318655379246 ], [ 111.988700019311935, -7.831872833650439 ], [ 111.988764870272817, -7.831905665381659 ], [ 111.988617015392649, -7.831972168261741 ] ] ], [ [ [ 111.987731562377405, -7.833535958151337 ], [ 111.987670238879474, -7.833518997585273 ], [ 111.987627487414315, -7.833628251345766 ], [ 111.987306661903787, -7.833503407690591 ], [ 111.987329540708174, -7.833414598062026 ], [ 111.987396076354727, -7.833145367231794 ], [ 111.987438814441759, -7.833160675029828 ], [ 111.987527615600953, -7.833192483908339 ], [ 111.987533733303238, -7.833175676075519 ], [ 111.987553721022152, -7.833120754622754 ], [ 111.987614163837577, -7.833144580471704 ], [ 111.987614626791839, -7.833144753942502 ], [ 111.987680270969065, -7.833168188637476 ], [ 111.987603624462167, -7.83339108288189 ], [ 111.987756024760984, -7.833448001500426 ], [ 111.987731562377405, -7.833535958151337 ] ] ], [ [ [ 111.986889568386971, -7.833341102520852 ], [ 111.986748164246251, -7.833687149922444 ], [ 111.986405019866353, -7.833548599025418 ], [ 111.98586889627785, -7.833327305859592 ], [ 111.985620303602005, -7.833229894616173 ], [ 111.985610135095058, -7.833222671171561 ], [ 111.985588575278442, -7.833207354362793 ], [ 111.985450065314126, -7.83308384142978 ], [ 111.985215140407888, -7.832982091054637 ], [ 111.985304989111796, -7.832770101736038 ], [ 111.985347368692899, -7.832730159692021 ], [ 111.985377847203665, -7.832680553559735 ], [ 111.985531493180474, -7.832346152930951 ], [ 111.98580380851547, -7.83245363666333 ], [ 111.985804374947506, -7.832453846976035 ], [ 111.985879585518802, -7.832479618368139 ], [ 111.985902884821215, -7.832487601573888 ], [ 111.9859071781583, -7.832489072089678 ], [ 111.985928445587433, -7.832496926189743 ], [ 111.985932656875406, -7.8324986022034 ], [ 111.986045805184986, -7.832543635174648 ], [ 111.986186008713858, -7.832599435403179 ], [ 111.986389215889929, -7.832680084875018 ], [ 111.986389618031097, -7.832680238592067 ], [ 111.986740159111704, -7.832808480751839 ], [ 111.986744243130403, -7.83281002862506 ], [ 111.986925573641699, -7.832876312365089 ], [ 111.987148963358365, -7.832968474639185 ], [ 111.987154260427971, -7.832970600313 ], [ 111.987202663528251, -7.832990621436155 ], [ 111.987159119511645, -7.833128736190741 ], [ 111.9873540058191, -7.83318321045528 ], [ 111.98728858970955, -7.83344798523486 ], [ 111.98715258603805, -7.833411123452771 ], [ 111.98714124487168, -7.833439038405782 ], [ 111.986889568386971, -7.833341102520852 ] ] ], [ [ [ 111.98657303046447, -7.834115740537841 ], [ 111.986505232258565, -7.834088190173523 ], [ 111.986450885565873, -7.834016900975188 ], [ 111.986450528083282, -7.834016455022129 ], [ 111.986450129787983, -7.834016009164552 ], [ 111.98634909164231, -7.833908562062469 ], [ 111.986348547102807, -7.833908020677135 ], [ 111.986303816347274, -7.833866487984192 ], [ 111.986302369796533, -7.833865349070691 ], [ 111.986300757857265, -7.83386445835874 ], [ 111.986158067017314, -7.833800182274564 ], [ 111.986157164656817, -7.833799821708276 ], [ 111.985761618734969, -7.833664577370351 ], [ 111.98580190115932, -7.833460991200505 ], [ 111.98585189682646, -7.833344475576051 ], [ 111.986169434358629, -7.833472334991746 ], [ 111.986656908249586, -7.833669692751964 ], [ 111.986741131662811, -7.833704360205544 ], [ 111.98657303046447, -7.834115740537841 ] ] ], [ [ [ 111.98641378088135, -7.834051028122399 ], [ 111.986356594793577, -7.833980598845537 ], [ 111.986355431951353, -7.833979388722596 ], [ 111.986276556595342, -7.833908740843774 ], [ 111.986275440786869, -7.83390786163287 ], [ 111.98627422374274, -7.833907128272526 ], [ 111.986156977063885, -7.833846142669154 ], [ 111.986155530806741, -7.833845513854455 ], [ 111.985850101234789, -7.833739042209616 ], [ 111.98577920784949, -7.833712635781231 ], [ 111.985753969705172, -7.833703235343041 ], [ 111.985754858829438, -7.833698739136906 ], [ 111.985755299811629, -7.833696511391942 ], [ 111.985757188313087, -7.833686965208922 ], [ 111.986149218793528, -7.833821006737979 ], [ 111.986289727010458, -7.833884300291263 ], [ 111.986332815310902, -7.833924307433526 ], [ 111.986433189721794, -7.834031049731021 ], [ 111.986463966634247, -7.834071421536748 ], [ 111.98641378088135, -7.834051028122399 ] ] ], [ [ [ 111.986280716216598, -7.833996956105705 ], [ 111.986294491186356, -7.833955196665458 ], [ 111.986323379616451, -7.833981072715683 ], [ 111.986339611123142, -7.833995610568667 ], [ 111.98636449115034, -7.834026251502592 ], [ 111.986363068055766, -7.834030420519044 ], [ 111.986280716216598, -7.833996956105705 ] ] ], [ [ [ 111.985750441477109, -7.834196718931413 ], [ 111.985753669773146, -7.834187329192103 ], [ 111.985893236057862, -7.833778029095051 ], [ 111.985902089749359, -7.833781116921385 ], [ 111.9860254695446, -7.833824127124902 ], [ 111.986030792284893, -7.83382598142226 ], [ 111.986147218224701, -7.833866567695007 ], [ 111.986204844050235, -7.833896540526505 ], [ 111.986129765314828, -7.834163228093435 ], [ 111.985963439091734, -7.834116662684206 ], [ 111.985912103497512, -7.834256933852497 ], [ 111.985750441477109, -7.834196718931413 ] ] ], [ [ [ 111.984949444834939, -7.834384117597705 ], [ 111.984990772889631, -7.834301202783529 ], [ 111.985253177792686, -7.834393443961883 ], [ 111.985220292893004, -7.834483964142798 ], [ 111.984949444834939, -7.834384117597705 ] ] ], [ [ [ 111.984804976691734, -7.834330860171035 ], [ 111.984808854167099, -7.834318652944523 ], [ 111.98482873358526, -7.834256064947716 ], [ 111.984839419747118, -7.834261259460925 ], [ 111.984846932479726, -7.834264912999792 ], [ 111.984857069142535, -7.834239278482772 ], [ 111.98493996254615, -7.834271876804984 ], [ 111.984967097652117, -7.834282259593011 ], [ 111.984973646317172, -7.834284765848097 ], [ 111.984928055158278, -7.834376232409226 ], [ 111.984804976691734, -7.834330860171035 ] ] ], [ [ [ 111.982462941924112, -7.823605178215621 ], [ 111.982694295973602, -7.823688787009319 ], [ 111.982637662268019, -7.823852207236254 ], [ 111.982787776563157, -7.823911682371754 ], [ 111.982850408215455, -7.823758983817243 ], [ 111.982856608784132, -7.823744391023792 ], [ 111.982992756496643, -7.823794945132429 ], [ 111.983033000125772, -7.823807890169649 ], [ 111.983025168355184, -7.82383005419707 ], [ 111.982961957375537, -7.82400101373742 ], [ 111.9834542152431, -7.824146437601871 ], [ 111.983588239148872, -7.823739317247665 ], [ 111.983524736064282, -7.823718830623672 ], [ 111.983614640537724, -7.82342525022105 ], [ 111.983929769847975, -7.823521222595581 ], [ 111.983949872799798, -7.82345239236591 ], [ 111.983965687132184, -7.823456985744197 ], [ 111.984034124890613, -7.823202536770036 ], [ 111.984120858793432, -7.822880063015994 ], [ 111.984506257884348, -7.82303432956659 ], [ 111.984506776205848, -7.823034527332933 ], [ 111.984507166502254, -7.823034662087566 ], [ 111.984530715123938, -7.823042462162657 ], [ 111.98453503638062, -7.823043893749667 ], [ 111.984513751162083, -7.823134178741497 ], [ 111.984464997259963, -7.823300448677096 ], [ 111.984368670143468, -7.823661971076412 ], [ 111.984365411461056, -7.823672766761359 ], [ 111.984362885328409, -7.823681135046745 ], [ 111.984259203920089, -7.824024553358274 ], [ 111.984203728517414, -7.824204336726419 ], [ 111.984199843778896, -7.824217339784638 ], [ 111.984161339210416, -7.824346212795941 ], [ 111.984145765729778, -7.824390080683679 ], [ 111.984098662362868, -7.824522766940944 ], [ 111.984054372742307, -7.824647527412981 ], [ 111.984052859087342, -7.824651789920922 ], [ 111.984048602810105, -7.824650228845368 ], [ 111.983910158052652, -7.824599439415145 ], [ 111.983762512649847, -7.82454485648331 ], [ 111.983758253623989, -7.824543282748876 ], [ 111.983759580288933, -7.824538950131699 ], [ 111.983768487133915, -7.824509866293429 ], [ 111.983783323469439, -7.824461419176171 ], [ 111.983816306491306, -7.824353713762404 ], [ 111.983836173157158, -7.824288837635689 ], [ 111.983865609986822, -7.824192712717519 ], [ 111.983870378419851, -7.824177142626792 ], [ 111.983879869379408, -7.824146150879429 ], [ 111.983889724855686, -7.82411396895177 ], [ 111.983926729222262, -7.8239931308255 ], [ 111.983927125807796, -7.82399130565804 ], [ 111.983927216663076, -7.823989440503879 ], [ 111.983926998279102, -7.823987586019491 ], [ 111.983926476216226, -7.823985792840176 ], [ 111.983925666006712, -7.823984109769192 ], [ 111.983924588618095, -7.82398258288373 ], [ 111.983923274074371, -7.823981252813293 ], [ 111.983921757834807, -7.823980157461455 ], [ 111.98392008168598, -7.823979325672656 ], [ 111.983918291027294, -7.823978779951871 ], [ 111.983916434871034, -7.823978536464657 ], [ 111.983914564017937, -7.823978600519188 ], [ 111.983912728344777, -7.823978970190271 ], [ 111.98391097952738, -7.823979637217522 ], [ 111.983909364679349, -7.823980581593587 ], [ 111.983907927273961, -7.823981777892981 ], [ 111.983906707141756, -7.823983194367577 ], [ 111.983905737747932, -7.823984792048789 ], [ 111.98390504438261, -7.823986526560372 ], [ 111.983848709772587, -7.824170485864952 ], [ 111.983836294571404, -7.824211028014191 ], [ 111.983813926733689, -7.824284092383818 ], [ 111.983759249007448, -7.824462626644975 ], [ 111.983747154186986, -7.824502113476515 ], [ 111.983738284242719, -7.824531076938794 ], [ 111.983736957577548, -7.824535409555912 ], [ 111.983732698549716, -7.824533834916754 ], [ 111.983701802447527, -7.824522413397169 ], [ 111.983627142418527, -7.824493275639797 ], [ 111.983520423790196, -7.824451630105009 ], [ 111.983459229287192, -7.824429565258277 ], [ 111.983399024190405, -7.824407859869695 ], [ 111.982598810747447, -7.824119358989163 ], [ 111.982316408134054, -7.82400842049746 ], [ 111.982462941924112, -7.823605178215621 ] ] ], [ [ [ 111.984151602192199, -7.822765759991317 ], [ 111.984583833548029, -7.82288137514435 ], [ 111.984552447669415, -7.822994414080547 ], [ 111.984544648005482, -7.823013722034652 ], [ 111.984540336733787, -7.82301229404214 ], [ 111.984526841090329, -7.823007823252679 ], [ 111.984517632214718, -7.82300477327725 ], [ 111.984129141311385, -7.822849268870209 ], [ 111.984151602192199, -7.822765759991317 ] ] ], [ [ [ 111.985027567743828, -7.823000066583872 ], [ 111.984988293899789, -7.823146086777562 ], [ 111.984872117788669, -7.823116404408291 ], [ 111.984741318256383, -7.823078860875438 ], [ 111.984741291029508, -7.823078852799076 ], [ 111.984644292853204, -7.823046729323321 ], [ 111.984580864481487, -7.823025708121356 ], [ 111.984570519268232, -7.82302229178912 ], [ 111.984566207089443, -7.823020863799011 ], [ 111.984573718212062, -7.823002271020236 ], [ 111.984573864236694, -7.823001888104179 ], [ 111.984574128033316, -7.82300106354982 ], [ 111.984605733610564, -7.822887233055945 ], [ 111.985027567743828, -7.823000066583872 ] ] ], [ [ [ 111.984927362370385, -7.823372630108097 ], [ 111.98502875271285, -7.823403897067365 ], [ 111.985037362564768, -7.823188167117258 ], [ 111.985051563691414, -7.82318966168491 ], [ 111.985052896169876, -7.823189745400556 ], [ 111.985147670608839, -7.82319173100757 ], [ 111.985152365115951, -7.823191829486133 ], [ 111.985122960415211, -7.823292221495922 ], [ 111.985111201522528, -7.823332184201234 ], [ 111.985055297194648, -7.823514897188046 ], [ 111.985055166770692, -7.823515357849078 ], [ 111.985008169133835, -7.823696031349305 ], [ 111.984957727877656, -7.823849282322677 ], [ 111.984955392556955, -7.823848522622444 ], [ 111.984948031705954, -7.823846124964678 ], [ 111.984890527225332, -7.823827398115113 ], [ 111.984840837408669, -7.823811215280558 ], [ 111.984709375019534, -7.823768402273388 ], [ 111.984623513594954, -7.82374043945032 ], [ 111.984542913328625, -7.823715583725943 ], [ 111.984523097028784, -7.823709472571274 ], [ 111.984433798438133, -7.823681933764341 ], [ 111.984425171785375, -7.823679265006015 ], [ 111.984409579426028, -7.823674464465797 ], [ 111.984394697691826, -7.823669875713733 ], [ 111.984390399966401, -7.823668425982477 ], [ 111.984390535811514, -7.823667956264573 ], [ 111.984391544508696, -7.823664169761521 ], [ 111.984486835915732, -7.82330652527331 ], [ 111.984535597920697, -7.823140233610899 ], [ 111.984535753446366, -7.823139648079562 ], [ 111.98455664084635, -7.823051049879401 ], [ 111.984560961196237, -7.823052481468258 ], [ 111.984731420759871, -7.8231089464347 ], [ 111.984732034289664, -7.823109135838682 ], [ 111.984863562589609, -7.823146889310164 ], [ 111.984864013620552, -7.823147011260634 ], [ 111.984980070078009, -7.823176662945422 ], [ 111.984927362370385, -7.823372630108097 ] ] ], [ [ [ 111.985052589117899, -7.822806648252454 ], [ 111.98509461002034, -7.822820507143853 ], [ 111.985096460289896, -7.822820949615534 ], [ 111.985098359701709, -7.822821077229665 ], [ 111.985100252924823, -7.822820886497684 ], [ 111.985102088275099, -7.822820382062305 ], [ 111.985103812280002, -7.822819579423788 ], [ 111.985105377828233, -7.822818499494012 ], [ 111.985106739647819, -7.822817174033844 ], [ 111.985107860641833, -7.822815640211613 ], [ 111.985139729726214, -7.822763280530753 ], [ 111.985190557305458, -7.822752667752728 ], [ 111.985192262075017, -7.822752170857288 ], [ 111.985193867378399, -7.822751413717206 ], [ 111.985195334264432, -7.822750416320885 ], [ 111.985196627418276, -7.822749202266071 ], [ 111.985197715167587, -7.822747801472981 ], [ 111.985198569480474, -7.822746249279958 ], [ 111.985208013365593, -7.822725361195049 ], [ 111.985309015817876, -7.822729370058252 ], [ 111.985311006525308, -7.822707345442207 ], [ 111.985678314194445, -7.822740362653307 ], [ 111.985678314281941, -7.822740361296446 ], [ 111.985751343284804, -7.822746926059249 ], [ 111.985767123888138, -7.822747552334021 ], [ 111.985793707060381, -7.822663774998549 ], [ 111.986101211839042, -7.82276081189956 ], [ 111.986138930676333, -7.822762308974585 ], [ 111.986146866768209, -7.822727064207003 ], [ 111.986444723621958, -7.822793763734747 ], [ 111.986461174482429, -7.822750179997986 ], [ 111.986506531237367, -7.822612727864617 ], [ 111.98641388785579, -7.82258734304797 ], [ 111.986529084995652, -7.822169235929581 ], [ 111.986593531767397, -7.822186158569782 ], [ 111.98670602417171, -7.822216510683127 ], [ 111.986662260284206, -7.822388969888731 ], [ 111.986770878943005, -7.822423819733433 ], [ 111.98670083988894, -7.822672447503999 ], [ 111.986774899286274, -7.822694619289907 ], [ 111.986756250744463, -7.822765884275461 ], [ 111.986888329762692, -7.822809902635791 ], [ 111.986789740643403, -7.823073605334208 ], [ 111.986545140066241, -7.822991975941863 ], [ 111.986500745898638, -7.823123594226929 ], [ 111.986485112711989, -7.823129202979439 ], [ 111.98646619615603, -7.823256247687082 ], [ 111.986295834074127, -7.82323981253585 ], [ 111.986090511904465, -7.823220796346149 ], [ 111.985993425578982, -7.823211804282696 ], [ 111.985632614953261, -7.823176708491506 ], [ 111.985631628058371, -7.82317664296373 ], [ 111.98527388246859, -7.823164165910779 ], [ 111.985270060405767, -7.823164057256938 ], [ 111.985167293084615, -7.82316048044249 ], [ 111.985054230393516, -7.82315811153524 ], [ 111.985038627225961, -7.823156479556589 ], [ 111.985052589117899, -7.822806648252454 ] ] ], [ [ [ 111.985056074000084, -7.822719330561594 ], [ 111.98518358018292, -7.822724391420021 ], [ 111.985180268886495, -7.822731715242627 ], [ 111.985130268023966, -7.822742155151655 ], [ 111.98512848986131, -7.822742681160004 ], [ 111.98512682119194, -7.822743489096035 ], [ 111.985125307311193, -7.822744557147628 ], [ 111.98512398896483, -7.822745857182231 ], [ 111.98512289962855, -7.822747354753234 ], [ 111.985093160871443, -7.822796214730016 ], [ 111.98505352724716, -7.822783142353652 ], [ 111.985056074000084, -7.822719330561594 ] ] ], [ [ [ 111.986654171913983, -7.821715233180107 ], [ 111.986810236638476, -7.821757995886271 ], [ 111.986998852074748, -7.821841439648933 ], [ 111.986999597364346, -7.821841738178064 ], [ 111.987000431453723, -7.821842003035545 ], [ 111.987230816967767, -7.821905447492555 ], [ 111.987229168161875, -7.821909684999269 ], [ 111.987224770742088, -7.821920985320042 ], [ 111.987193449359054, -7.822004022205324 ], [ 111.987185062674754, -7.822026254692179 ], [ 111.987123748888536, -7.822007741437703 ], [ 111.986996033475762, -7.82196917750273 ], [ 111.986938624987062, -7.821951843512821 ], [ 111.986914820890135, -7.822033260153009 ], [ 111.986774591326252, -7.821993385942545 ], [ 111.986718544107362, -7.822187095481866 ], [ 111.986601718380754, -7.822155575023096 ], [ 111.986537495310486, -7.822138710731493 ], [ 111.986654171913983, -7.821715233180107 ] ] ], [ [ [ 111.987722211973747, -7.821900054545419 ], [ 111.987720940073629, -7.821903247268954 ], [ 111.987563037585304, -7.821865074311092 ], [ 111.987537332354918, -7.821890829385766 ], [ 111.987497160936869, -7.821927859497519 ], [ 111.98761805297238, -7.821977359363373 ], [ 111.98754923161404, -7.822157381320416 ], [ 111.987639182890476, -7.822196581364685 ], [ 111.987543716091167, -7.822449505319156 ], [ 111.987543716000914, -7.822449505500265 ], [ 111.987495734586233, -7.822623655236152 ], [ 111.987608858611964, -7.822660778634033 ], [ 111.987605814802464, -7.822670002830852 ], [ 111.987791526053599, -7.822717079997965 ], [ 111.987771477884692, -7.822733902069576 ], [ 111.987566923407712, -7.82265828718263 ], [ 111.987551733098925, -7.822729154284715 ], [ 111.987444174061537, -7.822704519558012 ], [ 111.987463189887151, -7.822627899454787 ], [ 111.987420930118958, -7.822616512022559 ], [ 111.987388534924136, -7.822718049798684 ], [ 111.987026173212314, -7.822626732001292 ], [ 111.987035674019864, -7.822601582827369 ], [ 111.987072080106756, -7.822505215376329 ], [ 111.987080967965525, -7.822481668481656 ], [ 111.987414157584524, -7.822593555271619 ], [ 111.98743846478466, -7.822521709049252 ], [ 111.987411928492492, -7.822506866074401 ], [ 111.987444111824729, -7.822417053861373 ], [ 111.987462535770121, -7.822349835818487 ], [ 111.987171902390799, -7.822240748226547 ], [ 111.987205732267611, -7.822151118489277 ], [ 111.987245125036978, -7.822046752476473 ], [ 111.987282202319406, -7.821948521219445 ], [ 111.987322107001916, -7.821842799165355 ], [ 111.98735283117351, -7.82176139732076 ], [ 111.987722211973747, -7.821900054545419 ] ] ], [ [ [ 111.989700158517977, -7.824869886724031 ], [ 111.990032335376071, -7.824939159274973 ], [ 111.990057513830749, -7.824943071650305 ], [ 111.990449424802335, -7.824927854834531 ], [ 111.990449425091711, -7.824927862159744 ], [ 111.990466670758224, -7.824927192827812 ], [ 111.990469790563154, -7.825007133762073 ], [ 111.990653019116195, -7.82503560474576 ], [ 111.990648638516646, -7.825063641023536 ], [ 111.990863723039496, -7.825118165702319 ], [ 111.990858358581534, -7.82514113712162 ], [ 111.990838106714719, -7.825252892864631 ], [ 111.990791316864701, -7.825510148992527 ], [ 111.990786851962952, -7.825509354532819 ], [ 111.990488170867565, -7.825456221297134 ], [ 111.99003292858832, -7.825385482352663 ], [ 111.990031156119173, -7.825385347229055 ], [ 111.990030742578469, -7.825385356339277 ], [ 111.990013503326693, -7.825386024464954 ], [ 111.98995322127351, -7.825388365482834 ], [ 111.989670192620139, -7.825340418920008 ], [ 111.989278436504307, -7.825271465701065 ], [ 111.989277834998873, -7.825271377572553 ], [ 111.989004498224446, -7.825238554348427 ], [ 111.98860769521292, -7.82516962859024 ], [ 111.988596446068357, -7.825165979333007 ], [ 111.988596065779333, -7.825165859030038 ], [ 111.988480100834735, -7.825128233183052 ], [ 111.988478535458796, -7.825127845230891 ], [ 111.988477031388328, -7.825127686860986 ], [ 111.988359920096329, -7.825123175842204 ], [ 111.988359044611656, -7.825145769712428 ], [ 111.98847458314286, -7.825150220200417 ], [ 111.988576295598065, -7.825183218900134 ], [ 111.988580703949424, -7.825184649332691 ], [ 111.988580219594212, -7.825189246793178 ], [ 111.988562287328648, -7.8253592524647 ], [ 111.988523644324545, -7.82563360309495 ], [ 111.988500665067292, -7.825677392572186 ], [ 111.988500105699956, -7.825678637477307 ], [ 111.988499699742405, -7.825679940811122 ], [ 111.988499454403197, -7.825681282659244 ], [ 111.988474821021924, -7.825885278130128 ], [ 111.988462873722042, -7.825934457502004 ], [ 111.988458443769687, -7.825933485667053 ], [ 111.988163115164255, -7.825868699267877 ], [ 111.988081970471143, -7.825850897433563 ], [ 111.988135908006242, -7.825621852002004 ], [ 111.988017054948912, -7.825591021473619 ], [ 111.987965547698153, -7.825825357564104 ], [ 111.987750246853665, -7.825778126614595 ], [ 111.987745815089852, -7.825777154775968 ], [ 111.987826354110481, -7.825470278542142 ], [ 111.987826527338242, -7.825469509368854 ], [ 111.987871842807948, -7.825229696068924 ], [ 111.987933406494776, -7.824899576019043 ], [ 111.987971840119002, -7.824737599829711 ], [ 111.987971962090072, -7.824737017089523 ], [ 111.987975118342419, -7.824719734132156 ], [ 111.987979538336845, -7.824720719563764 ], [ 111.98799826182794, -7.824724890381207 ], [ 111.987999981043529, -7.824725135074816 ], [ 111.988001717771695, -7.824725113824225 ], [ 111.988003430300054, -7.824724829440405 ], [ 111.988005127653196, -7.824724262909142 ], [ 111.988006626831648, -7.82472349967555 ], [ 111.98805550844844, -7.824693712596051 ], [ 111.98805690457732, -7.824692709024528 ], [ 111.988058268122543, -7.824691348278422 ], [ 111.988071682363099, -7.824675463973882 ], [ 111.988087807120721, -7.824656368013008 ], [ 111.988103915161204, -7.824650972435719 ], [ 111.988144706009521, -7.824645451226104 ], [ 111.988236377635502, -7.824654562151537 ], [ 111.988340027059621, -7.824685591057838 ], [ 111.988341343750037, -7.824685900907564 ], [ 111.98834284056349, -7.824686059295153 ], [ 111.988388917045754, -7.824687866056156 ], [ 111.988389389578984, -7.824687874898098 ], [ 111.988390676338099, -7.824687798625102 ], [ 111.988589657443171, -7.824664648432337 ], [ 111.988648868263212, -7.824684604390732 ], [ 111.988596849164836, -7.824885515695923 ], [ 111.988783183396663, -7.824938682095754 ], [ 111.988827747737488, -7.824748685753391 ], [ 111.988862670818889, -7.824761682006799 ], [ 111.988864636477331, -7.824762208302193 ], [ 111.988866604917348, -7.824762375531386 ], [ 111.988887721843355, -7.824762326044207 ], [ 111.988889466456456, -7.824762187195275 ], [ 111.988891168722105, -7.824761781638007 ], [ 111.988892788761021, -7.824761120319081 ], [ 111.988957980994854, -7.824728422440571 ], [ 111.988958578811022, -7.824728099966008 ], [ 111.988959955138483, -7.824727161557295 ], [ 111.989017222229904, -7.824681617598891 ], [ 111.989047147239489, -7.824681547459823 ], [ 111.989118279554191, -7.824689891437579 ], [ 111.989228118144723, -7.824706772045393 ], [ 111.989291053586129, -7.824720881067107 ], [ 111.989497953034643, -7.824770039330485 ], [ 111.989635817107711, -7.824815508328324 ], [ 111.989637287232014, -7.824815886550818 ], [ 111.989638795885014, -7.824816065707877 ], [ 111.989640314036436, -7.824816042249842 ], [ 111.989711236372031, -7.824810170696678 ], [ 111.989700158517977, -7.824869886724031 ] ] ], [ [ [ 111.991085405357978, -7.82517436281174 ], [ 111.991079052017781, -7.82520993265458 ], [ 111.99133944307917, -7.825252441963218 ], [ 111.991291336898684, -7.825441162667015 ], [ 111.99117810803844, -7.825418325248921 ], [ 111.990848304763631, -7.825351804715575 ], [ 111.990847846561422, -7.825351719870552 ], [ 111.990843388835614, -7.825350891026012 ], [ 111.990880613199394, -7.825145477686154 ], [ 111.990885850613225, -7.825123775112411 ], [ 111.991085405357978, -7.82517436281174 ] ] ], [ [ [ 111.991198633177746, -7.825804839295106 ], [ 111.991212843086501, -7.825808851886947 ], [ 111.99121248537655, -7.825810111675967 ], [ 111.991172281811799, -7.825802612989041 ], [ 111.991161207045337, -7.825861662221052 ], [ 111.991103446091117, -7.825850889558934 ], [ 111.991088474320691, -7.825930718219807 ], [ 111.990731643082782, -7.825868819470146 ], [ 111.990749771998708, -7.825795535104239 ], [ 111.990752329928853, -7.82578263370842 ], [ 111.99075606194954, -7.825763805526936 ], [ 111.990766376051013, -7.825711752960731 ], [ 111.990767114614101, -7.825708046673565 ], [ 111.990788366772279, -7.825624677793463 ], [ 111.990797677286253, -7.825588155774016 ], [ 111.990800112522592, -7.825578602872885 ], [ 111.990800755925989, -7.825576077997167 ], [ 111.990802032852613, -7.82557106896834 ], [ 111.990803151622501, -7.825566679846728 ], [ 111.990807607641386, -7.825567553012614 ], [ 111.99098793442424, -7.825602891650991 ], [ 111.990957110050147, -7.825755570633699 ], [ 111.991160203668613, -7.825792424902295 ], [ 111.991194849847403, -7.825642073082604 ], [ 111.991238098092907, -7.825650018522429 ], [ 111.991198633177746, -7.825804839295106 ] ] ], [ [ [ 111.99111199411719, -7.826164023271001 ], [ 111.991103713970162, -7.826201561250135 ], [ 111.990863047111745, -7.826182559455378 ], [ 111.99065702682465, -7.826164610944508 ], [ 111.99066825655197, -7.826125066330347 ], [ 111.990668394987168, -7.826124544148096 ], [ 111.990697474893011, -7.826006970269232 ], [ 111.991100410766876, -7.826065980506934 ], [ 111.99113896840818, -7.826069024863875 ], [ 111.99111199411719, -7.826164023271001 ] ] ], [ [ [ 111.990888614708467, -7.827281191995278 ], [ 111.990888040113418, -7.827284204379167 ], [ 111.990887927693308, -7.827284183027312 ], [ 111.990884714681286, -7.827298171327835 ], [ 111.990848003179238, -7.827298624713015 ], [ 111.99084883533466, -7.827365645673562 ], [ 111.990868980413751, -7.827366672668331 ], [ 111.990863019010959, -7.827392626467177 ], [ 111.990843780258686, -7.827501197317843 ], [ 111.990914070416082, -7.827496984600841 ], [ 111.99113557850751, -7.827482029918088 ], [ 111.991135432671911, -7.827479112654621 ], [ 111.991155886796065, -7.827478095804228 ], [ 111.99115251999018, -7.827594363937133 ], [ 111.991083004923468, -7.827592447078498 ], [ 111.991085923109026, -7.827515142063863 ], [ 111.991012217229908, -7.827512516919525 ], [ 111.990875679725676, -7.8275080586544 ], [ 111.990864456715812, -7.827632998798411 ], [ 111.990807377333496, -7.827629437367834 ], [ 111.990816392263326, -7.827525742989549 ], [ 111.990698103253195, -7.827513596641255 ], [ 111.990653453788681, -7.827509011119528 ], [ 111.990642700044134, -7.827619161799322 ], [ 111.990642750902936, -7.827640698009858 ], [ 111.990358242329535, -7.827635762225472 ], [ 111.990433923935598, -7.827306273655466 ], [ 111.990434082624361, -7.82730549456705 ], [ 111.990467713650304, -7.827115701071261 ], [ 111.990876285689978, -7.82714564690743 ], [ 111.99087678295605, -7.827185692168628 ], [ 111.990894445972515, -7.827185474314813 ], [ 111.990895274010541, -7.827252199859549 ], [ 111.990888614708467, -7.827281191995278 ] ] ], [ [ [ 111.991438352068101, -7.827464053298829 ], [ 111.991390535985744, -7.827889766275232 ], [ 111.991376324441859, -7.827890619092218 ], [ 111.991279922243081, -7.827896398867669 ], [ 111.991267316657442, -7.827897153845978 ], [ 111.991276927583641, -7.827699921753174 ], [ 111.991216849935995, -7.827697930283466 ], [ 111.991217576591623, -7.82767536843301 ], [ 111.991221432811216, -7.827596265015226 ], [ 111.991186976857463, -7.82759531583317 ], [ 111.991183609090925, -7.827549511569996 ], [ 111.991218987324075, -7.827528551442188 ], [ 111.991280150519358, -7.827515560262433 ], [ 111.991338084693268, -7.827499365930593 ], [ 111.991363820322817, -7.827486457996997 ], [ 111.991370761697482, -7.827467413518699 ], [ 111.991438352068101, -7.827464053298829 ] ] ], [ [ [ 111.992958294466888, -7.827378330270663 ], [ 111.992958451542606, -7.827380741657134 ], [ 111.993191231828689, -7.827366913340497 ], [ 111.993216275060476, -7.827786152634375 ], [ 111.993075917539642, -7.82779342125464 ], [ 111.993093325860798, -7.827545018050079 ], [ 111.992839846426719, -7.82752352400635 ], [ 111.992862088166802, -7.827405874795681 ], [ 111.992810246739126, -7.827401689910382 ], [ 111.992812291434021, -7.827387786604447 ], [ 111.992958294466888, -7.827378330270663 ] ] ], [ [ [ 111.992956610952447, -7.828286882922665 ], [ 111.992948131413584, -7.828395544757453 ], [ 111.992711341640486, -7.82830541692904 ], [ 111.992485361134101, -7.828219555653595 ], [ 111.992488857320794, -7.828206878153444 ], [ 111.992495323570338, -7.828183014893901 ], [ 111.992499984289395, -7.828164980420305 ], [ 111.992507277602257, -7.828134956941955 ], [ 111.992508759803513, -7.828129317942889 ], [ 111.992510333143358, -7.828123866851083 ], [ 111.99251204771079, -7.828118691278509 ], [ 111.992513965453426, -7.828113907751002 ], [ 111.992516172906704, -7.828109675244864 ], [ 111.992516477582868, -7.828109268438255 ], [ 111.992518778477404, -7.828106197002014 ], [ 111.992519688273418, -7.828105487595904 ], [ 111.992521926103208, -7.828103744013185 ], [ 111.992524600505504, -7.828102908356546 ], [ 111.992525877439334, -7.828102509210846 ], [ 111.992529527588815, -7.828102389376576 ], [ 111.992530404532744, -7.828102361084524 ], [ 111.992542247578811, -7.828102456218891 ], [ 111.992651709349033, -7.828144814520543 ], [ 111.992908441359603, -7.828235234005804 ], [ 111.993044430424831, -7.828281666024847 ], [ 111.992956610952447, -7.828286882922665 ] ] ], [ [ [ 111.987158504943395, -7.832212216296009 ], [ 111.98715850503325, -7.83221221593402 ], [ 111.9872893727796, -7.831713976069778 ], [ 111.987326968890869, -7.831697207117891 ], [ 111.987421973761883, -7.831678399438857 ], [ 111.987524035312489, -7.831687582770456 ], [ 111.987525080224842, -7.831687628257884 ], [ 111.987526120376643, -7.831687577886614 ], [ 111.987670101032137, -7.831674013292004 ], [ 111.987735649816443, -7.831689780453344 ], [ 111.987746649177723, -7.831692426377185 ], [ 111.987707895956703, -7.831839405129231 ], [ 111.987626193276157, -7.832158122252799 ], [ 111.987609896498952, -7.832218655201085 ], [ 111.987580500970509, -7.832327841120988 ], [ 111.987524054690695, -7.832537504112723 ], [ 111.987462757253851, -7.832781121814338 ], [ 111.98739386601477, -7.833024422660611 ], [ 111.987220727669495, -7.832963825113993 ], [ 111.986937410948556, -7.832846938527936 ], [ 111.98693680999628, -7.832846704782455 ], [ 111.986400753663517, -7.832650594173396 ], [ 111.986197760742343, -7.832570030125398 ], [ 111.985929619936286, -7.832463310196751 ], [ 111.985928891041752, -7.83246304961591 ], [ 111.985920105568198, -7.832460033077244 ], [ 111.985815152060795, -7.832424069550515 ], [ 111.985524695405388, -7.832309425329324 ], [ 111.985638885880419, -7.832072143578211 ], [ 111.985743362677596, -7.832111383228193 ], [ 111.98580343588165, -7.831947597414437 ], [ 111.986036110517773, -7.832038140139736 ], [ 111.986454546414691, -7.832171689663366 ], [ 111.986446803588677, -7.832195814982565 ], [ 111.986470510003755, -7.832204912641888 ], [ 111.986469748816234, -7.832206885181901 ], [ 111.987090470099218, -7.832448430141113 ], [ 111.987158504943395, -7.832212216296009 ] ] ], [ [ [ 111.987313333351992, -7.83162275324428 ], [ 111.987217597179168, -7.83160379893423 ], [ 111.987216900852403, -7.831607162159552 ], [ 111.986970307922405, -7.831556388937114 ], [ 111.986896242669289, -7.831538557904085 ], [ 111.986895678376655, -7.83154102276123 ], [ 111.986852765326148, -7.831532186984837 ], [ 111.986863107243749, -7.831478810863915 ], [ 111.986505958202983, -7.831392900727383 ], [ 111.986497101171068, -7.831452746058578 ], [ 111.986347025902745, -7.831411220130323 ], [ 111.986338825251565, -7.831429814259799 ], [ 111.986331391659832, -7.831428342525629 ], [ 111.986332062314716, -7.83142497402481 ], [ 111.985460172836568, -7.831245450148073 ], [ 111.985459886627865, -7.831246811084271 ], [ 111.985436907134329, -7.831242005907417 ], [ 111.985430874781485, -7.831264634087794 ], [ 111.985336266092787, -7.831239552652669 ], [ 111.985338684592563, -7.83119619014355 ], [ 111.98503852736728, -7.831110145504256 ], [ 111.985068227562962, -7.830984444928878 ], [ 111.984837094994944, -7.83091319546791 ], [ 111.984761166394833, -7.831257735750109 ], [ 111.984985727746633, -7.831367739261578 ], [ 111.984891559348455, -7.831617978937719 ], [ 111.984787025592382, -7.831568698166826 ], [ 111.984636158939907, -7.831497575885234 ], [ 111.984643382246432, -7.83148035126951 ], [ 111.984644153115156, -7.831478017840396 ], [ 111.984644553738192, -7.831475594832608 ], [ 111.984644572456986, -7.831473138348263 ], [ 111.984641394349538, -7.831427886123127 ], [ 111.984641185435962, -7.831426207078529 ], [ 111.984640679116936, -7.831424173286231 ], [ 111.984631250334033, -7.831394762335428 ], [ 111.984630402825701, -7.831392653367502 ], [ 111.98462926089401, -7.831390687083159 ], [ 111.984627848215084, -7.831388904126621 ], [ 111.984626194805131, -7.831387341509536 ], [ 111.984468256754951, -7.831260593125966 ], [ 111.98448329583384, -7.831169069158465 ], [ 111.984532587945878, -7.830869096447296 ], [ 111.984558148801753, -7.83082057270622 ], [ 111.984559025699554, -7.830818589949812 ], [ 111.984559207655451, -7.830818058622604 ], [ 111.9845785202032, -7.830758188884406 ], [ 111.984578755040104, -7.830757389721469 ], [ 111.984614600471545, -7.830622261471688 ], [ 111.984620628297421, -7.830623528073662 ], [ 111.984936307477383, -7.830689862673577 ], [ 111.985105734224163, -7.830726876948874 ], [ 111.985271820802978, -7.830763160939886 ], [ 111.985331098488203, -7.830776110473466 ], [ 111.986045360652469, -7.830923529285145 ], [ 111.986146871394141, -7.830945388986758 ], [ 111.986534902395888, -7.831028948059236 ], [ 111.986535406894433, -7.831029048175296 ], [ 111.986859782207802, -7.831088008778841 ], [ 111.986860928302448, -7.831088271999556 ], [ 111.987047959522286, -7.831131224356662 ], [ 111.98704844316984, -7.831131328138631 ], [ 111.98746596178907, -7.83121363156676 ], [ 111.98763295801146, -7.831245932040346 ], [ 111.987853854290876, -7.831285212287648 ], [ 111.987799923481404, -7.83149037708303 ], [ 111.987752416634336, -7.831670554542959 ], [ 111.987673578056175, -7.831651590598097 ], [ 111.987671726297762, -7.831651303708849 ], [ 111.987669853499185, -7.831651325280349 ], [ 111.987525029576759, -7.831664969630276 ], [ 111.987422385648046, -7.831655734300662 ], [ 111.987421340735764, -7.831655688812972 ], [ 111.987419266097504, -7.831655884507104 ], [ 111.987321299608311, -7.831675277957332 ], [ 111.987319604730544, -7.831675752231309 ], [ 111.987318878958476, -7.831676046967049 ], [ 111.987296741894326, -7.831685920338215 ], [ 111.987313333351992, -7.83162275324428 ] ] ], [ [ [ 111.985296323094474, -7.831736923852063 ], [ 111.985299149639829, -7.83173061027302 ], [ 111.985417263125242, -7.831783195796382 ], [ 111.985390110949723, -7.831896840038443 ], [ 111.985563002099155, -7.831946688914114 ], [ 111.985435421697616, -7.832269762090146 ], [ 111.985139804448579, -7.832138423856783 ], [ 111.985138725972845, -7.832137990440177 ], [ 111.984938131893983, -7.832066105389299 ], [ 111.984788756441404, -7.832002481978167 ], [ 111.984703139926964, -7.831966014430822 ], [ 111.984703979411691, -7.831964320275556 ], [ 111.98470918704642, -7.831953862813304 ], [ 111.984794579363722, -7.831988323946227 ], [ 111.984803203566301, -7.831991803957115 ], [ 111.984804725680007, -7.831992296935381 ], [ 111.984806302603275, -7.831992570912753 ], [ 111.984807902580243, -7.831992620536872 ], [ 111.984859730009944, -7.83199058478292 ], [ 111.984861375690812, -7.83199040005188 ], [ 111.984862976372625, -7.831989977560049 ], [ 111.98486449942655, -7.831989326427946 ], [ 111.984925811032298, -7.831957648325277 ], [ 111.984986946976747, -7.831951961319476 ], [ 111.984987888999612, -7.8319518343068 ], [ 111.984988343168823, -7.831951743706822 ], [ 111.985049741803792, -7.831938199268094 ], [ 111.98505133147853, -7.831937724344169 ], [ 111.985052834462223, -7.831937023514534 ], [ 111.985054218140974, -7.831936112230723 ], [ 111.985055454439873, -7.831935007742599 ], [ 111.985114821521236, -7.83187360906089 ], [ 111.985115361558485, -7.831873008159894 ], [ 111.98511581186979, -7.831872433697106 ], [ 111.98518470065703, -7.831778467639444 ], [ 111.985185380233389, -7.83177742504897 ], [ 111.985185700798283, -7.831776828278494 ], [ 111.985221510818164, -7.831704985786726 ], [ 111.985296323094474, -7.831736923852063 ] ] ], [ [ [ 111.989588479161839, -7.828489219579638 ], [ 111.989588914149806, -7.828402163789374 ], [ 111.989839258060144, -7.828399858833284 ], [ 111.989830725427709, -7.828474122097407 ], [ 111.989588479161839, -7.828489219579638 ] ] ], [ [ [ 111.988648964351796, -7.829998556199723 ], [ 111.98866240238371, -7.830001676098072 ], [ 111.988662179889644, -7.83000262916772 ], [ 111.988733717832289, -7.830021142306951 ], [ 111.988744902655711, -7.830023802607376 ], [ 111.98875528159391, -7.829993393058032 ], [ 111.988831931595243, -7.830019409262008 ], [ 111.988743686376694, -7.830434855961876 ], [ 111.988733938806448, -7.830480749809611 ], [ 111.988399673456911, -7.830385541547685 ], [ 111.988128758092671, -7.830311759790722 ], [ 111.988272328850925, -7.829736165483975 ], [ 111.988386099357172, -7.829280038731689 ], [ 111.988397018773298, -7.829283039370935 ], [ 111.988443484217029, -7.82929728019195 ], [ 111.988563542484329, -7.829329902031037 ], [ 111.988528428049293, -7.829494075489314 ], [ 111.988471175071723, -7.829761751612604 ], [ 111.988458538208135, -7.829820837043458 ], [ 111.988447263965483, -7.829873547554834 ], [ 111.988437945308689, -7.829917114194091 ], [ 111.988423718839883, -7.829983627835208 ], [ 111.988417718407177, -7.830011682013976 ], [ 111.988391306048655, -7.830123145560353 ], [ 111.988498277999582, -7.830148353679306 ], [ 111.988524692139208, -7.830036888316603 ], [ 111.988528776572792, -7.830037852815423 ], [ 111.9885558834943, -7.829898253462786 ], [ 111.988668671816995, -7.829920010077807 ], [ 111.988648964351796, -7.829998556199723 ] ] ], [ [ [ 111.987667388418558, -7.828610469969624 ], [ 111.98766415679934, -7.828658613155544 ], [ 111.987372823197006, -7.828639165398515 ], [ 111.987355526943247, -7.828635273345042 ], [ 111.987361574743332, -7.828598418028596 ], [ 111.987391414068597, -7.828416578923235 ], [ 111.987739762416709, -7.828466703639773 ], [ 111.987742554033161, -7.828429366649519 ], [ 111.987850552655885, -7.828436293102824 ], [ 111.98784780167523, -7.82854094148177 ], [ 111.987847180693009, -7.828564547719949 ], [ 111.987729672029616, -7.828529971523596 ], [ 111.987709230127749, -7.828608559546316 ], [ 111.987667388418558, -7.828610469969624 ] ] ], [ [ [ 111.987070963782955, -7.829600570873409 ], [ 111.987046045842249, -7.829687464937931 ], [ 111.986989811469016, -7.829910901886285 ], [ 111.987097489400711, -7.829937852471662 ], [ 111.987151275195515, -7.829724145707208 ], [ 111.987188430437755, -7.829735503421534 ], [ 111.987208078227184, -7.829740785439511 ], [ 111.987260057295686, -7.829754759336531 ], [ 111.987280997688813, -7.829677299926218 ], [ 111.987398031351717, -7.829708763361889 ], [ 111.987378032083654, -7.82978647833519 ], [ 111.987329380456089, -7.829957355447061 ], [ 111.987283470118641, -7.830128073289631 ], [ 111.987225397094491, -7.830110572814635 ], [ 111.987093791794138, -7.83007078830471 ], [ 111.986854560725789, -7.829998470851907 ], [ 111.986200427437268, -7.829810394944772 ], [ 111.986288836956405, -7.829502093125602 ], [ 111.986369358078861, -7.829221300890302 ], [ 111.986465911699952, -7.829248835717355 ], [ 111.986450159403461, -7.829303766209426 ], [ 111.986319061975635, -7.829760929907795 ], [ 111.986403536181143, -7.829785019963806 ], [ 111.986468962535199, -7.829556863930679 ], [ 111.986488121490183, -7.829490053883718 ], [ 111.986590338312169, -7.829519203405019 ], [ 111.986586321754274, -7.829533209803378 ], [ 111.986574114656307, -7.829575778357371 ], [ 111.986587773336339, -7.829579673450829 ], [ 111.986694849229707, -7.829610209828505 ], [ 111.986690802988505, -7.829624319402273 ], [ 111.986681200133432, -7.82965780407338 ], [ 111.986858645052067, -7.829708407012171 ], [ 111.986904760448752, -7.829547593478874 ], [ 111.987070963782955, -7.829600570873409 ] ] ], [ [ [ 111.985579016223639, -7.829156199963204 ], [ 111.985600609887186, -7.829162667386786 ], [ 111.985609880995014, -7.829121164078584 ], [ 111.985633519044157, -7.829012806379944 ], [ 111.985766130665979, -7.829050401444124 ], [ 111.985718374698337, -7.829281574902189 ], [ 111.985713232045399, -7.829302293916345 ], [ 111.985641649971569, -7.829590700412095 ], [ 111.985634504349022, -7.829633618894017 ], [ 111.985633604220041, -7.829638062668436 ], [ 111.985392260173995, -7.829571448999172 ], [ 111.985486591955947, -7.829128989764361 ], [ 111.985578909132741, -7.82915655547479 ], [ 111.985579016223639, -7.829156199963204 ] ] ], [ [ [ 111.985688865566672, -7.824787061808784 ], [ 111.985691917116682, -7.824788176177746 ], [ 111.985708657527354, -7.824743825904806 ], [ 111.985710366478528, -7.824739276050501 ], [ 111.985854917935328, -7.824354098146809 ], [ 111.985806548674731, -7.824323693397219 ], [ 111.985642861785394, -7.824407534381002 ], [ 111.985735663350098, -7.824183476476296 ], [ 111.985332254714862, -7.824065965862639 ], [ 111.98540028947086, -7.823915048821055 ], [ 111.984999142061724, -7.823795958850281 ], [ 111.98502982338313, -7.823702742352039 ], [ 111.985030025830667, -7.823702055414537 ], [ 111.985077053117166, -7.823521266980769 ], [ 111.985132923237842, -7.823338667126214 ], [ 111.98514471991372, -7.823298574093953 ], [ 111.98517580439669, -7.823192450385322 ], [ 111.985180480915986, -7.823192613120303 ], [ 111.985630026299276, -7.82320826207495 ], [ 111.985990416945867, -7.823243316337817 ], [ 111.98606785669142, -7.823250489362271 ], [ 111.986072483047295, -7.823250918107838 ], [ 111.98594750800153, -7.823637024103787 ], [ 111.985934814082739, -7.823637969950112 ], [ 111.985925391799853, -7.823638671191528 ], [ 111.985923648397474, -7.823638938454447 ], [ 111.985921968197701, -7.823639471473073 ], [ 111.985920390170719, -7.823640258398742 ], [ 111.985918954176753, -7.823641280145252 ], [ 111.985917694619516, -7.823642511308043 ], [ 111.985916642266545, -7.823643922873428 ], [ 111.985912650294509, -7.823650246047469 ], [ 111.985862934996447, -7.823729008081385 ], [ 111.985822103582095, -7.823793696275587 ], [ 111.9858202359015, -7.823796654517341 ], [ 111.985817135306633, -7.823798287026702 ], [ 111.985799592433878, -7.823807519760575 ], [ 111.985544491189799, -7.823745638229227 ], [ 111.985516399284862, -7.823738823806791 ], [ 111.985515375682567, -7.823738575669105 ], [ 111.985510016513686, -7.82376054601586 ], [ 111.985798406639773, -7.823830502370089 ], [ 111.985800024335106, -7.823830772634564 ], [ 111.985801665058219, -7.823830807692611 ], [ 111.985803293434671, -7.82383060581795 ], [ 111.985804875013997, -7.823830172517715 ], [ 111.985806377163783, -7.823829515103566 ], [ 111.985825253394324, -7.823819581032176 ], [ 111.985829909269555, -7.823817129995298 ], [ 111.985835064946443, -7.823818188800614 ], [ 111.985837578359067, -7.823818703882825 ], [ 111.985844513387434, -7.823820127540198 ], [ 111.985904939677738, -7.823832527249587 ], [ 111.986074059811443, -7.823867233173567 ], [ 111.986263460590536, -7.823906099957394 ], [ 111.986385996324714, -7.823949357499163 ], [ 111.986417119049705, -7.823960344161092 ], [ 111.986450554559894, -7.823972147544001 ], [ 111.986448957424486, -7.82397638040627 ], [ 111.986418500005698, -7.824057068240402 ], [ 111.986391016943216, -7.824129879649054 ], [ 111.986326997911874, -7.824299481150992 ], [ 111.98630789620907, -7.8243500872239 ], [ 111.985967889914491, -7.824206628301829 ], [ 111.985895538231034, -7.824358272714967 ], [ 111.986247532884633, -7.824510004550503 ], [ 111.986238355624366, -7.824534318167617 ], [ 111.98623653585328, -7.824539138526917 ], [ 111.986173494656512, -7.824706151957977 ], [ 111.986047060481681, -7.824646203132177 ], [ 111.986016982406483, -7.824709287986034 ], [ 111.985994633224408, -7.824756163616836 ], [ 111.986130329392509, -7.824820506252262 ], [ 111.986128844914234, -7.824824439483325 ], [ 111.986126994496672, -7.824829341312992 ], [ 111.986104364965229, -7.824889290279965 ], [ 111.986093826691899, -7.824917209433257 ], [ 111.98608422398722, -7.824942648253339 ], [ 111.986066210100347, -7.824937096431074 ], [ 111.986055415201591, -7.824933769828089 ], [ 111.985934274372212, -7.824896437523268 ], [ 111.98591978103795, -7.824891970927985 ], [ 111.98591795624823, -7.824891569101133 ], [ 111.985916091362739, -7.824891472161938 ], [ 111.985914235359957, -7.824891681804791 ], [ 111.985912438108301, -7.824892192486645 ], [ 111.985910750363885, -7.82489299052236 ], [ 111.98590921651531, -7.824894054101846 ], [ 111.985907879120276, -7.824895354183808 ], [ 111.985906773468287, -7.824896856317339 ], [ 111.985770993607872, -7.825117327956993 ], [ 111.985770822869483, -7.825117614156764 ], [ 111.985769971063732, -7.825119462094908 ], [ 111.985729377257769, -7.825235547773187 ], [ 111.985719085564298, -7.825264979461453 ], [ 111.985716861277893, -7.825271338300904 ], [ 111.985715368515528, -7.825275607999583 ], [ 111.985569027979338, -7.825223810174462 ], [ 111.985322238744644, -7.825132535918361 ], [ 111.985109970696854, -7.82505264369984 ], [ 111.985070591867753, -7.82503770395066 ], [ 111.985222722929407, -7.824621159404459 ], [ 111.985367918104302, -7.824673957116303 ], [ 111.985312462445066, -7.824834159968798 ], [ 111.98545291470657, -7.82486613743404 ], [ 111.985512637485115, -7.824721944483533 ], [ 111.98568764952779, -7.824790373427878 ], [ 111.985688865566672, -7.824787061808784 ] ] ], [ [ [ 111.985019446835722, -7.8243569930153 ], [ 111.98494520753222, -7.824332815666928 ], [ 111.984976345945782, -7.824249860374922 ], [ 111.985046135578983, -7.824275493425914 ], [ 111.985019446835722, -7.8243569930153 ] ] ], [ [ [ 111.9846681248019, -7.824242578606786 ], [ 111.984638852433861, -7.824339084489472 ], [ 111.984469465534502, -7.824271619037987 ], [ 111.98430127658564, -7.824217526481854 ], [ 111.984230413382491, -7.824194735428447 ], [ 111.984280894160008, -7.824031137694131 ], [ 111.9843825227926, -7.823694521890501 ], [ 111.984383829501112, -7.823690191127752 ], [ 111.984388162329623, -7.823691526818532 ], [ 111.98461664516006, -7.823761988228939 ], [ 111.984668848181045, -7.823778989166781 ], [ 111.984842733932453, -7.823835618801213 ], [ 111.984724048515474, -7.824260791205658 ], [ 111.9846681248019, -7.824242578606786 ] ] ], [ [ [ 111.985031443815316, -7.824551603965182 ], [ 111.985117634066867, -7.824582945617658 ], [ 111.984978829881754, -7.825002890361677 ], [ 111.984908461605173, -7.824976192944864 ], [ 111.984728298468596, -7.824910678423469 ], [ 111.984883966070541, -7.82449596786719 ], [ 111.985031443815316, -7.824551603965182 ] ] ], [ [ [ 111.98685425371454, -7.824596031288005 ], [ 111.98685330008513, -7.82459912152354 ], [ 111.986749406951304, -7.824567238478191 ], [ 111.986908265447198, -7.824628862165796 ], [ 111.986857982781473, -7.824624196466546 ], [ 111.986853949722786, -7.82462384322088 ], [ 111.986808909730925, -7.824619667870071 ], [ 111.986658587403767, -7.824595044365905 ], [ 111.986652857231647, -7.824566815035435 ], [ 111.986652341539042, -7.8245650363171 ], [ 111.986651541323837, -7.824563365891538 ], [ 111.986650478456525, -7.824561848024866 ], [ 111.986649181147598, -7.82456052335055 ], [ 111.986647684852286, -7.824559427963027 ], [ 111.986646029543579, -7.824558590710708 ], [ 111.986644258805001, -7.82455803319803 ], [ 111.986642421651169, -7.824557772494682 ], [ 111.986597131206409, -7.82455507826252 ], [ 111.98654915858188, -7.824552223880448 ], [ 111.986537048414945, -7.824551503322152 ], [ 111.986487625400741, -7.82454856278494 ], [ 111.986487052172834, -7.82454854332305 ], [ 111.986338065179865, -7.824547198493357 ], [ 111.986336338674306, -7.824547324627351 ], [ 111.986334650871953, -7.824547711147609 ], [ 111.986332908586576, -7.824548455046248 ], [ 111.98633154999591, -7.824549225181035 ], [ 111.986330208486677, -7.824550317254073 ], [ 111.986329049718663, -7.824551599735342 ], [ 111.986328100831741, -7.824553043619584 ], [ 111.986327382604458, -7.824554614489699 ], [ 111.986322350477437, -7.824568311228372 ], [ 111.986306645813983, -7.824611060691788 ], [ 111.986198230668577, -7.824906178261998 ], [ 111.986189464991938, -7.824930039604967 ], [ 111.986183973264758, -7.824944989152416 ], [ 111.986174601095584, -7.824970499789763 ], [ 111.986154333657083, -7.824964254111642 ], [ 111.986365429709011, -7.824386514454943 ], [ 111.986457786092402, -7.824413789715668 ], [ 111.98659034201394, -7.824455596557305 ], [ 111.986612506413081, -7.824385708038829 ], [ 111.986479949606235, -7.824343901203657 ], [ 111.986391149048131, -7.824316122909524 ], [ 111.986496329648276, -7.824028259195659 ], [ 111.986549969879519, -7.824044721103131 ], [ 111.986582624274646, -7.824054486803862 ], [ 111.986605519562772, -7.82406133410161 ], [ 111.986626931881247, -7.824067738075258 ], [ 111.986642408684958, -7.824072366051993 ], [ 111.986648612840099, -7.824074221914137 ], [ 111.986726261879753, -7.824097443471224 ], [ 111.986726780071479, -7.824097585160013 ], [ 111.986775575235285, -7.824109698998356 ], [ 111.98679045670977, -7.824113392273221 ], [ 111.986820127101666, -7.824120757331315 ], [ 111.986826806931489, -7.82412241491197 ], [ 111.986886737574167, -7.824137293776971 ], [ 111.987034969501039, -7.824182844354203 ], [ 111.987035470461308, -7.824182986082886 ], [ 111.987221330258564, -7.824230894165143 ], [ 111.987416398511968, -7.824280485469417 ], [ 111.987449299682396, -7.824298370518306 ], [ 111.98745755476267, -7.824309237858969 ], [ 111.987475689551317, -7.824426306804962 ], [ 111.987475945308333, -7.824427463880418 ], [ 111.987516613337206, -7.824574020674609 ], [ 111.987516538280616, -7.824577967794793 ], [ 111.987516523390354, -7.824578577417324 ], [ 111.987516106251888, -7.82459902580911 ], [ 111.98751369267876, -7.824610108045256 ], [ 111.987513489068306, -7.824611069933741 ], [ 111.987508931671158, -7.824610660942183 ], [ 111.987480315501941, -7.824608094200489 ], [ 111.987479787584363, -7.824608059258567 ], [ 111.987474777176189, -7.824607843970904 ], [ 111.987458497883779, -7.824607144048876 ], [ 111.987394502705982, -7.824604393281681 ], [ 111.987363314636994, -7.824603052629767 ], [ 111.987353076134283, -7.82460261261217 ], [ 111.987352560971104, -7.824602602059939 ], [ 111.987350522629498, -7.824602791333573 ], [ 111.987336551255737, -7.82460546406315 ], [ 111.98725259156096, -7.824621525158617 ], [ 111.987224217303307, -7.824626953019662 ], [ 111.987196572482688, -7.824630179591712 ], [ 111.987124938028856, -7.824638539524461 ], [ 111.987075156492423, -7.824644349380072 ], [ 111.987067954771675, -7.824643680666011 ], [ 111.987062733319135, -7.824643195441706 ], [ 111.987052221474713, -7.8246422197276 ], [ 111.986989116660141, -7.824636364289804 ], [ 111.98685425371454, -7.824596031288005 ] ] ], [ [ [ 111.982780804934706, -7.826921197185995 ], [ 111.982677051486604, -7.82692953266269 ], [ 111.982605171117413, -7.826928785713161 ], [ 111.982554762272002, -7.826921723727981 ], [ 111.982553312225164, -7.826921400604657 ], [ 111.982586979460876, -7.826713374733607 ], [ 111.982456086753928, -7.826691096768394 ], [ 111.982436051355307, -7.826731291251974 ], [ 111.982368079442253, -7.826716394330027 ], [ 111.982362946980857, -7.826673749555557 ], [ 111.982199296884858, -7.826631472966461 ], [ 111.982196568666751, -7.826541147157089 ], [ 111.982106152785576, -7.826499138667028 ], [ 111.982131096971244, -7.826437034610471 ], [ 111.982509449038048, -7.826527572023754 ], [ 111.982519061717383, -7.826506672587002 ], [ 111.982522181607052, -7.82646330585137 ], [ 111.982464122076394, -7.826426504882831 ], [ 111.982375467141821, -7.826389776053328 ], [ 111.982168998354297, -7.826342675402004 ], [ 111.982172566317331, -7.826333792788403 ], [ 111.98220717022312, -7.826247640854223 ], [ 111.982246815426677, -7.826148938107676 ], [ 111.982266805733744, -7.82609916849469 ], [ 111.982268572616178, -7.82604151756238 ], [ 111.982268612974323, -7.826040548819539 ], [ 111.982271026334672, -7.825982050736155 ], [ 111.98227197895757, -7.825958951080959 ], [ 111.982274563995773, -7.825925747809909 ], [ 111.982368402237753, -7.825947870657847 ], [ 111.982368276906371, -7.82594973317936 ], [ 111.982368461737593, -7.825951591360972 ], [ 111.982368951169136, -7.825953393662872 ], [ 111.982369731480532, -7.825955090373127 ], [ 111.982370781706436, -7.825956636318877 ], [ 111.982372072725511, -7.82595798905948 ], [ 111.982373569080508, -7.825959111595739 ], [ 111.982375229887467, -7.825959973272066 ], [ 111.982377010649472, -7.825960549772346 ], [ 111.982891097629619, -7.826081398567 ], [ 111.982892117590268, -7.826081638579116 ], [ 111.983009702475911, -7.826109279979013 ], [ 111.983027342160213, -7.826113426407581 ], [ 111.983034834875298, -7.826115187970817 ], [ 111.98303925137489, -7.826116225919078 ], [ 111.983038373885464, -7.826120666020626 ], [ 111.983031628249051, -7.826154802410171 ], [ 111.983015881824969, -7.82623447450154 ], [ 111.982999667524965, -7.826316515490779 ], [ 111.982966516118822, -7.826426031944249 ], [ 111.982966320136299, -7.826426770418927 ], [ 111.982955258358942, -7.826474837910663 ], [ 111.9829079580702, -7.82660964273962 ], [ 111.982899854804799, -7.826629873907469 ], [ 111.982889256627047, -7.82665633248863 ], [ 111.982834411019311, -7.826793266746056 ], [ 111.98283427671025, -7.826793618883736 ], [ 111.982834106481874, -7.826794123954438 ], [ 111.982827860470607, -7.826814290197577 ], [ 111.982823770274223, -7.826827496321537 ], [ 111.9828234558303, -7.826828770497037 ], [ 111.98281390543093, -7.826880122083515 ], [ 111.982809125108716, -7.826910773631735 ], [ 111.982780804934706, -7.826921197185995 ] ] ], [ [ [ 111.983260174092294, -7.826307343441098 ], [ 111.983258388706972, -7.826364779148297 ], [ 111.983202695969638, -7.826355337320774 ], [ 111.983051065440932, -7.826638511653463 ], [ 111.983001463521987, -7.826704873395717 ], [ 111.98285135349802, -7.826891184698984 ], [ 111.982875962253701, -7.826753693210018 ], [ 111.982944680455262, -7.826586981605807 ], [ 111.9830151750553, -7.826359004933617 ], [ 111.983063796011606, -7.826115524771492 ], [ 111.983172188910345, -7.825675919939313 ], [ 111.983557378772602, -7.825771910553182 ], [ 111.983558459519216, -7.825767517007975 ], [ 111.983562832860258, -7.825768716040852 ], [ 111.983621014913879, -7.825784671184451 ], [ 111.98362141061196, -7.825784787838337 ], [ 111.983622212702656, -7.825784940626561 ], [ 111.983622922267159, -7.825785085490599 ], [ 111.983645374614795, -7.82578788301689 ], [ 111.983603276023416, -7.825981935166226 ], [ 111.983513746570253, -7.825949351825752 ], [ 111.983433998884621, -7.825937461719633 ], [ 111.983367698979805, -7.826316664450506 ], [ 111.983260174092294, -7.826307343441098 ] ] ], [ [ [ 111.982300194251266, -7.82571121154649 ], [ 111.982313061112308, -7.82568647787778 ], [ 111.982720199341443, -7.825792780277748 ], [ 111.98309199511155, -7.825892043099748 ], [ 111.9830764028587, -7.825953512196632 ], [ 111.983045008146476, -7.826089702644578 ], [ 111.983044418279874, -7.826092259949077 ], [ 111.983043991817965, -7.82609410960558 ], [ 111.983039578041542, -7.826093072555429 ], [ 111.983032494582517, -7.826091407717513 ], [ 111.98290453405717, -7.826061326817869 ], [ 111.98257521587864, -7.825983913724642 ], [ 111.982567696802633, -7.825957339067458 ], [ 111.982551563218166, -7.825944530059739 ], [ 111.982559359245755, -7.825835309638459 ], [ 111.982285599724449, -7.825780518844016 ], [ 111.982285767682797, -7.825778269125451 ], [ 111.982285947954963, -7.825775855675642 ], [ 111.982292534900594, -7.825745965073811 ], [ 111.982300194251266, -7.82571121154649 ] ] ], [ [ [ 111.982780951094313, -7.825563395515461 ], [ 111.982758364298931, -7.825545783625813 ], [ 111.982692287901614, -7.825523454201986 ], [ 111.98260690631669, -7.825509200195527 ], [ 111.982550995375064, -7.825702039059041 ], [ 111.982326518044545, -7.825655399134501 ], [ 111.982350610364989, -7.825582757685767 ], [ 111.98235240701986, -7.825577339560373 ], [ 111.982357406301006, -7.825549551846141 ], [ 111.98235867691686, -7.825546064103365 ], [ 111.982376750266283, -7.825496440043757 ], [ 111.982404245679788, -7.825375496604738 ], [ 111.982429448378085, -7.82526463842101 ], [ 111.982430600840431, -7.825265692116668 ], [ 111.98243226754775, -7.825266750946004 ], [ 111.98243409316143, -7.825267504611074 ], [ 111.982778657851682, -7.825375762465639 ], [ 111.982832124830082, -7.825392560790231 ], [ 111.982949632392703, -7.825429480095004 ], [ 111.982982989584798, -7.825439959840844 ], [ 111.982989645049528, -7.825442050762067 ], [ 111.983051421165584, -7.825461460696772 ], [ 111.983065309332815, -7.825465823887517 ], [ 111.983164299974874, -7.825496925538548 ], [ 111.983171205940735, -7.825499095463117 ], [ 111.983177052731079, -7.825500932310717 ], [ 111.983183069242699, -7.825502822124331 ], [ 111.983187402149824, -7.825504184053909 ], [ 111.983186307804075, -7.825508581248077 ], [ 111.983151369595546, -7.825648967484228 ], [ 111.983151301639282, -7.825649381873305 ], [ 111.983151206362734, -7.825649748391013 ], [ 111.983148058069588, -7.825667806417939 ], [ 111.983146857718523, -7.825674958764575 ], [ 111.983142989201951, -7.825691032332959 ], [ 111.983121623197164, -7.825775253255721 ], [ 111.982841416478408, -7.825696158524768 ], [ 111.982858356181907, -7.825609786323386 ], [ 111.98279228729514, -7.825590669449084 ], [ 111.982780951094313, -7.825563395515461 ] ] ], [ [ [ 111.982437002619164, -7.825245426932483 ], [ 111.98243504333324, -7.825245684735942 ], [ 111.982433657647263, -7.825246120281779 ], [ 111.982449710166932, -7.825175510820569 ], [ 111.982558714128388, -7.824877351809174 ], [ 111.982572466793528, -7.824839735124389 ], [ 111.983288780113512, -7.825085660728405 ], [ 111.983264647235927, -7.825179618904928 ], [ 111.983203812839832, -7.82543824333645 ], [ 111.983193969126759, -7.825477799078089 ], [ 111.983192874781096, -7.825482196272245 ], [ 111.983188540969365, -7.825480835249225 ], [ 111.983182355641603, -7.825478891563002 ], [ 111.983170824523171, -7.825475269041967 ], [ 111.983081601527473, -7.825447235988922 ], [ 111.982974474227078, -7.825413578348814 ], [ 111.982849077771434, -7.825374181189236 ], [ 111.982792374274894, -7.825356364777061 ], [ 111.982440906364786, -7.825245938797154 ], [ 111.982438977220639, -7.825245512778302 ], [ 111.982437002619164, -7.825245426932483 ] ] ], [ [ [ 111.983180453341134, -7.825644747457417 ], [ 111.983176067415144, -7.82564359548013 ], [ 111.983177159966417, -7.825639206430099 ], [ 111.983211984021622, -7.825499262726995 ], [ 111.983225853854634, -7.825443548936839 ], [ 111.983286667570553, -7.825185006855423 ], [ 111.983315163810161, -7.825074061382382 ], [ 111.98338175258263, -7.824823163679583 ], [ 111.983381907923786, -7.824822498558699 ], [ 111.983383582606834, -7.824814189240057 ], [ 111.983427395918653, -7.824596767964525 ], [ 111.983453923288053, -7.824492075810232 ], [ 111.983462181632234, -7.824459481570718 ], [ 111.983463297718771, -7.824455075281333 ], [ 111.98346758388513, -7.824456620918307 ], [ 111.983512437038655, -7.824472791668766 ], [ 111.983618879717511, -7.824514332029465 ], [ 111.983693730376999, -7.824543542602608 ], [ 111.983740467119304, -7.824560818675872 ], [ 111.983888283906111, -7.824615388553365 ], [ 111.983892514070348, -7.824617030186173 ], [ 111.983891058510281, -7.82462131516913 ], [ 111.983805156350783, -7.824874306485491 ], [ 111.983777552023525, -7.82494783528171 ], [ 111.983755133811059, -7.825007550327465 ], [ 111.983706469520783, -7.825137178691753 ], [ 111.983705939943604, -7.825139144356437 ], [ 111.98370578196797, -7.825140619856145 ], [ 111.983698564924111, -7.825316797760763 ], [ 111.983696286249042, -7.825372314501866 ], [ 111.983676524847695, -7.825467414748454 ], [ 111.983657458469381, -7.825559167874077 ], [ 111.983647360289581, -7.825607766742861 ], [ 111.983629694732514, -7.825692777666687 ], [ 111.983616999360777, -7.825753876437683 ], [ 111.983616691741048, -7.825755352286248 ], [ 111.983615769812118, -7.825759789778523 ], [ 111.983611389209258, -7.825758588049836 ], [ 111.983603551862743, -7.825756439297675 ], [ 111.983559694119265, -7.825744413083255 ], [ 111.983553826999199, -7.825742804206298 ], [ 111.983553170854734, -7.825742621231396 ], [ 111.983549275880662, -7.825741597447786 ], [ 111.983483292765087, -7.82572426674496 ], [ 111.983475915732328, -7.825722329459247 ], [ 111.983360611155916, -7.825692052771211 ], [ 111.983353220498913, -7.82569010647061 ], [ 111.983321557992582, -7.825681797971422 ], [ 111.983180453341134, -7.825644747457417 ] ] ], [ [ [ 111.983374626005926, -7.824743875007311 ], [ 111.982927323007388, -7.82460298074315 ], [ 111.982985389847556, -7.82442462948651 ], [ 111.983028978212161, -7.824298488748118 ], [ 111.983391316101958, -7.824429123887936 ], [ 111.98343758435729, -7.824445805067756 ], [ 111.983441869614452, -7.824447349802703 ], [ 111.983440753527717, -7.82445175609206 ], [ 111.983432265131626, -7.824485257110172 ], [ 111.983405345056994, -7.82459149856966 ], [ 111.983405222077138, -7.824592040612115 ], [ 111.983374626005926, -7.824743875007311 ] ] ], [ [ [ 111.982679463072131, -7.82453865673807 ], [ 111.982666616442529, -7.824534052334217 ], [ 111.982473241688965, -7.824464739078334 ], [ 111.982557703318861, -7.824235681715944 ], [ 111.982572574216178, -7.824195351840079 ], [ 111.982574245967328, -7.824190819446236 ], [ 111.982593907406581, -7.82414163124176 ], [ 111.982794563631415, -7.82421397453944 ], [ 111.982779172165749, -7.824258172992747 ], [ 111.982776013013691, -7.824267339553261 ], [ 111.982682182531775, -7.824539631716092 ], [ 111.982679463072131, -7.82453865673807 ] ] ], [ [ [ 111.9853694561032, -7.83407336735733 ], [ 111.985289570593849, -7.834293266197001 ], [ 111.98502950303714, -7.834207998176668 ], [ 111.985042227373754, -7.834175478491556 ], [ 111.985054001475731, -7.834145383098651 ], [ 111.985110030725096, -7.833994240778751 ], [ 111.9853694561032, -7.83407336735733 ] ] ], [ [ [ 111.98521602683563, -7.833606592729709 ], [ 111.985179144415113, -7.833735374323843 ], [ 111.985175669372936, -7.83374750908362 ], [ 111.985137654516976, -7.833852909208243 ], [ 111.985116211450716, -7.833912359771667 ], [ 111.985092854002033, -7.833975370134965 ], [ 111.985088313549667, -7.833987617725331 ], [ 111.985073176305249, -7.834028450267463 ], [ 111.984943417975671, -7.833983928908006 ], [ 111.985009079435756, -7.83379394672848 ], [ 111.985085549676285, -7.833564110766856 ], [ 111.985100226629598, -7.833519998018359 ], [ 111.985109337691611, -7.833523002957854 ], [ 111.985125513048416, -7.833528337486192 ], [ 111.985227490149612, -7.83356197105856 ], [ 111.985230554399791, -7.8335629813833 ], [ 111.985234883017952, -7.833564409314004 ], [ 111.985216584657081, -7.833605068360737 ], [ 111.985216265446653, -7.833605855963541 ], [ 111.98521602683563, -7.833606592729709 ] ] ], [ [ [ 111.985360464156429, -7.833401897571474 ], [ 111.985366883701104, -7.833388449022109 ], [ 111.985411131893272, -7.833295753355268 ], [ 111.985437646682456, -7.833240206217666 ], [ 111.985477234291551, -7.833157272133861 ], [ 111.985484697128229, -7.83314163784328 ], [ 111.98557601231272, -7.833222459728722 ], [ 111.98560954599175, -7.83324714921638 ], [ 111.985826439035222, -7.833334224581951 ], [ 111.985780282896272, -7.833452067976517 ], [ 111.985741598866568, -7.833657732411893 ], [ 111.985544608866178, -7.83359037686736 ], [ 111.985485594024624, -7.833570199476909 ], [ 111.985484667470885, -7.833569963777342 ], [ 111.985474627832033, -7.833580522988959 ], [ 111.985474689040515, -7.833576853561524 ], [ 111.985475546374644, -7.833571950435114 ], [ 111.985476978059239, -7.833566767400578 ], [ 111.985487368399546, -7.833542969184473 ], [ 111.985503846562679, -7.833503504618806 ], [ 111.985349008710799, -7.833441371193533 ], [ 111.985342809277768, -7.833438883119602 ], [ 111.985360464156429, -7.833401897571474 ] ] ], [ [ [ 111.985303914145717, -7.833466863135139 ], [ 111.9852500054877, -7.833530807745328 ], [ 111.985244205877095, -7.833543693191629 ], [ 111.985239878168201, -7.833542266163307 ], [ 111.985237713405752, -7.833541552199042 ], [ 111.985072580591464, -7.833487075242746 ], [ 111.985121370306032, -7.833318880482413 ], [ 111.985091332632436, -7.833301003112497 ], [ 111.985112167707811, -7.833232156009426 ], [ 111.984974068784098, -7.833181627882703 ], [ 111.984938215308503, -7.833241536289175 ], [ 111.984782069730187, -7.833170111733768 ], [ 111.984823546792597, -7.833077585386588 ], [ 111.984945379401807, -7.832843985035375 ], [ 111.984653954894171, -7.832730501967299 ], [ 111.984728979535774, -7.832557810617819 ], [ 111.984964585773255, -7.832662495507229 ], [ 111.98503693304319, -7.832661608341287 ], [ 111.985282304218075, -7.832766924123198 ], [ 111.985192489309085, -7.832992912173505 ], [ 111.985436062176149, -7.833098591098695 ], [ 111.98546575955271, -7.833124876848273 ], [ 111.985459100229107, -7.833138948208868 ], [ 111.985454297288058, -7.83314909813047 ], [ 111.985411052736112, -7.833240475503234 ], [ 111.985393526762266, -7.833277506877108 ], [ 111.985340865809974, -7.83338878207693 ], [ 111.985336589906566, -7.833397818313244 ], [ 111.985303914145717, -7.833466863135139 ] ] ], [ [ [ 111.984926092017233, -7.832095399164474 ], [ 111.984926945336454, -7.832095733620023 ], [ 111.985127424149027, -7.832167577340033 ], [ 111.985217103600164, -7.832207402500604 ], [ 111.985219470536904, -7.832208473244434 ], [ 111.985222766267441, -7.832209962379046 ], [ 111.985512083619014, -7.832338477161255 ], [ 111.985512700954558, -7.832338736194802 ], [ 111.985513527045001, -7.832339061668368 ], [ 111.985450442075944, -7.832478655517935 ], [ 111.985362348221528, -7.832671256944276 ], [ 111.985333295535085, -7.832715116593406 ], [ 111.985291264138169, -7.832750391852393 ], [ 111.985040493074436, -7.832644729632635 ], [ 111.98507757033066, -7.832550236461651 ], [ 111.984693291776836, -7.832407555481527 ], [ 111.98472009733247, -7.832326729700401 ], [ 111.984574509411303, -7.832252755180702 ], [ 111.984620909794515, -7.832198247868418 ], [ 111.984622068626834, -7.832196596380187 ], [ 111.984622874497916, -7.832194877883822 ], [ 111.984653885714394, -7.83211101605017 ], [ 111.984654027140493, -7.832110605107177 ], [ 111.984691239842618, -7.8319953666627 ], [ 111.984926092017233, -7.832095399164474 ] ] ], [ [ [ 111.984476507429576, -7.831860134427189 ], [ 111.984484819391753, -7.831894795510498 ], [ 111.984485574007792, -7.831897127186125 ], [ 111.984486680178804, -7.831899313331504 ], [ 111.984488111486556, -7.831901304264481 ], [ 111.984489833352455, -7.831903051226402 ], [ 111.984491804864177, -7.831904511804443 ], [ 111.984520087143792, -7.831922254050128 ], [ 111.984520634807012, -7.831922582889313 ], [ 111.984522303728497, -7.831923411974985 ], [ 111.984670300085597, -7.831986448115335 ], [ 111.98465776018935, -7.832025280300806 ], [ 111.984590930508759, -7.831992013053161 ], [ 111.984514586092743, -7.832181237785258 ], [ 111.984336899009264, -7.832117890154646 ], [ 111.984384256226619, -7.83199230031732 ], [ 111.984349091027966, -7.831980321806579 ], [ 111.984415046025546, -7.831799828336037 ], [ 111.984470515720417, -7.831822113382578 ], [ 111.984479180732208, -7.831825594209992 ], [ 111.984478965152874, -7.831826869964281 ], [ 111.984476151345831, -7.831854875074922 ], [ 111.984476108580537, -7.831857519737592 ], [ 111.984476507429576, -7.831860134427189 ] ] ], [ [ [ 111.985834088372044, -7.830374699679648 ], [ 111.985845461654833, -7.830377859407126 ], [ 111.985846227551548, -7.830378043929703 ], [ 111.985875670300231, -7.830384061022721 ], [ 111.985968712397636, -7.83040307353218 ], [ 111.986063808814251, -7.830425976608567 ], [ 111.986079270126837, -7.830429700180066 ], [ 111.98611484348713, -7.830438266986238 ], [ 111.986180557247934, -7.830454093727826 ], [ 111.986224600850491, -7.830464701012371 ], [ 111.986284176549788, -7.830479047969761 ], [ 111.986340945479554, -7.83049272044575 ], [ 111.986367183798706, -7.830499038938841 ], [ 111.986386571698759, -7.83050370839433 ], [ 111.986401501243606, -7.830507303863341 ], [ 111.986527330673653, -7.830537608262459 ], [ 111.986728886190775, -7.830591658572798 ], [ 111.986729707420054, -7.830591846581911 ], [ 111.986811850042386, -7.83060745388721 ], [ 111.986873545386217, -7.830618751475337 ], [ 111.986887368551436, -7.830621999500073 ], [ 111.986916264441604, -7.830628790181828 ], [ 111.986918892413939, -7.830629408089452 ], [ 111.986925323501808, -7.830630918815 ], [ 111.986929773630877, -7.830631964776495 ], [ 111.986929306345687, -7.830636500695531 ], [ 111.986926762335671, -7.830661152439776 ], [ 111.986914283333832, -7.83069878072204 ], [ 111.986913878096246, -7.830700393369507 ], [ 111.986913820909805, -7.830700757989717 ], [ 111.986903900511976, -7.83077118676896 ], [ 111.98689264746578, -7.830856884586056 ], [ 111.986875664426648, -7.830931066106907 ], [ 111.986875536255837, -7.830931713076259 ], [ 111.986861327678781, -7.831019430173342 ], [ 111.986855778587071, -7.831055104036317 ], [ 111.986851315402731, -7.831054293257654 ], [ 111.986541351331311, -7.83099795253118 ], [ 111.98615357170921, -7.830914447139206 ], [ 111.986051926679522, -7.830892558810493 ], [ 111.985337711752862, -7.830745149841969 ], [ 111.985278613738046, -7.830732238779579 ], [ 111.985128731756049, -7.83069949486833 ], [ 111.985124297229106, -7.830698526632159 ], [ 111.985135442439343, -7.83065672030514 ], [ 111.98513556908371, -7.830656194533611 ], [ 111.98516763980227, -7.830507636106134 ], [ 111.985187762808494, -7.830403650732544 ], [ 111.985206984883078, -7.830325390446001 ], [ 111.98520806470431, -7.830320994187008 ], [ 111.985212516259395, -7.830321877366273 ], [ 111.985330568629067, -7.830345279588683 ], [ 111.985434414489561, -7.830365163267998 ], [ 111.985435155724446, -7.830365273685457 ], [ 111.985533087071943, -7.830376531112415 ], [ 111.985534571901269, -7.830376598187858 ], [ 111.985602876441902, -7.830374527474397 ], [ 111.985604361684977, -7.830374384720169 ], [ 111.985605814728032, -7.830374047588096 ], [ 111.985607212009739, -7.830373524273165 ], [ 111.985608527245816, -7.830372822072267 ], [ 111.98565644922266, -7.830343036515908 ], [ 111.985656812353511, -7.830342800514514 ], [ 111.985675004012364, -7.830330506542227 ], [ 111.985683882467626, -7.830332972979357 ], [ 111.985698139000334, -7.830336933630016 ], [ 111.985796560717944, -7.830364275189718 ], [ 111.985834088372044, -7.830374699679648 ] ] ], [ [ [ 111.986978584141966, -7.830540061468866 ], [ 111.98704150962088, -7.830272917523388 ], [ 111.987084907091685, -7.830136564067773 ], [ 111.987096551402814, -7.830099975121495 ], [ 111.987097923440487, -7.830095664097187 ], [ 111.987102263543051, -7.830096976218261 ], [ 111.987218829149768, -7.830132213174392 ], [ 111.987420628082646, -7.830193026848982 ], [ 111.987583745611389, -7.83023950169792 ], [ 111.987588110041898, -7.830240745019768 ], [ 111.987586689004573, -7.830245043497793 ], [ 111.987577665699305, -7.830272343219045 ], [ 111.987524606492059, -7.830432875821655 ], [ 111.987496961117571, -7.830516517363693 ], [ 111.987496829709414, -7.830516944563564 ], [ 111.987478265309619, -7.830581598888751 ], [ 111.987477995084731, -7.830582773474973 ], [ 111.987477836241496, -7.830584259829579 ], [ 111.987474469184804, -7.830668403453407 ], [ 111.987474285872068, -7.830672978502324 ], [ 111.987469783488564, -7.830672080996102 ], [ 111.987429308302396, -7.830664007851737 ], [ 111.987356125049644, -7.830649412553832 ], [ 111.987167339257596, -7.830587652219905 ], [ 111.987166632260312, -7.830587445855579 ], [ 111.98709462160646, -7.830568955086292 ], [ 111.987018286909048, -7.830549039090922 ], [ 111.98701736044265, -7.830548837762207 ], [ 111.987016642809124, -7.830548736336705 ], [ 111.986982082042232, -7.830544988770368 ], [ 111.986977539801828, -7.830544496537707 ], [ 111.986978584141966, -7.830540061468866 ] ] ], [ [ [ 111.984810641329645, -7.830004594002317 ], [ 111.984876912259978, -7.830020976791454 ], [ 111.984899524298555, -7.830026408462736 ], [ 111.984977395997248, -7.830045114762252 ], [ 111.985052746784689, -7.830063216442915 ], [ 111.985075073885739, -7.830068580032889 ], [ 111.98508238073984, -7.830070335652879 ], [ 111.985086704772442, -7.830071371980967 ], [ 111.98514133648402, -7.830084497918704 ], [ 111.985157516465875, -7.830088385358956 ], [ 111.985175508639955, -7.830092707214854 ], [ 111.985212329446171, -7.830104160852546 ], [ 111.985222561835656, -7.830107344065827 ], [ 111.985225246543749, -7.830108178916137 ], [ 111.985235772092139, -7.830111453696331 ], [ 111.985227442021127, -7.830152084919181 ], [ 111.985194207417351, -7.830282369282399 ], [ 111.985188732000225, -7.830304682682491 ], [ 111.985188623256846, -7.830305107115678 ], [ 111.985165673005767, -7.830398544359989 ], [ 111.985165552761046, -7.830399091822974 ], [ 111.98514542439473, -7.830503114290456 ], [ 111.985113460419413, -7.83065117231626 ], [ 111.98510212730902, -7.830693682730939 ], [ 111.985097693689113, -7.830692714492372 ], [ 111.984942977029448, -7.830658913670914 ], [ 111.984628466598764, -7.830592825063178 ], [ 111.984622729139318, -7.830591619284686 ], [ 111.984652440752129, -7.830479617244373 ], [ 111.984652565632032, -7.830479112279004 ], [ 111.984747672277095, -7.83006609418771 ], [ 111.984766453810735, -7.829998329079677 ], [ 111.984767662506911, -7.829993968697652 ], [ 111.98477525442523, -7.829995845756098 ], [ 111.984810641329645, -7.830004594002317 ] ] ], [ [ [ 111.986107126160633, -7.830413148130821 ], [ 111.985973842904116, -7.830381048543113 ], [ 111.985973457249798, -7.830380962619317 ], [ 111.98585116568232, -7.830355972360582 ], [ 111.985676031498812, -7.830307319905029 ], [ 111.985674101577544, -7.83030695992975 ], [ 111.98567213707851, -7.830306937388793 ], [ 111.985670198768915, -7.830307253044519 ], [ 111.985668344671737, -7.83030789771701 ], [ 111.985666629158828, -7.830308852286073 ], [ 111.985644272163825, -7.830323961545376 ], [ 111.985599128641667, -7.830352020374409 ], [ 111.985534864278733, -7.8303539749211 ], [ 111.985438174881835, -7.830342860205235 ], [ 111.985334916992869, -7.830323089110854 ], [ 111.985217916267786, -7.830299894260286 ], [ 111.985213463806005, -7.830299011083167 ], [ 111.985214543627151, -7.830294614824172 ], [ 111.985216206481923, -7.830287845779334 ], [ 111.985249482417814, -7.830157399425082 ], [ 111.985249602721865, -7.830156877286085 ], [ 111.985260039969702, -7.830105969492823 ], [ 111.98526026059028, -7.830104138404738 ], [ 111.985260180983573, -7.830102295356046 ], [ 111.985259801266452, -7.830100490090331 ], [ 111.985259132434862, -7.830098770516805 ], [ 111.985258191826915, -7.830097181816634 ], [ 111.985257004938987, -7.83009576734305 ], [ 111.985255602692064, -7.830094563201121 ], [ 111.985254023258378, -7.83009360367012 ], [ 111.985252308412527, -7.830092912167694 ], [ 111.985181903336297, -7.830071011203991 ], [ 111.985181181846414, -7.830070812105431 ], [ 111.985042485034469, -7.830037493914645 ], [ 111.984882295095218, -7.829999011816565 ], [ 111.984780421288534, -7.829973827924675 ], [ 111.984773705082659, -7.829972167694089 ], [ 111.984774912871771, -7.829967807314175 ], [ 111.984777790722475, -7.829957426744245 ], [ 111.984777926436607, -7.829956900951599 ], [ 111.984898164271286, -7.82945695696542 ], [ 111.984899223216019, -7.829452552615773 ], [ 111.985189909952936, -7.829539055570266 ], [ 111.985727745246436, -7.829687509568948 ], [ 111.985930507631423, -7.829752447781853 ], [ 111.986176594046427, -7.829827074157526 ], [ 111.986848130717178, -7.830020153393671 ], [ 111.987071882827635, -7.830087792274118 ], [ 111.987076222930071, -7.830089104395482 ], [ 111.98707485179699, -7.830093414513198 ], [ 111.987063204778138, -7.83013000979645 ], [ 111.987019767695116, -7.830266490868429 ], [ 111.987019536573996, -7.830267325296291 ], [ 111.986952720153795, -7.830550985147636 ], [ 111.986952628569597, -7.83055137788576 ], [ 111.98695250794411, -7.830551762551976 ], [ 111.986935737982805, -7.830605490734755 ], [ 111.98693438684252, -7.830609818894155 ], [ 111.986929962122943, -7.830608779204243 ], [ 111.986878471670266, -7.830596679023996 ], [ 111.986877918161213, -7.830596563647636 ], [ 111.986816018671519, -7.830585229455787 ], [ 111.986734366021338, -7.830569714160769 ], [ 111.986532935759939, -7.83051570064049 ], [ 111.986430180335191, -7.83049095065244 ], [ 111.986107126160633, -7.830413148130821 ] ] ], [ [ [ 111.985926765606223, -7.829722755856695 ], [ 111.985925714855981, -7.829727169232807 ], [ 111.985921384559418, -7.829725782007809 ], [ 111.985822844237433, -7.829694219747721 ], [ 111.985823830547105, -7.82968978572042 ], [ 111.985833549101173, -7.82964800261736 ], [ 111.985898885839219, -7.829359216372074 ], [ 111.985966797030045, -7.829061817521011 ], [ 111.986070807629645, -7.829085554483454 ], [ 111.986041676644035, -7.829215962234417 ], [ 111.98600344289639, -7.829391225817399 ], [ 111.985979018186811, -7.829503189315835 ], [ 111.985926765606223, -7.829722755856695 ] ] ], [ [ [ 111.98510479448386, -7.82864571781625 ], [ 111.985291279853442, -7.828688852369799 ], [ 111.985295539875906, -7.828677317226015 ], [ 111.98532547181695, -7.828548026412292 ], [ 111.985373662976912, -7.828306289083144 ], [ 111.985460096801162, -7.828299904441755 ], [ 111.985507877806995, -7.828296673413022 ], [ 111.985416165114984, -7.828715535321736 ], [ 111.985391255552798, -7.828823467973841 ], [ 111.985267790475305, -7.828793286066523 ], [ 111.985172510613069, -7.829201008245589 ], [ 111.985306486884511, -7.82923371791935 ], [ 111.985248508288834, -7.829473305665909 ], [ 111.985237134431429, -7.829523937985801 ], [ 111.985236188014539, -7.829528369205942 ], [ 111.985196175777432, -7.829517325492365 ], [ 111.984904519757634, -7.829430532672172 ], [ 111.984904921243128, -7.829428863959667 ], [ 111.984905615914442, -7.829426139993249 ], [ 111.98510479448386, -7.82864571781625 ] ] ], [ [ [ 111.985983582920966, -7.828266353888151 ], [ 111.98606528399209, -7.828262543351345 ], [ 111.98610342125383, -7.828260764710109 ], [ 111.986135286404775, -7.828259113783835 ], [ 111.986186576207842, -7.828256208211537 ], [ 111.986199078251289, -7.828255758418715 ], [ 111.986205109332801, -7.828255723515125 ], [ 111.986234825551932, -7.828254294669884 ], [ 111.986239484891826, -7.828254070329035 ], [ 111.986145456946431, -7.828744818433097 ], [ 111.98613663096414, -7.828790886463879 ], [ 111.986131403940234, -7.828814284608002 ], [ 111.98611989444025, -7.828865808121618 ], [ 111.986039461560054, -7.828850499623167 ], [ 111.986050695727059, -7.828791802792013 ], [ 111.985969119601492, -7.828776276269222 ], [ 111.985949287668703, -7.828772499592806 ], [ 111.985982867448342, -7.828597047014005 ], [ 111.986005592248659, -7.828464904164722 ], [ 111.985945807648093, -7.828450686048322 ], [ 111.985955033024666, -7.828393951107091 ], [ 111.985915424583695, -7.828387582425061 ], [ 111.985944643098392, -7.828268168763145 ], [ 111.985983582920966, -7.828266353888151 ] ] ], [ [ [ 111.985507766828661, -7.827956832923074 ], [ 111.985380976841626, -7.827908368433875 ], [ 111.985449753382738, -7.827695071753264 ], [ 111.9854614682543, -7.827662606889289 ], [ 111.985271607848205, -7.827593658670456 ], [ 111.985191679013724, -7.82756463216397 ], [ 111.985218269740116, -7.827494793034909 ], [ 111.985233819445654, -7.827453949593707 ], [ 111.98549262075575, -7.827541382573953 ], [ 111.985510115277279, -7.827489883977226 ], [ 111.985671619922016, -7.827544447317496 ], [ 111.985690139430105, -7.82748993184535 ], [ 111.985842344191838, -7.827541352237391 ], [ 111.985609587927243, -7.8282265049852 ], [ 111.985540199600209, -7.828231133213156 ], [ 111.985567224285248, -7.828142967428398 ], [ 111.985592686338208, -7.828069871341088 ], [ 111.985523944070138, -7.828046058153856 ], [ 111.985549471891602, -7.827972773792835 ], [ 111.985507766828661, -7.827956832923074 ] ] ], [ [ [ 111.986770223627417, -7.827706232316969 ], [ 111.986701727399904, -7.827996374514706 ], [ 111.986668999791235, -7.827989164056806 ], [ 111.986592674693199, -7.827972347391062 ], [ 111.986573574686986, -7.828053785596047 ], [ 111.986548522705647, -7.828177377962217 ], [ 111.986535529251171, -7.828177890415893 ], [ 111.986403360053018, -7.828183809726685 ], [ 111.986262110084979, -7.828190304647408 ], [ 111.986217759077661, -7.828192342932384 ], [ 111.986314680224524, -7.827851722118271 ], [ 111.986151184906134, -7.827799574922077 ], [ 111.986154715549517, -7.82779066885614 ], [ 111.986154959881191, -7.827790052366061 ], [ 111.986155274123476, -7.827789468272115 ], [ 111.98616148314153, -7.827777937610874 ], [ 111.986219155831606, -7.827670831868472 ], [ 111.98621963775588, -7.827669818681233 ], [ 111.986286449310654, -7.827509332735149 ], [ 111.986286641328988, -7.827508839370235 ], [ 111.986286946483503, -7.827507861869143 ], [ 111.986341647623803, -7.827299544356391 ], [ 111.986341959184031, -7.827297819778696 ], [ 111.986342000411767, -7.827296067795673 ], [ 111.98634176959311, -7.827294330919692 ], [ 111.986341272265321, -7.827292649837292 ], [ 111.986340520316389, -7.827291066124531 ], [ 111.986339532879171, -7.827289616818473 ], [ 111.986338331805115, -7.827288338045345 ], [ 111.986336947091118, -7.827287258676847 ], [ 111.986293973849854, -7.827258834243482 ], [ 111.98635161689765, -7.827104442999009 ], [ 111.986536140407722, -7.827153958816579 ], [ 111.98653657962133, -7.827154067225833 ], [ 111.986651823106726, -7.827180120312181 ], [ 111.986653722857113, -7.827180383580934 ], [ 111.986655639988896, -7.827180324830954 ], [ 111.986657520083938, -7.827179943285032 ], [ 111.986659308755918, -7.827179251732496 ], [ 111.986660954354278, -7.827178269287184 ], [ 111.986662410691238, -7.827177024094581 ], [ 111.986663635223877, -7.827175551527069 ], [ 111.986664593588642, -7.827173894173363 ], [ 111.986665257783315, -7.827172100033905 ], [ 111.986741322388326, -7.826897000757765 ], [ 111.986836116746233, -7.826610611042251 ], [ 111.986837538697259, -7.826606315277759 ], [ 111.986841880569344, -7.826607624688807 ], [ 111.987025698568132, -7.826663042482782 ], [ 111.987030040441184, -7.826664351891775 ], [ 111.987028805452283, -7.826668703294066 ], [ 111.986960009526683, -7.826911141898241 ], [ 111.986959749198917, -7.826912282997056 ], [ 111.986959581498638, -7.826914246008579 ], [ 111.986959675975612, -7.826954405317116 ], [ 111.986907249747432, -7.827152685579509 ], [ 111.986872999311899, -7.827283435446428 ], [ 111.986872799229275, -7.827284355722703 ], [ 111.986872642991713, -7.82728579413638 ], [ 111.986869985363796, -7.827345811279379 ], [ 111.986810492314646, -7.827509446587214 ], [ 111.98681004350064, -7.827511040343355 ], [ 111.986801485437553, -7.827552989869222 ], [ 111.986801266600537, -7.827554034096592 ], [ 111.986800177267185, -7.827559389982807 ], [ 111.986799398148463, -7.827563221173991 ], [ 111.986798931982264, -7.827565534899234 ], [ 111.986770223627417, -7.827706232316969 ] ] ], [ [ [ 111.985324850335118, -7.827213162256888 ], [ 111.98537225882464, -7.827087681700599 ], [ 111.985662471861659, -7.827192908303487 ], [ 111.985590426070601, -7.827413970866429 ], [ 111.985286230751598, -7.827315377443972 ], [ 111.985324850335118, -7.827213162256888 ] ] ], [ [ [ 111.986982258567082, -7.826915775710873 ], [ 111.987050544472396, -7.826675133596977 ], [ 111.987051779461069, -7.826670782194619 ], [ 111.987056133017987, -7.826672046354323 ], [ 111.987222346849819, -7.826720296915377 ], [ 111.987222691707927, -7.82672039107381 ], [ 111.987333185406442, -7.826748736078231 ], [ 111.987382946619249, -7.826765788459833 ], [ 111.98738731523575, -7.826767285019811 ], [ 111.987386672976058, -7.826771846672671 ], [ 111.987377273635971, -7.826838585054197 ], [ 111.987367405644449, -7.826919297113212 ], [ 111.987324982336247, -7.827266362110503 ], [ 111.987309322631049, -7.827394478188837 ], [ 111.987263585940497, -7.827677454699511 ], [ 111.987263463350473, -7.827678545732254 ], [ 111.987259311572728, -7.82774452476973 ], [ 111.98694904781884, -7.827736302375795 ], [ 111.986980141505541, -7.827489273351294 ], [ 111.986848716537978, -7.827470646535811 ], [ 111.986891894086426, -7.827351885747172 ], [ 111.9868924038269, -7.827349975296968 ], [ 111.986892560064419, -7.827348536883297 ], [ 111.986895240929471, -7.827287989688557 ], [ 111.986929180346067, -7.827158425355245 ], [ 111.986981977823163, -7.826958739638656 ], [ 111.9869821851035, -7.826957794925866 ], [ 111.986982352801547, -7.826955831009925 ], [ 111.986982258567082, -7.826915775710873 ] ] ], [ [ [ 111.983817874772214, -7.8272594330051 ], [ 111.983822622444549, -7.827032353020061 ], [ 111.98382271707591, -7.827027844197779 ], [ 111.983822811652132, -7.827023311860321 ], [ 111.983908629104391, -7.827031081580422 ], [ 111.983990785370835, -7.827038519755591 ], [ 111.984395644028439, -7.827070527332058 ], [ 111.984330665353824, -7.827278839749114 ], [ 111.983897505995159, -7.827262932847178 ], [ 111.983817874772214, -7.8272594330051 ] ] ], [ [ [ 111.986804440098126, -7.826596336311364 ], [ 111.986811486562473, -7.826598460621446 ], [ 111.986815828434416, -7.826599770032783 ], [ 111.986814406483177, -7.826604065797227 ], [ 111.986719703064395, -7.826890180349292 ], [ 111.986719540175059, -7.826890718867839 ], [ 111.986646277742153, -7.827155682844009 ], [ 111.986541811717061, -7.827132068226037 ], [ 111.986696117190306, -7.826564316797576 ], [ 111.986804440098126, -7.826596336311364 ] ] ], [ [ [ 111.984840119823062, -7.826344587460736 ], [ 111.984920833119091, -7.826354004120217 ], [ 111.98496641833772, -7.826359322487138 ], [ 111.984968141085758, -7.826359523771464 ], [ 111.984920431389867, -7.826541781702583 ], [ 111.984911014246734, -7.826538906787921 ], [ 111.984904383708269, -7.826561352214734 ], [ 111.984663812942998, -7.826487989914707 ], [ 111.984589162524543, -7.826743304814408 ], [ 111.9846785076614, -7.826764108079606 ], [ 111.984781891447412, -7.826781876739339 ], [ 111.984839474474086, -7.826780955458617 ], [ 111.984816739403229, -7.826857873611664 ], [ 111.984764877776797, -7.826845072133683 ], [ 111.984703669603803, -7.827143859819949 ], [ 111.985222680693127, -7.827227003565971 ], [ 111.985205897645756, -7.827272906573079 ], [ 111.985125728463046, -7.827492180097484 ], [ 111.985103389924745, -7.827490768892983 ], [ 111.984631962156598, -7.827460994927471 ], [ 111.983715601378222, -7.82740311830887 ], [ 111.98372047761984, -7.827381298329176 ], [ 111.983732723425064, -7.827326503601875 ], [ 111.983730396371556, -7.827255406074094 ], [ 111.983793568449059, -7.827252334717655 ], [ 111.983820027871488, -7.827279552535892 ], [ 111.983896391065528, -7.82728523335339 ], [ 111.984340321845835, -7.827303704512074 ], [ 111.984420362570205, -7.827061980637371 ], [ 111.98442431692564, -7.827059316897316 ], [ 111.984425777980661, -7.827058146768629 ], [ 111.984427025377542, -7.827056751934612 ], [ 111.984428025648839, -7.827055170459526 ], [ 111.984428750785696, -7.827053447630494 ], [ 111.98442918184648, -7.827051627808869 ], [ 111.984433677322443, -7.827021771918452 ], [ 111.984460994862673, -7.826840341223614 ], [ 111.984479875872879, -7.826766669947669 ], [ 111.984480158841265, -7.826765125419382 ], [ 111.984480224088173, -7.826763556979522 ], [ 111.984476293165358, -7.826622379567177 ], [ 111.984476093898195, -7.826620557598767 ], [ 111.984475601820861, -7.826618791484084 ], [ 111.98447482974079, -7.826617128223806 ], [ 111.984473798619334, -7.826615611181762 ], [ 111.98447253485098, -7.82661428009152 ], [ 111.984471072077113, -7.82661317105186 ], [ 111.984469449359594, -7.826612311104633 ], [ 111.984446258214462, -7.826602341386047 ], [ 111.98444549206836, -7.826602047424114 ], [ 111.984444445539651, -7.826601694423842 ], [ 111.984383974355225, -7.826581537328869 ], [ 111.984382322751088, -7.826581121525524 ], [ 111.984380835001957, -7.826580964007814 ], [ 111.984321347839611, -7.826578583960951 ], [ 111.984319897724617, -7.826578618095112 ], [ 111.984318464367306, -7.826578836694612 ], [ 111.984288006855706, -7.826585499268625 ], [ 111.984286148079718, -7.826586077016251 ], [ 111.984284415184092, -7.826586962882018 ], [ 111.984282860711673, -7.826588131419148 ], [ 111.984269581103575, -7.826600025856423 ], [ 111.984259243770808, -7.826609285144994 ], [ 111.984131414836412, -7.826604072646407 ], [ 111.984064392895903, -7.826601338418163 ], [ 111.984043173032219, -7.826600473532974 ], [ 111.984027948344988, -7.826596260920619 ], [ 111.98401171085581, -7.826591767582333 ], [ 111.983975550410051, -7.826581762063181 ], [ 111.983974331600265, -7.826581424838894 ], [ 111.983969706844562, -7.826580147712158 ], [ 111.983972432925839, -7.826576205258863 ], [ 111.983983549652251, -7.826560124729442 ], [ 111.983987223905942, -7.826554815274256 ], [ 111.984025499406954, -7.826499503996631 ], [ 111.984026220348454, -7.826498312080442 ], [ 111.984026787831496, -7.826497040932034 ], [ 111.984027195552059, -7.826495709559223 ], [ 111.984040502470194, -7.826440161673918 ], [ 111.98404064505408, -7.82643947125849 ], [ 111.984040753852355, -7.826438683243068 ], [ 111.984053781119613, -7.826311466883519 ], [ 111.984061213897007, -7.826286897792308 ], [ 111.984069407135038, -7.826259812601888 ], [ 111.984074135068894, -7.826259840464493 ], [ 111.984078410436723, -7.82625986666936 ], [ 111.984093951037821, -7.826259958849501 ], [ 111.984095817164757, -7.826259808882794 ], [ 111.98409763269332, -7.826259353335566 ], [ 111.984099347778297, -7.826258607699434 ], [ 111.984100917113281, -7.82625758926434 ], [ 111.984102296328601, -7.826256327980072 ], [ 111.984103449225387, -7.826254857395126 ], [ 111.984104344154332, -7.826253217378387 ], [ 111.984104955827377, -7.826251453210563 ], [ 111.984111653036038, -7.826225321164596 ], [ 111.984111800421758, -7.826224744696635 ], [ 111.984113815681127, -7.826225149704213 ], [ 111.98413757323857, -7.826229923961484 ], [ 111.984139326269158, -7.826230276219039 ], [ 111.984209697025904, -7.826244419295074 ], [ 111.984241642653089, -7.826250838602279 ], [ 111.984256626892332, -7.826253849777057 ], [ 111.984289480795539, -7.826260452370357 ], [ 111.984358467824336, -7.826274316465334 ], [ 111.984363489094576, -7.826275286059968 ], [ 111.984446674687959, -7.826292045566814 ], [ 111.984459481251989, -7.826294619547448 ], [ 111.984514279806987, -7.826305632485232 ], [ 111.984521753780825, -7.826307134492185 ], [ 111.984525123730748, -7.82630780857088 ], [ 111.984525897629112, -7.826307927958961 ], [ 111.984577235312784, -7.826313917601197 ], [ 111.984756191459738, -7.826334795714557 ], [ 111.984825981321237, -7.826342938218977 ], [ 111.984840119823062, -7.826344587460736 ] ] ], [ [ [ 111.984457515722568, -7.826762603337701 ], [ 111.984438885451013, -7.826835297239863 ], [ 111.984438681902901, -7.826836288973939 ], [ 111.984407498378957, -7.827043361238843 ], [ 111.98440029687211, -7.827048213145201 ], [ 111.983992706029028, -7.827015990357329 ], [ 111.9839106794863, -7.827008563637064 ], [ 111.983834586496997, -7.82700167386247 ], [ 111.98383473920768, -7.826992152533617 ], [ 111.983834805051202, -7.826988130363765 ], [ 111.983835393643332, -7.826951385470832 ], [ 111.983861209568659, -7.826863549980584 ], [ 111.983881762793246, -7.826793621887035 ], [ 111.983944090975172, -7.826617149047965 ], [ 111.983956085451766, -7.826599836442137 ], [ 111.983969485110919, -7.826603548639847 ], [ 111.984005648281467, -7.826613555057396 ], [ 111.984021885771497, -7.826618048395827 ], [ 111.984038371922907, -7.826622609890496 ], [ 111.984039460822785, -7.826622854260949 ], [ 111.984040939502762, -7.826623011801011 ], [ 111.984063466393067, -7.826623930616724 ], [ 111.984130488337271, -7.826626664844677 ], [ 111.984262924969727, -7.826632065567914 ], [ 111.984264673398286, -7.826632001796058 ], [ 111.984266392176906, -7.826631670381044 ], [ 111.984268038698787, -7.826631079562212 ], [ 111.98426957490453, -7.826630242994796 ], [ 111.984270963656485, -7.826629180663034 ], [ 111.984295786104312, -7.826606946039111 ], [ 111.984321897076256, -7.826601234216655 ], [ 111.984378315781214, -7.826603492088876 ], [ 111.98443772229497, -7.826623293513043 ], [ 111.98445382945242, -7.826630218255512 ], [ 111.984457515722568, -7.826762603337701 ] ] ], [ [ [ 111.984049162192534, -7.826248483857464 ], [ 111.984019958425762, -7.826335723997005 ], [ 111.984015299244177, -7.826395559528907 ], [ 111.984005846180295, -7.82645779846905 ], [ 111.983979551806797, -7.826500934352736 ], [ 111.983931744790524, -7.826580013761697 ], [ 111.983879234572001, -7.826699785560159 ], [ 111.983805323900228, -7.826903361434814 ], [ 111.983796772144757, -7.82702161255999 ], [ 111.983685198745405, -7.827014330673057 ], [ 111.983689891636089, -7.826968852945663 ], [ 111.983766134785313, -7.826736554971658 ], [ 111.983849632314559, -7.826528170483574 ], [ 111.983892566897239, -7.826417993546872 ], [ 111.983909179023925, -7.826338985991502 ], [ 111.983926700173953, -7.826248880724207 ], [ 111.983949993237587, -7.826247793536735 ], [ 111.984037552085127, -7.82624831648432 ], [ 111.984039960039311, -7.826248330765437 ], [ 111.984044435949599, -7.826248403533459 ], [ 111.984049162192534, -7.826248483857464 ] ] ], [ [ [ 111.985796187847967, -7.826237019751653 ], [ 111.985796643585033, -7.826237213139884 ], [ 111.985869785059592, -7.826266409173581 ], [ 111.985874574554643, -7.82626832080629 ], [ 111.985912615458744, -7.826283505072189 ], [ 111.985998754537448, -7.826324777448233 ], [ 111.985999632429909, -7.826325153449517 ], [ 111.986240326220951, -7.826416495715946 ], [ 111.986413001900445, -7.826480593459641 ], [ 111.986361058442697, -7.826652861061797 ], [ 111.986281745500932, -7.826623039215868 ], [ 111.986267296085401, -7.826617606603533 ], [ 111.986141706548992, -7.826570387612519 ], [ 111.986126871347665, -7.826564810282957 ], [ 111.985935164764228, -7.826492732766855 ], [ 111.985639091760831, -7.826381416873011 ], [ 111.985651639224869, -7.826348206618857 ], [ 111.985675957195028, -7.826283840988489 ], [ 111.98570545443296, -7.826204314905704 ], [ 111.985706479134649, -7.826201553990457 ], [ 111.985708056286441, -7.826197302183076 ], [ 111.985796187847967, -7.826237019751653 ] ] ], [ [ [ 111.9862483137601, -7.826395334112847 ], [ 111.986226943567857, -7.826387225179796 ], [ 111.986353869989628, -7.826061053102522 ], [ 111.986596275646875, -7.826136829500859 ], [ 111.986597697238537, -7.82613816564166 ], [ 111.986599326805745, -7.826139238106105 ], [ 111.986601117113565, -7.826140015349559 ], [ 111.986884494651378, -7.826235073229427 ], [ 111.986885384964694, -7.826235331623472 ], [ 111.987096674408164, -7.826287482547891 ], [ 111.987097228773649, -7.826287578929582 ], [ 111.987097606274574, -7.826287670298475 ], [ 111.987111561924209, -7.826289854410834 ], [ 111.987266829632929, -7.826314148645466 ], [ 111.987494678539917, -7.826381939852882 ], [ 111.987506411644077, -7.826385430632405 ], [ 111.987510758011382, -7.82638672374627 ], [ 111.987509367834036, -7.826391029386524 ], [ 111.987421507407262, -7.826663110214827 ], [ 111.987394335657342, -7.826741001149549 ], [ 111.987392845634488, -7.82674527265488 ], [ 111.987388556892213, -7.826743803040965 ], [ 111.987340129048249, -7.826727206990899 ], [ 111.987339268664613, -7.826726949432364 ], [ 111.987228512710615, -7.826698538114544 ], [ 111.987047186239124, -7.826645903855544 ], [ 111.986833621343408, -7.826581515848192 ], [ 111.986810942684443, -7.826574675309616 ], [ 111.986671158903192, -7.826533355835397 ], [ 111.986670529096031, -7.826533189083851 ], [ 111.986532793656551, -7.826500933518685 ], [ 111.9862483137601, -7.826395334112847 ] ] ], [ [ [ 111.984635619197263, -7.826297963707819 ], [ 111.984663038212489, -7.826299320579247 ], [ 111.984888037465282, -7.826320835520882 ], [ 111.984889976543414, -7.826320854509401 ], [ 111.984891890361553, -7.826320544343127 ], [ 111.984893722708946, -7.826319913293191 ], [ 111.984895421025911, -7.826318979570987 ], [ 111.98489693459004, -7.826317771332317 ], [ 111.984898219949216, -7.826316323047134 ], [ 111.984972518448728, -7.826331526766197 ], [ 111.984971106742535, -7.826337104084802 ], [ 111.98492255412016, -7.826331439916708 ], [ 111.984912385466302, -7.826330253524127 ], [ 111.984791309632683, -7.826316127634956 ], [ 111.984707160830865, -7.826306311068623 ], [ 111.984635619197263, -7.826297963707819 ] ] ], [ [ [ 111.984093127432757, -7.826206940160732 ], [ 111.984092499521893, -7.826208741448196 ], [ 111.984085181300117, -7.826237296111277 ], [ 111.984080963071449, -7.82623727067758 ], [ 111.984076235135745, -7.826237241910579 ], [ 111.984090421212017, -7.826190348308007 ], [ 111.98416574592548, -7.826208859104284 ], [ 111.98424756897036, -7.826228965522316 ], [ 111.984163964285798, -7.82621216263404 ], [ 111.984143532223584, -7.826208056232709 ], [ 111.98410572320094, -7.826200457646509 ], [ 111.984103823563416, -7.826200240491362 ], [ 111.984101914700602, -7.826200343527209 ], [ 111.984100051026331, -7.826200765722692 ], [ 111.984098284206112, -7.826201494295235 ], [ 111.98409666497939, -7.826202508324512 ], [ 111.984095240438748, -7.826203778758805 ], [ 111.984094049499674, -7.826205270234428 ], [ 111.984093127432757, -7.826206940160732 ] ] ], [ [ [ 111.984569558178364, -7.826184873767781 ], [ 111.984572161649169, -7.826180087761274 ], [ 111.984585757846077, -7.826155090955037 ], [ 111.984586455273728, -7.826153541841759 ], [ 111.984586621888965, -7.826153044014531 ], [ 111.984591418448574, -7.82615294418622 ], [ 111.984596795570368, -7.826152896364542 ], [ 111.984606783621274, -7.826152873054889 ], [ 111.984608752169137, -7.826152696618387 ], [ 111.984609627820504, -7.826152504643813 ], [ 111.984616373120147, -7.826150744249622 ], [ 111.984627043962064, -7.826147959015135 ], [ 111.984667111505715, -7.826137499791499 ], [ 111.984686673052266, -7.826132393831227 ], [ 111.984733122332074, -7.826126023121403 ], [ 111.98476984693005, -7.826120987438431 ], [ 111.984791956393579, -7.826117954818692 ], [ 111.984797870913823, -7.82611773028003 ], [ 111.9848616247629, -7.826115310428191 ], [ 111.984891726969209, -7.826114168404205 ], [ 111.984912326222158, -7.826113386820718 ], [ 111.984912759680739, -7.826113362293557 ], [ 111.984930519782495, -7.826112008499757 ], [ 111.984933124040751, -7.826111809775752 ], [ 111.984937978915127, -7.826111439381857 ], [ 111.984929442021524, -7.826139303197092 ], [ 111.984905597194285, -7.826217121139629 ], [ 111.984889805942473, -7.826268655535687 ], [ 111.984887194916482, -7.826277175966812 ], [ 111.984886283174006, -7.826280151872174 ], [ 111.984880983719918, -7.826297446156428 ], [ 111.98479418841103, -7.826289147093578 ], [ 111.984697350138134, -7.826279887429454 ], [ 111.984664942504594, -7.826276788506878 ], [ 111.984664422740693, -7.826276750829319 ], [ 111.984647256039295, -7.826275901836938 ], [ 111.984637778345416, -7.826275433753884 ], [ 111.984562742280971, -7.826271722521444 ], [ 111.984558198901425, -7.826271497971582 ], [ 111.984558788738738, -7.826266999751955 ], [ 111.984559474792974, -7.826261763290061 ], [ 111.984569558178364, -7.826184873767781 ] ] ], [ [ [ 111.98436593020854, -7.826233382481966 ], [ 111.984357842731541, -7.826231703730021 ], [ 111.984342920867519, -7.826228605587726 ], [ 111.984329679473305, -7.826225857157638 ], [ 111.984303844054779, -7.826219508618287 ], [ 111.984232631949908, -7.826202008454404 ], [ 111.984180290501968, -7.826189145605536 ], [ 111.984149477663678, -7.826181574115432 ], [ 111.98408539095341, -7.826165825471414 ], [ 111.984083502915283, -7.826165526890061 ], [ 111.984081591140892, -7.826165548533569 ], [ 111.984079710048334, -7.826165891179421 ], [ 111.984077914026045, -7.826166542943153 ], [ 111.984076253824043, -7.826167487426518 ], [ 111.984074775630177, -7.826168696484403 ], [ 111.984073521989657, -7.826170135649056 ], [ 111.984072529086504, -7.826171765041053 ], [ 111.984071824923191, -7.826173536660046 ], [ 111.984071128349356, -7.826175837354979 ], [ 111.984060788705705, -7.826210017406723 ], [ 111.984052590962733, -7.826237115269574 ], [ 111.98404786212852, -7.826237090122077 ], [ 111.984040624672716, -7.826237051832707 ], [ 111.983950013885135, -7.826236488068334 ], [ 111.983949463402141, -7.826236500205392 ], [ 111.983926948407202, -7.826237551209696 ], [ 111.983933511002078, -7.825938597074394 ], [ 111.984023692251256, -7.825968340689182 ], [ 111.984115290604478, -7.82600407918116 ], [ 111.984118078361348, -7.826005167043197 ], [ 111.984179234521534, -7.826035132077148 ], [ 111.984221742571663, -7.826055960603763 ], [ 111.984243056524662, -7.82606640411955 ], [ 111.984244269387602, -7.826066913199482 ], [ 111.984247049596874, -7.826067876266327 ], [ 111.984254175755865, -7.826070345025124 ], [ 111.984291955927546, -7.826083433578043 ], [ 111.984319634577957, -7.826093021117475 ], [ 111.984417247810313, -7.82612683624493 ], [ 111.98441867171519, -7.826127228159961 ], [ 111.984425060556845, -7.826128546387719 ], [ 111.984472574443942, -7.82613834811058 ], [ 111.984479152019105, -7.826139704787715 ], [ 111.98453106305638, -7.826150413338601 ], [ 111.984542551356753, -7.826152783278205 ], [ 111.98454290521974, -7.826152850284922 ], [ 111.984544874574098, -7.826153017531573 ], [ 111.984550263568892, -7.826153004955676 ], [ 111.98455594640987, -7.82615299169398 ], [ 111.984561111392253, -7.826152979640709 ], [ 111.984548625034876, -7.826175937072194 ], [ 111.984548039372712, -7.826177190174826 ], [ 111.984547612570253, -7.826178505312643 ], [ 111.984547347384364, -7.826179897854621 ], [ 111.984536952984712, -7.826259136011907 ], [ 111.984536298112573, -7.826264133630583 ], [ 111.984535708270741, -7.826268630041367 ], [ 111.984531256664795, -7.826267706149983 ], [ 111.98436593020854, -7.826233382481966 ] ] ], [ [ [ 111.984948849630356, -7.826075964737916 ], [ 111.984945093750298, -7.826088220438396 ], [ 111.984940238876234, -7.826088590832353 ], [ 111.984935987913076, -7.826088914594751 ], [ 111.984911247455514, -7.826090800211154 ], [ 111.984790534842517, -7.826095381670236 ], [ 111.984789421352161, -7.826095479234826 ], [ 111.984682913136496, -7.826110085711717 ], [ 111.984682462554389, -7.826110156404721 ], [ 111.98468158690315, -7.826110348379451 ], [ 111.984648667093438, -7.826118941356014 ], [ 111.984606087059262, -7.826130056728953 ], [ 111.984605284909833, -7.826130265716239 ], [ 111.9846048024216, -7.826130266842248 ], [ 111.984598725972191, -7.826130281023146 ], [ 111.984593958226696, -7.8261302921498 ], [ 111.984602801813253, -7.82610286808196 ], [ 111.984632222774295, -7.826011620770814 ], [ 111.984633620166989, -7.826007285273373 ], [ 111.984638102482819, -7.826008156635207 ], [ 111.984647871935039, -7.82601005575624 ], [ 111.984673813111925, -7.826015098931242 ], [ 111.984919876846277, -7.826062931658076 ], [ 111.984942670424402, -7.826067362626887 ], [ 111.984946538463319, -7.826068114225254 ], [ 111.984951015336321, -7.826068984691858 ], [ 111.984949666946733, -7.826073330928764 ], [ 111.984948849630356, -7.826075964737916 ] ] ], [ [ [ 111.986098353793977, -7.826198318366771 ], [ 111.98605787843556, -7.826186506107168 ], [ 111.986021819871908, -7.826309380738617 ], [ 111.986008142843588, -7.8263041905073 ], [ 111.985922090931993, -7.826262959532944 ], [ 111.985921393687235, -7.826262654559543 ], [ 111.985805299268264, -7.826216314075978 ], [ 111.985715941138054, -7.826176043148194 ], [ 111.985717498315921, -7.826171782343161 ], [ 111.985850136051255, -7.825805063954957 ], [ 111.986182407570311, -7.825911891451863 ], [ 111.986098353793977, -7.826198318366771 ] ] ], [ [ [ 111.98511657971531, -7.82603817752504 ], [ 111.985118291870506, -7.826036957968883 ], [ 111.985156578966425, -7.826003279724563 ], [ 111.9851963123416, -7.825968323753711 ], [ 111.985220226318233, -7.825952812955093 ], [ 111.985239004874856, -7.82594063341779 ], [ 111.985292382985349, -7.825906012775951 ], [ 111.985377891259063, -7.825872986673006 ], [ 111.985468511815526, -7.825837985088956 ], [ 111.985490750593797, -7.825829396199615 ], [ 111.985492347726051, -7.825828630936299 ], [ 111.985493361036347, -7.825827970142034 ], [ 111.985564266901193, -7.825776116157913 ], [ 111.985565312380672, -7.825775250886479 ], [ 111.985566246031354, -7.825774268299913 ], [ 111.985567056090773, -7.825773180183391 ], [ 111.985599498722749, -7.825723628284244 ], [ 111.985762791947096, -7.825783165497626 ], [ 111.985588970352239, -7.826231067036271 ], [ 111.985587330557038, -7.826235291856706 ], [ 111.985578921479458, -7.826232609959255 ], [ 111.985451319511, -7.826191908263132 ], [ 111.985295882613087, -7.826133000170958 ], [ 111.985294856103494, -7.826132675163419 ], [ 111.985193264814427, -7.826105735090425 ], [ 111.985156087157961, -7.826095876755273 ], [ 111.985137365379686, -7.826090911719486 ], [ 111.985097787381164, -7.826080416835986 ], [ 111.985067307092237, -7.826072332728226 ], [ 111.985068964997211, -7.826068093395993 ], [ 111.985070164930235, -7.826065026374214 ], [ 111.98511657971531, -7.82603817752504 ] ] ], [ [ [ 111.984155735827628, -7.825998425285233 ], [ 111.984127651064412, -7.825984663815635 ], [ 111.98412678223049, -7.825984282362434 ], [ 111.984095439718189, -7.825972054268836 ], [ 111.984067978825195, -7.825961341089758 ], [ 111.984036334029454, -7.825948995215607 ], [ 111.984031531031221, -7.825947122482665 ], [ 111.984031099875537, -7.825946968830127 ], [ 111.984019538363015, -7.825943155570226 ], [ 111.983938552414799, -7.825916444781835 ], [ 111.983923033594309, -7.825911325701442 ], [ 111.983921770346868, -7.825910988580401 ], [ 111.983884080654732, -7.825903213327619 ], [ 111.98385995768966, -7.825794810801134 ], [ 111.983861840202422, -7.825794300832912 ], [ 111.983863005346606, -7.825793798868541 ], [ 111.983896223922898, -7.825777248050324 ], [ 111.984301297869195, -7.825909283003076 ], [ 111.984607228685931, -7.826000498494524 ], [ 111.984611574143315, -7.826001794355324 ], [ 111.984610185749673, -7.826006099985398 ], [ 111.984578879379384, -7.82610319524012 ], [ 111.984570124033908, -7.826130347771673 ], [ 111.984565357195322, -7.826130358895885 ], [ 111.984560149587423, -7.826130371048647 ], [ 111.984545995087785, -7.826130404080041 ], [ 111.984522268087815, -7.826125509484663 ], [ 111.984505074202204, -7.826121962624055 ], [ 111.984475233297815, -7.826115807041544 ], [ 111.984468670240304, -7.8261144530437 ], [ 111.984447066504032, -7.826109996661801 ], [ 111.984423989185743, -7.826105235305239 ], [ 111.984417153483733, -7.826102868072779 ], [ 111.984404270845346, -7.82609840490601 ], [ 111.98427778628465, -7.826054588072638 ], [ 111.984252431286109, -7.826045805481618 ], [ 111.984182435013722, -7.826011508041963 ], [ 111.984155735827628, -7.825998425285233 ] ] ], [ [ [ 111.987227460078074, -7.825694208698692 ], [ 111.987204796249813, -7.825792719185197 ], [ 111.987204525098576, -7.825794656210223 ], [ 111.987204592279539, -7.82579661234115 ], [ 111.98720499674323, -7.825798526983421 ], [ 111.987205726565406, -7.825800343185635 ], [ 111.987206758945206, -7.825802006735227 ], [ 111.987208063836789, -7.825803467958681 ], [ 111.98720960123093, -7.825804682632393 ], [ 111.987211326605006, -7.825805615587647 ], [ 111.987240925636826, -7.825818445349817 ], [ 111.987189176796619, -7.826022377648195 ], [ 111.987142746986876, -7.826082861695134 ], [ 111.987141947150249, -7.826084052895672 ], [ 111.98714130533682, -7.826085335978614 ], [ 111.987140831473909, -7.826086690118775 ], [ 111.987092662954524, -7.826258541039863 ], [ 111.987091441583686, -7.826262897836949 ], [ 111.987087037659947, -7.826261811063753 ], [ 111.986891283109514, -7.826213494766399 ], [ 111.986618890912098, -7.826122122088336 ], [ 111.986682235943348, -7.825921964038106 ], [ 111.986682440104744, -7.825921235492163 ], [ 111.98671810729293, -7.825775107870503 ], [ 111.986761157734861, -7.825588060906823 ], [ 111.986765568817006, -7.825589109681484 ], [ 111.986913449473391, -7.825624289927188 ], [ 111.987223033725357, -7.825693223275182 ], [ 111.987227460078074, -7.825694208698692 ] ] ], [ [ [ 111.984935281300821, -7.826042893247997 ], [ 111.984684602784213, -7.825994161439332 ], [ 111.984643595947233, -7.825986189597006 ], [ 111.984642218587069, -7.825985921481489 ], [ 111.984629171782217, -7.825983385147778 ], [ 111.984628635538954, -7.825983281484977 ], [ 111.984628089179338, -7.825983118153157 ], [ 111.984308067416663, -7.825887704609847 ], [ 111.98408309741427, -7.825814373352689 ], [ 111.984110082170844, -7.825729968361226 ], [ 111.983935740101856, -7.825674379676185 ], [ 111.983898843794648, -7.825754313643331 ], [ 111.983897128710993, -7.825753898890079 ], [ 111.983895368914858, -7.825753754666742 ], [ 111.983893608852256, -7.825753883582975 ], [ 111.98389189023996, -7.825754284637077 ], [ 111.98389025476925, -7.825754945974198 ], [ 111.983854322183248, -7.825772849822201 ], [ 111.983847742417893, -7.825774037311365 ], [ 111.983834966362394, -7.825776344467065 ], [ 111.983814316889593, -7.825780072758175 ], [ 111.983742276594953, -7.825777168372825 ], [ 111.983701330031579, -7.825772069679394 ], [ 111.983661949302288, -7.825767167211072 ], [ 111.983642526107801, -7.825764748816686 ], [ 111.983638011870966, -7.825764186834455 ], [ 111.983638934695989, -7.825759744817879 ], [ 111.983718676253659, -7.825375995804007 ], [ 111.983718744342923, -7.825375638393941 ], [ 111.983718902318472, -7.825374162894237 ], [ 111.983720485949391, -7.825335528124763 ], [ 111.983720673836515, -7.825330950347664 ], [ 111.983725174397378, -7.825331870517211 ], [ 111.98394386359891, -7.825376598563064 ], [ 111.984108838236736, -7.825436242882833 ], [ 111.984110499009333, -7.825436702983729 ], [ 111.984203371398507, -7.82545500192404 ], [ 111.984599662100678, -7.82558810805811 ], [ 111.984600024238034, -7.825588222980517 ], [ 111.984759923282809, -7.825636050687449 ], [ 111.984760605724176, -7.82563623179019 ], [ 111.984852347089813, -7.825657566688045 ], [ 111.985097272281749, -7.825730840084973 ], [ 111.985093645987391, -7.825738798520681 ], [ 111.985093258308467, -7.825739779831594 ], [ 111.985028870787218, -7.825933906693098 ], [ 111.985028465546591, -7.825935520243863 ], [ 111.985028412818977, -7.82593585319843 ], [ 111.985012313807786, -7.826047899428416 ], [ 111.98501136791468, -7.826054485007134 ], [ 111.985010721835508, -7.826058976122679 ], [ 111.985006286356608, -7.826057967181762 ], [ 111.985001486093395, -7.826056874980156 ], [ 111.984967924192588, -7.826049244849373 ], [ 111.984935281300821, -7.826042893247997 ] ] ], [ [ [ 111.986696042901073, -7.825769905620248 ], [ 111.986660499655869, -7.825915520137641 ], [ 111.986642091387907, -7.82597368475915 ], [ 111.986186636396155, -7.825818803649101 ], [ 111.986219735040777, -7.825712303455339 ], [ 111.986185201939989, -7.825700861696633 ], [ 111.986003008032682, -7.825640499659732 ], [ 111.985919646481136, -7.82561288133382 ], [ 111.986002058547911, -7.825385029371292 ], [ 111.986423876365066, -7.825507805142917 ], [ 111.986424639572334, -7.825508006856056 ], [ 111.986631777151345, -7.825557282632467 ], [ 111.986734692140743, -7.825581764637931 ], [ 111.98673910322492, -7.825582814317328 ], [ 111.986696042901073, -7.825769905620248 ] ] ], [ [ [ 111.9866342749891, -7.825514526959648 ], [ 111.986630298587116, -7.825524387341619 ], [ 111.98662583850178, -7.825523326017947 ], [ 111.986449441489682, -7.825481363063397 ], [ 111.986506387480802, -7.825304080443959 ], [ 111.986685866051531, -7.825361414250549 ], [ 111.9866342749891, -7.825514526959648 ] ] ], [ [ [ 111.986815009633418, -7.825092828490853 ], [ 111.986816684614922, -7.825088532134979 ], [ 111.9868212347953, -7.825089340909677 ], [ 111.986946958554384, -7.825111669439654 ], [ 111.986947285174651, -7.825111722037204 ], [ 111.987070187026774, -7.825129621790568 ], [ 111.987070723177666, -7.825129686559948 ], [ 111.98713764490563, -7.825136202004978 ], [ 111.987162215068494, -7.82513983732233 ], [ 111.987191662608083, -7.825144192913246 ], [ 111.987261914654411, -7.825154585085261 ], [ 111.987358206611219, -7.825168828888693 ], [ 111.987361994397077, -7.825169395244487 ], [ 111.98736244894134, -7.825169467439915 ], [ 111.987386468378673, -7.825173009971406 ], [ 111.987390963804017, -7.825173674158625 ], [ 111.987389999271713, -7.825178103614034 ], [ 111.987373543918622, -7.825253680344749 ], [ 111.987345880517353, -7.825400889957563 ], [ 111.987321730755937, -7.825514644519986 ], [ 111.987282442728258, -7.825674017012202 ], [ 111.987278015468775, -7.825673031591364 ], [ 111.987245531955452, -7.825665798878916 ], [ 111.986920590694822, -7.825593445629041 ], [ 111.986757364271313, -7.825554614805333 ], [ 111.986657057279203, -7.825530752573658 ], [ 111.986652597195885, -7.825529692154696 ], [ 111.986655433876237, -7.825522658077383 ], [ 111.986655620443358, -7.825522161107427 ], [ 111.986716564750523, -7.825341290279179 ], [ 111.986771812453284, -7.825203571506234 ], [ 111.986815009633418, -7.825092828490853 ] ] ], [ [ [ 111.9856173158025, -7.82559711976817 ], [ 111.985587310487148, -7.825700884031907 ], [ 111.985549197173981, -7.825759098271087 ], [ 111.985537878094249, -7.825767375855275 ], [ 111.985489020081218, -7.825803105654309 ], [ 111.985481163179699, -7.825808851781722 ], [ 111.985478945009518, -7.825809708034442 ], [ 111.985344463961638, -7.825861649889276 ], [ 111.985292687637198, -7.825881647536334 ], [ 111.985283095502965, -7.825885352789185 ], [ 111.985281498367911, -7.825886117147355 ], [ 111.985281009327579, -7.825886417656818 ], [ 111.985226952049189, -7.825921478533176 ], [ 111.985183254346765, -7.825949820598012 ], [ 111.985182033046456, -7.825950739640808 ], [ 111.985158474124617, -7.825971460953117 ], [ 111.985104231603088, -7.826019181601991 ], [ 111.985055356010861, -7.826047453442189 ], [ 111.98505379409832, -7.82604854150452 ], [ 111.985052437730047, -7.826049875092798 ], [ 111.985051324003223, -7.826051417038656 ], [ 111.985050484554321, -7.826053122046571 ], [ 111.985046768459043, -7.82606262094188 ], [ 111.985045130378964, -7.826066805961749 ], [ 111.985042231166886, -7.826066147067826 ], [ 111.985037337438527, -7.82606503337846 ], [ 111.985032901959556, -7.826064024437856 ], [ 111.985033547129433, -7.826059532419997 ], [ 111.985038315888602, -7.826026344862273 ], [ 111.985050713382691, -7.825940053778243 ], [ 111.985103762785243, -7.825780097554584 ], [ 111.985114540706491, -7.82574759961538 ], [ 111.985121510868638, -7.825732298417715 ], [ 111.985123283863032, -7.825728407023547 ], [ 111.985123929875584, -7.82572659212636 ], [ 111.985124257357654, -7.825724693860589 ], [ 111.985124257369421, -7.825722767417568 ], [ 111.985123930044665, -7.825720869776274 ], [ 111.98512328367103, -7.825719054278886 ], [ 111.985122337421529, -7.825717375146693 ], [ 111.985121119523612, -7.825715880248714 ], [ 111.985119665451592, -7.825714613819362 ], [ 111.985118016100245, -7.825713611036061 ], [ 111.985116219609154, -7.825712902537125 ], [ 111.98503703286076, -7.825689212186792 ], [ 111.984950189826236, -7.825663231579688 ], [ 111.985022852663548, -7.825405922496018 ], [ 111.984857134574028, -7.825344091554543 ], [ 111.984766099243217, -7.825614291884297 ], [ 111.984689048985587, -7.825591254000427 ], [ 111.9846852870715, -7.825590119576074 ], [ 111.984775474745234, -7.825312694812939 ], [ 111.984364224433094, -7.825181160349723 ], [ 111.984405032191717, -7.82507105799032 ], [ 111.984302708295985, -7.825028223047738 ], [ 111.984259296687796, -7.825147600109488 ], [ 111.984136700386472, -7.825108388545462 ], [ 111.984150901481812, -7.825024600348343 ], [ 111.983982778288393, -7.824960382410642 ], [ 111.983999459392749, -7.824910808583819 ], [ 111.984093488088703, -7.82469168560963 ], [ 111.984326425502786, -7.824782678220361 ], [ 111.984518335512064, -7.824858392855147 ], [ 111.984900546631422, -7.824997381492548 ], [ 111.985101936818751, -7.825073787306104 ], [ 111.985314293834492, -7.825153712783729 ], [ 111.98556129821057, -7.82524506613068 ], [ 111.985707902893765, -7.82529695830606 ], [ 111.985706409224349, -7.825301228006862 ], [ 111.985704153411717, -7.825307679172112 ], [ 111.985695581501247, -7.825332192152508 ], [ 111.985695411332088, -7.825332720739024 ], [ 111.985693814226337, -7.82533812936283 ], [ 111.985679927922675, -7.825385142585104 ], [ 111.985653757811406, -7.825473741399705 ], [ 111.9856173158025, -7.82559711976817 ] ] ], [ [ [ 111.98747854742598, -7.824630637706758 ], [ 111.987496424141483, -7.824632241035714 ], [ 111.987504082998541, -7.824632927665705 ], [ 111.987504692588729, -7.824632983218432 ], [ 111.987508634954352, -7.824633336670041 ], [ 111.987408085835796, -7.825095050642519 ], [ 111.987396750099236, -7.825147101045824 ], [ 111.987395785564857, -7.825151529596829 ], [ 111.987391290137637, -7.82515086450524 ], [ 111.987140692097569, -7.825113794788366 ], [ 111.987140129637254, -7.825113726462898 ], [ 111.987134497188535, -7.825113177987021 ], [ 111.987110521409221, -7.825110843660596 ], [ 111.987078547353008, -7.825107730333678 ], [ 111.987073196118573, -7.825107209236519 ], [ 111.986950737010162, -7.825089374471251 ], [ 111.986811594086674, -7.825064662489026 ], [ 111.986810602574138, -7.825064563511366 ], [ 111.98680962105486, -7.825064471745785 ], [ 111.986808634476844, -7.825064542789954 ], [ 111.986807651545675, -7.825064621965523 ], [ 111.986806692575399, -7.825064862978522 ], [ 111.986805739063712, -7.825065111214222 ], [ 111.986804835796875, -7.825065513990433 ], [ 111.986803939802456, -7.825065923985099 ], [ 111.986803120326215, -7.825066476701228 ], [ 111.986802309932003, -7.825067034822703 ], [ 111.986801599604249, -7.825067722044047 ], [ 111.986800898352158, -7.825068411957492 ], [ 111.986800317981206, -7.825069211929036 ], [ 111.986799747588606, -7.825070012781689 ], [ 111.986799315255652, -7.825070901041466 ], [ 111.986798903688495, -7.825071749457615 ], [ 111.986783800859172, -7.825110468278039 ], [ 111.986632278628221, -7.825068936504948 ], [ 111.986587715619208, -7.825230624887853 ], [ 111.986407968580181, -7.825181358296339 ], [ 111.986334272854307, -7.825448748928997 ], [ 111.98601284990464, -7.825355194942407 ], [ 111.986084714756714, -7.825156512976779 ], [ 111.986348205853005, -7.825241063962068 ], [ 111.986396718660487, -7.825054297285155 ], [ 111.986192172273547, -7.824988346600624 ], [ 111.986192379611225, -7.824987811596081 ], [ 111.986204839238425, -7.824953918692101 ], [ 111.98621148176187, -7.824935838020785 ], [ 111.986220239328091, -7.824911999307287 ], [ 111.986345920842709, -7.824569880496786 ], [ 111.986426065513271, -7.824570580405578 ], [ 111.986426518138813, -7.824570608289372 ], [ 111.986477111611151, -7.824571065237484 ], [ 111.986486561155985, -7.824571150774321 ], [ 111.986533447122909, -7.824573939871284 ], [ 111.98653569754083, -7.824574073892768 ], [ 111.986547807708433, -7.82457479445104 ], [ 111.986573722433405, -7.824576336519251 ], [ 111.986590555659916, -7.82457733545242 ], [ 111.986532849975845, -7.824787117935409 ], [ 111.986671182036247, -7.824824959763666 ], [ 111.986725124299497, -7.82462885747865 ], [ 111.986805626645264, -7.824642043983041 ], [ 111.986806415008971, -7.824642145244768 ], [ 111.986910337823772, -7.824651777707168 ], [ 111.986830121792025, -7.824941995239538 ], [ 111.987000473514897, -7.8249888199597 ], [ 111.987035173202798, -7.824863277674404 ], [ 111.987215614727148, -7.824912876117872 ], [ 111.987291855659251, -7.824637036569606 ], [ 111.987353423264565, -7.824625259701473 ], [ 111.987412798964328, -7.824627811455624 ], [ 111.98747854742598, -7.824630637706758 ] ] ], [ [ [ 111.984334730836196, -7.824761638905573 ], [ 111.984078286829174, -7.824661465041643 ], [ 111.984074062991269, -7.824659814351785 ], [ 111.984075576639611, -7.824655549130474 ], [ 111.984120035641283, -7.824530312529819 ], [ 111.984167139001684, -7.824397626270918 ], [ 111.984182807982606, -7.824353488638711 ], [ 111.984182986277688, -7.824352943753834 ], [ 111.984638568686961, -7.824491143844856 ], [ 111.984526391203616, -7.824837257345732 ], [ 111.984334730836196, -7.824761638905573 ] ] ], [ [ [ 111.986552875066607, -7.823701074076164 ], [ 111.986516715041603, -7.823796872945218 ], [ 111.986472428699415, -7.823914199130834 ], [ 111.986460141904374, -7.823946749455278 ], [ 111.986458543862199, -7.823950982319682 ], [ 111.986416953706026, -7.823936300194495 ], [ 111.986380821466767, -7.823923545316938 ], [ 111.986270291695405, -7.823884525925249 ], [ 111.98626879337202, -7.823884109769945 ], [ 111.986267279879556, -7.823883799468731 ], [ 111.986058708198669, -7.823840997973449 ], [ 111.986004364912816, -7.823829846663207 ], [ 111.985994541727578, -7.823827831021613 ], [ 111.985916605920394, -7.823811837314198 ], [ 111.985888942938629, -7.82380616059723 ], [ 111.985851267131849, -7.823798428881232 ], [ 111.985846521588186, -7.823797455039135 ], [ 111.985849102185057, -7.823793367303701 ], [ 111.985860125736693, -7.823775903175364 ], [ 111.985876506552685, -7.823749951992649 ], [ 111.985912833662425, -7.823692400346568 ], [ 111.985932783570263, -7.823660794447969 ], [ 111.985938649487011, -7.823660357469318 ], [ 111.98595679855741, -7.823659006354288 ], [ 111.985958689708198, -7.823658704377578 ], [ 111.985960503030796, -7.823658087839944 ], [ 111.985962185970195, -7.823657176761651 ], [ 111.985963691423535, -7.823655995672518 ], [ 111.985964975939069, -7.823654579042469 ], [ 111.985966002426252, -7.823652966753224 ], [ 111.985966742878702, -7.823651204996324 ], [ 111.985998609728625, -7.823552753538859 ], [ 111.986011751020115, -7.823512154485816 ], [ 111.986037141300358, -7.823433711558577 ], [ 111.986051600762323, -7.823389038571508 ], [ 111.986058679676447, -7.823367168213362 ], [ 111.986063196067477, -7.823353216728164 ], [ 111.986067225338303, -7.823340767740133 ], [ 111.986095614822503, -7.823253060025973 ], [ 111.986100241178406, -7.823253488771209 ], [ 111.986222463136684, -7.823264808872631 ], [ 111.986050097229366, -7.823755837672937 ], [ 111.986296208716354, -7.82382107002128 ], [ 111.98649078084371, -7.823290421206825 ], [ 111.986558151169561, -7.823296920357431 ], [ 111.986694193574237, -7.823328952088406 ], [ 111.986677102088919, -7.823374319515853 ], [ 111.986676497383343, -7.823375955240047 ], [ 111.986672018712696, -7.823387811069845 ], [ 111.9866579811424, -7.823423653104185 ], [ 111.986648775537248, -7.823447465736002 ], [ 111.986621757452866, -7.823518586584056 ], [ 111.986598402484447, -7.823580459179946 ], [ 111.986573244879537, -7.823647110491293 ], [ 111.986552875066607, -7.823701074076164 ] ] ], [ [ [ 111.987885333184522, -7.831290446646268 ], [ 111.987886632502978, -7.831286068862511 ], [ 111.987897544267796, -7.831287724635481 ], [ 111.987939299660937, -7.831294059120768 ], [ 111.987994341153012, -7.831302410103491 ], [ 111.987995907369921, -7.831302760066409 ], [ 111.988016622070219, -7.831307382013685 ], [ 111.988023871488977, -7.831308999334926 ], [ 111.988024209038031, -7.831309069089627 ], [ 111.988162572882914, -7.831335562151114 ], [ 111.988301220282892, -7.831359990585923 ], [ 111.988420148795456, -7.831380942437679 ], [ 111.988495173769508, -7.831392275447431 ], [ 111.988496070975017, -7.831392374640323 ], [ 111.98865351344098, -7.831403491773162 ], [ 111.988654340643436, -7.831403519679742 ], [ 111.988655105136687, -7.831403492562957 ], [ 111.988680348605385, -7.831401732132016 ], [ 111.988663577384841, -7.831589455603532 ], [ 111.988483599695755, -7.831587484479823 ], [ 111.988363623967516, -7.831590158878678 ], [ 111.988200522726856, -7.831621650051274 ], [ 111.987979836164754, -7.831655669239113 ], [ 111.987791677147825, -7.831646134233662 ], [ 111.987830626301914, -7.831498416098089 ], [ 111.987884987656628, -7.831291609651466 ], [ 111.987885333184522, -7.831290446646268 ] ] ], [ [ [ 111.989810858113287, -7.831706326880848 ], [ 111.989871364479072, -7.831724855010441 ], [ 111.989838379796311, -7.831835160083257 ], [ 111.989834942866253, -7.831848777138414 ], [ 111.989759303016982, -7.831824051189595 ], [ 111.989748916428468, -7.83185315938869 ], [ 111.989593285369409, -7.831796093297196 ], [ 111.989603046689865, -7.831772583192948 ], [ 111.989613697964515, -7.831776455388643 ], [ 111.989616858239174, -7.831767815168109 ], [ 111.989625812801847, -7.831743333788544 ], [ 111.989648774589369, -7.831680562060314 ], [ 111.989649223409643, -7.831678974633242 ], [ 111.989649437214155, -7.831677338014079 ], [ 111.989649408832761, -7.831675688396918 ], [ 111.989649140160481, -7.831674060145748 ], [ 111.989648636722237, -7.831672488520416 ], [ 111.98964790948034, -7.831671006959202 ], [ 111.989638207913913, -7.831654510283286 ], [ 111.989633261518776, -7.831646099824114 ], [ 111.98967101212709, -7.831470418472552 ], [ 111.989736755595331, -7.831164463968618 ], [ 111.989803189531884, -7.830877484630834 ], [ 111.989820671001908, -7.830814890371141 ], [ 111.989825052488513, -7.830816054942633 ], [ 111.989983393149586, -7.830858141760924 ], [ 111.990066015225025, -7.830880101822802 ], [ 111.990094786208232, -7.830887749068258 ], [ 111.990154582308435, -7.830903968015419 ], [ 111.990215212427685, -7.830920412007236 ], [ 111.99016942459194, -7.831078760728975 ], [ 111.990038826048632, -7.831054180155274 ], [ 111.990014140930782, -7.831169100958086 ], [ 111.989916116283922, -7.83114490783611 ], [ 111.989896681461531, -7.831227565174306 ], [ 111.989896443508997, -7.831228576887753 ], [ 111.989887737154461, -7.831265600348509 ], [ 111.989869184088761, -7.831344505841699 ], [ 111.98985042898201, -7.831424270114817 ], [ 111.989834012982172, -7.831494085572344 ], [ 111.989829828219555, -7.831512097208535 ], [ 111.989863320887508, -7.831523616105486 ], [ 111.989810858113287, -7.831706326880848 ] ] ], [ [ [ 111.988891036515625, -7.83136108033579 ], [ 111.988891049140307, -7.831361049555493 ], [ 111.988891461026483, -7.831359182746008 ], [ 111.988896062834897, -7.831324554813883 ], [ 111.988909486865225, -7.831223546197226 ], [ 111.989125962019855, -7.831285986881214 ], [ 111.989113157103432, -7.831419126707612 ], [ 111.988891366502415, -7.831360635485646 ], [ 111.988891322746582, -7.831361310294636 ], [ 111.988891036515625, -7.83136108033579 ] ] ], [ [ [ 111.99080523550542, -7.831080443479321 ], [ 111.990699986040454, -7.831420871044024 ], [ 111.99061600971514, -7.831395051478455 ], [ 111.990719175497972, -7.831057102443263 ], [ 111.99080523550542, -7.831080443479321 ] ] ], [ [ [ 111.988976555875567, -7.830607242707227 ], [ 111.98897953118697, -7.830583624624096 ], [ 111.988983942816475, -7.830584881386301 ], [ 111.989341098787435, -7.830686608852226 ], [ 111.989431678339187, -7.830710867530782 ], [ 111.989745110325856, -7.830794806658735 ], [ 111.989794378452743, -7.830807902045208 ], [ 111.989798760846185, -7.830809066614865 ], [ 111.989781279375038, -7.830871661778487 ], [ 111.989781154467266, -7.830872152273773 ], [ 111.989714623558513, -7.831159552398329 ], [ 111.989682802766367, -7.831307637371976 ], [ 111.98960514552445, -7.831287716841871 ], [ 111.989527586129, -7.831614380714928 ], [ 111.989430735367762, -7.831589583287487 ], [ 111.989411450368351, -7.831740386498652 ], [ 111.989305817030115, -7.831719576494732 ], [ 111.989398192988162, -7.831003379717826 ], [ 111.989271420926613, -7.830973046775508 ], [ 111.989294231420047, -7.830877274502508 ], [ 111.988956579639307, -7.830804585094459 ], [ 111.988960151638793, -7.83073747780262 ], [ 111.988976555875567, -7.830607242707227 ] ] ], [ [ [ 111.988887639822437, -7.830927998270841 ], [ 111.988921449130601, -7.830940363057694 ], [ 111.98892580260403, -7.83094195550078 ], [ 111.988925153147832, -7.830946535259364 ], [ 111.988897811652635, -7.831139297692122 ], [ 111.988869812236899, -7.831349977563227 ], [ 111.988867099712508, -7.831351197673052 ], [ 111.988840582384313, -7.83136312511048 ], [ 111.988802019386029, -7.831369844134512 ], [ 111.98879497529542, -7.831371071689135 ], [ 111.988654319005377, -7.831380880888895 ], [ 111.988498122903039, -7.831369852180846 ], [ 111.988423811961567, -7.831358629646819 ], [ 111.988380025369807, -7.831350914382645 ], [ 111.988300638078414, -7.831336928023538 ], [ 111.98816668336913, -7.831313326093597 ], [ 111.98802865434493, -7.83128689646264 ], [ 111.988012708164788, -7.831283338711704 ], [ 111.988000303662915, -7.83128057037019 ], [ 111.987998908952079, -7.831280259800396 ], [ 111.987998257468675, -7.831280134706486 ], [ 111.987943697741002, -7.831271856758524 ], [ 111.987903558201509, -7.831265767206249 ], [ 111.987893054710781, -7.831264173787064 ], [ 111.987894329533134, -7.831259792442953 ], [ 111.987897018620288, -7.831250548270041 ], [ 111.987910174356657, -7.831205320246442 ], [ 111.987910335295155, -7.831204723848423 ], [ 111.987950659188087, -7.831042708838724 ], [ 111.987992579117659, -7.830874079591825 ], [ 111.988016302193614, -7.830778647994023 ], [ 111.988017395589196, -7.830774251699575 ], [ 111.988033703354077, -7.830777311167743 ], [ 111.988044612398355, -7.830779357659622 ], [ 111.988057128354924, -7.83078170517943 ], [ 111.988114631529754, -7.830792491449003 ], [ 111.988129103729506, -7.830795206103936 ], [ 111.988138197301581, -7.830797737101342 ], [ 111.988145413168454, -7.83079974521492 ], [ 111.988232783156207, -7.830824060517523 ], [ 111.988238037824232, -7.830825522426648 ], [ 111.988304547963821, -7.830844033116919 ], [ 111.988311815561758, -7.830846055577123 ], [ 111.988357673670535, -7.830858817253663 ], [ 111.988362143316436, -7.830860061224227 ], [ 111.98837906172038, -7.830864769835792 ], [ 111.988396045708328, -7.830870368254253 ], [ 111.988400544941527, -7.83087185182955 ], [ 111.988484793223748, -7.830899622089552 ], [ 111.988545234703267, -7.830919546122693 ], [ 111.98869648663522, -7.830970863505278 ], [ 111.988698056621757, -7.830971274053788 ], [ 111.988699669604117, -7.830971456584582 ], [ 111.988701292923835, -7.830971407556495 ], [ 111.988758870203426, -7.830965529396583 ], [ 111.988760480275673, -7.830965247055834 ], [ 111.988762033577899, -7.830964736026875 ], [ 111.988763496581015, -7.830964008145925 ], [ 111.98876483938794, -7.830963077049644 ], [ 111.988795363658497, -7.830938488121608 ], [ 111.988828094869461, -7.830912121329161 ], [ 111.988833132458907, -7.830908063085773 ], [ 111.988882384066144, -7.830926076016846 ], [ 111.988887639822437, -7.830927998270841 ] ] ], [ [ [ 111.987247479307172, -7.83113829567815 ], [ 111.987054842159523, -7.831100321871041 ], [ 111.986895385280079, -7.831063702027257 ], [ 111.986877191140465, -7.831059522720862 ], [ 111.986880111849743, -7.831046179120867 ], [ 111.986883723098927, -7.831022966544396 ], [ 111.986890122043576, -7.830983458611078 ], [ 111.986897850303833, -7.830935744362217 ], [ 111.986900678120421, -7.830923394046671 ], [ 111.986914871041066, -7.830861397241543 ], [ 111.986914987581173, -7.830860818131864 ], [ 111.986915059031773, -7.830860348564086 ], [ 111.986919114772093, -7.830829467167185 ], [ 111.986921961440402, -7.830807786680266 ], [ 111.986923837837878, -7.830793496774684 ], [ 111.986926368214441, -7.830774227341075 ], [ 111.986936131609227, -7.830704913190267 ], [ 111.9869391250527, -7.830695885372539 ], [ 111.986948677250282, -7.830667083967577 ], [ 111.986949082487683, -7.830665471320081 ], [ 111.986949190392707, -7.83066469144655 ], [ 111.986953114136156, -7.830626667149515 ], [ 111.986953232062334, -7.830625520957359 ], [ 111.986953575925597, -7.83062442036238 ], [ 111.986970250470804, -7.830570999005131 ], [ 111.986971623209087, -7.830566599344921 ], [ 111.986976217158158, -7.830567096883189 ], [ 111.987013358848699, -7.83057112420919 ], [ 111.987088924897876, -7.830590841220297 ], [ 111.98716062156204, -7.830609251326252 ], [ 111.987349702347544, -7.830671107745588 ], [ 111.987351012787158, -7.830671451074746 ], [ 111.987386142638556, -7.830678457755796 ], [ 111.987399016445536, -7.830681025139557 ], [ 111.987464989717765, -7.830694182082096 ], [ 111.987482761527531, -7.830697727441847 ], [ 111.987566678187846, -7.830716038310211 ], [ 111.987588445880931, -7.830723381062708 ], [ 111.987636545930911, -7.83073960606962 ], [ 111.987641056194647, -7.830754245502264 ], [ 111.987647950909547, -7.830776623100373 ], [ 111.987651210001459, -7.830787202752857 ], [ 111.987658055316714, -7.830809399579858 ], [ 111.987658796046162, -7.830811220276183 ], [ 111.987659841141749, -7.83081288469722 ], [ 111.987661159652404, -7.830814344076058 ], [ 111.987662710661297, -7.830815554191368 ], [ 111.987664448734066, -7.830816478067857 ], [ 111.987666321201985, -7.830817087791466 ], [ 111.987668271792018, -7.830817365405359 ], [ 111.987731397984433, -7.830820812653789 ], [ 111.987756978611117, -7.830825126564722 ], [ 111.987809618775472, -7.830834003253702 ], [ 111.987812066521812, -7.830834729205125 ], [ 111.987909941896604, -7.830863758285865 ], [ 111.987958910229835, -7.830877035481772 ], [ 111.987957507243124, -7.830883604948113 ], [ 111.98795602034167, -7.83088958763445 ], [ 111.987955112924254, -7.830893237336382 ], [ 111.987951180489645, -7.8309090569327 ], [ 111.987929649566098, -7.830995668794726 ], [ 111.987927326219221, -7.831005014311552 ], [ 111.987921877226569, -7.831026933335382 ], [ 111.987919850366126, -7.831035087924547 ], [ 111.987905997279015, -7.831090746591673 ], [ 111.987905668447027, -7.831092066928972 ], [ 111.987903411560993, -7.831101135533762 ], [ 111.987880781576465, -7.831192055972648 ], [ 111.987879601019415, -7.83119679796436 ], [ 111.987877320385508, -7.831204641118863 ], [ 111.987862799859386, -7.831254560917021 ], [ 111.9878318429394, -7.831249143542497 ], [ 111.987825322881761, -7.831247984865038 ], [ 111.987804908907052, -7.83124435436552 ], [ 111.987672169543913, -7.83122075123277 ], [ 111.987638767174047, -7.831214812287838 ], [ 111.987526806956183, -7.831193155610955 ], [ 111.987472061315827, -7.831182566305389 ], [ 111.987391790908305, -7.831166743124323 ], [ 111.987379114054519, -7.831164244017878 ], [ 111.987335947786335, -7.831155734904754 ], [ 111.987317342184909, -7.831152067586308 ], [ 111.987247479307172, -7.83113829567815 ] ] ], [ [ [ 111.988823881418583, -7.830886448955268 ], [ 111.988793804335955, -7.830910677776491 ], [ 111.988760765346697, -7.83093729310268 ], [ 111.98875321122388, -7.830943378652468 ], [ 111.98870144607649, -7.830948662537097 ], [ 111.988552445181, -7.830898108645146 ], [ 111.988517385294344, -7.830886551703493 ], [ 111.98838592457686, -7.830843218312096 ], [ 111.988385413599758, -7.830843063043072 ], [ 111.988134726865752, -7.830773296619558 ], [ 111.988133775864299, -7.830773075453415 ], [ 111.988033219942636, -7.830754213098106 ], [ 111.988022859846041, -7.830752270233689 ], [ 111.988023952332426, -7.830747873036949 ], [ 111.988048088671562, -7.830650777219091 ], [ 111.988114318238942, -7.830371261863866 ], [ 111.988121133272685, -7.830342497607368 ], [ 111.98839113295854, -7.8304160291766 ], [ 111.988953058689546, -7.830576084056134 ], [ 111.988957471225874, -7.830577340816526 ], [ 111.988954425578797, -7.830601516194817 ], [ 111.988946162026181, -7.830667120471085 ], [ 111.988937603788486, -7.830735063395488 ], [ 111.988937531328347, -7.830735873032189 ], [ 111.988934311058983, -7.830796374431586 ], [ 111.988933537264671, -7.830810915897144 ], [ 111.988933086501603, -7.830819371585794 ], [ 111.988930774660048, -7.830862811455891 ], [ 111.98892805635991, -7.83091388025972 ], [ 111.98892780448773, -7.830918604699407 ], [ 111.988923350256513, -7.830916975410891 ], [ 111.988920913908444, -7.830916083928454 ], [ 111.988899785588956, -7.83090835717455 ], [ 111.988834882907426, -7.830884620621775 ], [ 111.98883300887168, -7.830884115821434 ], [ 111.988831075749872, -7.830883938564049 ], [ 111.988829140687855, -7.830884092333362 ], [ 111.988827260812258, -7.83088457247327 ], [ 111.988825489602888, -7.830885366196275 ], [ 111.988823881418583, -7.830886448955268 ] ] ], [ [ [ 111.98981677624451, -7.830460885878904 ], [ 111.989818970595508, -7.830461460468786 ], [ 111.989823354803406, -7.830462626843239 ], [ 111.989817566171482, -7.83048162445693 ], [ 111.989775858608013, -7.830614634958038 ], [ 111.989752013639006, -7.830698593268388 ], [ 111.989751755093451, -7.830699718084138 ], [ 111.989747419957268, -7.830724337852099 ], [ 111.989740976297085, -7.830760922776892 ], [ 111.989736580270247, -7.830759745576497 ], [ 111.989439782239955, -7.830680260624786 ], [ 111.989418949218305, -7.830674682134055 ], [ 111.989485110873531, -7.830460182832309 ], [ 111.989665823669554, -7.830515614642422 ], [ 111.989693267853951, -7.830428001218241 ], [ 111.989749611649202, -7.830443285013433 ], [ 111.98981677624451, -7.830460885878904 ] ] ], [ [ [ 111.987653846530407, -7.830722913135897 ], [ 111.987652525071894, -7.830721742277836 ], [ 111.987651038158575, -7.830720790680004 ], [ 111.987649420307449, -7.830720080872288 ], [ 111.987573347747926, -7.830694419415057 ], [ 111.98757213890481, -7.830694083988551 ], [ 111.987501289905566, -7.830678624943588 ], [ 111.987496790951667, -7.830677643317407 ], [ 111.98749697513702, -7.830673053795572 ], [ 111.987500437226061, -7.830586517725584 ], [ 111.987518565331968, -7.830523382963809 ], [ 111.987546125151979, -7.830440000288893 ], [ 111.987554192097434, -7.830415593373879 ], [ 111.987567972905353, -7.83037390022505 ], [ 111.987599890368173, -7.830277332474779 ], [ 111.987608550758594, -7.830251130679796 ], [ 111.987609971789311, -7.830246829488447 ], [ 111.987614354228853, -7.830248017597434 ], [ 111.988080939321051, -7.830374477555593 ], [ 111.988079895825464, -7.830378880968614 ], [ 111.988017236752228, -7.830643329156187 ], [ 111.98798909879109, -7.830756521487967 ], [ 111.987965673984192, -7.830850751299866 ], [ 111.987964582389054, -7.830855142163453 ], [ 111.987954016054474, -7.830852277259829 ], [ 111.987916147687628, -7.830842011140074 ], [ 111.987815421599606, -7.83081213405003 ], [ 111.987814105805057, -7.830811827816685 ], [ 111.987734546741891, -7.830798412435063 ], [ 111.987733276682263, -7.830798270701044 ], [ 111.987677404281953, -7.8307952197869 ], [ 111.987672883081942, -7.830780558674123 ], [ 111.9876565145277, -7.830727431762161 ], [ 111.987655864920825, -7.830725792643283 ], [ 111.987654968909069, -7.830724274391063 ], [ 111.987653846530407, -7.830722913135897 ] ] ], [ [ [ 111.989928590170649, -7.830186282978751 ], [ 111.989950018814042, -7.830108399074772 ], [ 111.989950264704433, -7.830107292377344 ], [ 111.98995374286649, -7.830086173867602 ], [ 111.989958172050294, -7.830087184573236 ], [ 111.989960387094598, -7.830087689472758 ], [ 111.989964293129987, -7.830088767430007 ], [ 111.990090315368434, -7.830123525528469 ], [ 111.990109744805252, -7.830128884793775 ], [ 111.990116390690773, -7.830130717848016 ], [ 111.99011919135225, -7.830131492701186 ], [ 111.989931665392248, -7.830811631606826 ], [ 111.98981806165304, -7.83078143703901 ], [ 111.989767361468182, -7.830767960632981 ], [ 111.989762963646569, -7.830766791576981 ], [ 111.98976940908878, -7.830730193985858 ], [ 111.989773986757683, -7.830704198007598 ], [ 111.98979758704111, -7.830621090436871 ], [ 111.989839233410478, -7.83048828538409 ], [ 111.989845304636773, -7.830468361873041 ], [ 111.989870498508324, -7.830385683782742 ], [ 111.989884515596898, -7.83033968312712 ], [ 111.989928590170649, -7.830186282978751 ] ] ], [ [ [ 111.989906759190561, -7.830180175951038 ], [ 111.989770746019786, -7.830135035759326 ], [ 111.989796133395387, -7.830039044885227 ], [ 111.989932987070816, -7.830073341674327 ], [ 111.989932640420847, -7.830074795005696 ], [ 111.989927996301589, -7.830102988005433 ], [ 111.989906759190561, -7.830180175951038 ] ] ], [ [ [ 111.989949152653637, -7.830021174984389 ], [ 111.989813476294358, -7.829973465423063 ], [ 111.989838706344983, -7.829878070033558 ], [ 111.989976409107712, -7.829933214689871 ], [ 111.989949152653637, -7.830021174984389 ] ] ], [ [ [ 111.988154009062995, -7.829297826511371 ], [ 111.988161597678328, -7.829269819261467 ], [ 111.988139840502242, -7.829263445152515 ], [ 111.98808995249945, -7.829447555244926 ], [ 111.988089801614649, -7.829448184178953 ], [ 111.988073227917951, -7.829527013543419 ], [ 111.988037620333074, -7.829672892377299 ], [ 111.988037323733664, -7.829674805042291 ], [ 111.988037360036444, -7.829676740442571 ], [ 111.98803772547943, -7.829678641607689 ], [ 111.988038411768031, -7.8296804524823 ], [ 111.988039397009985, -7.829682119756164 ], [ 111.988040653882095, -7.829683594653937 ], [ 111.988042144192718, -7.829684834756772 ], [ 111.988043824321409, -7.829685803085153 ], [ 111.988045646134267, -7.829686471714451 ], [ 111.988238875058329, -7.829739144396196 ], [ 111.988237779837689, -7.829743534364059 ], [ 111.988094209037797, -7.830319132282774 ], [ 111.98809107163315, -7.830331715766425 ], [ 111.988087199387223, -7.830348057079605 ], [ 111.98808615589175, -7.830352460492629 ], [ 111.987605614902193, -7.830222217422467 ], [ 111.987605220127364, -7.830222109815137 ], [ 111.987427021758862, -7.830171333533841 ], [ 111.987406779785431, -7.830165233504427 ], [ 111.987446086609751, -7.829992977302174 ], [ 111.987487845935121, -7.829814620385054 ], [ 111.987495336433639, -7.829782283852427 ], [ 111.987512503786448, -7.829786432983278 ], [ 111.98761582668655, -7.829814595625252 ], [ 111.987586617166059, -7.829940338547158 ], [ 111.987700729417654, -7.829966698684879 ], [ 111.987722274928345, -7.829873948413756 ], [ 111.987840090202695, -7.829903765626725 ], [ 111.987846738938359, -7.829875625820622 ], [ 111.987927488672753, -7.829519840051533 ], [ 111.987956069779941, -7.829428839650456 ], [ 111.987970309594573, -7.829361802319009 ], [ 111.987994074256051, -7.82926363472016 ], [ 111.988006379338742, -7.82921537160705 ], [ 111.98834865647143, -7.829299014647467 ], [ 111.98824544457436, -7.829712807306495 ], [ 111.98824434935382, -7.829717197274363 ], [ 111.988062257611489, -7.82966755909908 ], [ 111.988075222401562, -7.829614444872198 ], [ 111.988087820686658, -7.829562829243962 ], [ 111.988095300611334, -7.829532184924274 ], [ 111.988095381402701, -7.829531831101922 ], [ 111.988100734954998, -7.829506366022074 ], [ 111.988111926401302, -7.829453141086918 ], [ 111.988119984358207, -7.829423398940721 ], [ 111.988133944180106, -7.82937187780058 ], [ 111.988154009062995, -7.829297826511371 ] ] ], [ [ [ 111.990171064391845, -7.829290394906685 ], [ 111.990122255495791, -7.829446005757884 ], [ 111.990080556271877, -7.829588626744419 ], [ 111.990036562885422, -7.829742954654875 ], [ 111.990031512518172, -7.829758877277012 ], [ 111.990027391177378, -7.829756877304958 ], [ 111.990025330055659, -7.829755878224411 ], [ 111.989887196864046, -7.829694718306558 ], [ 111.989935638720709, -7.82952649783765 ], [ 111.989979426174898, -7.829374440541896 ], [ 111.990030825181663, -7.829218374118273 ], [ 111.989988759924316, -7.82920670530173 ], [ 111.989922252765552, -7.829185903015624 ], [ 111.990020815136759, -7.828872530195226 ], [ 111.99008912418536, -7.828890961343259 ], [ 111.990105238115234, -7.828895309104712 ], [ 111.990129579827197, -7.828747520246626 ], [ 111.989982152022094, -7.828723372499524 ], [ 111.990036586541933, -7.828392874737079 ], [ 111.989917384820359, -7.828399141861174 ], [ 111.989919487068775, -7.828272308433532 ], [ 111.990166418576294, -7.828276754745922 ], [ 111.990264032979837, -7.828287278368758 ], [ 111.990317433648968, -7.82829303632043 ], [ 111.990334951137143, -7.828294925247788 ], [ 111.990309252261113, -7.828453659111783 ], [ 111.990309181811071, -7.828454166663495 ], [ 111.990290337765174, -7.828617201285574 ], [ 111.990278140058265, -7.828722732804908 ], [ 111.990278100236921, -7.828723152554796 ], [ 111.990261392421047, -7.828937442644294 ], [ 111.990261280201779, -7.828938697354776 ], [ 111.990261005929042, -7.828940074544032 ], [ 111.990248837615681, -7.828991219793941 ], [ 111.99023557279412, -7.829046969367523 ], [ 111.99023181632792, -7.829062756905539 ], [ 111.990212602042348, -7.829143510804299 ], [ 111.990171064391845, -7.829290394906685 ] ] ], [ [ [ 111.990283597670853, -7.828943066720361 ], [ 111.990283735750424, -7.828942393498838 ], [ 111.990283869284028, -7.828941331382302 ], [ 111.990300688621275, -7.828725111878362 ], [ 111.990331677040871, -7.82845701074025 ], [ 111.990345298368155, -7.828372878353171 ], [ 111.990345910689015, -7.828369094581478 ], [ 111.990350209476219, -7.828342542126456 ], [ 111.990620512774726, -7.828360390329413 ], [ 111.990611406757623, -7.828456255255764 ], [ 111.99050042498186, -7.828456515901276 ], [ 111.990491017782574, -7.82856042464751 ], [ 111.990452589085109, -7.828984908661467 ], [ 111.990452224927026, -7.828988932429307 ], [ 111.990450846067603, -7.829004164489962 ], [ 111.990431596665275, -7.829061579613475 ], [ 111.99039565825646, -7.829168774964367 ], [ 111.990393685040317, -7.829174659309333 ], [ 111.990381141311303, -7.829222751176792 ], [ 111.990377847998516, -7.82922189698713 ], [ 111.990363110587353, -7.829265855325964 ], [ 111.990358705403878, -7.829264634739052 ], [ 111.990347846867465, -7.829303934284935 ], [ 111.990203046313098, -7.829260596567775 ], [ 111.990213297178741, -7.829224356334879 ], [ 111.990234488731545, -7.829149419621153 ], [ 111.990234608273738, -7.82914896169796 ], [ 111.990257429046011, -7.829053049192889 ], [ 111.990283515046215, -7.828943411502868 ], [ 111.990283597670853, -7.828943066720361 ] ] ], [ [ [ 111.988293149639432, -7.828685083088545 ], [ 111.988343992604399, -7.828450591153576 ], [ 111.988550636299038, -7.828481268186572 ], [ 111.988444684079312, -7.828907825206334 ], [ 111.988266219954028, -7.828866056181282 ], [ 111.988293149639432, -7.828685083088545 ] ] ], [ [ [ 111.988706638658115, -7.828942668552429 ], [ 111.988600641935179, -7.828916671306803 ], [ 111.988492581643854, -7.828890168769601 ], [ 111.988481565899008, -7.828887466820041 ], [ 111.988519055241809, -7.828734680028189 ], [ 111.988562702056427, -7.828565073546424 ], [ 111.988574315821438, -7.828520209998211 ], [ 111.98870488981396, -7.828548197285244 ], [ 111.9887882527877, -7.828117513810588 ], [ 111.988796806850118, -7.828117042445924 ], [ 111.988860824947963, -7.828113136258073 ], [ 111.988821842573202, -7.828570462466493 ], [ 111.988821589390085, -7.828575016876392 ], [ 111.988820953203032, -7.828574838385883 ], [ 111.988715799332482, -7.828553547656621 ], [ 111.988713986201347, -7.828563100902863 ], [ 111.988709067295275, -7.828589026227138 ], [ 111.988699691715823, -7.828638438347113 ], [ 111.988692886218274, -7.828674303282356 ], [ 111.988685904240626, -7.82871109657879 ], [ 111.988683091382953, -7.828725919582083 ], [ 111.988747775086182, -7.828741555716223 ], [ 111.988753679925438, -7.82874298353824 ], [ 111.988706638658115, -7.828942668552429 ] ] ], [ [ [ 111.989786606068805, -7.827750887824875 ], [ 111.989709493806885, -7.827742558057222 ], [ 111.989680609480061, -7.827739437705367 ], [ 111.989676190861118, -7.827776722430526 ], [ 111.989540289646911, -7.827763697277069 ], [ 111.989554492486178, -7.827681105588716 ], [ 111.989453683055416, -7.827670573901052 ], [ 111.989444388696455, -7.827738614424067 ], [ 111.989295456302088, -7.827733162720362 ], [ 111.98929018829304, -7.82779678740639 ], [ 111.98928891886581, -7.827814215173413 ], [ 111.989169646315474, -7.827805007399011 ], [ 111.989171154031752, -7.827791323422159 ], [ 111.989174367992746, -7.827748917009044 ], [ 111.989177444756393, -7.827708327921901 ], [ 111.989096858986457, -7.827704257016679 ], [ 111.989086620229841, -7.82770374017459 ], [ 111.989081959872934, -7.827762379111215 ], [ 111.988917550291745, -7.827747210168407 ], [ 111.988922264263749, -7.827711304009657 ], [ 111.988835677132641, -7.827702174163515 ], [ 111.988834187643675, -7.827715130934234 ], [ 111.988830023728383, -7.82774584526665 ], [ 111.988414112000314, -7.827722425709624 ], [ 111.988407359785782, -7.828075360089445 ], [ 111.988310755289177, -7.828081189413965 ], [ 111.988309139420409, -7.827861133944082 ], [ 111.988282220953224, -7.827860932920038 ], [ 111.988140980617359, -7.827859875515568 ], [ 111.98808234225082, -7.827859436756724 ], [ 111.98806123390959, -7.827860888977326 ], [ 111.988060696024021, -7.827825820868254 ], [ 111.987982711460589, -7.827827200099557 ], [ 111.987981882241741, -7.827874061593594 ], [ 111.987797957367604, -7.827869809203422 ], [ 111.987800391955702, -7.827849164351489 ], [ 111.987693661551063, -7.827839225849775 ], [ 111.987686498342271, -7.827886521835422 ], [ 111.987559301846574, -7.827879641174518 ], [ 111.987568579732553, -7.827743219258419 ], [ 111.987509235323373, -7.827741048273501 ], [ 111.987515441480326, -7.827596175293305 ], [ 111.987479447946058, -7.827596259555596 ], [ 111.987496036866773, -7.827507680383765 ], [ 111.987319031293097, -7.827476502884979 ], [ 111.987331741979915, -7.827397860750291 ], [ 111.987331803545175, -7.827397430096244 ], [ 111.987345494989938, -7.827285415717689 ], [ 111.987346043991295, -7.827280920306704 ], [ 111.987350517040866, -7.827281701215711 ], [ 111.987611202441059, -7.82732723060469 ], [ 111.987611956357014, -7.827327336467082 ], [ 111.987857394484706, -7.82735329058328 ], [ 111.987857834469338, -7.827353341105584 ], [ 111.988010336242397, -7.827369471750355 ], [ 111.988168250159674, -7.827387710554337 ], [ 111.98845174788967, -7.82742245668273 ], [ 111.988452262287737, -7.827422526023089 ], [ 111.988452703153811, -7.827422565689481 ], [ 111.988523815681091, -7.827428085215064 ], [ 111.988713645944088, -7.827461423579744 ], [ 111.988714163082221, -7.827461501053244 ], [ 111.989089432259959, -7.827509326781966 ], [ 111.989342151037818, -7.827549359417121 ], [ 111.989411826975001, -7.827558718759269 ], [ 111.989640027231502, -7.827589374586929 ], [ 111.989702246845013, -7.827596650377172 ], [ 111.989731491925468, -7.827600071058178 ], [ 111.989800374850319, -7.827608126194822 ], [ 111.989837027136844, -7.82761241311728 ], [ 111.989920926778623, -7.827622224675095 ], [ 111.990097241388398, -7.82764379670029 ], [ 111.990103027520192, -7.827644504855626 ], [ 111.990109308361454, -7.827651926352381 ], [ 111.990097299822253, -7.827731187299254 ], [ 111.990089359911281, -7.827783592442823 ], [ 111.989847957142302, -7.827757515341702 ], [ 111.989808494292433, -7.827753252201188 ], [ 111.989786606068805, -7.827750887824875 ] ] ], [ [ [ 111.988796458201463, -7.826949498054627 ], [ 111.988797626846733, -7.826950868243628 ], [ 111.988798999076664, -7.826952036267053 ], [ 111.988800539450509, -7.826952972361686 ], [ 111.988802209821586, -7.82695365310169 ], [ 111.988803966616658, -7.826954061404995 ], [ 111.988824999590918, -7.826957210176867 ], [ 111.988825932253107, -7.826957349986571 ], [ 111.988872512725038, -7.826964325217368 ], [ 111.988873445385124, -7.826964464122553 ], [ 111.988884146499558, -7.826966066111398 ], [ 111.988916942082795, -7.826970976272174 ], [ 111.98893137407282, -7.826974003038957 ], [ 111.98902332141077, -7.826993285231136 ], [ 111.989101826721935, -7.827009748149187 ], [ 111.989112350179681, -7.827018317390023 ], [ 111.989125609683612, -7.827029115067266 ], [ 111.98912910538651, -7.827031961258852 ], [ 111.9891349200511, -7.827036696798504 ], [ 111.989139057283836, -7.827040065152 ], [ 111.989150474620843, -7.827104639260622 ], [ 111.989151063819222, -7.827107968902904 ], [ 111.989155976919704, -7.827135754202151 ], [ 111.989160421230181, -7.827160887900776 ], [ 111.989161675926525, -7.827167981133789 ], [ 111.989162107946569, -7.827169654224781 ], [ 111.989162790988914, -7.827171242614955 ], [ 111.989163708639254, -7.82717270835668 ], [ 111.989164839956999, -7.827174017130599 ], [ 111.989191777413112, -7.827200755004236 ], [ 111.989192968834502, -7.827201783263127 ], [ 111.989194290442768, -7.82720263666133 ], [ 111.989195718619257, -7.827203298974419 ], [ 111.989217052722879, -7.827211453050842 ], [ 111.989217464844046, -7.827211610360052 ], [ 111.989275357046452, -7.827233737196534 ], [ 111.989275769167662, -7.827233894505677 ], [ 111.989297610710693, -7.827242242744962 ], [ 111.989294976642952, -7.827301718955186 ], [ 111.989294325689571, -7.827316430166569 ], [ 111.989294407358187, -7.827318371790905 ], [ 111.989294821773498, -7.82732027103098 ], [ 111.989295556106185, -7.827322071842119 ], [ 111.989296588461855, -7.827323720009708 ], [ 111.989297888798646, -7.827325167669329 ], [ 111.989299418925071, -7.827326372402203 ], [ 111.989301132500074, -7.827327297235271 ], [ 111.989302980487352, -7.827327916055077 ], [ 111.98932362965833, -7.827332908027671 ], [ 111.989346669976655, -7.82733847774985 ], [ 111.989360362586098, -7.827341787512481 ], [ 111.98939041935941, -7.827349053770283 ], [ 111.989393299625561, -7.827349749758526 ], [ 111.989394805525706, -7.827350680504868 ], [ 111.989396444139402, -7.827351354081268 ], [ 111.989398170079369, -7.827351753409829 ], [ 111.989399938878108, -7.827351866837332 ], [ 111.989410602252676, -7.82735169078631 ], [ 111.989444771668317, -7.827351127673637 ], [ 111.989449602746049, -7.827351048509494 ], [ 111.989448009099036, -7.827355597018981 ], [ 111.989429486234201, -7.82740847196404 ], [ 111.989424070180263, -7.827423932368491 ], [ 111.989423711257274, -7.827425181326688 ], [ 111.989422684467115, -7.827429738455275 ], [ 111.989405901207562, -7.827504189974571 ], [ 111.9894057927484, -7.827504732888278 ], [ 111.989405667150962, -7.827505700020795 ], [ 111.989403897970178, -7.82752618955821 ], [ 111.989403850288411, -7.827526737755917 ], [ 111.989403549261965, -7.827530231378878 ], [ 111.989403159939755, -7.827534741790648 ], [ 111.989398661001189, -7.827534137329203 ], [ 111.989345443068984, -7.827526987802356 ], [ 111.989092818657966, -7.827486968512742 ], [ 111.989092477535479, -7.827486920473262 ], [ 111.988717302729114, -7.827439107185641 ], [ 111.988527196651063, -7.827405719723927 ], [ 111.988526120702886, -7.82740558477161 ], [ 111.988471208183938, -7.827401326954264 ], [ 111.988466675380124, -7.827400975802961 ], [ 111.98846735409073, -7.827396492750116 ], [ 111.988467847052988, -7.827393238351687 ], [ 111.988467968507933, -7.827392436739991 ], [ 111.98847108257182, -7.827371881643594 ], [ 111.988476588220138, -7.827335539502354 ], [ 111.988478400208152, -7.827323575042531 ], [ 111.988481722347871, -7.827301644721325 ], [ 111.988483902024313, -7.827290225677038 ], [ 111.988497946728913, -7.827216644324868 ], [ 111.98849838470862, -7.827214304436428 ], [ 111.98849883166173, -7.827211923827483 ], [ 111.988499991120008, -7.827205931054862 ], [ 111.988509624500793, -7.827155456529383 ], [ 111.988512038883883, -7.827142802384893 ], [ 111.988512178851565, -7.827141774621715 ], [ 111.988523296697508, -7.827016548898992 ], [ 111.988537536726824, -7.826969286071189 ], [ 111.988547874786946, -7.826934974814185 ], [ 111.988556803595543, -7.826905338252634 ], [ 111.98855811565349, -7.826900984858293 ], [ 111.988562593406868, -7.826901839002652 ], [ 111.988569595399611, -7.826903175625226 ], [ 111.988653455083266, -7.826919182911849 ], [ 111.988670544047565, -7.826922444944594 ], [ 111.988672144302129, -7.826922621176233 ], [ 111.988673753993737, -7.826922568564362 ], [ 111.988675340477002, -7.826922288994372 ], [ 111.988676870210327, -7.826921788875875 ], [ 111.988678314191034, -7.826921076416736 ], [ 111.988702315571985, -7.826906907403163 ], [ 111.988711129629223, -7.826901702539439 ], [ 111.98874416235509, -7.826911031215088 ], [ 111.988782334494474, -7.826921811213283 ], [ 111.988785626647839, -7.826928338924732 ], [ 111.988794424253811, -7.826945783796381 ], [ 111.98879552224372, -7.826947960000204 ], [ 111.988796458201463, -7.826949498054627 ] ] ], [ [ [ 111.98734879172298, -7.827258445054253 ], [ 111.987349340726439, -7.827253950547699 ], [ 111.987358192515643, -7.827181531801894 ], [ 111.987513728958561, -7.827195783357876 ], [ 111.987522840888971, -7.827090949137135 ], [ 111.987370899842091, -7.827077574603991 ], [ 111.987388272428845, -7.82693545570699 ], [ 111.987388837454404, -7.826930832733491 ], [ 111.987393473325042, -7.826930277414291 ], [ 111.987405958351658, -7.826928782106318 ], [ 111.987408715575, -7.826928451865768 ], [ 111.98742523987562, -7.826926473179998 ], [ 111.987426873431488, -7.826926155518247 ], [ 111.987428442946381, -7.826925601949443 ], [ 111.987429913986645, -7.826924825216266 ], [ 111.987431254847891, -7.826923841672708 ], [ 111.987432437466282, -7.82692267309086 ], [ 111.987468652774126, -7.826881203290603 ], [ 111.987491634372816, -7.826884190198098 ], [ 111.987492590578867, -7.826884314580384 ], [ 111.987623980886355, -7.826901394715979 ], [ 111.987625372512184, -7.826901942257465 ], [ 111.987627088215646, -7.826902617469669 ], [ 111.987725516929572, -7.826941344552 ], [ 111.987726710660965, -7.826941814775227 ], [ 111.987727773470453, -7.826942533119571 ], [ 111.987780328999676, -7.826978076361884 ], [ 111.98778204354781, -7.826979031045738 ], [ 111.987783897035442, -7.826979676088327 ], [ 111.987785835001816, -7.82697999262406 ], [ 111.98785010394927, -7.826984848164841 ], [ 111.987860443984118, -7.826985629800887 ], [ 111.987877980044431, -7.826986955333529 ], [ 111.987921759719342, -7.82699039185412 ], [ 111.987925102737805, -7.827025071726447 ], [ 111.987914821008459, -7.82707023241541 ], [ 111.987914114554641, -7.827073335369028 ], [ 111.987913761775843, -7.827074884583698 ], [ 111.987905593126158, -7.827110765368303 ], [ 111.987900486369682, -7.827130499383666 ], [ 111.987900310214371, -7.827131180833907 ], [ 111.987885299114595, -7.827189187400364 ], [ 111.987885103915744, -7.827189869799632 ], [ 111.98787564013773, -7.827226514244829 ], [ 111.987870589104247, -7.827246033779037 ], [ 111.987859554121158, -7.827288677386928 ], [ 111.987852843074322, -7.827314611426396 ], [ 111.987852690484246, -7.827315286490414 ], [ 111.987851711970308, -7.827320324662325 ], [ 111.987851525589704, -7.827321285606142 ], [ 111.987850744207478, -7.827325306734234 ], [ 111.987849878595668, -7.827329762187185 ], [ 111.987845352747485, -7.827329283487758 ], [ 111.987614729540809, -7.82730489190577 ], [ 111.987353263865401, -7.827259225965384 ], [ 111.98734879172298, -7.827258445054253 ] ] ], [ [ [ 111.988477717619787, -7.827201703473773 ], [ 111.988477471249681, -7.827202992867216 ], [ 111.98847009906433, -7.827241620360682 ], [ 111.988466929440591, -7.827258225931058 ], [ 111.988461932226002, -7.827284408296294 ], [ 111.988459392413148, -7.827297717543673 ], [ 111.988459336069042, -7.827298054124518 ], [ 111.988450833345198, -7.827354179607148 ], [ 111.988445428622498, -7.827389861276167 ], [ 111.988445303586673, -7.827390682793749 ], [ 111.988444760618009, -7.827394269236041 ], [ 111.988444082790636, -7.827398742338072 ], [ 111.988439580349521, -7.827398190331321 ], [ 111.988263619557927, -7.827376621282859 ], [ 111.9882553168501, -7.827375603350267 ], [ 111.988219664740399, -7.827371232543735 ], [ 111.988170938046466, -7.827365259861821 ], [ 111.988091604608073, -7.827356096579861 ], [ 111.988042328064907, -7.827350404640255 ], [ 111.988012836349114, -7.827346998886815 ], [ 111.987877034591691, -7.827332634380487 ], [ 111.987872508743493, -7.827332155681363 ], [ 111.987873374355075, -7.827327700228397 ], [ 111.987873971134235, -7.827324624664618 ], [ 111.987874155730708, -7.827323676387026 ], [ 111.987874884240398, -7.827319925808081 ], [ 111.987877342351666, -7.82731042712759 ], [ 111.987888282062855, -7.827268150942133 ], [ 111.987893814829206, -7.827246768957473 ], [ 111.987904041820116, -7.827207246629221 ], [ 111.987907253091649, -7.8271948375298 ], [ 111.987907420186147, -7.827194159718514 ], [ 111.987912171057545, -7.827175811222777 ], [ 111.987922440343667, -7.827136149512699 ], [ 111.987927588441067, -7.827116255315841 ], [ 111.987927666586117, -7.827115933154822 ], [ 111.987936224815655, -7.827078341175715 ], [ 111.987936931269317, -7.827075238222079 ], [ 111.987947616941909, -7.827028303899082 ], [ 111.987947875754713, -7.827026520656428 ], [ 111.987947846117876, -7.827024719096221 ], [ 111.987944246513592, -7.826987377175831 ], [ 111.987943418195712, -7.826978784293278 ], [ 111.987943115748649, -7.826977058439868 ], [ 111.987942548634592, -7.826975400134319 ], [ 111.987941731456004, -7.826973848232958 ], [ 111.987940683350146, -7.826972441581635 ], [ 111.987939429789932, -7.826971213584672 ], [ 111.987938001679254, -7.826970193111538 ], [ 111.987936431725245, -7.826969404505308 ], [ 111.987934723583308, -7.826968859515054 ], [ 111.987953131030778, -7.826971649089057 ], [ 111.987957226227849, -7.826931753119117 ], [ 111.987970362209708, -7.82680345844647 ], [ 111.987896794595656, -7.826795967473203 ], [ 111.987880726195755, -7.826794737991117 ], [ 111.987862183914203, -7.82696308455378 ], [ 111.987790557483279, -7.826957673736602 ], [ 111.987747992376057, -7.826928887634622 ], [ 111.987743537655021, -7.826925874546915 ], [ 111.98774368282983, -7.82692050911286 ], [ 111.987744619257938, -7.826886038994157 ], [ 111.987761097517833, -7.82685680351846 ], [ 111.987829732839415, -7.8267894118114 ], [ 111.987870230920876, -7.826777712205208 ], [ 111.987972295433934, -7.82674822926822 ], [ 111.987973995336873, -7.826747586757796 ], [ 111.987975570370168, -7.826746681349963 ], [ 111.988051011721097, -7.82669487242149 ], [ 111.988158523378857, -7.82667929951947 ], [ 111.988217178527123, -7.826678077710556 ], [ 111.988235567607447, -7.826677695471957 ], [ 111.988236353820298, -7.826677652026328 ], [ 111.988255038207171, -7.826675963999079 ], [ 111.988285295379683, -7.826673230469354 ], [ 111.988286267309235, -7.826673099763047 ], [ 111.988288197855539, -7.826672577000688 ], [ 111.988291108399395, -7.826671498429826 ], [ 111.988296374923465, -7.826669546084552 ], [ 111.988309638197478, -7.826664631982156 ], [ 111.98833250451294, -7.826670275432714 ], [ 111.988334036314797, -7.8266706535146 ], [ 111.98833461981566, -7.826670797761214 ], [ 111.988337094474744, -7.826671408786628 ], [ 111.988351834438262, -7.826675047154302 ], [ 111.988413725509133, -7.826696526226432 ], [ 111.988417195571117, -7.826697730940129 ], [ 111.988425309322523, -7.826700546421064 ], [ 111.988425693253461, -7.826700672142047 ], [ 111.988468917505642, -7.826713970936901 ], [ 111.988470316793212, -7.826714305915966 ], [ 111.988472119271734, -7.826714472630317 ], [ 111.988538869125463, -7.826715296628601 ], [ 111.988543437506479, -7.826715353756144 ], [ 111.988543937017852, -7.826719882887499 ], [ 111.988550853139046, -7.82678254203666 ], [ 111.988555825927151, -7.826827594631808 ], [ 111.988539324690549, -7.826884773528463 ], [ 111.988533479838836, -7.826904173732856 ], [ 111.988526160047797, -7.826928468563758 ], [ 111.988515821985899, -7.826962779820478 ], [ 111.988515271247365, -7.826964608064425 ], [ 111.988501248992918, -7.827011148644459 ], [ 111.988500937385524, -7.827012464419315 ], [ 111.988500813535936, -7.827013404414783 ], [ 111.988489643559248, -7.827139218140927 ], [ 111.988487350106993, -7.82715123347274 ], [ 111.988477717619787, -7.827201703473773 ] ] ], [ [ [ 111.990129950523453, -7.827641259868692 ], [ 111.990117486156109, -7.82762653241459 ], [ 111.990116299752515, -7.827625325973886 ], [ 111.990114946921281, -7.827624309854545 ], [ 111.990113456737646, -7.827623506599084 ], [ 111.990111863705735, -7.827622933310754 ], [ 111.990110203225839, -7.827622602568486 ], [ 111.990098282597572, -7.827621143662813 ], [ 111.9899236281763, -7.827599774855678 ], [ 111.989642861095263, -7.827566940736463 ], [ 111.989430156292073, -7.827538368551785 ], [ 111.989425656446528, -7.827537764092784 ], [ 111.989426045766393, -7.827533252776614 ], [ 111.989426394472233, -7.827529210051527 ], [ 111.989426440376349, -7.827528677233331 ], [ 111.989428191016003, -7.827508402089867 ], [ 111.989445689612694, -7.827430775239927 ], [ 111.989474243697543, -7.827349263245694 ], [ 111.989476359856823, -7.827343225719692 ], [ 111.989478608443605, -7.827336809830416 ], [ 111.989483653333863, -7.827322408481809 ], [ 111.98949791326217, -7.827281704529215 ], [ 111.989498200329862, -7.827280752393259 ], [ 111.989504282912023, -7.827256804138365 ], [ 111.989517871465424, -7.827203311281376 ], [ 111.989519054010074, -7.827198653395382 ], [ 111.989524287429234, -7.827178052626652 ], [ 111.989539065150666, -7.827129632652975 ], [ 111.989544470448408, -7.827111922046 ], [ 111.98955936336607, -7.827063125558074 ], [ 111.989559614373803, -7.827062265758741 ], [ 111.989567480964922, -7.82705872363795 ], [ 111.989578918881293, -7.827053559632528 ], [ 111.989580630732533, -7.827052600536521 ], [ 111.989582150557297, -7.827051360612598 ], [ 111.989583434005496, -7.827049877950939 ], [ 111.989584441276619, -7.827048196962076 ], [ 111.989585142561296, -7.827046368364108 ], [ 111.989585689479554, -7.827044460538286 ], [ 111.989585843304326, -7.827043925658065 ], [ 111.989602974091525, -7.826984173960278 ], [ 111.989607384322127, -7.826969474732799 ], [ 111.989632444582469, -7.826885935957555 ], [ 111.989644299367754, -7.826846419737683 ], [ 111.989659515586567, -7.826817805796336 ], [ 111.989703739240028, -7.826819921524359 ], [ 111.989777909729611, -7.826823468344053 ], [ 111.989843118662066, -7.826826586675128 ], [ 111.989845014002285, -7.826826518917704 ], [ 111.989846871415651, -7.826826136506909 ], [ 111.989848638327786, -7.826825451323717 ], [ 111.989850266716104, -7.826824482473899 ], [ 111.989851710386745, -7.826823255389918 ], [ 111.989852928613089, -7.826821806344659 ], [ 111.989853887023457, -7.826820174309296 ], [ 111.989854560334706, -7.826818406373667 ], [ 111.989863408271432, -7.82678759241518 ], [ 111.989900971504952, -7.826656771337839 ], [ 111.98990118619183, -7.82665589353502 ], [ 111.98992355326213, -7.826545269713026 ], [ 111.989924826248938, -7.826538970070191 ], [ 111.989933587743124, -7.82650727087507 ], [ 111.989937710853951, -7.826492354351457 ], [ 111.989938060169933, -7.82649049401952 ], [ 111.989938093796724, -7.826488601868801 ], [ 111.989937810046371, -7.826486731264747 ], [ 111.989937218109858, -7.826484933738439 ], [ 111.989936332617589, -7.826483259903676 ], [ 111.989935947796681, -7.826482757038027 ], [ 111.989935180888494, -7.826481756726884 ], [ 111.9899337929495, -7.826480465741409 ], [ 111.989932208793107, -7.826479423935225 ], [ 111.98993047292943, -7.826478661050028 ], [ 111.989928633472786, -7.826478196870469 ], [ 111.989874439356498, -7.826469701177136 ], [ 111.989796481960951, -7.826457481608053 ], [ 111.989794694969873, -7.826457343804767 ], [ 111.989793653924977, -7.82645739418212 ], [ 111.989755820395885, -7.826460963198249 ], [ 111.989754991713895, -7.826461072769809 ], [ 111.989712362737038, -7.826468287040677 ], [ 111.989690387778936, -7.826456807083277 ], [ 111.989669849367672, -7.826446078051024 ], [ 111.98962787549624, -7.826397282008943 ], [ 111.989606725774394, -7.826372693984715 ], [ 111.989607552659706, -7.826369515679491 ], [ 111.989611873144256, -7.826352912833259 ], [ 111.989634589152288, -7.826265614408038 ], [ 111.989643267863315, -7.826232262108834 ], [ 111.989643373919108, -7.826231853961169 ], [ 111.989644855121725, -7.8262261607042 ], [ 111.989649286894434, -7.826227133426173 ], [ 111.989825743823928, -7.826265843389328 ], [ 111.990573261664053, -7.826429823348582 ], [ 111.990511765208296, -7.826752209578872 ], [ 111.990459102494171, -7.82698249757079 ], [ 111.990458947399077, -7.826983262179886 ], [ 111.990402893582356, -7.827299594022668 ], [ 111.990357027676552, -7.827499275454094 ], [ 111.990183239449877, -7.827454475407135 ], [ 111.990132493917045, -7.827650239429809 ], [ 111.99013261998995, -7.827648321738207 ], [ 111.990132416860561, -7.827646411150337 ], [ 111.990131893726314, -7.827644561910569 ], [ 111.990131063412406, -7.827642828254687 ], [ 111.990129950523453, -7.827641259868692 ] ] ], [ [ [ 111.989865981346441, -7.826491263689475 ], [ 111.98989478271578, -7.826495777963615 ], [ 111.989912479069091, -7.826498551937406 ], [ 111.989908415309074, -7.826513253971226 ], [ 111.989902862372574, -7.826533343583229 ], [ 111.98990267917226, -7.826534112780317 ], [ 111.989902005917017, -7.82653744176556 ], [ 111.989898970448948, -7.826552454320009 ], [ 111.989879048957164, -7.826650981955649 ], [ 111.989868355157114, -7.826688225330496 ], [ 111.989851799914916, -7.826745882827587 ], [ 111.989835234769615, -7.8268035729072 ], [ 111.989784438707403, -7.82680114340001 ], [ 111.989751676418408, -7.826799576913535 ], [ 111.989713611572981, -7.826797756961644 ], [ 111.989693473465792, -7.826796793051312 ], [ 111.989653414038159, -7.826794877381239 ], [ 111.989651584887014, -7.826794937747072 ], [ 111.989649789981428, -7.82679529016413 ], [ 111.98964807464894, -7.82679592638618 ], [ 111.989646484195617, -7.826796829122704 ], [ 111.989645060287003, -7.826797975665219 ], [ 111.989643840034859, -7.826799335175949 ], [ 111.989642855100684, -7.826800873212204 ], [ 111.989623743632109, -7.826836813146479 ], [ 111.989623096789657, -7.826838268086257 ], [ 111.989622897776215, -7.826838870000451 ], [ 111.989621643370313, -7.826843052323832 ], [ 111.989614025133534, -7.826868445846525 ], [ 111.989599974689625, -7.826915284976692 ], [ 111.989591997411125, -7.826941877714014 ], [ 111.989581212552991, -7.826977826151958 ], [ 111.989564786097304, -7.827035119759413 ], [ 111.989558128097016, -7.827038125430109 ], [ 111.989545595769997, -7.827043785822121 ], [ 111.989543915612316, -7.82704472404169 ], [ 111.989542419290885, -7.82704593135079 ], [ 111.989541149352661, -7.827047374185638 ], [ 111.9895401419747, -7.827049009953071 ], [ 111.989539426977018, -7.827050792457091 ], [ 111.989517000295663, -7.827124272289139 ], [ 111.989514673841029, -7.827131895777989 ], [ 111.989506923190703, -7.827157293228185 ], [ 111.989502517765459, -7.827171724731965 ], [ 111.989502373872028, -7.827172240595798 ], [ 111.989496155595603, -7.827196720070591 ], [ 111.989491023726188, -7.827216925364134 ], [ 111.989485455129085, -7.827238845580915 ], [ 111.989476343377262, -7.827274716834223 ], [ 111.989459164621294, -7.827323754739301 ], [ 111.989458513291765, -7.827325614875086 ], [ 111.989457570976569, -7.827328304153244 ], [ 111.989452739899107, -7.827328383317431 ], [ 111.989403923082506, -7.827329187900933 ], [ 111.989403622556736, -7.827329048418833 ], [ 111.989402440886039, -7.827328693939725 ], [ 111.989317388628081, -7.827308133083595 ], [ 111.989320621952885, -7.827235100743392 ], [ 111.989320562475072, -7.827233339049005 ], [ 111.989320228264532, -7.827231606940821 ], [ 111.989319628495167, -7.827229948714403 ], [ 111.98931877686266, -7.827228403228263 ], [ 111.98931769522305, -7.827227008417267 ], [ 111.989316409051511, -7.827225798590142 ], [ 111.989314950161088, -7.827224803518482 ], [ 111.98931335397981, -7.827224047538897 ], [ 111.989325059035139, -7.827121408640814 ], [ 111.989361561488209, -7.827061026349293 ], [ 111.989376090074828, -7.827006177355355 ], [ 111.989377775574908, -7.826944050670624 ], [ 111.989298908421219, -7.826909519001704 ], [ 111.989253047752655, -7.826885873444821 ], [ 111.989254578169209, -7.826757968672341 ], [ 111.989281892924183, -7.826686645311206 ], [ 111.989591769685688, -7.826784585747224 ], [ 111.989626546913499, -7.826769886734824 ], [ 111.989701064717636, -7.8265139095848 ], [ 111.989561712731273, -7.82647038417813 ], [ 111.98957078746237, -7.826433820216533 ], [ 111.989435139204389, -7.826406730461109 ], [ 111.989427871518302, -7.826432327560857 ], [ 111.989239088837579, -7.826405363256825 ], [ 111.989228216539047, -7.826456548863296 ], [ 111.989145757811656, -7.826453088299088 ], [ 111.989144596510187, -7.82648060656398 ], [ 111.989094934964953, -7.826478521610382 ], [ 111.98908382520014, -7.826741748295499 ], [ 111.989054889205079, -7.826740533651514 ], [ 111.989050493950657, -7.826844689329996 ], [ 111.989102675262217, -7.826846879620799 ], [ 111.989081737123371, -7.826982433463786 ], [ 111.988931414856594, -7.8269509064563 ], [ 111.988921284789456, -7.826948782176913 ], [ 111.988920764890665, -7.826948687525845 ], [ 111.9888758791773, -7.826941965186323 ], [ 111.988874946515125, -7.826941825376711 ], [ 111.988828366045738, -7.826934850145872 ], [ 111.988827433383605, -7.826934710336164 ], [ 111.988813139526471, -7.826932570489888 ], [ 111.988805882749432, -7.8269181789883 ], [ 111.98880034814735, -7.826907207630605 ], [ 111.988799368518343, -7.826905610890454 ], [ 111.988798139006363, -7.826904197431331 ], [ 111.988796719620339, -7.826903031327273 ], [ 111.988795066723043, -7.826902068363385 ], [ 111.988793309339869, -7.826901410438081 ], [ 111.988750339934413, -7.826889275991754 ], [ 111.988712628829717, -7.826878626052391 ], [ 111.988710837701547, -7.826878272999469 ], [ 111.988709012794146, -7.82687821034853 ], [ 111.98870720127654, -7.826878441606723 ], [ 111.988705450292187, -7.826878959428038 ], [ 111.988703806064848, -7.826879751042179 ], [ 111.988700684192807, -7.826881594356525 ], [ 111.988670497938173, -7.826899415491778 ], [ 111.988577718137293, -7.826881706167885 ], [ 111.988569003074858, -7.826880042537523 ], [ 111.988564530763327, -7.826879188380434 ], [ 111.988565790193448, -7.826874824256207 ], [ 111.988578234261169, -7.82683170341454 ], [ 111.98857854830986, -7.826830269153317 ], [ 111.988578673648263, -7.826828806392438 ], [ 111.988578608520029, -7.826827339555742 ], [ 111.988576445551317, -7.826807743765911 ], [ 111.988575036001265, -7.826794971057234 ], [ 111.988565680746092, -7.826710214201638 ], [ 111.988565010733836, -7.826704147030387 ], [ 111.988564944004693, -7.826703540312625 ], [ 111.988564942566185, -7.826702929824148 ], [ 111.988564835047612, -7.826657299653355 ], [ 111.988564764945224, -7.826627548514245 ], [ 111.988564669050632, -7.826586851090314 ], [ 111.988564553260915, -7.826537709932126 ], [ 111.988566238040974, -7.82644250633495 ], [ 111.98857345375599, -7.826362496903577 ], [ 111.988577378027529, -7.826318982700943 ], [ 111.98857807572432, -7.826315244855841 ], [ 111.988600016649755, -7.82619759281178 ], [ 111.988601901030421, -7.826187485886336 ], [ 111.988606861873222, -7.826163963541695 ], [ 111.988617656252487, -7.826112779029231 ], [ 111.988619430350695, -7.826104366364086 ], [ 111.988620858238988, -7.826097595150523 ], [ 111.988620933502773, -7.826097205163803 ], [ 111.988621019197922, -7.826096623412963 ], [ 111.988630645784994, -7.826017102152161 ], [ 111.988631520290525, -7.826009881828024 ], [ 111.988631651956965, -7.826008795296197 ], [ 111.9886322293098, -7.826004021253537 ], [ 111.988636679226232, -7.826004997561927 ], [ 111.989618264494297, -7.826220327989236 ], [ 111.989622696264775, -7.826221299807046 ], [ 111.989621321113432, -7.826226583107448 ], [ 111.989621214154937, -7.826226993066101 ], [ 111.989613116065811, -7.826258116386801 ], [ 111.989589962336822, -7.826347094464138 ], [ 111.989583291520432, -7.826372731769213 ], [ 111.989582978283892, -7.82637450880865 ], [ 111.989582952610917, -7.826376313210968 ], [ 111.989583214390535, -7.826378097945955 ], [ 111.989583758983628, -7.8263798187073 ], [ 111.989584569962958, -7.826381432120828 ], [ 111.989585629087543, -7.826382894816559 ], [ 111.989654056484582, -7.826462446429105 ], [ 111.989655055622237, -7.826463469711324 ], [ 111.989656176879933, -7.826464358851106 ], [ 111.989657401180182, -7.826465100326713 ], [ 111.989705228495481, -7.826490085215362 ], [ 111.989706924347232, -7.826490802973785 ], [ 111.989708714756958, -7.826491236518691 ], [ 111.989710550726812, -7.826491376016269 ], [ 111.98971238599259, -7.826491217052903 ], [ 111.98975837292538, -7.826483434155882 ], [ 111.989794369411015, -7.826480038578067 ], [ 111.989865981346441, -7.826491263689475 ] ] ], [ [ [ 111.990607328982591, -7.826420626684326 ], [ 111.990602889944967, -7.826419651276742 ], [ 111.990607404154787, -7.826420198711533 ], [ 111.990638044688055, -7.826231463184308 ], [ 111.990648913724158, -7.826193183813016 ], [ 111.990860501043585, -7.826211619402199 ], [ 111.990843975932066, -7.82640025214047 ], [ 111.990945398666057, -7.826409088088221 ], [ 111.990938441830593, -7.826487154177126 ], [ 111.990938157136569, -7.826489493706386 ], [ 111.990923495314149, -7.826489374391517 ], [ 111.990853478110836, -7.826916447829175 ], [ 111.990814704791504, -7.826919939561608 ], [ 111.99081806320487, -7.826817033565353 ], [ 111.990763021858768, -7.826814639471843 ], [ 111.990615925053362, -7.826808240562818 ], [ 111.990532341262039, -7.826804604748518 ], [ 111.990542777567811, -7.826758967936401 ], [ 111.990542895052002, -7.826758406912769 ], [ 111.990598174295187, -7.826468612914795 ], [ 111.990607328982591, -7.826420626684326 ] ] ], [ [ [ 111.988337952478162, -7.826648326564914 ], [ 111.988311690429143, -7.826641845425315 ], [ 111.98831002644107, -7.826641563522863 ], [ 111.988308338555953, -7.826641532204175 ], [ 111.988306664862876, -7.826641750475606 ], [ 111.988305041628479, -7.826642213730002 ], [ 111.988295199060929, -7.826645860848706 ], [ 111.988293744694971, -7.826646399679793 ], [ 111.988288478171157, -7.826648352025008 ], [ 111.988281741874076, -7.826650847759458 ], [ 111.988234699947469, -7.82665509754582 ], [ 111.988157350099385, -7.826656707735114 ], [ 111.988155957314575, -7.826656823147097 ], [ 111.988045132841037, -7.826672875920443 ], [ 111.988043443197668, -7.826673253408321 ], [ 111.988041830333046, -7.826673883957507 ], [ 111.988040333209071, -7.826674752101351 ], [ 111.987964223620935, -7.826727020235467 ], [ 111.9878501539757, -7.826759971743214 ], [ 111.987820668609004, -7.826768489090804 ], [ 111.987818920691453, -7.826769154323882 ], [ 111.987817305842043, -7.826770097810585 ], [ 111.987815869343564, -7.826771292311948 ], [ 111.987744047153171, -7.826841813579817 ], [ 111.987743299020778, -7.826842622989798 ], [ 111.987742143867266, -7.826844285328284 ], [ 111.987723479940854, -7.826877396892346 ], [ 111.987722714762199, -7.826879055604429 ], [ 111.987722227345799, -7.826880815867047 ], [ 111.987722029371099, -7.826882630622376 ], [ 111.987721273315813, -7.826910507005294 ], [ 111.987721142251118, -7.826915317084727 ], [ 111.987716654187295, -7.826913550382872 ], [ 111.987633694040355, -7.826880909187942 ], [ 111.987630997935355, -7.826879848269463 ], [ 111.987629671885585, -7.826879418150704 ], [ 111.987628302694773, -7.826879154548549 ], [ 111.987602499651544, -7.826875799818675 ], [ 111.987541011264511, -7.826867807487274 ], [ 111.987526085744349, -7.82686586714571 ], [ 111.987496477839102, -7.826862018451373 ], [ 111.987495521633107, -7.826861894069105 ], [ 111.987465559006438, -7.82685799917237 ], [ 111.98746370410808, -7.826857910357657 ], [ 111.987461859901273, -7.826858125407278 ], [ 111.98746007534551, -7.826858637875611 ], [ 111.987458398476321, -7.826859434083738 ], [ 111.987456874589299, -7.826860492219232 ], [ 111.987455544432621, -7.826861785053756 ], [ 111.987418204831144, -7.826904542683302 ], [ 111.987408788019465, -7.826905669941406 ], [ 111.987406012663996, -7.826906002937672 ], [ 111.987396298461007, -7.826907166164448 ], [ 111.987391662590639, -7.826907721483598 ], [ 111.987392227618287, -7.826903099414523 ], [ 111.987399753587368, -7.826841526110687 ], [ 111.987410756822356, -7.826763410734029 ], [ 111.987410914714303, -7.8267622906768 ], [ 111.987411285869683, -7.826761227099673 ], [ 111.987443006951025, -7.826670290832008 ], [ 111.987535890563578, -7.826382658280577 ], [ 111.987652587140147, -7.826021278612062 ], [ 111.987652688842118, -7.826020946447207 ], [ 111.987679164524522, -7.825929414672224 ], [ 111.987735277516677, -7.825807255448397 ], [ 111.98773980909435, -7.825808248759806 ], [ 111.988156295256601, -7.825899614273668 ], [ 111.988466800238811, -7.8259677305122 ], [ 111.988605532534393, -7.825998164300251 ], [ 111.98860998245074, -7.825999140608941 ], [ 111.988609272524215, -7.826005001185554 ], [ 111.988609141758261, -7.826006085001978 ], [ 111.988606069004959, -7.826031466957566 ], [ 111.98859856860598, -7.826093423681163 ], [ 111.988586569670431, -7.826150321602131 ], [ 111.988579660749565, -7.826183091810545 ], [ 111.988554977397669, -7.826315437358017 ], [ 111.988554843687041, -7.826316426215947 ], [ 111.988553659337796, -7.826329560445145 ], [ 111.988546159010937, -7.826412721586081 ], [ 111.988543618835934, -7.826440887040991 ], [ 111.988543575405103, -7.826441700227487 ], [ 111.988541881228358, -7.826537536949906 ], [ 111.988541992283302, -7.826585054663364 ], [ 111.988542198967636, -7.826673157651859 ], [ 111.988542234422056, -7.826688204610477 ], [ 111.988542245077355, -7.826692726747465 ], [ 111.98853771025523, -7.826692670445676 ], [ 111.988474036825906, -7.826691883555629 ], [ 111.988432570587747, -7.826679125110341 ], [ 111.988421177388531, -7.826675171397243 ], [ 111.98841770732885, -7.826673967587999 ], [ 111.988378146095656, -7.826660237835324 ], [ 111.988358792542272, -7.826653520736083 ], [ 111.988357790583152, -7.826653223716343 ], [ 111.988340067780769, -7.826648848893402 ], [ 111.988337952478162, -7.826648326564914 ] ] ], [ [ [ 111.987210110712425, -7.826031628947617 ], [ 111.987210585252186, -7.826030177127064 ], [ 111.987265268923281, -7.825814679309169 ], [ 111.987265567741815, -7.825812937576863 ], [ 111.987265590791509, -7.825811170261307 ], [ 111.987265338174524, -7.825809420775031 ], [ 111.987264814525517, -7.825807731615509 ], [ 111.987264032641562, -7.825806145261156 ], [ 111.987263013471477, -7.825804699649119 ], [ 111.987261779771487, -7.825803429999049 ], [ 111.987260363356597, -7.825802366987142 ], [ 111.987258797847076, -7.825801537667781 ], [ 111.987229000902957, -7.825788622448766 ], [ 111.987249588216272, -7.825699136728559 ], [ 111.987254014569061, -7.82570012215181 ], [ 111.987286261250603, -7.825707302055888 ], [ 111.98753068344881, -7.825761724974599 ], [ 111.987472119417745, -7.826005086610358 ], [ 111.987620727916706, -7.826046173537197 ], [ 111.987519099983885, -7.826360890807046 ], [ 111.987517708899745, -7.826365196449419 ], [ 111.987513362532695, -7.82636390333557 ], [ 111.987501629427001, -7.82636041165174 ], [ 111.987272581628915, -7.826292264192501 ], [ 111.987271190539715, -7.82629194366088 ], [ 111.987120512727302, -7.826268368564893 ], [ 111.98711825815775, -7.826268015684669 ], [ 111.987113747204788, -7.826267309928385 ], [ 111.987114976669673, -7.826262924170471 ], [ 111.987162079404925, -7.826094875263781 ], [ 111.987208596914854, -7.826034276146746 ], [ 111.987209443720118, -7.826033003437283 ], [ 111.987210110712425, -7.826031628947617 ] ] ], [ [ [ 111.990023229189816, -7.825408275092658 ], [ 111.990027900383538, -7.825408094098969 ], [ 111.990030524811871, -7.825407992071197 ], [ 111.990484447040032, -7.825478525190296 ], [ 111.990555593297699, -7.825491181203843 ], [ 111.990498903233103, -7.825781510315087 ], [ 111.990709351094438, -7.82582677413061 ], [ 111.990637639499056, -7.826116701681585 ], [ 111.990607251333756, -7.8262237193885 ], [ 111.990606870785925, -7.826225410665195 ], [ 111.990578751132276, -7.826398615699887 ], [ 111.9899725110498, -7.826265626547607 ], [ 111.990000709854641, -7.826126627860728 ], [ 111.990003647706473, -7.826112142818994 ], [ 111.990020716345811, -7.826028009580853 ], [ 111.98988924798671, -7.825995029532842 ], [ 111.989895384697562, -7.825964053711759 ], [ 111.989928078388573, -7.825825095129395 ], [ 111.989959429797111, -7.825710353150758 ], [ 111.98995958428263, -7.825709714259259 ], [ 111.990009422278661, -7.825474118487335 ], [ 111.990022272254933, -7.825412837484397 ], [ 111.990023229189816, -7.825408275092658 ] ] ], [ [ [ 111.989873265502524, -7.82595908420143 ], [ 111.989873180265846, -7.825959475116091 ], [ 111.989848980295491, -7.826081640171984 ], [ 111.989820968770431, -7.826232384274715 ], [ 111.989816537904403, -7.826231411552508 ], [ 111.989641175321267, -7.826192941404327 ], [ 111.988626426263068, -7.82597033570042 ], [ 111.988489452529578, -7.825940288512903 ], [ 111.988485022577123, -7.825939316678248 ], [ 111.988497014790568, -7.825889954505482 ], [ 111.988497165448251, -7.825889229702121 ], [ 111.988497252041981, -7.825888644331455 ], [ 111.988521717283632, -7.825686042080489 ], [ 111.988544643268639, -7.825642354023593 ], [ 111.988545391821276, -7.82564056963342 ], [ 111.988545824523428, -7.825638684686842 ], [ 111.988584767223287, -7.82536220341581 ], [ 111.98858481527914, -7.825361813492845 ], [ 111.988602264574595, -7.825196227105517 ], [ 111.988602884311362, -7.825191735146444 ], [ 111.988607233958049, -7.825192500053968 ], [ 111.989000903154164, -7.825260880547175 ], [ 111.989001491958305, -7.82526096689698 ], [ 111.989274816046276, -7.82529378834216 ], [ 111.989666320859172, -7.825362697834166 ], [ 111.989950586174416, -7.825410854037806 ], [ 111.989952511065496, -7.825411013223782 ], [ 111.989952925515325, -7.825411005015946 ], [ 111.989995204752404, -7.825409362856192 ], [ 111.989999875946182, -7.825409181862811 ], [ 111.989998919011043, -7.825413744254549 ], [ 111.98998723312657, -7.82546947021742 ], [ 111.989937466870103, -7.825704725753464 ], [ 111.989906149630883, -7.825819345552675 ], [ 111.989906050786033, -7.825819734690374 ], [ 111.989898415673267, -7.825852186442445 ], [ 111.989886345672176, -7.825903487015264 ], [ 111.989878128697413, -7.825938411945234 ], [ 111.989873265502524, -7.82595908420143 ] ] ], [ [ [ 111.98791127927565, -7.824894636260941 ], [ 111.987911166265192, -7.824895172854043 ], [ 111.987849556877862, -7.825225535397769 ], [ 111.987804319325207, -7.825464935188716 ], [ 111.98772366253651, -7.825772260294582 ], [ 111.987719233461632, -7.825771274882846 ], [ 111.987309002661988, -7.825679931353602 ], [ 111.98730457630721, -7.825678945026493 ], [ 111.987343792457267, -7.825519863928765 ], [ 111.987343875054279, -7.825519506484543 ], [ 111.987368115379567, -7.825405313964197 ], [ 111.987395767119082, -7.825258162261861 ], [ 111.987415672361436, -7.825166746266686 ], [ 111.98743024265984, -7.825099849265624 ], [ 111.987531385653568, -7.824635377189967 ], [ 111.987535483138089, -7.82463574474925 ], [ 111.987535943050972, -7.824635786181266 ], [ 111.987540687313995, -7.824636211014972 ], [ 111.987542522986672, -7.824636227520936 ], [ 111.987544338008817, -7.824635947421275 ], [ 111.987546083423297, -7.824635378066036 ], [ 111.987547713922012, -7.824634535841051 ], [ 111.987587959885076, -7.824609432277865 ], [ 111.987656939696834, -7.824611081507291 ], [ 111.987736617335713, -7.824621054502888 ], [ 111.987750996711043, -7.82462950713617 ], [ 111.987760474582899, -7.824635077962203 ], [ 111.987795428099247, -7.82465562353755 ], [ 111.987812508433919, -7.824665663456119 ], [ 111.987814358792008, -7.824666524666612 ], [ 111.987860124263776, -7.824682999398348 ], [ 111.987933001013801, -7.82470923459915 ], [ 111.987941166709646, -7.82471217388043 ], [ 111.987942562524239, -7.824712577607175 ], [ 111.98794775288647, -7.824713724937805 ], [ 111.987948519643709, -7.824713894080401 ], [ 111.987952950508429, -7.824714874060247 ], [ 111.987949706615325, -7.824732683602552 ], [ 111.98791127927565, -7.824894636260941 ] ] ], [ [ [ 111.987743256344913, -7.824599199626519 ], [ 111.987741766480582, -7.824598910982147 ], [ 111.987692148036459, -7.824592699712169 ], [ 111.98774483466724, -7.824596611967862 ], [ 111.987755629060828, -7.824597412447768 ], [ 111.98777385254057, -7.824598765329897 ], [ 111.987775503448617, -7.82459888808599 ], [ 111.987777056557334, -7.824599459669617 ], [ 111.987811824928059, -7.824612244740547 ], [ 111.987833290676051, -7.824620139027034 ], [ 111.987874115355368, -7.824635152003267 ], [ 111.987930068998566, -7.824655728897859 ], [ 111.987945968224366, -7.824670271128221 ], [ 111.987958914501121, -7.824682127775604 ], [ 111.98795700468952, -7.824692610099008 ], [ 111.987952574734109, -7.824691631021477 ], [ 111.987948261834276, -7.824690677898358 ], [ 111.987947487570381, -7.824690402050293 ], [ 111.987940563613805, -7.824687910269355 ], [ 111.987834653762974, -7.824649791278699 ], [ 111.987823054230489, -7.824645616438643 ], [ 111.987816109298706, -7.824641533807488 ], [ 111.98775481282162, -7.824605504508778 ], [ 111.987747767083647, -7.824601363324166 ], [ 111.987746055145436, -7.824600357080103 ], [ 111.987744694976229, -7.82459968465269 ], [ 111.987743256344913, -7.824599199626519 ] ] ], [ [ [ 111.987569872069102, -7.824594045891879 ], [ 111.987541128187061, -7.82461197480347 ], [ 111.987540553128056, -7.824612333400195 ], [ 111.987538922135357, -7.824613351086261 ], [ 111.987536233415639, -7.824613109564005 ], [ 111.987538519647316, -7.824602640831221 ], [ 111.987538660966948, -7.82460180118692 ], [ 111.987538731788803, -7.824601064812911 ], [ 111.987538752416427, -7.824600580893149 ], [ 111.987538877519327, -7.824594391567116 ], [ 111.987538969358539, -7.824589868284026 ], [ 111.987543506633017, -7.824589819679415 ], [ 111.987551560906397, -7.824589732997683 ], [ 111.987553956964973, -7.824589707492684 ], [ 111.987577227386367, -7.824589457674865 ], [ 111.987569872069102, -7.824594045891879 ] ] ], [ [ [ 111.987542954622668, -7.824567213770427 ], [ 111.987538263172723, -7.824567263640241 ], [ 111.987537011876313, -7.824562754353627 ], [ 111.987497973817199, -7.824422070751811 ], [ 111.987479524959298, -7.824302962142092 ], [ 111.987479088994718, -7.824301149774556 ], [ 111.987478359411014, -7.824299433963998 ], [ 111.987477358083055, -7.824297860785227 ], [ 111.98746590068437, -7.824282779950669 ], [ 111.987464847633547, -7.824281580423629 ], [ 111.987463636244911, -7.824280540447287 ], [ 111.987462290147491, -7.824279680768259 ], [ 111.987426001787398, -7.824259954985357 ], [ 111.987424428410819, -7.824259248687149 ], [ 111.987423376517398, -7.824258926457091 ], [ 111.987351850171308, -7.824240734733362 ], [ 111.987347212988638, -7.824239563489333 ], [ 111.987322273754586, -7.82423322840349 ], [ 111.987321175697318, -7.824232944267348 ], [ 111.987226967930866, -7.824208993701559 ], [ 111.987041396722873, -7.82416116001359 ], [ 111.986893116700216, -7.824115594174781 ], [ 111.986892515918456, -7.824115427355254 ], [ 111.986732517588962, -7.824075708886192 ], [ 111.986728854630158, -7.824074612233836 ], [ 111.986744769918914, -7.824022722069191 ], [ 111.986780859504904, -7.823918197380967 ], [ 111.986879640058689, -7.823957238681193 ], [ 111.986917758194352, -7.823839893427258 ], [ 111.986956196158914, -7.823858946762938 ], [ 111.986999095935843, -7.823734411838241 ], [ 111.986883820560308, -7.823694000931034 ], [ 111.986927688963931, -7.823560600304127 ], [ 111.987006291374584, -7.823583938975598 ], [ 111.987086289088253, -7.823316695449408 ], [ 111.98717218735122, -7.823360701411186 ], [ 111.987209561698364, -7.823182051805198 ], [ 111.987209744353379, -7.823183748094053 ], [ 111.987210217309723, -7.823185479881192 ], [ 111.987210959397473, -7.823187115168919 ], [ 111.987211950566504, -7.823188612400225 ], [ 111.987213167147331, -7.823189933644283 ], [ 111.987214578230024, -7.823191047318281 ], [ 111.987216148376447, -7.823191924563172 ], [ 111.987335622071811, -7.823246711480971 ], [ 111.987314122195968, -7.823309867675152 ], [ 111.987313658626078, -7.823311740935622 ], [ 111.987313521672903, -7.823313665889104 ], [ 111.987313714830137, -7.823315585548199 ], [ 111.987314232526472, -7.823317444755497 ], [ 111.987315059214339, -7.823319188377003 ], [ 111.987316171198785, -7.823320767628723 ], [ 111.987317536624701, -7.823322134650266 ], [ 111.987319115493676, -7.823323249740167 ], [ 111.987321106226204, -7.823324414514762 ], [ 111.987294591247277, -7.823401548692932 ], [ 111.98760448038071, -7.823546795476052 ], [ 111.987511668734555, -7.823874851452179 ], [ 111.98775660026034, -7.823948460719796 ], [ 111.987671426254892, -7.824463152050448 ], [ 111.987844722023681, -7.824490835374772 ], [ 111.987776577796097, -7.824571759826155 ], [ 111.987772984593732, -7.824576027210688 ], [ 111.987767411422212, -7.824575614268606 ], [ 111.987640686135748, -7.82456620813382 ], [ 111.987639770966098, -7.824566176811748 ], [ 111.987542954622668, -7.824567213770427 ] ] ] ] } },
{ "type": "Feature", "properties": { "OBJECTID": 1, "Name": "Halte Semeru", "REMARK": "Halte", "type": "lines", "start": "608654.7414, 9134550.954", "NAMZON": "AREA KOMERSIAL", "LUAS": 104131.518 }, "geometry": { "type": "MultiPolygon", "coordinates": [ [ [ [ 111.98714124487168, -7.833439038405782 ], [ 111.98715258603805, -7.833411123452771 ], [ 111.98728858970955, -7.83344798523486 ], [ 111.987277683048362, -7.833492131057728 ], [ 111.98714124487168, -7.833439038405782 ] ] ], [ [ [ 111.983892202175923, -7.831022318176534 ], [ 111.984079535484568, -7.830711274690805 ], [ 111.984134117251983, -7.830352547601656 ], [ 111.98419121043014, -7.830361186449409 ], [ 111.984198740653369, -7.830325374837274 ], [ 111.984162716496556, -7.830307850050539 ], [ 111.984099645841894, -7.83033203138983 ], [ 111.984099380076842, -7.830332443889056 ], [ 111.984099076882003, -7.830332249600799 ], [ 111.98409873835115, -7.830332379363055 ], [ 111.984098560869541, -7.830331918968437 ], [ 111.98404171402828, -7.830295493890597 ], [ 111.983976181886632, -7.830312165928346 ], [ 111.983975882086582, -7.830312529396174 ], [ 111.98397561492996, -7.830312310242252 ], [ 111.983975287536055, -7.830312393490535 ], [ 111.983975173576169, -7.830311948142116 ], [ 111.983922949537529, -7.830269103172577 ], [ 111.983855961022627, -7.83027800742618 ], [ 111.983855614983611, -7.830278338803992 ], [ 111.983855371419097, -7.830278085859565 ], [ 111.983855016641371, -7.830278132994319 ], [ 111.983854952113646, -7.830277650448719 ], [ 111.983808138184017, -7.830229034583437 ], [ 111.983740534602788, -7.830230061913801 ], [ 111.983740153905671, -7.830230349236027 ], [ 111.983739942659668, -7.830230070891993 ], [ 111.983739594132516, -7.830230076227231 ], [ 111.98373958685292, -7.830229602049721 ], [ 111.98369879153708, -7.830175846885266 ], [ 111.983631546556325, -7.83016898109265 ], [ 111.983631136997104, -7.830169220728015 ], [ 111.983630960800411, -7.830168921228847 ], [ 111.983630605373662, -7.830168884976158 ], [ 111.983630655028705, -7.830168401531041 ], [ 111.983596448570054, -7.830110260400178 ], [ 111.983530450123197, -7.830095590128834 ], [ 111.983530009980015, -7.830095782623989 ], [ 111.983529868467116, -7.830095460794806 ], [ 111.983529537712727, -7.83009538731225 ], [ 111.983529638326232, -7.830094937393209 ], [ 111.983502480904306, -7.830033181250945 ], [ 111.983437792890712, -7.830010609669154 ], [ 111.983454402162096, -7.829963272584407 ], [ 111.983356623659915, -7.829915705630603 ], [ 111.983378668335845, -7.829870641376973 ], [ 111.983287150303468, -7.829812000208724 ], [ 111.98329450526326, -7.829800585205431 ], [ 111.983188700641279, -7.829773841879039 ], [ 111.983192164260615, -7.829760214601387 ], [ 111.983375426622885, -7.829804457509627 ], [ 111.984019889253645, -7.829960041618688 ], [ 111.984390990628654, -7.830049631494393 ], [ 111.984701627104442, -7.830124623578175 ], [ 111.984621749694981, -7.83047152006965 ], [ 111.98462162481502, -7.830472025035014 ], [ 111.98459009359712, -7.830590868838461 ], [ 111.984587771508686, -7.83059962374803 ], [ 111.984548174573803, -7.830748890717192 ], [ 111.984529410364132, -7.830807061552897 ], [ 111.984503291496949, -7.830856643877988 ], [ 111.984502414598808, -7.83085862663432 ], [ 111.984501691850838, -7.830861368754714 ], [ 111.984451971412426, -7.83116394994618 ], [ 111.984449952355433, -7.831176230533323 ], [ 111.984443091478269, -7.831174379802136 ], [ 111.984070436029626, -7.83107382204527 ], [ 111.983902561480235, -7.831028522765111 ], [ 111.983892202175923, -7.831022318176534 ] ] ], [ [ [ 111.983662089887233, -7.827958366010214 ], [ 111.983685900429833, -7.827872375631341 ], [ 111.983682793056587, -7.827872178204664 ], [ 111.983562381316545, -7.827864526221857 ], [ 111.983614141108603, -7.827714140917764 ], [ 111.983642396460283, -7.827702750615519 ], [ 111.983663341147448, -7.827696083128129 ], [ 111.983678474895441, -7.827669620285594 ], [ 111.983689357453997, -7.827613999372043 ], [ 111.983693983974447, -7.827584696690886 ], [ 111.983696765935775, -7.827578667579754 ], [ 111.983707232347172, -7.827555981682721 ], [ 111.98372486077443, -7.827529387305344 ], [ 111.983705980820034, -7.827446163747641 ], [ 111.983708610560441, -7.827434395455644 ], [ 111.984573701707632, -7.8274890335903 ], [ 111.984626981485917, -7.827492398531909 ], [ 111.984688900248599, -7.827496309475623 ], [ 111.984750819916144, -7.827500219503571 ], [ 111.985091597156426, -7.827521742521507 ], [ 111.98511297328902, -7.827523092663681 ], [ 111.98498995484772, -7.827821228813097 ], [ 111.984850472432569, -7.828202756863853 ], [ 111.984840706492221, -7.82822014478602 ], [ 111.984828581595451, -7.828235988017344 ], [ 111.984814340967134, -7.828249970342445 ], [ 111.984796175840103, -7.828263112567337 ], [ 111.984776156160862, -7.828273226556658 ], [ 111.98475478559439, -7.828280058797251 ], [ 111.984732600644548, -7.828283436193997 ], [ 111.983878694603632, -7.828354291596331 ], [ 111.983886567317924, -7.828335924988352 ], [ 111.983861240019522, -7.828333211075086 ], [ 111.983848515137225, -7.828331847929714 ], [ 111.983866272550017, -7.828277105462458 ], [ 111.98383460112106, -7.828278614674982 ], [ 111.983814410757077, -7.828264303886646 ], [ 111.983755356432994, -7.828254391560715 ], [ 111.983713579269207, -7.828244438027387 ], [ 111.983683334591248, -7.828240201651794 ], [ 111.983660291643062, -7.828237383814806 ], [ 111.983637235225117, -7.828228821950018 ], [ 111.98362425333417, -7.828218802158072 ], [ 111.983589591277493, -7.828172937761278 ], [ 111.983587149274726, -7.8281634360495 ], [ 111.983578868617315, -7.828131216822321 ], [ 111.983569671356193, -7.82805697160522 ], [ 111.983545587049719, -7.827967796183374 ], [ 111.983662089887233, -7.827958366010214 ] ], [ [ 111.984057115357956, -7.827926028112643 ], [ 111.98425884176801, -7.82790878463202 ], [ 111.98391520112547, -7.827886947212973 ], [ 111.984057115357956, -7.827926028112643 ] ] ], [ [ [ 111.987293520727178, -7.82173913347602 ], [ 111.987282206209002, -7.821769312348581 ], [ 111.987273426084556, -7.821793154742654 ], [ 111.987260359309488, -7.821829121136926 ], [ 111.987255917765893, -7.821840940705568 ], [ 111.987240710709528, -7.821880022450071 ], [ 111.987239061903793, -7.821884259956806 ], [ 111.987007278827775, -7.82182043076897 ], [ 111.986983390899354, -7.821809863152862 ], [ 111.98703364248415, -7.821641580734059 ], [ 111.987293520727178, -7.82173913347602 ] ] ], [ [ [ 111.991586028020137, -7.827456711628596 ], [ 111.991740453633554, -7.827447456145523 ], [ 111.99199646343736, -7.827471803082959 ], [ 111.991940502399018, -7.827856791970439 ], [ 111.991871593832329, -7.827860922658975 ], [ 111.991636416923711, -7.827875023089134 ], [ 111.991564045236089, -7.8278793626535 ], [ 111.991489004800172, -7.827883862232137 ], [ 111.991390535985744, -7.827889766275232 ], [ 111.991438352068101, -7.827464053298829 ], [ 111.991586028020137, -7.827456711628596 ] ] ], [ [ [ 111.993234941483792, -7.828098639054647 ], [ 111.993233145793752, -7.828098093961864 ], [ 111.993187005038308, -7.828273196370136 ], [ 111.993103018873342, -7.828278185579876 ], [ 111.99308019285462, -7.828269976755941 ], [ 111.993039488221712, -7.828256078329046 ], [ 111.993098750878332, -7.828058231059006 ], [ 111.992841525360461, -7.828001438689807 ], [ 111.992537496048442, -7.827974789740786 ], [ 111.992542881449694, -7.827905794285693 ], [ 111.992544587372819, -7.827883933785121 ], [ 111.992549155029778, -7.827883681553832 ], [ 111.99257798106143, -7.827882093373264 ], [ 111.992584076181458, -7.827881532753876 ], [ 111.992590299489521, -7.827881102975281 ], [ 111.992602964296296, -7.827880465394487 ], [ 111.992648324126549, -7.827878618524238 ], [ 111.992660470502514, -7.827878124157463 ], [ 111.992717555771307, -7.827875350680801 ], [ 111.992814095804405, -7.827870356205938 ], [ 111.992853015059509, -7.827868342682546 ], [ 111.992898586806092, -7.827865985187665 ], [ 111.992958971589758, -7.82786286113248 ], [ 111.993012637681872, -7.827860084812126 ], [ 111.993071708468349, -7.827857028953434 ], [ 111.99312886040515, -7.827854072569722 ], [ 111.99322005045947, -7.827849355013721 ], [ 111.993234941483792, -7.828098639054647 ] ] ], [ [ [ 111.991960957621131, -7.828424661140786 ], [ 111.991963246856926, -7.828414854976207 ], [ 111.991963228072876, -7.828414850588681 ], [ 111.991976828747454, -7.828356602702961 ], [ 111.991976828747241, -7.828356602612514 ], [ 111.991958297231221, -7.828349431546639 ], [ 111.991886335080792, -7.828354092280766 ], [ 111.991885896427178, -7.828347356383437 ], [ 111.991635617038398, -7.82835980044205 ], [ 111.99121764951272, -7.82838485108493 ], [ 111.991096945111877, -7.828293588539177 ], [ 111.990916882748195, -7.828255125566591 ], [ 111.990941483293227, -7.82798015671196 ], [ 111.99095820483511, -7.827979127074706 ], [ 111.990980043236021, -7.827979592198404 ], [ 111.99098023664672, -7.827977771123 ], [ 111.990989239436644, -7.82797721635699 ], [ 111.99110411160629, -7.827970330539514 ], [ 111.991178662395996, -7.827965862023868 ], [ 111.991286753417342, -7.82795938280666 ], [ 111.991390008406853, -7.827953193493586 ], [ 111.991484836393155, -7.82794750964392 ], [ 111.99159889330646, -7.827940672640426 ], [ 111.991620682790213, -7.82794039711669 ], [ 111.991620718439833, -7.827939364172081 ], [ 111.9918947341137, -7.827922938470536 ], [ 111.991913953070394, -7.82792178715586 ], [ 111.992023437813486, -7.827915223980691 ], [ 111.992081370343911, -7.827911751279764 ], [ 111.992286822878739, -7.827899435329745 ], [ 111.992331992944429, -7.827896727920903 ], [ 111.992401851433158, -7.827892367909757 ], [ 111.992472294478304, -7.827887448477677 ], [ 111.992484749114638, -7.827886911786758 ], [ 111.992517182237137, -7.827885404661699 ], [ 111.992521747267546, -7.82788519223183 ], [ 111.992514931507714, -7.827972539250354 ], [ 111.992500875659971, -7.828056442046486 ], [ 111.992494541209979, -7.828073912475514 ], [ 111.992494393437795, -7.828074320721735 ], [ 111.992493773135777, -7.828077022813157 ], [ 111.992488832265494, -7.828098546337345 ], [ 111.992481704512343, -7.828128780158465 ], [ 111.992477280658946, -7.828146880098046 ], [ 111.992474193563226, -7.828158816810723 ], [ 111.992470990989176, -7.828170628079172 ], [ 111.992452774255312, -7.828235435458862 ], [ 111.992448545827102, -7.82825103599487 ], [ 111.99244622167744, -7.828259611854455 ], [ 111.992441705076871, -7.828277611620275 ], [ 111.992149705707078, -7.828256158102943 ], [ 111.992110573910225, -7.828459396179837 ], [ 111.991960957621131, -7.828424661140786 ] ] ], [ [ [ 111.985920097130972, -7.826828556308287 ], [ 111.985899177180798, -7.826821860751358 ], [ 111.985889514646217, -7.826847444963321 ], [ 111.985889004314629, -7.8268472532404 ], [ 111.985861317471105, -7.826920295151981 ], [ 111.985787803699296, -7.82689070752839 ], [ 111.985491701991833, -7.826771533009709 ], [ 111.98550670471586, -7.826731825905007 ], [ 111.985622640629757, -7.826424963969369 ], [ 111.985639091760831, -7.826381416873011 ], [ 111.985935164764228, -7.826492732766855 ], [ 111.986126871347665, -7.826564810282957 ], [ 111.986141706548992, -7.826570387612519 ], [ 111.986267296085401, -7.826617606603533 ], [ 111.986281745500932, -7.826623039215868 ], [ 111.986361058442697, -7.826652861061797 ], [ 111.986324641726171, -7.826764170659124 ], [ 111.986280788029177, -7.826898213381103 ], [ 111.986227232648332, -7.827061906198243 ], [ 111.986044023263872, -7.826993830007123 ], [ 111.985915168506125, -7.826941968959266 ], [ 111.985955330256132, -7.826793130076662 ], [ 111.985936040530319, -7.826783887626391 ], [ 111.985935011606983, -7.826783423976724 ], [ 111.985920632606778, -7.826828255689493 ], [ 111.98592023470664, -7.826828128823022 ], [ 111.985920097130972, -7.826828556308287 ] ] ], [ [ [ 111.988067591890371, -7.82858177964638 ], [ 111.987932641411561, -7.828589694499593 ], [ 111.987847180693009, -7.828564547719949 ], [ 111.98784780167523, -7.82854094148177 ], [ 111.987850552655885, -7.828436293102824 ], [ 111.987742554033161, -7.828429366649519 ], [ 111.987739762416709, -7.828466703639773 ], [ 111.987391414068597, -7.828416578923235 ], [ 111.987361574743332, -7.828598418028596 ], [ 111.987355526943247, -7.828635273345042 ], [ 111.986958997639618, -7.828546044868294 ], [ 111.986932219645354, -7.828545052056015 ], [ 111.986614534470874, -7.82853327434402 ], [ 111.986593416352818, -7.828551411495535 ], [ 111.986537404376961, -7.828860990590869 ], [ 111.986159799590425, -7.828790440671803 ], [ 111.986167793255362, -7.82874872581381 ], [ 111.986262783407142, -7.828252949524262 ], [ 111.986267443653915, -7.828252725180986 ], [ 111.986303139571518, -7.828251009209763 ], [ 111.98630935846198, -7.828250619327828 ], [ 111.986321989032376, -7.828250059794469 ], [ 111.986360224500928, -7.828248778338713 ], [ 111.986385623871854, -7.828247819029944 ], [ 111.986448832199002, -7.828245087241924 ], [ 111.98652818290644, -7.828241467522036 ], [ 111.986579756964801, -7.828239114750544 ], [ 111.986641067810297, -7.828236317730989 ], [ 111.986679851732106, -7.828234548378724 ], [ 111.986684064930387, -7.828234355827385 ], [ 111.986745807431902, -7.828231539694317 ], [ 111.986771988028465, -7.828230345191219 ], [ 111.986779698926057, -7.828229993415783 ], [ 111.986800446617721, -7.828229046773816 ], [ 111.986862616238, -7.828226210631486 ], [ 111.986923880827177, -7.828223416392763 ], [ 111.986935848450614, -7.828222870150038 ], [ 111.98704612524719, -7.828217839408508 ], [ 111.987111162301488, -7.828214872612387 ], [ 111.987199490738334, -7.828210842850819 ], [ 111.987249956276855, -7.828208396722891 ], [ 111.987427282401555, -7.828198002120978 ], [ 111.98758335001591, -7.82818885378542 ], [ 111.987667193335696, -7.82818393904033 ], [ 111.987736140382822, -7.828179897571738 ], [ 111.987826124654134, -7.828174622921466 ], [ 111.987963250658183, -7.828166584229391 ], [ 111.988012561500256, -7.828163693926384 ], [ 111.98811310744307, -7.828157800263551 ], [ 111.988151348777151, -7.828155558126052 ], [ 111.988331426996453, -7.82814500204387 ], [ 111.988424256824985, -7.828139560515581 ], [ 111.988493901718158, -7.828135320123275 ], [ 111.988519406351131, -7.828133626946062 ], [ 111.988557871481575, -7.82813091122962 ], [ 111.988570521518469, -7.828130151704538 ], [ 111.98857670261647, -7.828129892116424 ], [ 111.988582712644615, -7.82812977763838 ], [ 111.988588467424108, -7.828129879013362 ], [ 111.98859384928349, -7.828130294195921 ], [ 111.988598698919645, -7.828131158319817 ], [ 111.988602803624715, -7.828132650961231 ], [ 111.988605880086197, -7.828135009745497 ], [ 111.988607696546282, -7.828138412484545 ], [ 111.988613319327783, -7.828144847003633 ], [ 111.988617929027967, -7.828152039098097 ], [ 111.988621424601774, -7.828159829824749 ], [ 111.988623730372652, -7.828168049327743 ], [ 111.988624795130121, -7.828176518649508 ], [ 111.988577862829359, -7.828371656817614 ], [ 111.988550636299038, -7.828481268186572 ], [ 111.988343992604399, -7.828450591153576 ], [ 111.988293149639432, -7.828685083088545 ], [ 111.988140801023306, -7.828646780087426 ], [ 111.988057385841074, -7.828625807577974 ], [ 111.988067591890371, -7.82858177964638 ] ] ], [ [ [ 111.985700582724846, -7.828705383743825 ], [ 111.985554542761491, -7.828715145332595 ], [ 111.985546419822683, -7.828715688251957 ], [ 111.985539593724098, -7.82874528967819 ], [ 111.985416165114984, -7.828715535321736 ], [ 111.985507877806995, -7.828296673413022 ], [ 111.985515671737843, -7.8282961469108 ], [ 111.985579747000983, -7.828291815997011 ], [ 111.985611439200909, -7.828289506182194 ], [ 111.98565610966665, -7.828286006553452 ], [ 111.985668708712694, -7.82828515226791 ], [ 111.985674868858538, -7.828284849358043 ], [ 111.985782518465172, -7.828277566713401 ], [ 111.985794943446351, -7.828276741772807 ], [ 111.985845108030801, -7.828273958256504 ], [ 111.985907413123442, -7.828270095405344 ], [ 111.985926175250199, -7.828269030444226 ], [ 111.985944643098392, -7.828268168763145 ], [ 111.985915424583695, -7.828387582425061 ], [ 111.985891245181975, -7.828491627034813 ], [ 111.985830141210428, -7.828754563729393 ], [ 111.985814936813114, -7.828819989775813 ], [ 111.985775089099988, -7.829018222484371 ], [ 111.985766130665979, -7.829050401444124 ], [ 111.985633519044157, -7.829012806379944 ], [ 111.985700582724846, -7.828705383743825 ] ] ], [ [ [ 111.987396076354727, -7.833145367231794 ], [ 111.987409965464749, -7.833089171252863 ], [ 111.987413719703625, -7.833073924581306 ], [ 111.987415613633445, -7.833066314772638 ], [ 111.987419400952675, -7.833067807258885 ], [ 111.987553721022152, -7.833120754622754 ], [ 111.987533733303238, -7.833175676075519 ], [ 111.987527615600953, -7.833192483908339 ], [ 111.987438814441759, -7.833160675029828 ], [ 111.987396076354727, -7.833145367231794 ] ] ], [ [ [ 111.987159119511645, -7.833128736190741 ], [ 111.987202663528251, -7.832990621436155 ], [ 111.987208994778058, -7.832993240316282 ], [ 111.987209737335789, -7.832993525282363 ], [ 111.987381065738745, -7.833053489446778 ], [ 111.987385690472351, -7.833055108401226 ], [ 111.987381742943171, -7.833071079071333 ], [ 111.987381495397344, -7.833072256317776 ], [ 111.98737466183664, -7.833099731797515 ], [ 111.987374010222283, -7.833102247646 ], [ 111.9873540058191, -7.83318321045528 ], [ 111.987159119511645, -7.833128736190741 ] ] ], [ [ [ 111.985373662976912, -7.828306289083144 ], [ 111.98532547181695, -7.828548026412292 ], [ 111.985295539875906, -7.828677317226015 ], [ 111.985291279853442, -7.828688852369799 ], [ 111.98510479448386, -7.82864571781625 ], [ 111.985187887550765, -7.828320148459248 ], [ 111.985228898396841, -7.828316983923362 ], [ 111.985373662976912, -7.828306289083144 ] ] ], [ [ [ 111.988764958317731, -7.828118798445971 ], [ 111.9887882527877, -7.828117513810588 ], [ 111.98870488981396, -7.828548197285244 ], [ 111.988574315821438, -7.828520209998211 ], [ 111.988675093627492, -7.828130921374776 ], [ 111.988679446476894, -7.828128029650426 ], [ 111.988684378143446, -7.828125987640095 ], [ 111.988689783641021, -7.828124503458192 ], [ 111.988695528365753, -7.828123417335686 ], [ 111.988701508641313, -7.828122608321691 ], [ 111.988707651708211, -7.828121989761231 ], [ 111.988713903001013, -7.828121498471948 ], [ 111.988726586572042, -7.828120729819317 ], [ 111.988764958317731, -7.828118798445971 ] ] ], [ [ [ 111.989812235580175, -7.8280538847605 ], [ 111.989932151750324, -7.828046410393283 ], [ 111.990055470251022, -7.828038723604803 ], [ 111.990113567560812, -7.828035102456577 ], [ 111.990158574203249, -7.828032297077652 ], [ 111.990192853134033, -7.828030082147975 ], [ 111.990234761896858, -7.828027374476639 ], [ 111.990298724616181, -7.82802269943664 ], [ 111.990311270406622, -7.828021967237815 ], [ 111.990317368218726, -7.828021774748046 ], [ 111.990351701274065, -7.828019437580254 ], [ 111.990356264263312, -7.828019126595273 ], [ 111.99035029312391, -7.828115226551128 ], [ 111.990344039487823, -7.828238798383138 ], [ 111.990334951137143, -7.828294925247788 ], [ 111.990317433648968, -7.82829303632043 ], [ 111.990264032979837, -7.828287278368758 ], [ 111.990166418576294, -7.828276754745922 ], [ 111.989919487068775, -7.828272308433532 ], [ 111.989917384820359, -7.828399141861174 ], [ 111.989839258060144, -7.828399858833284 ], [ 111.989588914149806, -7.828402163789374 ], [ 111.989590585608326, -7.82806770089555 ], [ 111.989643878666044, -7.828064377787464 ], [ 111.989723463693167, -7.828059417460107 ], [ 111.989812235580175, -7.8280538847605 ] ] ], [ [ [ 111.986657968110833, -7.82816860582023 ], [ 111.986653320936739, -7.828170531375243 ], [ 111.98664803497357, -7.82817194289775 ], [ 111.986642386185309, -7.828172948274135 ], [ 111.986636483687363, -7.828173667538707 ], [ 111.986630404779902, -7.828174190049471 ], [ 111.986624209476048, -7.828174581689693 ], [ 111.986611619723732, -7.828175142040751 ], [ 111.986567146842432, -7.828176645222893 ], [ 111.986548522705647, -7.828177377962217 ], [ 111.986573574686986, -7.828053785596047 ], [ 111.986592674693199, -7.827972347391062 ], [ 111.986668999791235, -7.827989164056806 ], [ 111.986701727399904, -7.827996374514706 ], [ 111.986686140035317, -7.828062405631855 ], [ 111.9866842472874, -7.82807090449256 ], [ 111.986666215516138, -7.828151889793297 ], [ 111.986664187256224, -7.828160999463099 ], [ 111.986663442363934, -7.828164344893744 ], [ 111.986662181481179, -7.828165787700303 ], [ 111.986657968110833, -7.82816860582023 ] ] ], [ [ [ 111.986025203823488, -7.828201333677813 ], [ 111.986020517177849, -7.828201516476136 ], [ 111.986057726479586, -7.828035318614061 ], [ 111.986151184906134, -7.827799574922077 ], [ 111.986314680224524, -7.827851722118271 ], [ 111.986217759077661, -7.828192342932384 ], [ 111.986176860426824, -7.828194223909393 ], [ 111.986138896718245, -7.828196138720133 ], [ 111.986087867195266, -7.828199036441814 ], [ 111.986075265725887, -7.828199629364008 ], [ 111.986069105291008, -7.828199808372903 ], [ 111.986063111407219, -7.828199848614078 ], [ 111.986025203823488, -7.828201333677813 ] ] ], [ [ [ 111.9860363132251, -7.828027832032272 ], [ 111.986036194249351, -7.828028147053089 ], [ 111.986035792086682, -7.828029525444681 ], [ 111.985997079425516, -7.828202434999741 ], [ 111.985992391875016, -7.828202618704339 ], [ 111.985985361001653, -7.8282028938078 ], [ 111.985980906525384, -7.828203073349689 ], [ 111.985969144358819, -7.82820382891357 ], [ 111.985902075880901, -7.828208404746786 ], [ 111.98589597643776, -7.828208680384932 ], [ 111.985890063466456, -7.828208803642389 ], [ 111.985884422044762, -7.828208700156797 ], [ 111.985879165303885, -7.828208269271647 ], [ 111.985853153955617, -7.828210090095948 ], [ 111.985848436820206, -7.828210420386234 ], [ 111.985875452891719, -7.82808852016205 ], [ 111.986012159074278, -7.827767571874984 ], [ 111.986124748086439, -7.827792460956791 ], [ 111.986129231610519, -7.827793451682306 ], [ 111.9861275429231, -7.827797710987387 ], [ 111.9860363132251, -7.828027832032272 ] ] ], [ [ [ 111.985221726280813, -7.828252493787272 ], [ 111.98502260516041, -7.828262083681352 ], [ 111.985009617785465, -7.828258623803472 ], [ 111.984997412564709, -7.82825300412085 ], [ 111.984986347220214, -7.828245389309411 ], [ 111.984976748776248, -7.828236002905038 ], [ 111.984968896312395, -7.828225121012649 ], [ 111.984963021849453, -7.828213063259944 ], [ 111.984959296717633, -7.828200181071453 ], [ 111.984957830643324, -7.828186854957439 ], [ 111.984963212130978, -7.828164709099548 ], [ 111.984977383669801, -7.828127487518761 ], [ 111.985015687013885, -7.828026882975199 ], [ 111.985053929951206, -7.827926437751259 ], [ 111.985088448363243, -7.827835774529611 ], [ 111.985110807123476, -7.827777046300951 ], [ 111.985212415708801, -7.827810787640408 ], [ 111.985333955374088, -7.827851146258902 ], [ 111.985363543870207, -7.827762534035444 ], [ 111.985144078904497, -7.82768965732355 ], [ 111.985191679013724, -7.82756463216397 ], [ 111.985271607848205, -7.827593658670456 ], [ 111.9854614682543, -7.827662606889289 ], [ 111.985449753382738, -7.827695071753264 ], [ 111.985380976841626, -7.827908368433875 ], [ 111.985507766828661, -7.827956832923074 ], [ 111.985549471891602, -7.827972773792835 ], [ 111.985523944070138, -7.828046058153856 ], [ 111.985592686338208, -7.828069871341088 ], [ 111.985567224285248, -7.828142967428398 ], [ 111.985540199600209, -7.828231133213156 ], [ 111.985537491896366, -7.828231314095521 ], [ 111.985472165125401, -7.828235672345568 ], [ 111.985396606020473, -7.828240712918373 ], [ 111.985346523458588, -7.828244054224854 ], [ 111.985253692528971, -7.8282502475741 ], [ 111.985221726280813, -7.828252493787272 ] ] ], [ [ [ 111.985994974961926, -7.827750079609591 ], [ 111.985912392957758, -7.827943961495745 ], [ 111.985854174754436, -7.8280806407312 ], [ 111.985853947564706, -7.828081219194919 ], [ 111.985853540015043, -7.82808262111429 ], [ 111.985824850236028, -7.82821207183902 ], [ 111.985820133100532, -7.828212402128995 ], [ 111.985787949213616, -7.828214655224095 ], [ 111.985782025221951, -7.828215492103485 ], [ 111.985775938442174, -7.828216139432318 ], [ 111.985769740714233, -7.828216658590867 ], [ 111.985757160646344, -7.828217482988512 ], [ 111.985693781048937, -7.828221052578164 ], [ 111.98568882173538, -7.828221372579455 ], [ 111.985956930162374, -7.827559656955472 ], [ 111.986205161420813, -7.827645621863462 ], [ 111.986198914325229, -7.827660629254401 ], [ 111.986140962605845, -7.827768253886988 ], [ 111.986138733099921, -7.827772393262458 ], [ 111.9861341334245, -7.827771375675565 ], [ 111.986007863362616, -7.827743462496808 ], [ 111.98600591646391, -7.827743205666642 ], [ 111.986003954944479, -7.827743288033021 ], [ 111.986002036839736, -7.827743705842559 ], [ 111.98600022016808, -7.827744448106428 ], [ 111.98599855929244, -7.827745492086748 ], [ 111.985997103113036, -7.827746806014049 ], [ 111.9859958968852, -7.827748350891943 ], [ 111.985994974961926, -7.827750079609591 ] ] ], [ [ [ 111.990055639396701, -7.827975898652154 ], [ 111.98964968540497, -7.828000395493718 ], [ 111.98878846652201, -7.828052363435521 ], [ 111.988407359785782, -7.828075360089445 ], [ 111.988414112000314, -7.827722425709624 ], [ 111.988830023728383, -7.82774584526665 ], [ 111.988834187643675, -7.827715130934234 ], [ 111.988835677132641, -7.827702174163515 ], [ 111.988922264263749, -7.827711304009657 ], [ 111.988917550291745, -7.827747210168407 ], [ 111.989081959872934, -7.827762379111215 ], [ 111.989086620229841, -7.82770374017459 ], [ 111.989096858986457, -7.827704257016679 ], [ 111.989177444756393, -7.827708327921901 ], [ 111.989174367992746, -7.827748917009044 ], [ 111.989171154031752, -7.827791323422159 ], [ 111.989169646315474, -7.827805007399011 ], [ 111.98928891886581, -7.827814215173413 ], [ 111.98929018829304, -7.82779678740639 ], [ 111.989295456302088, -7.827733162720362 ], [ 111.989444388696455, -7.827738614424067 ], [ 111.989453683055416, -7.827670573901052 ], [ 111.989554492486178, -7.827681105588716 ], [ 111.989540289646911, -7.827763697277069 ], [ 111.989676190861118, -7.827776722430526 ], [ 111.989680609480061, -7.827739437705367 ], [ 111.989709493806885, -7.827742558057222 ], [ 111.989786606068805, -7.827750887824875 ], [ 111.989808494292433, -7.827753252201188 ], [ 111.989847957142302, -7.827757515341702 ], [ 111.990089359911281, -7.827783592442823 ], [ 111.990087204164311, -7.827797830548254 ], [ 111.990084575093675, -7.827815184628307 ], [ 111.990060272239333, -7.827975595646319 ], [ 111.990055639396701, -7.827975898652154 ] ] ], [ [ [ 111.987221005515892, -7.828144694745665 ], [ 111.987217264675138, -7.828146360421937 ], [ 111.987213304713691, -7.828147407979055 ], [ 111.987178678217546, -7.828149173075542 ], [ 111.987166163159003, -7.828149869837484 ], [ 111.987115090168246, -7.828151627294061 ], [ 111.987111177980751, -7.828151779350076 ], [ 111.987089660945244, -7.828152613848697 ], [ 111.986975830833103, -7.828157671002782 ], [ 111.98686530940391, -7.828162799070788 ], [ 111.986824097943796, -7.828164710688064 ], [ 111.986792279062954, -7.828166361556951 ], [ 111.986747430516402, -7.828168938294102 ], [ 111.986734773736686, -7.828169534982922 ], [ 111.986728582461538, -7.828169711360203 ], [ 111.986722552284903, -7.828169744460147 ], [ 111.986716766474828, -7.82816956173333 ], [ 111.986711333631717, -7.828169064342547 ], [ 111.986706407624254, -7.828168119880627 ], [ 111.986702188459901, -7.828166546993222 ], [ 111.986698946757471, -7.828164108990253 ], [ 111.986696931677685, -7.828160700374697 ], [ 111.986695856954142, -7.828156460194453 ], [ 111.986695468258844, -7.828151610630528 ], [ 111.986695567291193, -7.828146673100123 ], [ 111.9866955909594, -7.828146324838106 ], [ 111.986696380634243, -7.828141582858422 ], [ 111.986707901111515, -7.828072398453108 ], [ 111.986708807663931, -7.828067606456199 ], [ 111.986708871245838, -7.828067261718589 ], [ 111.986711002800206, -7.82805772581916 ], [ 111.986711571838754, -7.82805519117167 ], [ 111.986715888832379, -7.828036664619805 ], [ 111.986723314564117, -7.828005305938269 ], [ 111.986735929942057, -7.827952026135815 ], [ 111.98674483290992, -7.827914427029691 ], [ 111.986759661038903, -7.827851817348308 ], [ 111.986761750728775, -7.827842991526522 ], [ 111.986763476728541, -7.827835704995766 ], [ 111.986781066252107, -7.827761428906397 ], [ 111.986782752739799, -7.827754309788124 ], [ 111.986785603393699, -7.82774203177495 ], [ 111.986786915559776, -7.827736173407247 ], [ 111.986787154343048, -7.827735126419883 ], [ 111.986786693645286, -7.827735138350832 ], [ 111.986792333933607, -7.827711245416429 ], [ 111.986792408415667, -7.827710907888763 ], [ 111.986793150799116, -7.827707267618832 ], [ 111.986807232778872, -7.82763822012087 ], [ 111.986831526156564, -7.827519121842003 ], [ 111.986831641900181, -7.827518589764715 ], [ 111.986832095575451, -7.827516363798666 ], [ 111.986848716537978, -7.827470646535811 ], [ 111.986980141505541, -7.827489273351294 ], [ 111.98694904781884, -7.827736302375795 ], [ 111.987259311572728, -7.82774452476973 ], [ 111.987258714515718, -7.827754035372402 ], [ 111.98725398227414, -7.827829253643819 ], [ 111.987234126265179, -7.828125054126482 ], [ 111.98723337116472, -7.828129069766057 ], [ 111.987231979893153, -7.82813291324358 ], [ 111.987229989400731, -7.828136484984941 ], [ 111.98722870536136, -7.828138106924821 ], [ 111.987227451163562, -7.828139691713073 ], [ 111.98722443119641, -7.828142451874553 ], [ 111.987221005515892, -7.828144694745665 ] ] ], [ [ [ 111.988060696024021, -7.827825820868254 ], [ 111.98806123390959, -7.827860888977326 ], [ 111.98808234225082, -7.827859436756724 ], [ 111.988140980617359, -7.827859875515568 ], [ 111.988282220953224, -7.827860932920038 ], [ 111.988309139420409, -7.827861133944082 ], [ 111.988310755289177, -7.828081189413965 ], [ 111.987268000023349, -7.828144108114334 ], [ 111.987265181608365, -7.828142333883333 ], [ 111.987262678724349, -7.828140138352561 ], [ 111.987260554984559, -7.828137575639121 ], [ 111.987259011675576, -7.828135007949382 ], [ 111.987257851549387, -7.828132247623009 ], [ 111.987257096504436, -7.828129350683568 ], [ 111.987256762097047, -7.828126375882805 ], [ 111.987276608445654, -7.827830716515161 ], [ 111.987286058948158, -7.827680508826913 ], [ 111.987319031293097, -7.827476502884979 ], [ 111.987496036866773, -7.827507680383765 ], [ 111.987479447946058, -7.827596259555596 ], [ 111.987515441480326, -7.827596175293305 ], [ 111.987509235323373, -7.827741048273501 ], [ 111.987568579732553, -7.827743219258419 ], [ 111.987559301846574, -7.827879641174518 ], [ 111.987686498342271, -7.827886521835422 ], [ 111.987693661551063, -7.827839225849775 ], [ 111.987800391955702, -7.827849164351489 ], [ 111.987797957367604, -7.827869809203422 ], [ 111.987981882241741, -7.827874061593594 ], [ 111.987982711460589, -7.827827200099557 ], [ 111.988060696024021, -7.827825820868254 ] ] ], [ [ [ 111.987522840888971, -7.827090949137135 ], [ 111.987513728958561, -7.827195783357876 ], [ 111.987358192515643, -7.827181531801894 ], [ 111.987370899842091, -7.827077574603991 ], [ 111.987522840888971, -7.827090949137135 ] ] ], [ [ [ 111.987933024264038, -7.826968594878212 ], [ 111.987879727229043, -7.826964410069496 ], [ 111.987862183914203, -7.82696308455378 ], [ 111.987880726195755, -7.826794737991117 ], [ 111.987896794595656, -7.826795967473203 ], [ 111.987970362209708, -7.82680345844647 ], [ 111.987957226227849, -7.826931753119117 ], [ 111.987953131030778, -7.826971649089057 ], [ 111.987934723583308, -7.826968859515054 ], [ 111.987933024264038, -7.826968594878212 ] ] ], [ [ [ 111.984990656891355, -7.826352252016652 ], [ 111.985042039888384, -7.82614923870963 ], [ 111.985048600583923, -7.826123317707656 ], [ 111.985050281880376, -7.826115907377582 ], [ 111.985050458632671, -7.826115478263489 ], [ 111.985050624363765, -7.826114990386971 ], [ 111.985050886533614, -7.826114245426221 ], [ 111.98505106110683, -7.826113660754676 ], [ 111.985057332441116, -7.826097763358513 ], [ 111.985059003051802, -7.826093527614362 ], [ 111.985076260119001, -7.826098103549556 ], [ 111.985085446766604, -7.826100539445247 ], [ 111.985176628995248, -7.826124719101502 ], [ 111.98528846417922, -7.826154375687576 ], [ 111.985443636931507, -7.826213184006466 ], [ 111.985444123442562, -7.826213351094671 ], [ 111.985571000229967, -7.826253821142565 ], [ 111.985579133392179, -7.826256415050238 ], [ 111.985577494503701, -7.826260639868537 ], [ 111.985418407423239, -7.826693792727946 ], [ 111.984920431389867, -7.826541781702583 ], [ 111.984968141085758, -7.826359523771464 ], [ 111.984978347842116, -7.826360714595758 ], [ 111.98498015824417, -7.826360780010362 ], [ 111.984981957087811, -7.826360557842144 ], [ 111.984983696314075, -7.826360051821044 ], [ 111.984985333331096, -7.826359276517421 ], [ 111.984986824650633, -7.826358251025923 ], [ 111.984988134056962, -7.826357001659664 ], [ 111.984989226254001, -7.826355560156234 ], [ 111.984990075025635, -7.826353962754163 ], [ 111.984990656891355, -7.826352252016652 ] ] ], [ [ [ 111.984992067579427, -7.826108655881089 ], [ 111.985000260120572, -7.826111047973448 ], [ 111.98500163234965, -7.826111448147016 ], [ 111.985010570034618, -7.826114073652155 ], [ 111.985019025794472, -7.826116553764066 ], [ 111.9850263788924, -7.826118721707451 ], [ 111.98502008058864, -7.826143606520438 ], [ 111.985019727436125, -7.826145001076713 ], [ 111.984977389773022, -7.826312279000318 ], [ 111.984972518448728, -7.826331526766197 ], [ 111.984898219949216, -7.826316323047134 ], [ 111.984899239114171, -7.826314678216884 ], [ 111.984899962266496, -7.82631288394176 ], [ 111.984903334731897, -7.826301879967813 ], [ 111.984920917966477, -7.826244496939536 ], [ 111.984953718210747, -7.826137452127206 ], [ 111.984962254197839, -7.826109589218195 ], [ 111.984967109981142, -7.826109219726264 ], [ 111.984975623693614, -7.826108570364381 ], [ 111.984988430081771, -7.826107594428761 ], [ 111.984992067579427, -7.826108655881089 ] ] ], [ [ [ 111.990000709854641, -7.826126627860728 ], [ 111.9899725110498, -7.826265626547607 ], [ 111.989847557581712, -7.826238215171871 ], [ 111.989843125810808, -7.826237243356499 ], [ 111.989854421586244, -7.826176454394744 ], [ 111.989856963199529, -7.826162775227583 ], [ 111.989858634328272, -7.826153783060905 ], [ 111.989859430478418, -7.826149495089408 ], [ 111.989871250165166, -7.826085890305764 ], [ 111.98988924798671, -7.825995029532842 ], [ 111.990020716345811, -7.826028009580853 ], [ 111.990003647706473, -7.826112142818994 ], [ 111.990000709854641, -7.826126627860728 ] ] ], [ [ [ 111.984970522895154, -7.826082608755657 ], [ 111.984971957696075, -7.8260779837515 ], [ 111.984973301582627, -7.826073651091592 ], [ 111.984977735247782, -7.826074660037043 ], [ 111.985009982315447, -7.826081999295666 ], [ 111.985013846119244, -7.826082878428376 ], [ 111.985017677256479, -7.826083750401826 ], [ 111.985036799367293, -7.826088102207099 ], [ 111.985035132439307, -7.826092361457849 ], [ 111.985033269885392, -7.826097123125829 ], [ 111.985007868266806, -7.826089735327599 ], [ 111.985007057753933, -7.826089472220927 ], [ 111.9849928136084, -7.826085314332285 ], [ 111.984991484234584, -7.826085011737444 ], [ 111.984990128030688, -7.826084870194387 ], [ 111.984988764955688, -7.826084892369778 ], [ 111.984974223907713, -7.82608600078465 ], [ 111.984969369031617, -7.82608637027451 ], [ 111.984970522895154, -7.826082608755657 ] ] ], [ [ [ 111.98753068344881, -7.825761724974599 ], [ 111.987708117832881, -7.825801233103292 ], [ 111.987712643093872, -7.825802239996294 ], [ 111.987658200275547, -7.825920763106554 ], [ 111.987657844981953, -7.825921629480302 ], [ 111.987657614472326, -7.825922337286243 ], [ 111.987630952561972, -7.826014511643559 ], [ 111.987620727916706, -7.826046173537197 ], [ 111.987472119417745, -7.826005086610358 ], [ 111.98753068344881, -7.825761724974599 ] ] ], [ [ [ 111.986186636396155, -7.825818803649101 ], [ 111.986642091387907, -7.82597368475915 ], [ 111.986593920924562, -7.826125896795482 ], [ 111.986593496411714, -7.826127797097335 ], [ 111.986593403942379, -7.826129741844369 ], [ 111.986593648824197, -7.826131674044886 ], [ 111.986594221851703, -7.826133535836714 ], [ 111.986595106568274, -7.826135271183479 ], [ 111.986596275646875, -7.826136829500859 ], [ 111.986353869989628, -7.826061053102522 ], [ 111.986251988714614, -7.826029204706209 ], [ 111.98627914200425, -7.825942993081618 ], [ 111.986182407570311, -7.825911891451863 ], [ 111.985850136051255, -7.825805063954957 ], [ 111.985855792156016, -7.825789428465211 ], [ 111.985919646481136, -7.82561288133382 ], [ 111.986003008032682, -7.825640499659732 ], [ 111.986185201939989, -7.825700861696633 ], [ 111.986219735040777, -7.825712303455339 ], [ 111.986186636396155, -7.825818803649101 ] ] ], [ [ [ 111.984110082170844, -7.825729968361226 ], [ 111.98408309741427, -7.825814373352689 ], [ 111.983898843794648, -7.825754313643331 ], [ 111.983935740101856, -7.825674379676185 ], [ 111.984110082170844, -7.825729968361226 ] ] ], [ [ [ 111.988135908006242, -7.825621852002004 ], [ 111.988081970471143, -7.825850897433563 ], [ 111.987965547698153, -7.825825357564104 ], [ 111.988017054948912, -7.825591021473619 ], [ 111.988135908006242, -7.825621852002004 ] ] ], [ [ [ 111.985727703290522, -7.82530900251226 ], [ 111.985729196955504, -7.825304731002551 ], [ 111.985830025487019, -7.825342932941905 ], [ 111.985919733059461, -7.825378764093004 ], [ 111.985918095973787, -7.825382981672307 ], [ 111.985762791947096, -7.825783165497626 ], [ 111.985599498722749, -7.825723628284244 ], [ 111.985607225308229, -7.825711826374683 ], [ 111.985608038999189, -7.82571035386549 ], [ 111.985608625712942, -7.825708777876735 ], [ 111.985612279100138, -7.82569614164593 ], [ 111.985639083529961, -7.825603446076705 ], [ 111.985666516935623, -7.825510568150849 ], [ 111.985712829516331, -7.8253537750477 ], [ 111.985715190531849, -7.825345778864737 ], [ 111.985717081868742, -7.82533937558144 ], [ 111.985725448378801, -7.825315450962167 ], [ 111.985727703290522, -7.82530900251226 ] ] ], [ [ [ 111.986034347432238, -7.825074786719467 ], [ 111.986005232351971, -7.825152090631303 ], [ 111.985978576942799, -7.8252228633095 ], [ 111.985967526235498, -7.825252711910109 ], [ 111.985949993903873, -7.825300806314893 ], [ 111.98594545672303, -7.825312478677719 ], [ 111.985929553759149, -7.825353458621465 ], [ 111.985927892333123, -7.825357738663529 ], [ 111.985838267204258, -7.825321868430414 ], [ 111.985736665277898, -7.825283372549608 ], [ 111.985738158942709, -7.825279101039906 ], [ 111.985740381423469, -7.825272745822343 ], [ 111.98574774524846, -7.825251688789667 ], [ 111.985750719065109, -7.825243184692436 ], [ 111.985765735891206, -7.825200241490508 ], [ 111.98579095521076, -7.825128120048983 ], [ 111.985921490313984, -7.824916164138908 ], [ 111.986076222036274, -7.824963847872232 ], [ 111.986066620238802, -7.824989287594435 ], [ 111.986034347432238, -7.825074786719467 ] ] ], [ [ [ 111.9861882393228, -7.824993544525232 ], [ 111.986188802461825, -7.824993129883169 ], [ 111.986189156327455, -7.824992812504539 ], [ 111.986189717297634, -7.824992246827206 ], [ 111.986190199507348, -7.824991741930967 ], [ 111.986190493379567, -7.82499136680883 ], [ 111.986190946218926, -7.824990713654207 ], [ 111.986191333024578, -7.824990133913006 ], [ 111.986191557861744, -7.824989712826142 ], [ 111.986191889917876, -7.824988991216896 ], [ 111.986192172273547, -7.824988346600624 ], [ 111.986396718660487, -7.825054297285155 ], [ 111.986348205853005, -7.825241063962068 ], [ 111.986084714756714, -7.825156512976779 ], [ 111.986146561334976, -7.824985526453887 ], [ 111.986177651787997, -7.824995097761958 ], [ 111.986178199042925, -7.824995256567628 ], [ 111.986178881443138, -7.82499542048396 ], [ 111.986179564752433, -7.824995585302669 ], [ 111.986180031069537, -7.824995650236416 ], [ 111.986180827511248, -7.824995715303073 ], [ 111.986181528674294, -7.824995758885988 ], [ 111.986182000241712, -7.824995742408507 ], [ 111.986182795449139, -7.824995668195315 ], [ 111.986183492697549, -7.824995589688946 ], [ 111.98618395500435, -7.824995491834097 ], [ 111.98618472540376, -7.824995281109503 ], [ 111.986185397884455, -7.824995083275817 ], [ 111.986185837330964, -7.824994905884301 ], [ 111.986186558452204, -7.824994565940946 ], [ 111.986187186227667, -7.824994255157613 ], [ 111.986187588315772, -7.824994003689903 ], [ 111.9861882393228, -7.824993544525232 ] ] ], [ [ [ 111.986612506413081, -7.824385708038829 ], [ 111.98659034201394, -7.824455596557305 ], [ 111.986457786092402, -7.824413789715668 ], [ 111.986365429709011, -7.824386514454943 ], [ 111.986391149048131, -7.824316122909524 ], [ 111.986479949606235, -7.824343901203657 ], [ 111.986612506413081, -7.824385708038829 ] ] ], [ [ [ 111.986728854630158, -7.824074612233836 ], [ 111.986556561396966, -7.824023086126647 ], [ 111.986504348803066, -7.824007062245726 ], [ 111.9865059522716, -7.824002823037465 ], [ 111.986518935950002, -7.823968497489736 ], [ 111.98652103261125, -7.823962639097829 ], [ 111.986525533037593, -7.823950775077934 ], [ 111.986546492954034, -7.823897060641562 ], [ 111.986565854446056, -7.823846260406837 ], [ 111.986566845958009, -7.823843659652846 ], [ 111.986614689803503, -7.823716921754209 ], [ 111.986654550645412, -7.823611331880397 ], [ 111.986682403197946, -7.8235375500465 ], [ 111.986699302022984, -7.82349278632567 ], [ 111.986727378996122, -7.82341841246649 ], [ 111.986761361391942, -7.823328393483697 ], [ 111.986800671457985, -7.823224259219229 ], [ 111.986812686020727, -7.823192433072498 ], [ 111.986861778172369, -7.823062049185451 ], [ 111.986872831485115, -7.823032196044975 ], [ 111.986890361834313, -7.822984103434874 ], [ 111.986894904378062, -7.822972416583418 ], [ 111.986897285478733, -7.822966804435733 ], [ 111.986912823597308, -7.822925396625514 ], [ 111.986914413457015, -7.822921158352757 ], [ 111.987037712620022, -7.822962894501658 ], [ 111.98725521018342, -7.823057870403187 ], [ 111.987240744565767, -7.823114519025341 ], [ 111.987210671996166, -7.82317674470924 ], [ 111.987210022033878, -7.82317841762155 ], [ 111.9872096461567, -7.823180172196108 ], [ 111.987209552422755, -7.823181964096901 ], [ 111.987209561698364, -7.823182051805198 ], [ 111.98717218735122, -7.823360701411186 ], [ 111.987086289088253, -7.823316695449408 ], [ 111.987006291374584, -7.823583938975598 ], [ 111.986927688963931, -7.823560600304127 ], [ 111.986883820560308, -7.823694000931034 ], [ 111.986999095935843, -7.823734411838241 ], [ 111.986956196158914, -7.823858946762938 ], [ 111.986917758194352, -7.823839893427258 ], [ 111.986879640058689, -7.823957238681193 ], [ 111.986780859504904, -7.823918197380967 ], [ 111.986744769918914, -7.824022722069191 ], [ 111.986728854630158, -7.824074612233836 ] ] ], [ [ [ 111.987273117761589, -7.823041006062915 ], [ 111.987046362732528, -7.822941988202512 ], [ 111.987045562991327, -7.822941675330112 ], [ 111.986922363674751, -7.822899972413374 ], [ 111.986923953536419, -7.822895735045024 ], [ 111.986941616875981, -7.822848664132161 ], [ 111.986945918933245, -7.822836914532505 ], [ 111.986966833655913, -7.822783305105782 ], [ 111.98698046999472, -7.822747710009949 ], [ 111.987010894946991, -7.822667175080347 ], [ 111.987573033690964, -7.822807594743105 ], [ 111.98763627221355, -7.822847349441732 ], [ 111.987621131891274, -7.822860054164142 ], [ 111.987552132314903, -7.822906161705412 ], [ 111.98739928626982, -7.823126589524887 ], [ 111.987278770730526, -7.823057231027428 ], [ 111.987279556146106, -7.823054152309548 ], [ 111.987279857689089, -7.823052412379732 ], [ 111.987279884369855, -7.823050645959919 ], [ 111.987279634478796, -7.823048897371287 ], [ 111.987279114464414, -7.823047209107078 ], [ 111.987278337121509, -7.823045622741308 ], [ 111.987277321582695, -7.823044175310935 ], [ 111.987276092422235, -7.823042903840277 ], [ 111.987274679640947, -7.823041839009803 ], [ 111.987273117761589, -7.823041006062915 ] ] ], [ [ [ 111.98670083988894, -7.822672447503999 ], [ 111.986770878943005, -7.822423819733433 ], [ 111.986662260284206, -7.822388969888731 ], [ 111.98670602417171, -7.822216510683127 ], [ 111.987073145104247, -7.822315567765727 ], [ 111.987024203951293, -7.822446474072263 ], [ 111.986888329762692, -7.822809902635791 ], [ 111.986756250744463, -7.822765884275461 ], [ 111.986774899286274, -7.822694619289907 ], [ 111.98670083988894, -7.822672447503999 ] ] ], [ [ [ 111.987462535770121, -7.822349835818487 ], [ 111.987444111824729, -7.822417053861373 ], [ 111.987411928492492, -7.822506866074401 ], [ 111.987114163350611, -7.822393719763705 ], [ 111.987125309902694, -7.822364191093428 ], [ 111.98714605452534, -7.822309227219605 ], [ 111.987171902390799, -7.822240748226547 ], [ 111.987462535770121, -7.822349835818487 ] ] ], [ [ [ 111.986771057745926, -7.822201264572812 ], [ 111.986718544107362, -7.822187095481866 ], [ 111.986774591326252, -7.821993385942545 ], [ 111.986914820890135, -7.822033260153009 ], [ 111.986938624987062, -7.821951843512821 ], [ 111.986996033475762, -7.82196917750273 ], [ 111.987123748888536, -7.822007741437703 ], [ 111.987185062674754, -7.822026254692179 ], [ 111.98714977372353, -7.822119813983267 ], [ 111.987135871026226, -7.822156672292622 ], [ 111.987120377890804, -7.822198293447316 ], [ 111.987102890944371, -7.822246309987629 ], [ 111.987098442199439, -7.822258155800871 ], [ 111.987096146744463, -7.822263933260004 ], [ 111.987093766541435, -7.822269539075042 ], [ 111.987091261483698, -7.822274887418674 ], [ 111.987088572340468, -7.822279859044222 ], [ 111.987085619835071, -7.82228429495693 ], [ 111.987084281978369, -7.822285779546706 ], [ 111.986771057745926, -7.822201264572812 ] ] ], [ [ [ 111.990413062580856, -7.828015018254361 ], [ 111.990425589672256, -7.828014049134932 ], [ 111.990483091983947, -7.828010798341921 ], [ 111.99054020884769, -7.82800716496726 ], [ 111.990609975009249, -7.828002466303407 ], [ 111.990654796119387, -7.827999447862149 ], [ 111.990620512774726, -7.828360390329413 ], [ 111.990350209476219, -7.828342542126456 ], [ 111.990351881096302, -7.828332224965142 ], [ 111.990366522354719, -7.828241789006437 ], [ 111.990366653672766, -7.828240556861898 ], [ 111.990370262665209, -7.82816922670144 ], [ 111.990371071980462, -7.828153230828348 ], [ 111.990372930634095, -7.828116495677998 ], [ 111.990379077399837, -7.82801757348273 ], [ 111.990383640391173, -7.828017263401879 ], [ 111.990406973120045, -7.828015674699443 ], [ 111.990413062580856, -7.828015018254361 ] ] ], [ [ [ 111.990469997466008, -7.827948526399874 ], [ 111.990419580963675, -7.827952109662828 ], [ 111.990362385424163, -7.827956606033082 ], [ 111.990349810921501, -7.827957468538791 ], [ 111.990299901564427, -7.827960739472402 ], [ 111.990299998474669, -7.827959530923886 ], [ 111.990308616773902, -7.827851816368832 ], [ 111.990358242329535, -7.827635762225472 ], [ 111.990642750902936, -7.827640698009858 ], [ 111.990642700044134, -7.827619161799322 ], [ 111.990807377333496, -7.827629437367834 ], [ 111.990864456715812, -7.827632998798411 ], [ 111.990875679725676, -7.8275080586544 ], [ 111.991012217229908, -7.827512516919525 ], [ 111.991085923109026, -7.827515142063863 ], [ 111.991083004923468, -7.827592447078498 ], [ 111.99115251999018, -7.827594363937133 ], [ 111.991186976857463, -7.82759531583317 ], [ 111.991221432811216, -7.827596265015226 ], [ 111.991217576591623, -7.82767536843301 ], [ 111.991216849935995, -7.827697930283466 ], [ 111.991276927583641, -7.827699921753174 ], [ 111.991267316657442, -7.827897153845978 ], [ 111.991162933607313, -7.827903412706237 ], [ 111.991097259607756, -7.827907350260919 ], [ 111.990947193198451, -7.827916347398457 ], [ 111.990896912112632, -7.827919659974325 ], [ 111.990688554166226, -7.827933748432421 ], [ 111.990604296566985, -7.827939445265592 ], [ 111.990520293773628, -7.827945125204026 ], [ 111.990469997466008, -7.827948526399874 ] ] ], [ [ [ 111.993075917539642, -7.82779342125464 ], [ 111.993054611619272, -7.827794525077451 ], [ 111.993001510498544, -7.827797275652415 ], [ 111.992942803364983, -7.827800316173371 ], [ 111.992795438376319, -7.82780794823995 ], [ 111.992785984696852, -7.827808438986015 ], [ 111.992839846426719, -7.82752352400635 ], [ 111.993093325860798, -7.827545018050079 ], [ 111.993075917539642, -7.82779342125464 ] ] ], [ [ [ 111.990724947688264, -7.827015870000663 ], [ 111.990486359470708, -7.827010480910296 ], [ 111.990490139118833, -7.826989154576801 ], [ 111.990532341262039, -7.826804604748518 ], [ 111.990615925053362, -7.826808240562818 ], [ 111.990763021858768, -7.826814639471843 ], [ 111.99081806320487, -7.826817033565353 ], [ 111.990814704791504, -7.826919939561608 ], [ 111.99072591586426, -7.82691775496493 ], [ 111.990724947688264, -7.827015870000663 ] ] ], [ [ [ 111.990779180646584, -7.825550640867569 ], [ 111.990728131304323, -7.825750848199364 ], [ 111.990709351094438, -7.82582677413061 ], [ 111.990498903233103, -7.825781510315087 ], [ 111.990555593297699, -7.825491181203843 ], [ 111.990657140990635, -7.825509245778595 ], [ 111.990735252721066, -7.825523141661912 ], [ 111.990744025559792, -7.825524702913549 ], [ 111.990746791965265, -7.825525194759591 ], [ 111.990782733470482, -7.825531588807755 ], [ 111.990781909591433, -7.82553603602495 ], [ 111.990779405872772, -7.8255496183307 ], [ 111.990779297342996, -7.825550130493969 ], [ 111.990779180646584, -7.825550640867569 ] ] ] ] } },
{ "type": "Feature", "properties": { "OBJECTID": 1, "Name": "Halte Semeru", "REMARK": "Halte", "type": "lines", "start": "608654.7414, 9134550.954", "NAMZON": "AREA PUBLIK", "LUAS": 46799.663 }, "geometry": { "type": "MultiPolygon", "coordinates": [ [ [ [ 111.989969644115746, -7.832184955976779 ], [ 111.989937424533977, -7.832178070946973 ], [ 111.989896448956031, -7.832290091231128 ], [ 111.989832901939025, -7.832266975424091 ], [ 111.989837602776674, -7.832252053427164 ], [ 111.989882913185014, -7.832095766135605 ], [ 111.989890547382416, -7.832069433766797 ], [ 111.989899938298194, -7.832070740326952 ], [ 111.989900773835046, -7.832070840565864 ], [ 111.98998737404429, -7.832081282377827 ], [ 111.989991760464918, -7.832082032500145 ], [ 111.989969644115746, -7.832184955976779 ] ] ], [ [ [ 111.987756024760984, -7.833448001500426 ], [ 111.987603624462167, -7.83339108288189 ], [ 111.987680270969065, -7.833168188637476 ], [ 111.987819974623648, -7.833218064006267 ], [ 111.987756024760984, -7.833448001500426 ] ] ], [ [ [ 111.984010761291898, -7.831819985548633 ], [ 111.983973776527378, -7.83168734341259 ], [ 111.984015807474208, -7.831550178943139 ], [ 111.984038111761322, -7.831477391449156 ], [ 111.98410722701351, -7.8312518390052 ], [ 111.984118233784741, -7.831215919067466 ], [ 111.984306602030955, -7.831263616918033 ], [ 111.984445979543452, -7.831298908999719 ], [ 111.98444706476397, -7.831292172960095 ], [ 111.984447142532048, -7.831291688906707 ], [ 111.984448200049258, -7.83128512839181 ], [ 111.984602467109255, -7.831408929667401 ], [ 111.984609862127371, -7.831431998056083 ], [ 111.984612643330351, -7.831471603023258 ], [ 111.984574842041809, -7.831561744812809 ], [ 111.98457453373365, -7.8315625405296 ], [ 111.98451261296492, -7.831738407461856 ], [ 111.984505019770495, -7.831758016121656 ], [ 111.984479953112597, -7.831822745250547 ], [ 111.984479320291541, -7.831824774467592 ], [ 111.984479180732208, -7.831825594209992 ], [ 111.984470515720417, -7.831822113382578 ], [ 111.984415046025546, -7.831799828336037 ], [ 111.984349091027966, -7.831980321806579 ], [ 111.983995215285745, -7.831859774811464 ], [ 111.984010761291898, -7.831819985548633 ] ] ], [ [ [ 111.983226523479516, -7.829625031517217 ], [ 111.983186916781634, -7.82958390013305 ], [ 111.98322319414946, -7.829549160731325 ], [ 111.983157538806978, -7.829462647616979 ], [ 111.983174295113429, -7.829450001488515 ], [ 111.983252472827871, -7.829438498318988 ], [ 111.983492651526745, -7.829403158277426 ], [ 111.983498878588335, -7.829386131359319 ], [ 111.983590469482039, -7.829135677258003 ], [ 111.983606717008541, -7.829089107161037 ], [ 111.98373498629384, -7.828721436115782 ], [ 111.983739878107755, -7.828707413220961 ], [ 111.983803541473023, -7.828540958385926 ], [ 111.983848626473659, -7.828426873790589 ], [ 111.983989185749962, -7.828416590794776 ], [ 111.983955231772882, -7.828539210800582 ], [ 111.983865777394584, -7.828886085238371 ], [ 111.983724302781297, -7.829442706099803 ], [ 111.983723870775279, -7.829445284743119 ], [ 111.983723870559743, -7.829447899460994 ], [ 111.983724301967143, -7.829450478803582 ], [ 111.983725153039629, -7.829452951348548 ], [ 111.98374864852623, -7.82950637931433 ], [ 111.983749474927038, -7.829507999940367 ], [ 111.983779097779561, -7.829558350293748 ], [ 111.983780131687496, -7.82955989265432 ], [ 111.98381543664388, -7.829606412134953 ], [ 111.98381595785051, -7.829607063015585 ], [ 111.983816643470078, -7.829607822949129 ], [ 111.983857163842416, -7.829649903960498 ], [ 111.983858483595142, -7.829651126388909 ], [ 111.983903707502691, -7.829688227463643 ], [ 111.983905209247283, -7.82968932013326 ], [ 111.983954427902646, -7.829720857755193 ], [ 111.983955103632013, -7.829721267695766 ], [ 111.983956048028048, -7.829721767452829 ], [ 111.984008628358339, -7.829747345147146 ], [ 111.984010268823653, -7.829748033210877 ], [ 111.984065564321028, -7.829767326889171 ], [ 111.984067352199773, -7.829767836435276 ], [ 111.984124453355861, -7.829780528049744 ], [ 111.984125187416907, -7.829780673759335 ], [ 111.984126289710744, -7.82978082494061 ], [ 111.984184486946972, -7.829786767819774 ], [ 111.984186242983824, -7.82978684873826 ], [ 111.984244841381098, -7.829785959487195 ], [ 111.984246696669857, -7.829785822205296 ], [ 111.984304685011807, -7.829778114037724 ], [ 111.98430538129179, -7.829778005689373 ], [ 111.984306511680089, -7.82977776156722 ], [ 111.984363197305356, -7.829763340110346 ], [ 111.984364853982854, -7.82976282071623 ], [ 111.98441957518321, -7.8297418412693 ], [ 111.984421269372447, -7.829741074877125 ], [ 111.984473042985769, -7.829713910554027 ], [ 111.984473619963794, -7.829713592655391 ], [ 111.984474635147322, -7.82971295265998 ], [ 111.984522866085101, -7.829679934065023 ], [ 111.984524224963138, -7.829678891698687 ], [ 111.984568360829613, -7.829640377374108 ], [ 111.984570035592867, -7.829638676747156 ], [ 111.984571436819252, -7.82963674341502 ], [ 111.984572530153329, -7.829634623584016 ], [ 111.984573292122946, -7.829632363435073 ], [ 111.984815541436461, -7.828681304442235 ], [ 111.984899034489374, -7.828376116488973 ], [ 111.98490274828832, -7.828362542222061 ], [ 111.984908446676741, -7.828341714288153 ], [ 111.985154473690628, -7.828322727262974 ], [ 111.984874106279705, -7.829421267235078 ], [ 111.984871206055075, -7.829433318345643 ], [ 111.984747122198669, -7.829949253549088 ], [ 111.984739976160242, -7.829975041157716 ], [ 111.984716983966834, -7.83005799520102 ], [ 111.984716813230179, -7.830058669402495 ], [ 111.984701627104442, -7.830124623578175 ], [ 111.984390990628654, -7.830049631494393 ], [ 111.984019889253645, -7.829960041618688 ], [ 111.983375426622885, -7.829804457509627 ], [ 111.983192164260615, -7.829760214601387 ], [ 111.983226523479516, -7.829625031517217 ] ] ], [ [ [ 111.99113896840818, -7.826069024863875 ], [ 111.991100410766876, -7.826065980506934 ], [ 111.99111084035215, -7.825934597244668 ], [ 111.991174026182421, -7.825945557888637 ], [ 111.99113896840818, -7.826069024863875 ] ] ], [ [ [ 111.991057263009324, -7.826412146211275 ], [ 111.991070243892338, -7.826415098261758 ], [ 111.991052306195456, -7.826493538629681 ], [ 111.990938441830593, -7.826487154177126 ], [ 111.990945398666057, -7.826409088088221 ], [ 111.990843975932066, -7.82640025214047 ], [ 111.990860501043585, -7.826211619402199 ], [ 111.990648913724158, -7.826193183813016 ], [ 111.990656559111287, -7.826166259917586 ], [ 111.99065702682465, -7.826164610944508 ], [ 111.990863047111745, -7.826182559455378 ], [ 111.991103713970162, -7.826201561250135 ], [ 111.991057263009324, -7.826412146211275 ] ] ], [ [ [ 111.985769262289665, -7.827163149918131 ], [ 111.985795324473173, -7.827174189664854 ], [ 111.985873457698773, -7.827056718198338 ], [ 111.985912218553736, -7.826952901438156 ], [ 111.985915168506125, -7.826941968959266 ], [ 111.986044023263872, -7.826993830007123 ], [ 111.986002509910307, -7.827120002292435 ], [ 111.98600181643414, -7.827119757907544 ], [ 111.985943185801347, -7.827294690198459 ], [ 111.985662471861659, -7.827192908303487 ], [ 111.98537225882464, -7.827087681700599 ], [ 111.98537866011705, -7.827070740280563 ], [ 111.985405272957365, -7.827000299646023 ], [ 111.985491701991833, -7.826771533009709 ], [ 111.985787803699296, -7.82689070752839 ], [ 111.985861317471105, -7.826920295151981 ], [ 111.985769262289665, -7.827163149918131 ] ] ], [ [ [ 111.985476978059239, -7.833566767400578 ], [ 111.985475546374644, -7.833571950435114 ], [ 111.985474689040515, -7.833576853561524 ], [ 111.985474627832033, -7.833580522988959 ], [ 111.9854448635582, -7.833611826262817 ], [ 111.985438916030446, -7.833610014117567 ], [ 111.985336775092236, -7.833574212152698 ], [ 111.985265847140582, -7.833550827421732 ], [ 111.985266423679008, -7.833549549014725 ], [ 111.985271522681728, -7.833539177720639 ], [ 111.98527780425384, -7.833531851601372 ], [ 111.98532433672554, -7.833477582670277 ], [ 111.985342809277768, -7.833438883119602 ], [ 111.985349008710799, -7.833441371193533 ], [ 111.985503846562679, -7.833503504618806 ], [ 111.985487368399546, -7.833542969184473 ], [ 111.985476978059239, -7.833566767400578 ] ] ], [ [ [ 111.987777513813953, -7.831699850001245 ], [ 111.987788544030906, -7.831702503991544 ], [ 111.987822847045621, -7.831710754347266 ], [ 111.98789683525483, -7.831728554769738 ], [ 111.987897552087915, -7.831728700512536 ], [ 111.98789826972137, -7.831728801031829 ], [ 111.987909352749597, -7.83173000328112 ], [ 111.987953489814458, -7.831734789217102 ], [ 111.987877929163361, -7.831892214500499 ], [ 111.98773862306858, -7.831847350030068 ], [ 111.987777513813953, -7.831699850001245 ] ] ], [ [ [ 111.984683153782541, -7.83195533815178 ], [ 111.984682267351118, -7.831957123764413 ], [ 111.984535927841662, -7.831894791929208 ], [ 111.984514187963711, -7.831881154099992 ], [ 111.984508004597743, -7.831855370485699 ], [ 111.984510337172594, -7.831832153664014 ], [ 111.984542312795654, -7.831749583829623 ], [ 111.98454245789631, -7.831749192775629 ], [ 111.984604306579556, -7.83157353131508 ], [ 111.984636158939907, -7.831497575885234 ], [ 111.984787025592382, -7.831568698166826 ], [ 111.984891559348455, -7.831617978937719 ], [ 111.984937907727996, -7.831639828491646 ], [ 111.984803184344528, -7.83196740420431 ], [ 111.984707945918004, -7.831928970284408 ], [ 111.984706148847224, -7.831928412828763 ], [ 111.984704284469316, -7.831928159419892 ], [ 111.984702403592308, -7.831928218079007 ], [ 111.984700558810516, -7.831928585065508 ], [ 111.984698799079879, -7.831929252125176 ], [ 111.984697175142571, -7.83193019924197 ], [ 111.984695730474627, -7.831931401894613 ], [ 111.984694505809998, -7.831932826523969 ], [ 111.984693533705212, -7.831934433258951 ], [ 111.984683153782541, -7.83195533815178 ] ] ], [ [ [ 111.983896533906886, -7.828893916428492 ], [ 111.983985903767191, -7.828547365971585 ], [ 111.984022796721817, -7.828414131006994 ], [ 111.984031099265536, -7.828413523754967 ], [ 111.984073214995291, -7.828410442672768 ], [ 111.984163394731908, -7.828402968754404 ], [ 111.984266528526319, -7.828394420871447 ], [ 111.984382343438469, -7.82838482135794 ], [ 111.984553866429337, -7.828370604884372 ], [ 111.984624030179518, -7.828364789292313 ], [ 111.984661420680055, -7.828361690241366 ], [ 111.984733827765936, -7.82835568941201 ], [ 111.984767089758577, -7.828352932822192 ], [ 111.984809392953395, -7.828349358313996 ], [ 111.984874834225081, -7.828344308004819 ], [ 111.984869144825709, -7.828365102453452 ], [ 111.984853146823653, -7.828423625892305 ], [ 111.984784845152689, -7.828673241643727 ], [ 111.984543741553352, -7.829619797492168 ], [ 111.98450413295572, -7.829654362437985 ], [ 111.984457438636227, -7.829686329205267 ], [ 111.984407312726503, -7.829712627754922 ], [ 111.984354448194424, -7.829732897408062 ], [ 111.9842995672238, -7.829746859721115 ], [ 111.984243425757327, -7.829754322093287 ], [ 111.984186794461493, -7.829755182333044 ], [ 111.984130450565871, -7.829749429581729 ], [ 111.984075168787285, -7.829737141621457 ], [ 111.984021707731827, -7.82971848762011 ], [ 111.98397080353763, -7.829693724528428 ], [ 111.98392315353702, -7.829663191691544 ], [ 111.983879414436217, -7.82962730813983 ], [ 111.983840185072651, -7.829586568106913 ], [ 111.983806005484638, -7.829541531082958 ], [ 111.983777345104301, -7.82949281460671 ], [ 111.983756411802773, -7.829445215166744 ], [ 111.983896533906886, -7.828893916428492 ] ] ], [ [ [ 111.985125479807976, -7.827738508501413 ], [ 111.985129053781634, -7.827729120277307 ], [ 111.985144078904497, -7.82768965732355 ], [ 111.985363543870207, -7.827762534035444 ], [ 111.985333955374088, -7.827851146258902 ], [ 111.985212415708801, -7.827810787640408 ], [ 111.985110807123476, -7.827777046300951 ], [ 111.985118249834528, -7.8277575003962 ], [ 111.985125479807976, -7.827738508501413 ] ] ], [ [ [ 111.98367127808541, -7.827217766645107 ], [ 111.983683100090786, -7.827142359959512 ], [ 111.983684254170029, -7.82712321312124 ], [ 111.983684812547935, -7.827058879453348 ], [ 111.983685198745405, -7.827014330673057 ], [ 111.983796772144757, -7.82702161255999 ], [ 111.983792307841696, -7.827083345139634 ], [ 111.983793568449059, -7.827252334717655 ], [ 111.983730396371556, -7.827255406074094 ], [ 111.983730138497791, -7.827247541720563 ], [ 111.98367127808541, -7.827217766645107 ] ] ], [ [ [ 111.984839474474086, -7.826780955458617 ], [ 111.984781891447412, -7.826781876739339 ], [ 111.9846785076614, -7.826764108079606 ], [ 111.984589162524543, -7.826743304814408 ], [ 111.984663812942998, -7.826487989914707 ], [ 111.984904383708269, -7.826561352214734 ], [ 111.984911014246734, -7.826538906787921 ], [ 111.984920431389867, -7.826541781702583 ], [ 111.985418407423239, -7.826693792727946 ], [ 111.985413202232266, -7.826707964692875 ], [ 111.985355993790847, -7.826863730475186 ], [ 111.985246628796233, -7.827161505557688 ], [ 111.985222680693127, -7.827227003565971 ], [ 111.984703669603803, -7.827143859819949 ], [ 111.984764877776797, -7.826845072133683 ], [ 111.984816739403229, -7.826857873611664 ], [ 111.984839474474086, -7.826780955458617 ] ], [ [ 111.984929057229792, -7.826794606216425 ], [ 111.984923946018512, -7.826814550865562 ], [ 111.984924485608971, -7.826833927542275 ], [ 111.984938320621154, -7.826797429031759 ], [ 111.984929057229792, -7.826794606216425 ] ] ], [ [ [ 111.98309199511155, -7.825892043099748 ], [ 111.982720199341443, -7.825792780277748 ], [ 111.98275110653563, -7.825670664874361 ], [ 111.982841416478408, -7.825696158524768 ], [ 111.983121623197164, -7.825775253255721 ], [ 111.983093906520068, -7.825884511042964 ], [ 111.98309199511155, -7.825892043099748 ] ] ], [ [ [ 111.984364224433094, -7.825181160349723 ], [ 111.984259296687796, -7.825147600109488 ], [ 111.984302708295985, -7.825028223047738 ], [ 111.984405032191717, -7.82507105799032 ], [ 111.984364224433094, -7.825181160349723 ] ] ], [ [ [ 111.983913791891169, -7.824624863617789 ], [ 111.983918049076848, -7.824626425597148 ], [ 111.984055702316454, -7.82467692473728 ], [ 111.984093488088703, -7.82469168560963 ], [ 111.983999459392749, -7.824910808583819 ], [ 111.983839984534512, -7.824842223704527 ], [ 111.983897731236141, -7.824672163153187 ], [ 111.983912337238237, -7.824629148598679 ], [ 111.983913791891169, -7.824624863617789 ] ] ], [ [ [ 111.986148730809163, -7.824771757716575 ], [ 111.986146909233071, -7.824776582602079 ], [ 111.986130329392509, -7.824820506252262 ], [ 111.985994633224408, -7.824756163616836 ], [ 111.986016982406483, -7.824709287986034 ], [ 111.986047060481681, -7.824646203132177 ], [ 111.986173494656512, -7.824706151957977 ], [ 111.986148730809163, -7.824771757716575 ] ] ], [ [ [ 111.985967889914491, -7.824206628301829 ], [ 111.98630789620907, -7.8243500872239 ], [ 111.98625845331037, -7.824481076963723 ], [ 111.986247532884633, -7.824510004550503 ], [ 111.985895538231034, -7.824358272714967 ], [ 111.985967889914491, -7.824206628301829 ] ] ], [ [ [ 111.982985389847556, -7.82442462948651 ], [ 111.982861465931535, -7.824379929784124 ], [ 111.98290657296323, -7.824254357119321 ], [ 111.983028978212161, -7.824298488748118 ], [ 111.982985389847556, -7.82442462948651 ] ] ], [ [ [ 111.987414157584524, -7.822593555271619 ], [ 111.987080967965525, -7.822481668481656 ], [ 111.987094313722167, -7.822446311024994 ], [ 111.987114163350611, -7.822393719763705 ], [ 111.987411928492492, -7.822506866074401 ], [ 111.98743846478466, -7.822521709049252 ], [ 111.987414157584524, -7.822593555271619 ] ] ], [ [ [ 111.990183239449877, -7.827454475407135 ], [ 111.990357027676552, -7.827499275454094 ], [ 111.990334755425337, -7.827596238524722 ], [ 111.990277416707329, -7.827845873337705 ], [ 111.990277250863059, -7.827846694951214 ], [ 111.99027706655653, -7.82784814790151 ], [ 111.990267954912042, -7.82796202550955 ], [ 111.990267889716193, -7.827962837842447 ], [ 111.990217997599089, -7.827966113248192 ], [ 111.990205426620577, -7.827966932328653 ], [ 111.990167151644698, -7.827969116844383 ], [ 111.990122527275062, -7.827972110352341 ], [ 111.990110122668099, -7.827972715593561 ], [ 111.990104123517895, -7.827972825545367 ], [ 111.990098349680082, -7.827972717000129 ], [ 111.990092902492307, -7.82797228842358 ], [ 111.990088410353948, -7.827971493119125 ], [ 111.990087918588003, -7.827971406543544 ], [ 111.990084042751121, -7.827970049949041 ], [ 111.990086088672342, -7.827956543786829 ], [ 111.990094592082229, -7.827900418296494 ], [ 111.990102451617574, -7.827848542434241 ], [ 111.990109828916985, -7.827799849495491 ], [ 111.990120704195576, -7.827728065434146 ], [ 111.990132493917045, -7.827650239429809 ], [ 111.990183239449877, -7.827454475407135 ] ] ], [ [ [ 111.990653453788681, -7.827509011119528 ], [ 111.990698103253195, -7.827513596641255 ], [ 111.990816392263326, -7.827525742989549 ], [ 111.990807377333496, -7.827629437367834 ], [ 111.990642700044134, -7.827619161799322 ], [ 111.990653453788681, -7.827509011119528 ] ] ], [ [ [ 111.99098793442424, -7.825602891650991 ], [ 111.99108317492832, -7.825621556098695 ], [ 111.991194849847403, -7.825642073082604 ], [ 111.991160203668613, -7.825792424902295 ], [ 111.990957110050147, -7.825755570633699 ], [ 111.99098793442424, -7.825602891650991 ] ] ], [ [ [ 111.988648868263212, -7.824684604390732 ], [ 111.988719639878454, -7.824708455775652 ], [ 111.988827747737488, -7.824748685753391 ], [ 111.988783183396663, -7.824938682095754 ], [ 111.988596849164836, -7.824885515695923 ], [ 111.988648868263212, -7.824684604390732 ] ] ], [ [ [ 111.988671396244939, -7.82466833151747 ], [ 111.988762303819371, -7.824303500199767 ], [ 111.988877101563205, -7.824324678914107 ], [ 111.988800285566299, -7.824714335548894 ], [ 111.988727205183054, -7.824687142283479 ], [ 111.988671396244939, -7.82466833151747 ] ] ] ] } },
{ "type": "Feature", "properties": { "OBJECTID": 2, "Name": "Halte Ahmad Dahlan", "REMARK": "Halte", "type": "lines", "start": "610536.0432, 9137432.3223", "NAMZON": "AREA PERUMAHAN", "LUAS": 609866.806 }, "geometry": { "type": "MultiPolygon", "coordinates": [ [ [ [ 111.996358996651594, -7.803183719046221 ], [ 111.9964259242184, -7.803132626696651 ], [ 111.996439502947098, -7.803122260686592 ], [ 111.996453081675114, -7.803111894676197 ], [ 111.996492292510382, -7.803081960620601 ], [ 111.996619210112229, -7.802985071148828 ], [ 111.996693062946292, -7.802928692214112 ], [ 111.996715876091315, -7.802911276109298 ], [ 111.996739435779602, -7.802893169972674 ], [ 111.996750799214695, -7.802884437149116 ], [ 111.996757654228915, -7.802879024259686 ], [ 111.996776942662507, -7.802909234757755 ], [ 111.99679578035969, -7.802960878622236 ], [ 111.996807433763223, -7.803018282548571 ], [ 111.996833487284917, -7.803077087880451 ], [ 111.996855198448841, -7.803125854305764 ], [ 111.996864057552344, -7.803219158971363 ], [ 111.99686614512045, -7.803292628231044 ], [ 111.996609905535323, -7.803247407063115 ], [ 111.996602345767499, -7.803297199337961 ], [ 111.996542816342156, -7.803287767053855 ], [ 111.996524655454593, -7.803399533638487 ], [ 111.996358996651594, -7.803183719046221 ] ] ], [ [ [ 111.996180424000926, -7.802951080381717 ], [ 111.996384166186871, -7.802776573557579 ], [ 111.996415816842543, -7.802767166198579 ], [ 111.996453217681136, -7.802754156512606 ], [ 111.996476931674792, -7.802736871250391 ], [ 111.996504245069019, -7.802719577510239 ], [ 111.996527970050352, -7.802707317239888 ], [ 111.996560330557458, -7.802693600393201 ], [ 111.996589093362743, -7.802680611040705 ], [ 111.996618560926862, -7.802661158769716 ], [ 111.996725338137153, -7.802828406112523 ], [ 111.996713953546049, -7.802837395843595 ], [ 111.996681872866304, -7.802862050234719 ], [ 111.996679048528918, -7.802864221191468 ], [ 111.996645619542932, -7.802889740679265 ], [ 111.99658875006385, -7.802933154377572 ], [ 111.99654993936808, -7.80296278270396 ], [ 111.996452904001401, -7.80303685895413 ], [ 111.99643932527556, -7.80304722496425 ], [ 111.996425746549036, -7.803057590974018 ], [ 111.996405650938371, -7.803072932231552 ], [ 111.99634386319282, -7.803120100926153 ], [ 111.996322614527315, -7.803136321623209 ], [ 111.996180424000926, -7.802951080381717 ] ] ], [ [ [ 111.998198409082377, -7.801964027258617 ], [ 111.998197548064013, -7.801970249693711 ], [ 111.998341836597575, -7.801990738945718 ], [ 111.998248941275889, -7.802408209069648 ], [ 111.998245569256994, -7.802407730440817 ], [ 111.998243218732199, -7.802407396824362 ], [ 111.998118772451207, -7.802389729294386 ], [ 111.998010381687592, -7.80237361565767 ], [ 111.998033076234847, -7.802311579673977 ], [ 111.998082059980931, -7.802165237564848 ], [ 111.998041005651729, -7.802151569861729 ], [ 111.998070169880833, -7.802076147512316 ], [ 111.997932065046754, -7.802019041858892 ], [ 111.997901486292449, -7.802097240522468 ], [ 111.997823920104253, -7.802082092422685 ], [ 111.997748722886868, -7.802067407217596 ], [ 111.997731001432612, -7.802157661468614 ], [ 111.997702735679496, -7.802327883234238 ], [ 111.997581582413957, -7.802309874041121 ], [ 111.997534287146323, -7.80230548780177 ], [ 111.997486820568852, -7.802307262040563 ], [ 111.997439986104595, -7.802315165922125 ], [ 111.997394577865848, -7.802329066432606 ], [ 111.997351362514522, -7.802348727518043 ], [ 111.997345947229491, -7.802351285350695 ], [ 111.997335279860522, -7.802356767830162 ], [ 111.997319506262045, -7.802365492972076 ], [ 111.997298701037337, -7.8023775618964 ], [ 111.997292170882147, -7.802381519702048 ], [ 111.997288425392611, -7.802383789607264 ], [ 111.997278325392259, -7.802390277380072 ], [ 111.997269490664664, -7.802396454664137 ], [ 111.997259361511794, -7.802404035058049 ], [ 111.997239432611337, -7.802419666277489 ], [ 111.997175868511036, -7.802470294184804 ], [ 111.997115582941348, -7.802518311405866 ], [ 111.997105242181149, -7.802526531728192 ], [ 111.996933257276837, -7.802663247403986 ], [ 111.996872548707699, -7.802711506172152 ], [ 111.996831163898747, -7.802744403771875 ], [ 111.996722563161356, -7.802600228271412 ], [ 111.996736703295923, -7.802590274257245 ], [ 111.99685184150465, -7.802509215611917 ], [ 111.996949641769675, -7.802440364197794 ], [ 111.997001430944351, -7.80240850206996 ], [ 111.997080224911869, -7.802360026119842 ], [ 111.997085646053748, -7.802356111629892 ], [ 111.997091221937296, -7.802350524482083 ], [ 111.997091958565875, -7.802349477223944 ], [ 111.997095580257422, -7.802344332425516 ], [ 111.997150607500004, -7.802250298387941 ], [ 111.997153091372553, -7.802246054370549 ], [ 111.997162468666176, -7.802230031077789 ], [ 111.997179417697325, -7.802201067430201 ], [ 111.997180773439226, -7.802198750700577 ], [ 111.997212349837255, -7.802175637715329 ], [ 111.997235876195418, -7.802158417979232 ], [ 111.997250948742661, -7.802147385480636 ], [ 111.997251548890247, -7.802146914666551 ], [ 111.997252421191448, -7.802146098622813 ], [ 111.997300961350945, -7.802095654445495 ], [ 111.997302168509009, -7.802094164715782 ], [ 111.997303106800558, -7.802092493829087 ], [ 111.997336419771159, -7.802019207047135 ], [ 111.997336806506866, -7.802018229350101 ], [ 111.997356533140731, -7.801958582658066 ], [ 111.997375835633548, -7.801900204073235 ], [ 111.997387598692711, -7.801867629492182 ], [ 111.997389946619009, -7.801861127429921 ], [ 111.99741253931181, -7.80179855628702 ], [ 111.997821158494261, -7.80189803276481 ], [ 111.997852504183555, -7.801953592208552 ], [ 111.997908323513073, -7.801975707772781 ], [ 111.997951692669986, -7.801973133688699 ], [ 111.998007457228411, -7.801971765819622 ], [ 111.998079323662424, -7.801966652703771 ], [ 111.998110877848077, -7.801964797455183 ], [ 111.998144996335597, -7.801962790542392 ], [ 111.998153158268607, -7.801957799681204 ], [ 111.998198409082377, -7.801964027258617 ] ] ], [ [ [ 111.998692551564531, -7.802039802726017 ], [ 111.998692712399333, -7.802038674973552 ], [ 111.99876844475456, -7.802049415516926 ], [ 111.998768448412008, -7.802049389912901 ], [ 111.99881384189257, -7.802055830397287 ], [ 111.99886506513954, -7.801853844090333 ], [ 111.998571389426317, -7.801817636537795 ], [ 111.998576744650293, -7.801795746493957 ], [ 111.998689517920965, -7.801393210377309 ], [ 111.999403310944757, -7.801482629523859 ], [ 111.999297976835265, -7.801909324513682 ], [ 111.998907475842287, -7.801818929732121 ], [ 111.998898548805073, -7.801848863039852 ], [ 111.999123759456793, -7.801901686449647 ], [ 111.999116658465141, -7.801944810186958 ], [ 111.999109830521959, -7.801980326113683 ], [ 111.999110779550776, -7.801980507472432 ], [ 111.999107675604719, -7.801999357708234 ], [ 111.999268213572648, -7.802029893890221 ], [ 111.999190873934793, -7.802343189475611 ], [ 111.999038926610226, -7.80231794562227 ], [ 111.999012811362007, -7.802431900417266 ], [ 111.999012170459451, -7.802434685767812 ], [ 111.99899483254498, -7.802514097723231 ], [ 111.998919815305655, -7.802503447885898 ], [ 111.99899062689947, -7.802185726980703 ], [ 111.999065026908269, -7.802192730701044 ], [ 111.999081397146881, -7.802013218649247 ], [ 111.998939709883373, -7.801963300263133 ], [ 111.998815690925539, -7.802488666566432 ], [ 111.998420936934309, -7.802432626285145 ], [ 111.998522820665571, -7.802016166399853 ], [ 111.998692551564531, -7.802039802726017 ] ] ], [ [ [ 111.999089164989357, -7.800970160343629 ], [ 111.999102233062899, -7.800918629584572 ], [ 111.999102282971251, -7.800918642219227 ], [ 111.999188956133835, -7.800577030049409 ], [ 111.999121181055955, -7.800563289013104 ], [ 111.999157606853856, -7.800446383981174 ], [ 111.998878633629928, -7.800359928591261 ], [ 111.998897765752858, -7.800269226920014 ], [ 111.99885602223533, -7.800260470151718 ], [ 111.998896599271319, -7.800068088798248 ], [ 111.999404301817492, -7.800171922771978 ], [ 111.999557671275937, -7.800203289844245 ], [ 111.999529903222538, -7.800324598858851 ], [ 111.999695402896123, -7.8003638817445 ], [ 111.999605051405169, -7.80070983903506 ], [ 111.999411297922549, -7.801451726167599 ], [ 111.998769996228987, -7.801371389183155 ], [ 111.998833721677343, -7.801166869098118 ], [ 111.998924362075186, -7.801194959324195 ], [ 111.998997911661959, -7.800958909661985 ], [ 111.999089164989357, -7.800970160343629 ] ] ], [ [ [ 111.999399647940095, -7.799696818630895 ], [ 111.999401541843227, -7.799688368043484 ], [ 111.99941010574905, -7.799690276974277 ], [ 111.999499385666326, -7.799325536589729 ], [ 111.999233445788747, -7.799238391242188 ], [ 111.999123603921547, -7.799214742426415 ], [ 111.999032594880219, -7.799199196518744 ], [ 111.999006051309067, -7.799249629442054 ], [ 111.998850188238166, -7.799168038269312 ], [ 111.998831480153967, -7.799164842560016 ], [ 111.998676454603327, -7.799215117426288 ], [ 111.998680239977588, -7.799186841695178 ], [ 111.998685657794169, -7.799146373722113 ], [ 111.998696937986395, -7.799060548278468 ], [ 111.99893493089094, -7.79910669516616 ], [ 111.999006781519014, -7.798738525394532 ], [ 111.999131291923263, -7.79876533282131 ], [ 111.999136516378812, -7.798766458264803 ], [ 111.999136989076831, -7.798766549401104 ], [ 111.999288571514995, -7.798792208472403 ], [ 111.99960256255568, -7.798849960325293 ], [ 111.99980403323697, -7.798884069072859 ], [ 111.999774179646295, -7.799081067574297 ], [ 111.999807788978117, -7.79908816666191 ], [ 111.999795987125566, -7.799170752764454 ], [ 111.999985107877976, -7.799210861622458 ], [ 111.999734943576371, -7.800211848546623 ], [ 111.999733845801288, -7.800216240340836 ], [ 111.999533582492589, -7.80017528224987 ], [ 111.999245079802137, -7.80011627825957 ], [ 111.999280853042592, -7.799976291046463 ], [ 111.999429096003382, -7.800011162285017 ], [ 111.999448509775021, -7.799909272132517 ], [ 111.999219960521572, -7.799858123510437 ], [ 111.999256136849809, -7.799733603825578 ], [ 111.999137923323289, -7.799712835869189 ], [ 111.999149982279647, -7.799646200163029 ], [ 111.999399647940095, -7.799696818630895 ] ] ], [ [ [ 111.998203073518425, -7.798829285741039 ], [ 111.998279428983793, -7.798684210334586 ], [ 111.99821550849461, -7.798632393450106 ], [ 111.998228033393346, -7.798617026117776 ], [ 111.998307082613763, -7.798630823040167 ], [ 111.998234275030583, -7.798845619190702 ], [ 111.998203073518425, -7.798829285741039 ] ] ], [ [ [ 111.998301802432508, -7.798526515710639 ], [ 111.998243871873527, -7.798348844074342 ], [ 111.998387301324783, -7.798302329946078 ], [ 111.99837485759781, -7.79835989919679 ], [ 111.998422867663891, -7.7983687597399 ], [ 111.998383552901728, -7.798621215822406 ], [ 111.998244411383581, -7.798596931261169 ], [ 111.998301802432508, -7.798526515710639 ] ] ], [ [ [ 111.999734015294138, -7.797032480927536 ], [ 111.999704205760722, -7.797148820055019 ], [ 111.999626013297998, -7.79745858132775 ], [ 111.999595880497964, -7.797454689252125 ], [ 111.999433299273832, -7.797433689592457 ], [ 111.999322824747381, -7.797419420666794 ], [ 111.999410728162715, -7.796990796908368 ], [ 111.999734015294138, -7.797032480927536 ] ] ], [ [ [ 111.999967914600788, -7.797062639291299 ], [ 111.999959770324324, -7.797101892560724 ], [ 111.999955798572984, -7.797101273361107 ], [ 111.999943140868893, -7.797182033631671 ], [ 111.999913514104307, -7.797324804654814 ], [ 112.000028158273096, -7.797342838672187 ], [ 112.000002170306303, -7.797507166346166 ], [ 111.999878978422259, -7.797491254409643 ], [ 111.999643303575382, -7.797460814245396 ], [ 111.999696746584675, -7.797241206263933 ], [ 111.999751451082432, -7.797037674269942 ], [ 111.999751968781865, -7.797034795808022 ], [ 111.999967914600788, -7.797062639291299 ] ] ], [ [ [ 112.000168228752898, -7.796758852668569 ], [ 112.000267701178913, -7.796379895444169 ], [ 112.00067694666447, -7.796437067192385 ], [ 112.000700399742371, -7.796440343691777 ], [ 112.000595792638052, -7.796843943338068 ], [ 112.000410232743349, -7.797559874000988 ], [ 112.000213638788424, -7.79753448079687 ], [ 112.000332115351014, -7.797057283858045 ], [ 112.000101989264579, -7.797011203162393 ], [ 112.000168228752898, -7.796758852668569 ] ] ], [ [ [ 112.000283060763294, -7.79632138043214 ], [ 112.000519560347172, -7.796383125568703 ], [ 112.000275788826954, -7.796349084141808 ], [ 112.000283060763294, -7.79632138043214 ] ] ], [ [ [ 112.000615032415197, -7.795943473610338 ], [ 112.000830717681851, -7.795978958704211 ], [ 112.000713098547152, -7.796410153641628 ], [ 112.000708571767021, -7.796409521289092 ], [ 112.000684946328633, -7.796406220777627 ], [ 112.000541795488957, -7.796386230583386 ], [ 112.000615032415197, -7.795943473610338 ] ] ], [ [ [ 112.001180734162361, -7.796036544062572 ], [ 112.001184129183557, -7.796119454340873 ], [ 112.001340098663746, -7.796122076521808 ], [ 112.001344848948065, -7.796063544423205 ], [ 112.001448866629971, -7.796080657501067 ], [ 112.001411287502606, -7.796515951251998 ], [ 112.001094203284893, -7.796467849993267 ], [ 112.001115326174514, -7.79635533414831 ], [ 112.00096695822441, -7.796327631257853 ], [ 112.000957074237945, -7.796380283422846 ], [ 112.000901062910245, -7.796369824935206 ], [ 112.000912026033589, -7.796311429800489 ], [ 112.000770719395049, -7.796285044182309 ], [ 112.000853203217304, -7.795982658075423 ], [ 112.001180734162361, -7.796036544062572 ] ] ], [ [ [ 112.001742219312376, -7.796120223686215 ], [ 112.001703241245494, -7.796038836578147 ], [ 112.001771808267591, -7.796043283551727 ], [ 112.0017546725974, -7.795993165295129 ], [ 112.001901431008335, -7.795956923995065 ], [ 112.001916028952948, -7.796041600191112 ], [ 112.001953452894952, -7.796038640082824 ], [ 112.001961095580853, -7.796225274664315 ], [ 112.001950284554297, -7.796375754901554 ], [ 112.001999468175526, -7.79659477017351 ], [ 112.001767490084248, -7.796569986845941 ], [ 112.001453218127594, -7.796522312435572 ], [ 112.001498353591785, -7.796088254742674 ], [ 112.001742219312376, -7.796120223686215 ] ] ], [ [ [ 112.002352012156848, -7.795295024937761 ], [ 112.002386720712593, -7.795367496980737 ], [ 112.002416248182016, -7.795429150913933 ], [ 112.002420117145959, -7.795437229350387 ], [ 112.002420117236852, -7.795437229440623 ], [ 112.002420117783558, -7.79543723052465 ], [ 112.002420117783984, -7.795437230705528 ], [ 112.002454646755865, -7.795507928763407 ], [ 112.002462146166707, -7.795504454552125 ], [ 112.002574089062378, -7.795744794510921 ], [ 112.002472935930456, -7.795752084730466 ], [ 112.002464366205473, -7.795606592182095 ], [ 112.002405051764228, -7.795610067212172 ], [ 112.002369163547826, -7.795502275362158 ], [ 112.002214862914045, -7.795553371823624 ], [ 112.002181963371314, -7.795454554773218 ], [ 112.002365660472492, -7.795393723110428 ], [ 112.002339528252222, -7.795315232497934 ], [ 112.002246601402632, -7.795346005871578 ], [ 112.002203170452518, -7.795215557786033 ], [ 112.002322397731419, -7.795189155699161 ], [ 112.002242607065412, -7.794995884222005 ], [ 112.002301500071894, -7.79497234950768 ], [ 112.002352012156848, -7.795295024937761 ] ] ], [ [ [ 112.0027475633552, -7.796043412651475 ], [ 112.002722383662984, -7.796053526737788 ], [ 112.002696251312585, -7.795961698535653 ], [ 112.002718187365488, -7.79596083613102 ], [ 112.0027475633552, -7.796043412651475 ] ] ], [ [ [ 112.003527649844216, -7.7959923116473 ], [ 112.003533680292463, -7.795992827714545 ], [ 112.003566594131215, -7.795662469547338 ], [ 112.004002852342964, -7.795705700727003 ], [ 112.003894062239439, -7.796836136640449 ], [ 112.003891609164228, -7.796861630185113 ], [ 112.003878145775943, -7.796859725720291 ], [ 112.003714360740616, -7.796836562638871 ], [ 112.00364631443982, -7.796826938904852 ], [ 112.003687165371119, -7.7964433847266 ], [ 112.003633056641334, -7.796440926302731 ], [ 112.003651735129054, -7.796226922924906 ], [ 112.003727048250539, -7.79623662441154 ], [ 112.003737744728781, -7.796154031870332 ], [ 112.003738528349317, -7.79614797937887 ], [ 112.003738163676232, -7.796147932308454 ], [ 112.003739675643715, -7.796125951989602 ], [ 112.003518586657307, -7.796097647312553 ], [ 112.003527649844216, -7.7959923116473 ] ] ], [ [ [ 112.004130056701626, -7.795718306005731 ], [ 112.004158053142717, -7.795788316095768 ], [ 112.004202303468801, -7.795916403199316 ], [ 112.004015232104493, -7.795908390335948 ], [ 112.004034437389052, -7.795708830641602 ], [ 112.004130056701626, -7.795718306005731 ] ] ], [ [ [ 112.006615354782923, -7.807203137668858 ], [ 112.006613779652923, -7.80703740758088 ], [ 112.006613731702615, -7.807036318763227 ], [ 112.00659640932524, -7.806816206747 ], [ 112.006596232709938, -7.806814786310354 ], [ 112.006512058142064, -7.80632219253676 ], [ 112.006504150907119, -7.806269480462432 ], [ 112.006221414875299, -7.804384721733927 ], [ 112.006221342169809, -7.804384277832408 ], [ 112.006221117486092, -7.804383233751796 ], [ 112.006172576576361, -7.804189109592499 ], [ 112.006172265657185, -7.804188031348625 ], [ 112.006084497772605, -7.803919669090121 ], [ 112.006008677596185, -7.80368784534319 ], [ 112.005759804250147, -7.802975254262527 ], [ 112.005566658974345, -7.80240431688918 ], [ 112.005493508180308, -7.802135959451001 ], [ 112.005561024743969, -7.802116697478064 ], [ 112.00564698476424, -7.80209108417774 ], [ 112.005715631943858, -7.802351798101491 ], [ 112.005885163927289, -7.802879456723311 ], [ 112.005933202445178, -7.803028971209645 ], [ 112.006104790328322, -7.803507808233167 ], [ 112.006307545725448, -7.804009850080702 ], [ 112.006712750427766, -7.806388696847385 ], [ 112.006789561434289, -7.80690180604249 ], [ 112.006788356372979, -7.807173991304825 ], [ 112.006615354782923, -7.807203137668858 ] ] ], [ [ [ 112.006198247110831, -7.807273409392443 ], [ 112.006115384299022, -7.806784230579647 ], [ 112.006106520228712, -7.806785543010278 ], [ 112.006099761777975, -7.806740145470437 ], [ 112.005970846772158, -7.806745365441865 ], [ 112.005970846773025, -7.806745365803632 ], [ 112.005946357124927, -7.806746357425531 ], [ 112.005945990425829, -7.806770797947758 ], [ 112.005945986435307, -7.806770797866803 ], [ 112.005945909691846, -7.806775908523042 ], [ 112.005928013115962, -7.806775641324672 ], [ 112.00592340162207, -7.806858820018708 ], [ 112.005915841615888, -7.806995188749235 ], [ 112.005891856704125, -7.807427968566113 ], [ 112.005891847543268, -7.807427968045236 ], [ 112.00588174812971, -7.807610133399757 ], [ 112.00587598278706, -7.807714124110278 ], [ 112.005875982787273, -7.807714124200725 ], [ 112.005881189018183, -7.807768557515925 ], [ 112.00581668098431, -7.807775089346438 ], [ 112.00578782889022, -7.80777765238682 ], [ 112.005587628643468, -7.807795432953626 ], [ 112.005485406377119, -7.807804511395148 ], [ 112.00543246869583, -7.807809213677036 ], [ 112.005427904367181, -7.807809618860471 ], [ 112.005428157365472, -7.80780505632068 ], [ 112.005432721694064, -7.807804651137244 ], [ 112.005479972881346, -7.806952364376887 ], [ 112.005482301146259, -7.80691036983457 ], [ 112.005514639530503, -7.806327092900475 ], [ 112.006218913221076, -7.806298576310774 ], [ 112.006228224667439, -7.806548207179504 ], [ 112.006513249369291, -7.80651758242253 ], [ 112.0065648218158, -7.806819397684738 ], [ 112.006582045036538, -7.807038251880404 ], [ 112.006437463758687, -7.807027919207884 ], [ 112.006415975098065, -7.807236727979499 ], [ 112.006198247110831, -7.807273409392443 ] ] ], [ [ [ 112.005925118712085, -7.808227859837522 ], [ 112.005907490992968, -7.808229536708652 ], [ 112.005907742594104, -7.808232354490299 ], [ 112.005846952296281, -7.808237753470658 ], [ 112.005845691685195, -7.808260491451525 ], [ 112.005845691594502, -7.808260491451741 ], [ 112.005843582985023, -7.808298525698295 ], [ 112.005424925028549, -7.808275440714766 ], [ 112.005392876576252, -7.8082784892977 ], [ 112.005389869960553, -7.807835695337506 ], [ 112.005416867866586, -7.807833298624858 ], [ 112.005489724847109, -7.807826827852482 ], [ 112.005583888368449, -7.807818464983525 ], [ 112.005818831551153, -7.807797598171561 ], [ 112.005883341852169, -7.807791066286188 ], [ 112.005925118712085, -7.808227859837522 ] ] ], [ [ [ 112.004149565176533, -7.808970786333814 ], [ 112.004149565229213, -7.80897077041575 ], [ 112.004011992285868, -7.808970586579336 ], [ 112.004012584855531, -7.808529680435438 ], [ 112.004093419816684, -7.808529788502698 ], [ 112.004186361378601, -7.808529911463519 ], [ 112.004182453732781, -7.808802660345822 ], [ 112.004180043973491, -7.808970826005587 ], [ 112.004149565176533, -7.808970786333814 ] ] ], [ [ [ 112.003009360015014, -7.807284432065725 ], [ 112.003009146547683, -7.80728170029096 ], [ 112.003006406115674, -7.807281896540002 ], [ 112.003005453620247, -7.807268667992622 ], [ 112.002870500769887, -7.807274313512322 ], [ 112.002870858169985, -7.807278798996276 ], [ 112.002804557656418, -7.807284053585321 ], [ 112.002801675619608, -7.807320520682036 ], [ 112.002801668181633, -7.807320520066574 ], [ 112.002799323221211, -7.807350184851902 ], [ 112.002723726288025, -7.807344241484932 ], [ 112.002621391272626, -7.807726866219278 ], [ 112.003098571480493, -7.80771583565819 ], [ 112.003329913116985, -7.807710487790716 ], [ 112.003312941316494, -7.807922528028658 ], [ 112.003303831025661, -7.808036342218291 ], [ 112.003294793834954, -7.808149246378471 ], [ 112.003294524595859, -7.808152332929867 ], [ 112.002368626829835, -7.808173736197681 ], [ 112.00238664425784, -7.807981277018335 ], [ 112.002403011751468, -7.807854902081412 ], [ 112.002441625557353, -7.807853800296338 ], [ 112.002443739996295, -7.807734146499333 ], [ 112.002389751133023, -7.807734274481963 ], [ 112.002389540108595, -7.807645734952204 ], [ 112.002501127751344, -7.807650256665635 ], [ 112.002507231029881, -7.807572595117792 ], [ 112.002530720285293, -7.807522680947979 ], [ 112.002511847650652, -7.807513847810075 ], [ 112.002525580484914, -7.807339112039152 ], [ 112.002509749632409, -7.807335248764358 ], [ 112.002374079433835, -7.807302139939548 ], [ 112.002303164556125, -7.807284833540703 ], [ 112.002307811778792, -7.807267456574604 ], [ 112.002337539629721, -7.807156304079443 ], [ 112.002366115103598, -7.80704946120841 ], [ 112.002387313828692, -7.806969983057005 ], [ 112.002411820407843, -7.806878507042573 ], [ 112.002411979711056, -7.806877996566701 ], [ 112.002418970318885, -7.806851860976844 ], [ 112.002524636636295, -7.806848003639876 ], [ 112.002736331519827, -7.806838941333095 ], [ 112.002682249217187, -7.807279538457117 ], [ 112.002795061333799, -7.807294825337967 ], [ 112.002826975170507, -7.807093739320888 ], [ 112.002916969818486, -7.807099508705717 ], [ 112.002927120094327, -7.806832276399455 ], [ 112.003313902582192, -7.806821538683391 ], [ 112.003314483835666, -7.806821511980403 ], [ 112.003324512507234, -7.806820865036594 ], [ 112.003345380308744, -7.807258320438392 ], [ 112.003009360015014, -7.807284432065725 ] ] ], [ [ [ 112.003572911723893, -7.80860953982747 ], [ 112.003225220666323, -7.808617577600601 ], [ 112.00322717210868, -7.808597791185655 ], [ 112.002978125542299, -7.808556505142144 ], [ 112.00294232947266, -7.808747000459544 ], [ 112.002592103610539, -7.808702066950902 ], [ 112.002319531765991, -7.808667094954497 ], [ 112.002279095578785, -7.808658536324158 ], [ 112.002241145537027, -7.808650502696732 ], [ 112.002258328947178, -7.808581825715156 ], [ 112.002287356938126, -7.808465810854142 ], [ 112.002161231682123, -7.808443459275661 ], [ 112.002000883914292, -7.808415044063765 ], [ 112.002022229785268, -7.808335236357433 ], [ 112.002056231943641, -7.808208096991407 ], [ 112.002056785658851, -7.808206027248795 ], [ 112.002057452661589, -7.808203545722251 ], [ 112.002060753574611, -7.808203469162983 ], [ 112.00356266601392, -7.808168751398444 ], [ 112.003572911723893, -7.80860953982747 ] ] ], [ [ [ 112.002984101889666, -7.809082083480505 ], [ 112.002164506367649, -7.80900775402956 ], [ 112.002231538554668, -7.808751618980406 ], [ 112.002251797503234, -7.808755725002742 ], [ 112.002559145013208, -7.808817997987166 ], [ 112.002560052235694, -7.808818135118109 ], [ 112.003012005040446, -7.808865778350544 ], [ 112.002984101889666, -7.809082083480505 ] ] ], [ [ [ 112.001209599470045, -7.80954784023587 ], [ 112.001216791299115, -7.80952028322814 ], [ 112.001108733869572, -7.809491196432728 ], [ 112.00123412088081, -7.809027914953974 ], [ 112.001216152844862, -7.809018167404051 ], [ 112.001271967398097, -7.808791093464175 ], [ 112.001301770827325, -7.808697446965343 ], [ 112.001316244328507, -7.808672458568145 ], [ 112.001521709024871, -7.808736539169613 ], [ 112.001673556749807, -7.808561336927299 ], [ 112.001815006013032, -7.808705195924226 ], [ 112.001816668606835, -7.808706825384747 ], [ 112.001814542283512, -7.808708112904041 ], [ 112.001812595503139, -7.808709771718517 ], [ 112.001788658003406, -7.808733757834007 ], [ 112.001787724516404, -7.808734777529068 ], [ 112.001786761711728, -7.808736053247192 ], [ 112.001766437002999, -7.808766013603719 ], [ 112.001765819040529, -7.808767001800583 ], [ 112.001765370306742, -7.808767838556732 ], [ 112.001751041825941, -7.808796588145487 ], [ 112.001750326628198, -7.808798254894908 ], [ 112.00174993327947, -7.808799499417616 ], [ 112.001668003717143, -7.809101536966117 ], [ 112.001453464535771, -7.809047787550188 ], [ 112.001397039154028, -7.809284226972799 ], [ 112.001606825737326, -7.809327073005196 ], [ 112.001524751998801, -7.809629641203626 ], [ 112.001209599470045, -7.80954784023587 ] ] ], [ [ [ 112.001150147633808, -7.808982359968548 ], [ 112.001226826962707, -7.808841781815476 ], [ 112.001187317219831, -7.809002524250637 ], [ 112.001150147633808, -7.808982359968548 ] ] ], [ [ [ 112.00115992457242, -7.808773508918403 ], [ 112.001221057230069, -7.808789291205954 ], [ 112.001232030159642, -7.808792124124147 ], [ 112.001238614643796, -7.808793824234958 ], [ 112.001237535013871, -7.808798216893644 ], [ 112.001227125956618, -7.808840565380762 ], [ 112.00115992457242, -7.808773508918403 ] ] ], [ [ [ 112.000847332416299, -7.808461590416683 ], [ 112.000906430795538, -7.808402686007979 ], [ 112.000892985336932, -7.808389305863962 ], [ 112.000847285583689, -7.808343828240211 ], [ 112.00032549753594, -7.807824575357974 ], [ 112.000086969239646, -7.807805840556546 ], [ 112.000092081016149, -7.807741111699252 ], [ 112.000082749952611, -7.807740182759225 ], [ 112.000083479714846, -7.807732891959728 ], [ 111.999959985852271, -7.807691224236561 ], [ 111.999591810642897, -7.80756699905626 ], [ 111.999689690962057, -7.807173281025117 ], [ 111.999634366463852, -7.807125791742465 ], [ 111.999619370262479, -7.807094575506633 ], [ 111.999625268663024, -7.807064799477764 ], [ 111.999633072789791, -7.807026010818816 ], [ 111.999656525268847, -7.807033743431436 ], [ 111.999680043668619, -7.807046317301913 ], [ 111.999684510350605, -7.807048706196716 ], [ 111.999684364559869, -7.807053758688711 ], [ 111.999683825616401, -7.807072350526397 ], [ 111.999683821015566, -7.807072704169504 ], [ 111.999683840685989, -7.807073348981773 ], [ 111.999685840192825, -7.807106846160278 ], [ 111.999686070025476, -7.807108535997127 ], [ 111.999686552752891, -7.807110171874734 ], [ 111.999687276497468, -7.807111716739592 ], [ 111.999688224853486, -7.80711313626211 ], [ 111.999708441855887, -7.807138932564659 ], [ 111.999708721046417, -7.80713925840398 ], [ 111.999709150159291, -7.807139704178113 ], [ 111.999709625697577, -7.807140223101355 ], [ 111.999709960977555, -7.807140490924529 ], [ 111.999710206404714, -7.807140729113928 ], [ 111.999710558846772, -7.807140967954797 ], [ 111.999710994984724, -7.807141316938278 ], [ 111.999711482647612, -7.807141595254403 ], [ 111.99971183508967, -7.80714183409525 ], [ 111.999712145578428, -7.807141973547965 ], [ 111.999712517002791, -7.807142186115458 ], [ 111.999713181448556, -7.807142438689634 ], [ 111.999713704357546, -7.807142665369913 ], [ 111.999714154530636, -7.807142814441131 ], [ 112.000397790102852, -7.807373483467676 ], [ 112.000320039730724, -7.807677500719958 ], [ 112.000601342500289, -7.807913739765 ], [ 112.000819362631745, -7.807698450646225 ], [ 112.000886568933794, -7.807764777126597 ], [ 112.000904171530451, -7.807782598856927 ], [ 112.000687971361216, -7.808017629226089 ], [ 112.000742114032619, -7.808082110852602 ], [ 112.000957808413773, -7.807836903199549 ], [ 112.001040156023265, -7.807920274869922 ], [ 112.000828649000596, -7.808146516706166 ], [ 112.001081235508792, -7.808415128650475 ], [ 112.001317859311129, -7.808199707503123 ], [ 112.00152447847104, -7.808406684387816 ], [ 112.001338346750131, -7.808584677444081 ], [ 112.001303889955352, -7.808624960946943 ], [ 112.001270916832496, -7.808683906555539 ], [ 112.001244726959641, -7.808772045562899 ], [ 112.001238138846105, -7.808770344556292 ], [ 112.001231909178387, -7.808768736761453 ], [ 112.00112834817179, -7.808742000601124 ], [ 112.000847332416299, -7.808461590416683 ] ] ], [ [ [ 111.999139094524679, -7.806270904856954 ], [ 111.999105652509215, -7.806257291504273 ], [ 111.999109647577754, -7.806247530497901 ], [ 111.99905858178569, -7.806230906048839 ], [ 111.999062086428935, -7.80622019899125 ], [ 111.998803831013277, -7.806128875217891 ], [ 111.998877352347392, -7.805922090319664 ], [ 111.998845217292015, -7.805911152868735 ], [ 111.998917093564032, -7.80570111851971 ], [ 111.99906159449155, -7.805752217446214 ], [ 111.999329536173249, -7.805846968421086 ], [ 111.999333811217113, -7.805848480476829 ], [ 111.999332346780406, -7.805852760083733 ], [ 111.99909913886404, -7.806534230464923 ], [ 111.999097578952885, -7.806538787957169 ], [ 111.99909382448439, -7.806535759749081 ], [ 111.999063344146123, -7.806511181105514 ], [ 111.999139094524679, -7.806270904856954 ] ] ], [ [ [ 111.998935150234502, -7.80564835391518 ], [ 111.998769495262977, -7.805592746558765 ], [ 111.999184473127656, -7.804388447617955 ], [ 111.999185952943193, -7.804384152600094 ], [ 111.999190379277039, -7.804385222035484 ], [ 111.999482593597847, -7.804455834328409 ], [ 111.999487017212189, -7.804456903766946 ], [ 111.999485564623328, -7.804461205956584 ], [ 111.999059771575773, -7.805722785253552 ], [ 111.999058324382304, -7.805727071150079 ], [ 111.999054050249384, -7.805725559993523 ], [ 111.998924416959298, -7.805679718337941 ], [ 111.998935150234502, -7.80564835391518 ] ] ], [ [ [ 111.998650645340348, -7.805552850753631 ], [ 111.998747734452593, -7.805265187875648 ], [ 111.998505041681952, -7.80518201333822 ], [ 111.9988156882157, -7.80429933126622 ], [ 111.998817197072356, -7.804295043416084 ], [ 111.99882162612758, -7.804296113753575 ], [ 111.999159396752034, -7.804377735077988 ], [ 111.999163823085794, -7.804378804513691 ], [ 111.999162343270029, -7.804383099531502 ], [ 111.998748007952031, -7.805585533653808 ], [ 111.998650645340348, -7.805552850753631 ] ] ], [ [ [ 111.998428596774247, -7.80515581445792 ], [ 111.998540559213708, -7.804830891229732 ], [ 111.998288437915804, -7.80474264126597 ], [ 111.998470537399513, -7.80420240420467 ], [ 111.998471084931083, -7.804200779459316 ], [ 111.998471983676211, -7.804198112885333 ], [ 111.998476352350934, -7.804199344357832 ], [ 111.998790835339861, -7.804288020346236 ], [ 111.998795206740994, -7.804289253617659 ], [ 111.99879370238844, -7.804293528795068 ], [ 111.998483603546276, -7.80517466615147 ], [ 111.998428596774247, -7.80515581445792 ] ] ], [ [ [ 111.998180404403755, -7.804704826259195 ], [ 111.998222262126603, -7.804585890354732 ], [ 111.998100638608406, -7.804551595515857 ], [ 111.998219555497698, -7.804132149002847 ], [ 111.998445653659516, -7.804191075246711 ], [ 111.998450050243576, -7.804192220732743 ], [ 111.998449594572136, -7.804193574836492 ], [ 111.998448602165766, -7.804196517482889 ], [ 111.998267044718645, -7.804735153000776 ], [ 111.998180404403755, -7.804704826259195 ] ] ], [ [ [ 111.998264625888496, -7.803973175459546 ], [ 111.99838798536102, -7.803999471129851 ], [ 111.998448524395755, -7.803529300140137 ], [ 111.99975482844188, -7.80383640332203 ], [ 111.999999421127839, -7.803888394363029 ], [ 111.999994732476637, -7.80390974186056 ], [ 111.999993770220129, -7.803913918080831 ], [ 111.999992567582737, -7.803919215458419 ], [ 111.999924265319152, -7.804215662838923 ], [ 111.999904201536793, -7.804302743589319 ], [ 111.999908620480184, -7.804303756055431 ], [ 111.999930717011082, -7.804308818380978 ], [ 111.999935135954587, -7.804309830846782 ], [ 111.999955332566827, -7.804222168233064 ], [ 111.999959510059753, -7.804223089017564 ], [ 112.000073023602141, -7.80424805700917 ], [ 112.000185836465775, -7.804279269907018 ], [ 112.000152590747177, -7.804425319928439 ], [ 112.000392719171103, -7.804501327536165 ], [ 112.000428256309746, -7.804309805478604 ], [ 112.000317846558858, -7.804295708734394 ], [ 112.000377466062261, -7.803976392536518 ], [ 112.000501987566167, -7.803990782402105 ], [ 112.000666758707183, -7.804010227759061 ], [ 112.000917378061402, -7.804039073188821 ], [ 112.001210848539912, -7.804071287354116 ], [ 112.001620131220747, -7.804153097393261 ], [ 112.001624578891736, -7.804153986770675 ], [ 112.001623570051464, -7.804158397350278 ], [ 112.001570225559433, -7.80439170194237 ], [ 112.001528176668074, -7.804413333254757 ], [ 112.001527661322186, -7.804413615752494 ], [ 112.001489086199953, -7.804436176731263 ], [ 112.001487542539948, -7.804437261179371 ], [ 112.001486200782338, -7.804438586632269 ], [ 112.001485098021021, -7.804440115920526 ], [ 112.00148426498663, -7.804441805558757 ], [ 112.001483725152582, -7.804443611174336 ], [ 112.001387746019958, -7.804900588136499 ], [ 112.001409616672291, -7.804906749795513 ], [ 112.001416065921447, -7.804876044509172 ], [ 112.001549390655683, -7.804906353763826 ], [ 112.001583426753811, -7.80468946958864 ], [ 112.001461063567106, -7.804661800645559 ], [ 112.001504886465725, -7.804453147129581 ], [ 112.001538843805704, -7.804433287760689 ], [ 112.001585303831533, -7.804409386737627 ], [ 112.001586970004098, -7.804408337271885 ], [ 112.001588428759689, -7.804407016063842 ], [ 112.001589635755892, -7.804405463013426 ], [ 112.001590555734097, -7.804403724329983 ], [ 112.001591158894314, -7.804401853445443 ], [ 112.001645807493475, -7.80416284152542 ], [ 112.001646816333505, -7.804158430945777 ], [ 112.001651264004579, -7.804159320322847 ], [ 112.001654935011231, -7.804160054168016 ], [ 112.001655404977754, -7.804160138071718 ], [ 112.001969397665889, -7.804222909004933 ], [ 112.002531445467469, -7.804322986623625 ], [ 112.00253114975969, -7.804327527560977 ], [ 112.002531001001074, -7.804329798936225 ], [ 112.002521951033103, -7.804469039230594 ], [ 112.002516042514813, -7.804559940266992 ], [ 112.002509411371534, -7.804661947602259 ], [ 112.002505733641954, -7.804718530197556 ], [ 112.002499340474898, -7.804816887595196 ], [ 112.002490394600244, -7.804954522279216 ], [ 112.002479524989795, -7.805121748126796 ], [ 112.00246870524181, -7.805288205995005 ], [ 112.002468467123265, -7.805291796240311 ], [ 112.002465790469145, -7.805332340021759 ], [ 112.002464922679934, -7.805344942591159 ], [ 112.002457968333673, -7.805442235899682 ], [ 112.002448011573591, -7.805581517230964 ], [ 112.002446133425906, -7.805607785412338 ], [ 112.002418329526975, -7.805607572741735 ], [ 112.002183175352314, -7.805605773027406 ], [ 112.002175747799001, -7.805605716462633 ], [ 112.002175016342633, -7.805701437601988 ], [ 112.002191332995935, -7.805701398941577 ], [ 112.002190828672397, -7.805892838042574 ], [ 112.002246250204763, -7.805894620492987 ], [ 112.002246408560822, -7.8059610866496 ], [ 112.002420557432444, -7.805965569626062 ], [ 112.002418843391112, -7.805989537453971 ], [ 112.002413944432945, -7.806058065934684 ], [ 112.002406081723905, -7.806168062299226 ], [ 112.00240004710615, -7.806252477063143 ], [ 112.002396750687055, -7.806298579128001 ], [ 112.002385360725881, -7.80645790058646 ], [ 112.002380452126999, -7.806526570180528 ], [ 112.002371691574055, -7.806649116727756 ], [ 112.002361825747357, -7.806787742129477 ], [ 112.002360433326629, -7.806806626300792 ], [ 112.002360394557343, -7.806807102122618 ], [ 112.002358626996994, -7.806831826180172 ], [ 112.002353650363105, -7.806850254874171 ], [ 112.002352418264039, -7.80685497529889 ], [ 112.002215326545098, -7.806866151547278 ], [ 112.002125397614151, -7.806873483417075 ], [ 112.002077144035809, -7.806877417161957 ], [ 112.001896426588814, -7.806892152502695 ], [ 112.001894465762518, -7.806892480029383 ], [ 112.001892614546762, -7.806893136508799 ], [ 112.001890905544215, -7.806894102870666 ], [ 112.001889388562532, -7.806895349150812 ], [ 112.001888109762447, -7.806896837253855 ], [ 112.001887108943549, -7.806898523672851 ], [ 112.001886415003426, -7.806900356786895 ], [ 112.001872216859553, -7.806950677616451 ], [ 112.001861977428391, -7.806986966790113 ], [ 112.00172322969614, -7.806955133036619 ], [ 112.001666036153594, -7.806942011374365 ], [ 112.001664259836375, -7.806941749679259 ], [ 112.00166246333491, -7.80694177111848 ], [ 112.00166069289827, -7.806942074678007 ], [ 112.001658992948805, -7.806942653921682 ], [ 112.001657406073576, -7.80694349337327 ], [ 112.001655972126031, -7.806944572136534 ], [ 112.00165472641234, -7.806945863899366 ], [ 112.0016537015007, -7.80694733512074 ], [ 112.001652922697772, -7.806948949563522 ], [ 112.001652408951273, -7.806950666483534 ], [ 112.001645268531632, -7.806983985402465 ], [ 112.001562220074121, -7.806964630131541 ], [ 112.001533282038153, -7.806959287460942 ], [ 112.001521002055199, -7.806956721733485 ], [ 112.001502284528172, -7.806953215268455 ], [ 112.001457012072692, -7.806945041518677 ], [ 112.001422096238812, -7.806938737115974 ], [ 112.001365475938485, -7.80692831558598 ], [ 112.001336743902641, -7.806923028488184 ], [ 112.001307249772452, -7.806917612954838 ], [ 112.00130589246929, -7.806917363832572 ], [ 112.001250708558075, -7.806907268098062 ], [ 112.001184870376974, -7.806895222304006 ], [ 112.00108093704111, -7.806876207601784 ], [ 112.001009711399576, -7.806863176945786 ], [ 112.000966964570765, -7.806855350795152 ], [ 112.000951773764641, -7.806852527846242 ], [ 112.000942569291198, -7.806850823074686 ], [ 112.000924331031499, -7.806847112856242 ], [ 112.000912001640287, -7.806844361818991 ], [ 112.000900473762613, -7.806841535625637 ], [ 112.000850067766834, -7.80682893863283 ], [ 112.000777279981378, -7.806810748242006 ], [ 112.000776826157221, -7.806810589231826 ], [ 112.0007721430147, -7.806808702819859 ], [ 112.000767573893427, -7.806806331363554 ], [ 112.000766779871554, -7.806805743554152 ], [ 112.000763793663339, -7.806803534767155 ], [ 112.000761100309234, -7.806800152241475 ], [ 112.000759728342445, -7.806796026765214 ], [ 112.000759454123482, -7.806791310811827 ], [ 112.000759974226213, -7.806786165183419 ], [ 112.000761060407825, -7.806780713422567 ], [ 112.000762542393147, -7.806775048184074 ], [ 112.000764297002675, -7.806769235782816 ], [ 112.000768282634937, -7.806757353899227 ], [ 112.000785615459478, -7.806709077824445 ], [ 112.00079623619169, -7.806679019285842 ], [ 112.000809321810692, -7.806641319716454 ], [ 112.000817730906263, -7.806617093653508 ], [ 112.000839886740039, -7.80655326263112 ], [ 112.000862558714275, -7.806487197349205 ], [ 112.000882852901839, -7.8064265045812 ], [ 112.000887072670778, -7.80641469178414 ], [ 112.000889298280597, -7.806409016645799 ], [ 112.00089165329436, -7.806403604390336 ], [ 112.000894198761756, -7.806398576066862 ], [ 112.000897017603236, -7.806394096989849 ], [ 112.000900217354243, -7.806390386681275 ], [ 112.000903944720605, -7.806387737829231 ], [ 112.000908188530488, -7.806386410031538 ], [ 112.000912167337745, -7.806386145566141 ], [ 112.000912934446774, -7.806386094911498 ], [ 112.000918048511693, -7.806386521457147 ], [ 112.000923503060307, -7.806387497090326 ], [ 112.000990945949368, -7.806409662422318 ], [ 112.001034822086623, -7.806424082815131 ], [ 112.001036443711527, -7.806424507676708 ], [ 112.001054891971478, -7.80642805821584 ], [ 112.001064143166758, -7.806429964563334 ], [ 112.001067183645205, -7.806430589563158 ], [ 112.00108564762175, -7.806434265779442 ], [ 112.001163407249919, -7.806449545656891 ], [ 112.001214915532174, -7.806459667296312 ], [ 112.001285274324331, -7.806473546524283 ], [ 112.001316022386163, -7.806479612092764 ], [ 112.001357435958525, -7.806487781434484 ], [ 112.001411840494953, -7.80649851301248 ], [ 112.001424082934946, -7.806500933220621 ], [ 112.001512703344702, -7.806518811969318 ], [ 112.001543351933634, -7.806524995331857 ], [ 112.001613772281786, -7.8065392017602 ], [ 112.001650607519693, -7.80654684016111 ], [ 112.001700060911958, -7.806557388069423 ], [ 112.001712410560671, -7.806559889413536 ], [ 112.001718533848774, -7.806561015396213 ], [ 112.001724588765086, -7.806561992309839 ], [ 112.001730542433407, -7.806562724362731 ], [ 112.001731075833021, -7.806562786409427 ], [ 112.001748288720265, -7.806566254826455 ], [ 112.001750628220577, -7.806566518805134 ], [ 112.001752977636386, -7.806566376671374 ], [ 112.001755267148297, -7.806565833112722 ], [ 112.001757428776457, -7.806564903665445 ], [ 112.001759397291863, -7.806563616521409 ], [ 112.001761113839564, -7.806562010710514 ], [ 112.001762527745967, -7.80656013338312 ], [ 112.001763595614079, -7.80655804071665 ], [ 112.001764284946802, -7.806555796098188 ], [ 112.001764576861106, -7.806553467404666 ], [ 112.001765243511912, -7.806535986817025 ], [ 112.001765917131053, -7.806530190540288 ], [ 112.00176639278628, -7.806524284392038 ], [ 112.001766739422521, -7.80651827725328 ], [ 112.00176720829792, -7.806506097092187 ], [ 112.001768562000294, -7.806456854018914 ], [ 112.001770478071492, -7.80640612815765 ], [ 112.001771821912996, -7.806374830802028 ], [ 112.001773673488373, -7.806331676074577 ], [ 112.001776615437379, -7.806263129613375 ], [ 112.001779153816045, -7.806204101421889 ], [ 112.001779316739672, -7.806200541200625 ], [ 112.00178033977447, -7.806178861405924 ], [ 112.001780721607048, -7.806172781829346 ], [ 112.001780749552594, -7.806172330452732 ], [ 112.001781521099744, -7.806160053705074 ], [ 112.001783377039217, -7.806135106041836 ], [ 112.001784308747418, -7.806122678779487 ], [ 112.001792041735911, -7.806021357098896 ], [ 112.001801428284494, -7.805898455426044 ], [ 112.001803044386264, -7.805879805874975 ], [ 112.001804775179224, -7.805862857284578 ], [ 112.001804809742183, -7.805862518945979 ], [ 112.001805139919128, -7.805862548010125 ], [ 112.001805567851719, -7.805857166544104 ], [ 112.001806135766032, -7.805850015681974 ], [ 112.001808454157796, -7.805825042503699 ], [ 112.001812678855188, -7.805777611437792 ], [ 112.001818472172218, -7.805712537563511 ], [ 112.001819368168341, -7.805702251170834 ], [ 112.00182117916647, -7.805681281295843 ], [ 112.001822162368455, -7.805668770703939 ], [ 112.001822212848253, -7.805668261390408 ], [ 112.001822955831585, -7.805655795684499 ], [ 112.001824087543653, -7.805634433991475 ], [ 112.001824602868084, -7.805624621517168 ], [ 112.001827773488827, -7.805562224635628 ], [ 112.001829520794388, -7.805527837696307 ], [ 112.001831314021828, -7.805492550740635 ], [ 112.001834723697982, -7.80542543126506 ], [ 112.001836827410131, -7.805387997362157 ], [ 112.00183994544274, -7.805337791413324 ], [ 112.001840601251288, -7.805325277979024 ], [ 112.001840815937314, -7.805319081222388 ], [ 112.001840897488151, -7.805312958944325 ], [ 112.001839345827804, -7.805288215612761 ], [ 112.001839325881008, -7.805287455939012 ], [ 112.001839299215575, -7.805286540719291 ], [ 112.001839141918069, -7.80528560862476 ], [ 112.00183896294584, -7.805284714567633 ], [ 112.001838656094478, -7.805283817195653 ], [ 112.00183833212003, -7.805282965085719 ], [ 112.001837882125471, -7.805282128649555 ], [ 112.001837423171935, -7.805281338360547 ], [ 112.001836840981383, -7.805280589967166 ], [ 112.001836258898507, -7.805279886795025 ], [ 112.001835559967716, -7.805279242687563 ], [ 112.001834872031523, -7.80527864558441 ], [ 112.00183407544813, -7.805278123806243 ], [ 112.00183329892603, -7.805277648106496 ], [ 112.001832426489685, -7.80527726307685 ], [ 112.001831610407152, -7.8052769312751 ], [ 112.001830657583454, -7.805276683004758 ], [ 112.001829923473608, -7.80527649933534 ], [ 112.001829533356698, -7.805276434235922 ], [ 112.001451760028118, -7.805212809481674 ], [ 112.001447284555368, -7.805212055834136 ], [ 112.001448241671866, -7.805207630906188 ], [ 112.001424906282637, -7.805208286693505 ], [ 112.001420430809901, -7.805207533045688 ], [ 112.00130775377319, -7.80518855623134 ], [ 112.001295975729278, -7.805183481318287 ], [ 112.001224903492769, -7.805152858233348 ], [ 112.001224284359395, -7.805152591083125 ], [ 112.00122370133559, -7.80515225420633 ], [ 112.000382353482266, -7.804665349656718 ], [ 112.000381932093333, -7.804665100126076 ], [ 112.000324133729876, -7.804631649885772 ], [ 112.000322317955309, -7.804630808537267 ], [ 112.000320695366554, -7.804630356541336 ], [ 112.000207252444838, -7.804607675768334 ], [ 112.00020681237271, -7.804607578225943 ], [ 112.000109020967201, -7.804583942421909 ], [ 111.999802761645597, -7.804509937798636 ], [ 111.999504375070913, -7.804437833540532 ], [ 111.999181258085997, -7.804359752205485 ], [ 111.998812983174787, -7.804270763977087 ], [ 111.9988125684701, -7.8042706555201 ], [ 111.99863938592604, -7.804221821736421 ], [ 111.998636418433364, -7.804220990334164 ], [ 111.998591578250043, -7.804208347325239 ], [ 111.998469720858267, -7.804173978970848 ], [ 111.998467532090729, -7.80417340710989 ], [ 111.998383722935472, -7.804151564831438 ], [ 111.998322352245111, -7.804135570091894 ], [ 111.998230931431351, -7.804111744237816 ], [ 111.998225725117265, -7.80411038735385 ], [ 111.998264625888496, -7.803973175459546 ] ], [ [ 112.001758095327702, -7.80483282958119 ], [ 112.001712947613441, -7.805121483965267 ], [ 112.001858926280505, -7.805159425472335 ], [ 112.001906123402705, -7.804856657127146 ], [ 112.001758095327702, -7.80483282958119 ] ], [ [ 112.0020713426848, -7.804883252149876 ], [ 112.002099146758596, -7.804467765444168 ], [ 112.002028117985972, -7.804466019014843 ], [ 112.002018815900072, -7.804590476107616 ], [ 112.001949679620253, -7.804577238927227 ], [ 112.001906123402705, -7.804856657127146 ], [ 112.0020713426848, -7.804883252149876 ] ], [ [ 112.000879351600958, -7.804307541916828 ], [ 112.000862726927707, -7.80437937038331 ], [ 112.000805110597639, -7.804367541986932 ], [ 112.000790941531861, -7.804463294957809 ], [ 112.000735725703962, -7.80445145996983 ], [ 112.000701387988244, -7.804648860707533 ], [ 112.001113511988393, -7.804900445856256 ], [ 112.001139535775039, -7.804744841308824 ], [ 112.001091512135744, -7.804730597134713 ], [ 112.001100882821433, -7.804634855517779 ], [ 112.001172900728648, -7.804649042906034 ], [ 112.001184687181635, -7.804560474937019 ], [ 112.001244690857163, -7.804567512287778 ], [ 112.001256454515115, -7.804469371886159 ], [ 112.000903676933021, -7.804446277293237 ], [ 112.000922531339043, -7.804302654416904 ], [ 112.000879351600958, -7.804307541916828 ] ] ], [ [ [ 111.997428517113278, -7.803753108573403 ], [ 111.997430661235455, -7.803742996230918 ], [ 111.997420573853503, -7.803740624717469 ], [ 111.997454399308239, -7.803597524858128 ], [ 111.997214269636373, -7.803542426325393 ], [ 111.997240781441164, -7.803385735667799 ], [ 111.997195027907466, -7.803371092243419 ], [ 111.997264469966751, -7.803086922199444 ], [ 111.997264470236246, -7.803086921113482 ], [ 111.99728199074336, -7.803010976165058 ], [ 111.997084254307424, -7.803161938525777 ], [ 111.997105004298305, -7.803045056210886 ], [ 111.996933950880972, -7.803006573262498 ], [ 111.996942630065135, -7.802871948133893 ], [ 111.996888606305376, -7.8028571188408 ], [ 111.996899266325215, -7.802766598151961 ], [ 111.996930649802152, -7.802741650544818 ], [ 111.996969547165406, -7.802710728648265 ], [ 111.997131324493381, -7.802769346196032 ], [ 111.997135318734422, -7.802758383218172 ], [ 111.9971699088713, -7.802770916707255 ], [ 111.99718746621555, -7.8027227225144 ], [ 111.997163315114776, -7.802713971176001 ], [ 111.997172767753014, -7.802688024286558 ], [ 111.997052794679746, -7.802644553339138 ], [ 111.997112276697294, -7.802597268798057 ], [ 111.997172809611087, -7.802549147888157 ], [ 111.997407809249808, -7.802622168581559 ], [ 111.997489345259439, -7.802361183693567 ], [ 111.997495257310518, -7.802360069968921 ], [ 111.997547473460145, -7.802356858243954 ], [ 111.997599682399539, -7.802360170190401 ], [ 111.997667127005244, -7.802369999716007 ], [ 111.99760480366578, -7.802637202512897 ], [ 111.997816842516769, -7.80268863316032 ], [ 111.997694695909971, -7.803188484523369 ], [ 111.997694410798815, -7.803190249740413 ], [ 111.99769440778509, -7.80319203871192 ], [ 111.997694688573247, -7.803193805307859 ], [ 111.997695243991572, -7.803195506137195 ], [ 111.997696062147668, -7.803197097815254 ], [ 111.997697122088965, -7.803198540596515 ], [ 111.997698396525493, -7.803199799272496 ], [ 111.997699853639219, -7.803200841358725 ], [ 111.997701457999696, -7.803201640710239 ], [ 111.997703167845387, -7.803202178432438 ], [ 111.997983573190581, -7.803266517670092 ], [ 111.997954868487014, -7.803401896372674 ], [ 111.997954630011733, -7.803403823372909 ], [ 111.997954727114262, -7.803405763148054 ], [ 111.997955154213841, -7.803407656923296 ], [ 111.99795590120614, -7.803409450456611 ], [ 111.997956944383617, -7.803411089538072 ], [ 111.997958253707679, -7.803412527208096 ], [ 111.997959790079506, -7.803413720146255 ], [ 111.997961508071441, -7.803414633186866 ], [ 111.997963357740787, -7.803415239314833 ], [ 111.998262172532321, -7.803485489693102 ], [ 111.998216682172171, -7.803706035746329 ], [ 111.998132772865446, -7.803692395019296 ], [ 111.9980994810266, -7.803819301892386 ], [ 111.99779936104504, -7.803741041246845 ], [ 111.997779502076867, -7.803827127070306 ], [ 111.997428517113278, -7.803753108573403 ] ] ], [ [ [ 112.003833418115278, -7.806189482451207 ], [ 112.003842434376978, -7.806304805526104 ], [ 112.003842456591542, -7.806304803754971 ], [ 112.003843269693817, -7.80631520999589 ], [ 112.004088687512947, -7.806297634423482 ], [ 112.004111035705733, -7.806734747160658 ], [ 112.00407470661051, -7.80673742188943 ], [ 112.00406534019082, -7.806513625963984 ], [ 112.003911323241482, -7.806515614129635 ], [ 112.003806948833912, -7.806516961657339 ], [ 112.003792767320761, -7.80651714454724 ], [ 112.00379880729426, -7.806757733692905 ], [ 112.00370503040547, -7.806764638186367 ], [ 112.003440813894272, -7.806781655235133 ], [ 112.003436288296214, -7.806781946345958 ], [ 112.003433234117367, -7.806742886770815 ], [ 112.003434598973854, -7.806742880819205 ], [ 112.003505152866325, -7.806742713413525 ], [ 112.003504855999424, -7.806618279125475 ], [ 112.003425930666282, -7.80661846548619 ], [ 112.00342567310868, -7.806618465192839 ], [ 112.003423503739484, -7.806618428736126 ], [ 112.003392220118698, -7.806218292097165 ], [ 112.003361924880835, -7.805648094156508 ], [ 112.003361849443053, -7.805647264069317 ], [ 112.003353423127407, -7.805581308651876 ], [ 112.003353133025485, -7.805579830598087 ], [ 112.003352648973504, -7.805578404556838 ], [ 112.003351979191677, -7.805577054928226 ], [ 112.003321530253231, -7.805524891839136 ], [ 112.003320424639242, -7.805523321659052 ], [ 112.00330833776141, -7.805508925585663 ], [ 112.003300913559784, -7.805477189585921 ], [ 112.003306893797912, -7.805106134164659 ], [ 112.003314442296713, -7.804803625338431 ], [ 112.003314285141798, -7.804801613355825 ], [ 112.003305889006, -7.804752099481814 ], [ 112.0033053920898, -7.804750222160563 ], [ 112.003304579846329, -7.804748457736442 ], [ 112.003303476884298, -7.804746857703554 ], [ 112.003294997450752, -7.804736570937388 ], [ 112.003435180407266, -7.804740781387043 ], [ 112.003463670405225, -7.804311924760757 ], [ 112.003640578021717, -7.804338386546577 ], [ 112.003600302594407, -7.80503120800825 ], [ 112.003618120779308, -7.805459506148302 ], [ 112.003451331763671, -7.805549398753757 ], [ 112.003564507054051, -7.80601743829309 ], [ 112.003564443666079, -7.80602051892951 ], [ 112.003565253526517, -7.806020522434502 ], [ 112.003573470301802, -7.806054504955662 ], [ 112.0038257856352, -7.806045835989212 ], [ 112.003833418115278, -7.806189482451207 ] ] ], [ [ [ 112.005060775504489, -7.805034260309577 ], [ 112.005018660609252, -7.805039810008405 ], [ 112.005019419348997, -7.80506261969547 ], [ 112.004908735910675, -7.805033296719363 ], [ 112.004921582121241, -7.804694307038588 ], [ 112.004838071014419, -7.804690676968227 ], [ 112.004838930815694, -7.804648558382296 ], [ 112.004588098808824, -7.804643981692426 ], [ 112.004587806502968, -7.804640442451326 ], [ 112.004586150315248, -7.804628198606407 ], [ 112.004585408100965, -7.804622341477707 ], [ 112.004584595715599, -7.804615961755633 ], [ 112.004582194886993, -7.804597603929819 ], [ 112.004579721523356, -7.804579252607229 ], [ 112.004579201998638, -7.804575504982571 ], [ 112.004578017314856, -7.804567026964747 ], [ 112.004576460042756, -7.804554810017654 ], [ 112.004576205856736, -7.804553182649004 ], [ 112.004575704189321, -7.804550836846947 ], [ 112.004559047197944, -7.804483893482415 ], [ 112.004557942124691, -7.804480271154932 ], [ 112.004551402266117, -7.80446229035543 ], [ 112.004540551786462, -7.804432452778097 ], [ 112.00453924927929, -7.804430081744741 ], [ 112.004568512791153, -7.804394810972286 ], [ 112.004569748421829, -7.804393101380477 ], [ 112.004570746091403, -7.804391242218541 ], [ 112.004571486837435, -7.80438926789978 ], [ 112.004599168300231, -7.804297219922845 ], [ 112.004599602850945, -7.804295384708825 ], [ 112.004599714431592, -7.804294639194294 ], [ 112.004637759057033, -7.803991490052666 ], [ 112.004638329515785, -7.803986943942056 ], [ 112.004651512674926, -7.803986471274674 ], [ 112.00466397219823, -7.803986022936072 ], [ 112.004694288580438, -7.803984941598626 ], [ 112.004733994951053, -7.803983525026357 ], [ 112.00476012913505, -7.803982591994179 ], [ 112.004825538956609, -7.803980258777901 ], [ 112.00490562726327, -7.803977401389824 ], [ 112.004876961688495, -7.804553506621114 ], [ 112.005059935500469, -7.804559053835995 ], [ 112.005073737616854, -7.804562173739097 ], [ 112.00502045402105, -7.804604828260647 ], [ 112.005092749669402, -7.804884604100821 ], [ 112.005042653006925, -7.804897479284257 ], [ 112.005060775504489, -7.805034260309577 ] ] ], [ [ [ 112.005408261887908, -7.805141264794267 ], [ 112.005584345617208, -7.805264593973241 ], [ 112.005804291838928, -7.805183188705112 ], [ 112.005852955893786, -7.805313960549506 ], [ 112.005887469647192, -7.805314145463591 ], [ 112.005754032009989, -7.804417815755006 ], [ 112.005744479595123, -7.804388673351922 ], [ 112.005565534855151, -7.804395058563915 ], [ 112.005565534757551, -7.804395055669985 ], [ 112.005276849498657, -7.804405354781097 ], [ 112.005249717950306, -7.803965125718396 ], [ 112.005353490228885, -7.803961424212091 ], [ 112.005435768457971, -7.803958490070552 ], [ 112.005451471647717, -7.803957935417437 ], [ 112.005821879591451, -7.803944719442325 ], [ 112.005883029795996, -7.804212889111494 ], [ 112.006136276859323, -7.804180071144525 ], [ 112.006141915380923, -7.804197313328419 ], [ 112.00619013580355, -7.804390155775301 ], [ 112.00623800621527, -7.80470926722184 ], [ 112.005972594929588, -7.804741762392428 ], [ 112.006004391650492, -7.804994145370505 ], [ 112.006273836293971, -7.804948118454545 ], [ 112.006470142880318, -7.806256723030373 ], [ 112.006463306506561, -7.806256999774133 ], [ 112.006452026808986, -7.806257457123886 ], [ 112.006139548561734, -7.806270110110415 ], [ 112.006143387464533, -7.806071827628687 ], [ 112.006009477301916, -7.806063531478459 ], [ 112.006004318191515, -7.806275585223506 ], [ 112.005515501440613, -7.806295377058438 ], [ 112.005523045770175, -7.805792639651385 ], [ 112.005528879027977, -7.805784356591982 ], [ 112.005539756597088, -7.805780330444129 ], [ 112.005660677170312, -7.805780977231828 ], [ 112.00566071624057, -7.805776455899871 ], [ 112.005662236862804, -7.805776360032668 ], [ 112.005660823613425, -7.805753844927116 ], [ 112.005660848173605, -7.805749323629634 ], [ 112.005536972021702, -7.805748660352084 ], [ 112.005534154911373, -7.805748907627326 ], [ 112.005531455038621, -7.805749638493198 ], [ 112.005513206455959, -7.805756392736676 ], [ 112.005511034117674, -7.805757388250388 ], [ 112.005509036653223, -7.805758698089567 ], [ 112.005507258428509, -7.805760292302597 ], [ 112.005505741073691, -7.805762134613383 ], [ 112.005494262553498, -7.80577843438255 ], [ 112.005493050356591, -7.805780462280214 ], [ 112.005492153228559, -7.805782648608306 ], [ 112.005491593720407, -7.805784942665247 ], [ 112.005491381686809, -7.80578729377962 ], [ 112.005483737997253, -7.806296663602981 ], [ 112.00539141108716, -7.806300401315512 ], [ 112.005373044150588, -7.806300903521429 ], [ 112.00536499448755, -7.805202705573622 ], [ 112.005408261887908, -7.805141264794267 ] ] ], [ [ [ 112.005179699035764, -7.804408820668645 ], [ 112.005175661961687, -7.804412801631365 ], [ 112.005062591583197, -7.804415469435759 ], [ 112.005028949102524, -7.804143348814218 ], [ 112.00498097403937, -7.804149444676546 ], [ 112.004968726881486, -7.804044781596478 ], [ 112.004944717469172, -7.80403885583207 ], [ 112.00493867494437, -7.803976222200015 ], [ 112.004979827668407, -7.803974754234461 ], [ 112.005098149677735, -7.803970532549022 ], [ 112.005172342821069, -7.803967885377411 ], [ 112.0052032601278, -7.804407980117869 ], [ 112.005179699035764, -7.804408820668645 ] ] ], [ [ [ 112.005152258832638, -7.803504794700764 ], [ 112.005154980980606, -7.803660945365377 ], [ 112.004658156415701, -7.803684464829825 ], [ 112.004679309691653, -7.803338138558841 ], [ 112.004744983764354, -7.802455132315061 ], [ 112.005132519859728, -7.802474275793942 ], [ 112.005138252184764, -7.802362988471402 ], [ 112.005059064423946, -7.802360783445938 ], [ 112.005076692614679, -7.802131893905146 ], [ 112.005122819243482, -7.80213719735173 ], [ 112.005123270066349, -7.802137240597911 ], [ 112.005199515136525, -7.802142938276113 ], [ 112.005200181765474, -7.802142968347572 ], [ 112.005310137032694, -7.802144717684301 ], [ 112.005311311317357, -7.802144665150935 ], [ 112.005452233283165, -7.802131002671293 ], [ 112.005459100404508, -7.802130336974638 ], [ 112.005460307155715, -7.802134764000082 ], [ 112.005536154293978, -7.802413077323318 ], [ 112.005536431251173, -7.802413986520607 ], [ 112.005729778338065, -7.802985519450957 ], [ 112.005744705285863, -7.803028259833943 ], [ 112.00545816405473, -7.803017631870237 ], [ 112.005460655685781, -7.80280524886642 ], [ 112.005184326187191, -7.802782703333531 ], [ 112.005166879924303, -7.802719093458259 ], [ 112.005156067259705, -7.802873999987333 ], [ 112.004998897336364, -7.802863179292629 ], [ 112.004999097348772, -7.802946932560153 ], [ 112.005146803041043, -7.802961816756127 ], [ 112.005123032526114, -7.803296940142768 ], [ 112.005111819189793, -7.803457469635959 ], [ 112.00510863987779, -7.803506350810427 ], [ 112.005152258832638, -7.803504794700764 ] ] ], [ [ [ 112.004216276443202, -7.803253852195223 ], [ 112.004214055260022, -7.803253681284301 ], [ 112.004228054155064, -7.803072778047615 ], [ 112.004236262641612, -7.802946577578282 ], [ 112.004237812108073, -7.802946677819661 ], [ 112.004244075772476, -7.80286573435739 ], [ 112.004249871637668, -7.802782764546372 ], [ 112.00425035535801, -7.802782798128383 ], [ 112.004271657623619, -7.802482480149257 ], [ 112.003846577035389, -7.802432926234832 ], [ 112.003836429977298, -7.802541433408354 ], [ 112.003408140568666, -7.802445140538303 ], [ 112.00342640409157, -7.802247278613474 ], [ 112.003564183998023, -7.802253058580925 ], [ 112.003587838521895, -7.801965299868766 ], [ 112.004739738473063, -7.802097714393451 ], [ 112.004678789007343, -7.802917199512493 ], [ 112.004500823523145, -7.802910818026475 ], [ 112.004498031008623, -7.802947198082223 ], [ 112.004414521150366, -7.802943567881209 ], [ 112.004411387366844, -7.803239346261288 ], [ 112.004654166718765, -7.803248263644257 ], [ 112.004647640772973, -7.803336005142405 ], [ 112.004611029861721, -7.803935407473824 ], [ 112.004584970429505, -7.80392852514743 ], [ 112.00458070084602, -7.803927397513923 ], [ 112.004531278152982, -7.803915532990129 ], [ 112.004407110743614, -7.803885723872815 ], [ 112.004393136005135, -7.803943619711569 ], [ 112.004366898781271, -7.803935199359503 ], [ 112.004266520294593, -7.804142674924896 ], [ 112.004225500215895, -7.804106256875763 ], [ 112.004162273357764, -7.804050121614592 ], [ 112.004137781826017, -7.804028376672145 ], [ 112.004179042623193, -7.803918283870365 ], [ 112.004239918332445, -7.803771302585671 ], [ 112.004162298896276, -7.803739328937786 ], [ 112.00423460374671, -7.803497598756874 ], [ 112.004200481758673, -7.803485909943081 ], [ 112.004208922972566, -7.803366906565137 ], [ 112.004216276443202, -7.803253852195223 ] ] ], [ [ [ 112.003813494851784, -7.802786689219783 ], [ 112.003785817075538, -7.803158185098956 ], [ 112.003956916393918, -7.803308590282226 ], [ 112.003956050662254, -7.803309569843631 ], [ 112.004127031134587, -7.803460748716297 ], [ 112.003984854265923, -7.803412044598338 ], [ 112.003748379725863, -7.803358764096886 ], [ 112.003737795632773, -7.803355022258263 ], [ 112.003743825458855, -7.803334473790143 ], [ 112.003660621747329, -7.803310189174485 ], [ 112.003652979882759, -7.803336230447542 ], [ 112.003585925041733, -7.80331688729671 ], [ 112.003617488942794, -7.803208061127773 ], [ 112.003348317719613, -7.803130413019391 ], [ 112.003377753229884, -7.80277435436644 ], [ 112.003392129608358, -7.802618605563639 ], [ 112.003819505152023, -7.802722418333001 ], [ 112.003813494851784, -7.802786689219783 ] ] ], [ [ [ 112.001298615132612, -7.802142026001406 ], [ 112.000982587281186, -7.802107083221493 ], [ 112.000993859254407, -7.802046556715434 ], [ 112.001056704099625, -7.801678896500881 ], [ 112.0010819375631, -7.801681741839074 ], [ 112.001094022266159, -7.801683104264877 ], [ 112.001134113510645, -7.801687624729048 ], [ 112.001168664950526, -7.801691520672168 ], [ 112.001222857436161, -7.801697631218707 ], [ 112.00125429471926, -7.801701175463785 ], [ 112.001308326643851, -7.801707267385902 ], [ 112.001338157412263, -7.801710630922041 ], [ 112.001470974863906, -7.801725606921248 ], [ 112.001558243810365, -7.80173544589186 ], [ 112.001627119009228, -7.801743212014389 ], [ 112.001716007177109, -7.801753234335957 ], [ 112.001748801521913, -7.801756931797293 ], [ 112.00184616675736, -7.801767906285975 ], [ 112.001823729418874, -7.80207414328894 ], [ 112.001716948981738, -7.802068549839006 ], [ 112.001706702635801, -7.802188187494818 ], [ 112.001298615132612, -7.802142026001406 ] ] ], [ [ [ 112.000933724727588, -7.802101680531922 ], [ 112.000933109730738, -7.8021066970516 ], [ 112.000889113311061, -7.802101332570581 ], [ 112.000879252888424, -7.802144429016134 ], [ 112.000875519685138, -7.802143579451422 ], [ 112.000871384850996, -7.802160969846002 ], [ 112.000871369425283, -7.802160966174325 ], [ 112.000867119743219, -7.802178837002494 ], [ 112.000867122011698, -7.802178837539782 ], [ 112.000829615891433, -7.802336555036306 ], [ 112.000919812663057, -7.802348946482847 ], [ 112.000845648598769, -7.802769238541932 ], [ 112.000823658777435, -7.802766304126827 ], [ 112.000297758177879, -7.802692267460642 ], [ 112.000297114529914, -7.802690841791294 ], [ 112.000296524553605, -7.80268719652321 ], [ 112.00044824122898, -7.80204919823696 ], [ 112.000685961194165, -7.802077436826985 ], [ 112.000687363761983, -7.802061639445952 ], [ 112.00045072124243, -7.802038767910673 ], [ 112.000547000054596, -7.801633897286947 ], [ 112.00054922682159, -7.801630621602417 ], [ 112.000552704212808, -7.801627361049611 ], [ 112.000556931550378, -7.801625226548166 ], [ 112.000561790402969, -7.801623992270516 ], [ 112.000567110600144, -7.801623412613932 ], [ 112.000572390214074, -7.801623309687984 ], [ 112.000572758429158, -7.801623318766119 ], [ 112.000591821764004, -7.801625523010885 ], [ 112.00069741894697, -7.801637734561314 ], [ 112.000795557774865, -7.801649110845311 ], [ 112.000850626951092, -7.801655494314371 ], [ 112.000903179748008, -7.801661586170191 ], [ 112.000953258423024, -7.80166723256065 ], [ 112.000975003994796, -7.801669684588257 ], [ 112.001046169670545, -7.801677708579499 ], [ 112.000964277171192, -7.802105058689423 ], [ 112.000933724727588, -7.802101680531922 ] ] ], [ [ [ 112.001208025428298, -7.802388541700408 ], [ 112.001208025427871, -7.802388541519513 ], [ 112.001522415057067, -7.802431732833506 ], [ 112.001564217576203, -7.802437475694374 ], [ 112.001564317713814, -7.80243675914883 ], [ 112.001593584861723, -7.802440827550286 ], [ 112.001599624328989, -7.802411979395538 ], [ 112.002019257274469, -7.802499356745442 ], [ 112.002127045040197, -7.802513170693352 ], [ 112.002376856404439, -7.802603894655855 ], [ 112.002378998188718, -7.802588169689345 ], [ 112.002390160112398, -7.802513549502761 ], [ 112.002445189154798, -7.802524738076944 ], [ 112.002442234118035, -7.802542077568256 ], [ 112.002501579039347, -7.802552895042346 ], [ 112.002736429270797, -7.802595708682292 ], [ 112.002752736031525, -7.802629250605618 ], [ 112.002760810000154, -7.802646376743723 ], [ 112.002765924162716, -7.80265790152794 ], [ 112.002768330391291, -7.802663723969874 ], [ 112.00277054504906, -7.802669454613948 ], [ 112.002772655517347, -7.802675228013142 ], [ 112.00248838957053, -7.802669487378977 ], [ 112.002481043929194, -7.802719785645801 ], [ 112.002442696098271, -7.802982352844875 ], [ 112.001856034799417, -7.802904067509786 ], [ 112.001851622315854, -7.802903477416163 ], [ 112.001890679539258, -7.802685411015162 ], [ 112.001706592033969, -7.802646028427255 ], [ 112.001592925371455, -7.802621332522034 ], [ 112.001554580265477, -7.802824312242385 ], [ 112.001551064141154, -7.802842925593114 ], [ 112.001547296343716, -7.802862867242686 ], [ 112.000858942280033, -7.802771012339956 ], [ 112.000937102223475, -7.802351321761371 ], [ 112.001208025428298, -7.802388541700408 ] ] ], [ [ [ 112.003030629356303, -7.801428308566554 ], [ 112.003031748540224, -7.801416591218185 ], [ 112.00308033078305, -7.801417648281914 ], [ 112.003075110521849, -7.801240580579639 ], [ 112.002912015395609, -7.801216145945065 ], [ 112.002927368356168, -7.801196143373357 ], [ 112.002938963876204, -7.801169189215437 ], [ 112.002988476528131, -7.800939977142483 ], [ 112.003504694102531, -7.801055130013334 ], [ 112.003452491896581, -7.801620224652486 ], [ 112.003425942569095, -7.801907629367539 ], [ 112.003402382191211, -7.801905123888957 ], [ 112.003363266682143, -7.80190096310375 ], [ 112.002792064721419, -7.801840203552015 ], [ 112.002795395663625, -7.801800224391215 ], [ 112.002806022927146, -7.801655767222369 ], [ 112.002772414442731, -7.801653308127656 ], [ 112.002777369533831, -7.801526127247105 ], [ 112.002740995705594, -7.801526596913415 ], [ 112.00272560115279, -7.801470905147498 ], [ 112.002657428499077, -7.801489648179036 ], [ 112.002640321504742, -7.801408717832965 ], [ 112.002640121769119, -7.80134047637274 ], [ 112.002715594308938, -7.801339047636716 ], [ 112.002714474694912, -7.80128020085949 ], [ 112.002782457759935, -7.801274775094639 ], [ 112.002782629529491, -7.801346875871206 ], [ 112.002731430866433, -7.801336342770073 ], [ 112.002739798743789, -7.801356371073857 ], [ 112.002739799015629, -7.801356370982765 ], [ 112.002756660092459, -7.801396727382298 ], [ 112.002782755326564, -7.801399679123092 ], [ 112.002782782711932, -7.801411174073991 ], [ 112.002908575731766, -7.801413911170509 ], [ 112.00294229801915, -7.801417725626207 ], [ 112.002942242502158, -7.801418213697553 ], [ 112.003030629356303, -7.801428308566554 ] ] ], [ [ [ 112.001539319537329, -7.801091088025067 ], [ 112.001448985616889, -7.801072503393328 ], [ 112.001450877910997, -7.801063355037665 ], [ 112.001276374132033, -7.801025492717375 ], [ 112.001140640247741, -7.80100199583656 ], [ 112.001124268520073, -7.801073551035209 ], [ 112.000693438835611, -7.800995053149774 ], [ 112.000806519290151, -7.80050026864619 ], [ 112.000811053671541, -7.800480429196151 ], [ 112.001120534065748, -7.800546450561718 ], [ 112.001558228328179, -7.800635457375407 ], [ 112.001558798096241, -7.800635561845422 ], [ 112.001687622302242, -7.800655908729138 ], [ 112.001671390997615, -7.80097299416631 ], [ 112.001734976450066, -7.800972843669087 ], [ 112.001738379376235, -7.80109492099528 ], [ 112.001541419592556, -7.801113027430287 ], [ 112.001539319537329, -7.801091088025067 ] ] ], [ [ [ 112.001399694991136, -7.801243233244462 ], [ 112.001488375146764, -7.801253038479743 ], [ 112.001486012532567, -7.801296720477169 ], [ 112.001550803524538, -7.801298959366012 ], [ 112.001553339770041, -7.801356385572107 ], [ 112.001634954561524, -7.801370550239556 ], [ 112.00164242097209, -7.801483002050604 ], [ 112.001748025095978, -7.801494716791031 ], [ 112.001752567089753, -7.801387021899406 ], [ 112.001896974452563, -7.801382987262443 ], [ 112.001896581500944, -7.801741003143679 ], [ 112.001862934263642, -7.801737507592006 ], [ 112.001272237861556, -7.8016708924869 ], [ 112.001175812415127, -7.801660018743065 ], [ 112.000906843867867, -7.801629687297085 ], [ 112.000557611498735, -7.801589276551872 ], [ 112.000558090982224, -7.801587261252076 ], [ 112.000560763873182, -7.80157556698051 ], [ 112.00063970469823, -7.801230163836606 ], [ 112.000668715105107, -7.801103229910735 ], [ 112.000804351778058, -7.801125803025203 ], [ 112.000800806442996, -7.801148544261972 ], [ 112.000784257713349, -7.801252677884338 ], [ 112.001164521567233, -7.801311838969367 ], [ 112.001171565754433, -7.801247211628461 ], [ 112.001241173000182, -7.801256618538067 ], [ 112.001245674456456, -7.801225810843893 ], [ 112.001399694991136, -7.801243233244462 ] ] ], [ [ [ 111.999920293008472, -7.802210877654081 ], [ 111.999927540297023, -7.802177949482826 ], [ 111.999934846310012, -7.802179548797433 ], [ 111.999937211481708, -7.80216959619271 ], [ 111.999937279717514, -7.802169612311202 ], [ 111.999979880371541, -7.801990469068301 ], [ 111.999848428818879, -7.801974440849503 ], [ 111.999883186567757, -7.801831851535656 ], [ 111.999820179984582, -7.801823026644377 ], [ 111.999816988191029, -7.801742271261472 ], [ 111.999732951014067, -7.801718540380056 ], [ 111.999703504969531, -7.801948934011774 ], [ 111.99933746326893, -7.801881784512966 ], [ 111.999435017664368, -7.801486601067441 ], [ 111.999465729305058, -7.801490857140983 ], [ 111.999520023179727, -7.801497664988513 ], [ 111.999594219034009, -7.801506968174521 ], [ 111.999626464613499, -7.80151101168934 ], [ 111.999674426581734, -7.801517026816536 ], [ 111.999721886893852, -7.801522978004215 ], [ 111.999767006758972, -7.801528636253538 ], [ 111.999877006049061, -7.801542430317059 ], [ 111.999920995468173, -7.801547888627885 ], [ 111.999964714718601, -7.801552999366712 ], [ 112.000005608128433, -7.801557727873274 ], [ 112.000052357063751, -7.801563134427737 ], [ 112.000073252798131, -7.80156555052523 ], [ 111.999981723592839, -7.801953170526043 ], [ 112.000004777352984, -7.801960773859693 ], [ 112.00009638460817, -7.801568225430962 ], [ 112.000106117202165, -7.80156935015264 ], [ 112.000166822329135, -7.801576369775109 ], [ 112.00021937236194, -7.801582447254029 ], [ 112.000228928975105, -7.801583552491246 ], [ 112.000282333521852, -7.801589727429763 ], [ 112.000324927803646, -7.8015946526678 ], [ 112.000358290224113, -7.801598509885785 ], [ 112.000372230089411, -7.801600122092428 ], [ 112.000455618909257, -7.801609764259109 ], [ 112.000495730380393, -7.801614403218057 ], [ 112.000496109645667, -7.801614482815676 ], [ 112.000501041583789, -7.801615762682022 ], [ 112.000505821371419, -7.801617510498478 ], [ 112.000509860560371, -7.801619775591039 ], [ 112.000512881202127, -7.801622753069386 ], [ 112.000514661533543, -7.80162662072616 ], [ 112.000515254117872, -7.80163021895754 ], [ 112.000264934767841, -7.802682859390422 ], [ 112.000262705221701, -7.802686113374493 ], [ 112.000261559622984, -7.802687171552771 ], [ 111.999753191845372, -7.802618073436142 ], [ 111.999859620468342, -7.802202432339394 ], [ 111.999920293008472, -7.802210877654081 ] ] ], [ [ [ 112.003268002313632, -7.798643539581335 ], [ 112.003721302266896, -7.798709053608683 ], [ 112.003703992556666, -7.79889689853238 ], [ 112.003685116386833, -7.799101744113399 ], [ 112.003293190303808, -7.799066949115445 ], [ 112.003297835143243, -7.798859840005139 ], [ 112.003451426458966, -7.798871440665852 ], [ 112.003465526449901, -7.798746973109363 ], [ 112.003267497913697, -7.798721344568032 ], [ 112.003268002313632, -7.798643539581335 ] ] ], [ [ [ 112.003268719960943, -7.798532841076381 ], [ 112.003389225991739, -7.798546143578127 ], [ 112.003375966837254, -7.798620835667818 ], [ 112.003268242398107, -7.798606506023963 ], [ 112.003268719960943, -7.798532841076381 ] ] ], [ [ [ 112.00326930097674, -7.798443218627954 ], [ 112.003305499004796, -7.798443452017467 ], [ 112.003310029220458, -7.798393145406793 ], [ 112.003308087987591, -7.798392963152123 ], [ 112.003308437473109, -7.79838926148827 ], [ 112.003304728729447, -7.798388882367644 ], [ 112.003305530852998, -7.798381077590484 ], [ 112.00297727277119, -7.798341724141084 ], [ 112.003000925873366, -7.798138140289646 ], [ 112.002604898653146, -7.798087628927981 ], [ 112.002350102431635, -7.79805582289986 ], [ 112.002360153349073, -7.797988790796892 ], [ 112.002366542518772, -7.797945084470531 ], [ 112.002374398996963, -7.79788842052072 ], [ 112.002376252023282, -7.797875968464865 ], [ 112.002377278607185, -7.797869874698992 ], [ 112.002383377596487, -7.79783112985762 ], [ 112.002624811725212, -7.797860987728844 ], [ 112.003208994778078, -7.797933233538449 ], [ 112.003374726458674, -7.797952238105833 ], [ 112.003379566797065, -7.797952771101305 ], [ 112.003776887133412, -7.797998354962406 ], [ 112.003786689471426, -7.797999479443265 ], [ 112.00372340089406, -7.798686278715585 ], [ 112.003406748174172, -7.798649479255849 ], [ 112.00340839338935, -7.798534611892811 ], [ 112.003268843919059, -7.798513720346492 ], [ 112.00326930097674, -7.798443218627954 ] ], [ [ 112.003444549617427, -7.798291861403388 ], [ 112.003439809730935, -7.798322067019996 ], [ 112.003418959042861, -7.798454938257645 ], [ 112.003488230907507, -7.798465750224091 ], [ 112.003495181731324, -7.798421458302538 ], [ 112.003513822361683, -7.798302673366904 ], [ 112.003444549617427, -7.798291861403388 ] ] ], [ [ [ 112.00269189328607, -7.798589055689781 ], [ 112.002681228949712, -7.798588341284637 ], [ 112.002691211605367, -7.798480097189605 ], [ 112.00269476229262, -7.798457744841889 ], [ 112.002705752105143, -7.798388568824123 ], [ 112.002721680254297, -7.798390652660769 ], [ 112.00269189328607, -7.798589055689781 ] ] ], [ [ [ 112.001494865719067, -7.800069245279261 ], [ 112.001513779907754, -7.799982968596896 ], [ 112.001553201089777, -7.799983883061056 ], [ 112.00157421013688, -7.799850243147515 ], [ 112.001623908510155, -7.799857699250929 ], [ 112.001615681393957, -7.799912235952071 ], [ 112.001708455339497, -7.799926155362368 ], [ 112.001698757808413, -7.799995016288206 ], [ 112.001785651013307, -7.800008314686115 ], [ 112.001779145146713, -7.800047216050741 ], [ 112.001670528131584, -7.800029525597712 ], [ 112.001659240168067, -7.800075616739601 ], [ 112.001641593621144, -7.800071961189556 ], [ 112.001589717427166, -7.800061240736596 ], [ 112.001557127456053, -7.800218104417022 ], [ 112.001546835263525, -7.800267640888681 ], [ 112.001542183957, -7.800287109802569 ], [ 112.001468309188795, -7.800277736535485 ], [ 112.00139903277362, -7.800268947490766 ], [ 112.001384532839381, -7.800382612581351 ], [ 112.001356160882111, -7.80056205894002 ], [ 112.001127024359661, -7.800515464808925 ], [ 112.000802379645137, -7.800446207978505 ], [ 112.000801001395729, -7.800445912775491 ], [ 112.000664592187903, -7.800416812376391 ], [ 112.000565658844891, -7.800394973644994 ], [ 112.000561225514772, -7.800393995583012 ], [ 112.000562338659847, -7.800387298358575 ], [ 112.000568742219926, -7.800348801520821 ], [ 112.000589471088205, -7.800224187143419 ], [ 112.000594934934014, -7.80019133526763 ], [ 112.000609170825356, -7.800105754266397 ], [ 112.000624856930273, -7.80001144841555 ], [ 112.000675202858972, -7.799708780281466 ], [ 112.000652839525827, -7.799705065292267 ], [ 112.000604271953634, -7.799997044282202 ], [ 112.000589028408811, -7.800088682826209 ], [ 112.000569318830173, -7.800207174514212 ], [ 112.000562451226713, -7.80024845899865 ], [ 112.000547571574259, -7.800337911578548 ], [ 112.000540170193929, -7.800382407147845 ], [ 112.000539056137342, -7.800389102565564 ], [ 112.000534622807294, -7.800388124503288 ], [ 112.00013692238133, -7.800300337110859 ], [ 112.000176411354971, -7.800072788597613 ], [ 112.000162960584973, -7.80006707724816 ], [ 112.000125948846076, -7.800297914747514 ], [ 111.999766002610997, -7.800218460735166 ], [ 111.999841814486047, -7.799915113842495 ], [ 111.999882582054497, -7.799751990328035 ], [ 112.000087519991922, -7.798931966466624 ], [ 112.00063912187278, -7.799021561852465 ], [ 112.00066764594014, -7.799026195656273 ], [ 112.00115293311768, -7.799108320938905 ], [ 112.001091778685833, -7.799409157852903 ], [ 112.001060551811577, -7.799538658375239 ], [ 112.001071667381254, -7.799541324576462 ], [ 112.001031656061741, -7.799707259136641 ], [ 112.001120072090927, -7.799728463889099 ], [ 112.001066163037095, -7.800052554812813 ], [ 112.001218364361335, -7.800084012922047 ], [ 112.001216445463669, -7.800094969134411 ], [ 112.001476782565149, -7.800151731189569 ], [ 112.001490412624278, -7.800089557975779 ], [ 112.001494400839931, -7.800089178282738 ], [ 112.001494865719067, -7.800069245279261 ] ] ], [ [ [ 112.001601157570207, -7.799678828697931 ], [ 112.001601153124824, -7.799678827984917 ], [ 112.001609035575811, -7.799628690613977 ], [ 112.001188856860324, -7.799554655328288 ], [ 112.001216944822545, -7.799438169882726 ], [ 112.001107661058285, -7.799411936687291 ], [ 112.001123615792324, -7.799321195460515 ], [ 112.001164704558704, -7.799110313596329 ], [ 112.001765635965114, -7.799212007826003 ], [ 112.001748000736285, -7.799380802633368 ], [ 112.001739725925646, -7.799380982299613 ], [ 112.001626314648362, -7.799383965767278 ], [ 112.001629478609132, -7.799503607139656 ], [ 112.001631493561561, -7.799503554436991 ], [ 112.001644054816538, -7.799503223538577 ], [ 112.001644903219699, -7.799690964021126 ], [ 112.001633759175377, -7.799689291871923 ], [ 112.00162338132624, -7.799758090192941 ], [ 112.001624232279084, -7.799758217512817 ], [ 112.001617741050822, -7.799805183644693 ], [ 112.001582133640682, -7.799799841211629 ], [ 112.001601157570207, -7.799678828697931 ] ] ], [ [ [ 112.000185032079656, -7.801104321089992 ], [ 112.000243097909831, -7.800857543828559 ], [ 112.000367813012843, -7.800383723505006 ], [ 112.00046075236763, -7.800404238800165 ], [ 112.000544110976563, -7.800422638649064 ], [ 112.000657842362841, -7.800447743569615 ], [ 112.000780012722061, -7.800473806192917 ], [ 112.000775478343513, -7.800493647451673 ], [ 112.00074576252635, -7.800623670771893 ], [ 112.000676303537418, -7.800927607794672 ], [ 112.000460832820011, -7.800866225227033 ], [ 112.00040375726347, -7.801081728513963 ], [ 112.000628945576082, -7.801134832482341 ], [ 112.000529016628093, -7.801572099386947 ], [ 112.000527175612376, -7.801580090763077 ], [ 112.000525863764551, -7.801585603653685 ], [ 112.000141297811581, -7.801541103953827 ], [ 112.000223232372363, -7.801247509488997 ], [ 112.000201627636827, -7.801243253652506 ], [ 112.000116818910584, -7.801538271245338 ], [ 111.999985369437852, -7.801523060040791 ], [ 111.999924852082401, -7.801516057131446 ], [ 111.999900153097983, -7.801512963549663 ], [ 111.99993377940504, -7.801318691130643 ], [ 111.999959544930789, -7.801151934682364 ], [ 111.99994225873813, -7.801147668627872 ], [ 111.999884800484921, -7.80151104082746 ], [ 111.999443059069506, -7.801455704817761 ], [ 111.999539834740929, -7.80108514722962 ], [ 111.999583146175127, -7.800919305329021 ], [ 111.999758165708116, -7.800249151198077 ], [ 112.000006906702296, -7.800304057631892 ], [ 112.000253701470001, -7.800358534384046 ], [ 112.000340844641855, -7.80037777097376 ], [ 112.000230712821065, -7.800813161733117 ], [ 112.000071198651, -7.800786770904884 ], [ 111.999996464673984, -7.80108132864676 ], [ 112.000185032079656, -7.801104321089992 ] ] ], [ [ [ 112.001826664269728, -7.798244358523052 ], [ 112.001832745789798, -7.798203852166252 ], [ 112.001546016486614, -7.79816906908121 ], [ 112.001607030676112, -7.797965297955764 ], [ 112.00116475024663, -7.797901747826538 ], [ 112.001111119087682, -7.798051435749742 ], [ 112.001000081703438, -7.798024777925831 ], [ 112.001008802336827, -7.797908099369313 ], [ 112.000786769404613, -7.797872729233235 ], [ 112.000757252859657, -7.79807321081595 ], [ 112.001003237143323, -7.798090576811485 ], [ 112.001002579739563, -7.798103144446063 ], [ 112.000814129961455, -7.798080283321419 ], [ 112.000813694128439, -7.798083645395631 ], [ 112.000759738973755, -7.798076688714568 ], [ 112.000748929518139, -7.798117869372812 ], [ 112.000760065860405, -7.798120974186925 ], [ 112.00068680240814, -7.798382341895266 ], [ 112.000488221858078, -7.798357228213013 ], [ 112.000493718754882, -7.798331033771734 ], [ 112.00051638818681, -7.798177350939559 ], [ 112.000503312056296, -7.798177763510719 ], [ 112.000522225722008, -7.79805902679575 ], [ 112.000469217186151, -7.798050628709923 ], [ 112.000467788413985, -7.798059601322584 ], [ 112.000319807791755, -7.79803524465867 ], [ 112.000433964216441, -7.797594802201691 ], [ 112.000473368274143, -7.797599582165014 ], [ 112.000477301561673, -7.797600041365821 ], [ 112.000485810374684, -7.797601032412977 ], [ 112.000493154607398, -7.797601957475162 ], [ 112.001542896566946, -7.79772884984869 ], [ 112.002081811544443, -7.797794418403295 ], [ 112.002042978104498, -7.798016870757595 ], [ 112.002041086535101, -7.798016559588446 ], [ 112.002032731008171, -7.798067032086601 ], [ 112.00203418075904, -7.79806727104262 ], [ 112.002027693449662, -7.798104430431817 ], [ 112.002057974329986, -7.798111460347124 ], [ 112.002035694829956, -7.798195151145911 ], [ 112.001881012900455, -7.79817369513334 ], [ 112.001868260537094, -7.798259872270998 ], [ 112.001946039363432, -7.798275482266293 ], [ 112.001884927306079, -7.798608729369745 ], [ 112.001782684096639, -7.798597485062699 ], [ 112.001757320282664, -7.798828706545448 ], [ 112.001930160839748, -7.798862756292444 ], [ 112.001889998099713, -7.799149355773713 ], [ 112.001871099553014, -7.799146992908829 ], [ 112.001864852454901, -7.799196690746415 ], [ 112.001151119375919, -7.799075905928481 ], [ 112.001193764366946, -7.798808980984901 ], [ 112.001244893945085, -7.798810889601349 ], [ 112.001259690772969, -7.798727100753475 ], [ 112.001175668398133, -7.798709351956878 ], [ 112.001185258881137, -7.798635586529507 ], [ 112.001749531409885, -7.79873501137302 ], [ 112.001826664269728, -7.798244358523052 ] ] ], [ [ [ 112.000642617315222, -7.798539972294678 ], [ 112.000701813901969, -7.798550402901477 ], [ 112.000782107173777, -7.798561893674923 ], [ 112.000771070668208, -7.798838931260894 ], [ 112.000902335494672, -7.798852743606852 ], [ 112.000879775710203, -7.79902998568655 ], [ 112.000672852458038, -7.798994968745476 ], [ 112.000635574578141, -7.798988913067234 ], [ 112.00065044404937, -7.798772696460763 ], [ 112.000558040216958, -7.798762145814485 ], [ 112.000556928568571, -7.798799240035122 ], [ 112.000310257870694, -7.798769114843059 ], [ 112.000336883483328, -7.798590374463859 ], [ 112.000184067677665, -7.798558956554191 ], [ 112.000247423458305, -7.798314516585656 ], [ 112.000465844263047, -7.798385266885018 ], [ 112.000680002913668, -7.798406599110369 ], [ 112.000642617315222, -7.798539972294678 ] ] ], [ [ [ 112.003398376260122, -7.797269321940099 ], [ 112.003398999756044, -7.797264535487018 ], [ 112.003385485632037, -7.797262637296667 ], [ 112.003399021005777, -7.797153860379281 ], [ 112.003245946063927, -7.797134914427581 ], [ 112.003241318033858, -7.797172108306987 ], [ 112.003192429188573, -7.797159386664007 ], [ 112.003261967934819, -7.796804554317579 ], [ 112.003382594098412, -7.796821613653361 ], [ 112.00334576774712, -7.797111215187737 ], [ 112.003550081853149, -7.797137056231272 ], [ 112.003586526165407, -7.796850455595218 ], [ 112.003857849573222, -7.796888826827884 ], [ 112.003875169364264, -7.796891276565919 ], [ 112.003888633660438, -7.796893181028561 ], [ 112.003789595198839, -7.797967948663116 ], [ 112.003304641741906, -7.797912337960484 ], [ 112.0033588699402, -7.797476533999356 ], [ 112.003394207495873, -7.797480770468756 ], [ 112.003413979338546, -7.797271343536606 ], [ 112.003398376260122, -7.797269321940099 ] ] ], [ [ [ 112.00197136876092, -7.797276763464013 ], [ 112.002042262337142, -7.797284627831545 ], [ 112.002024359351893, -7.797434229461257 ], [ 112.002000623362136, -7.797432133994234 ], [ 112.001999838197321, -7.797440978464683 ], [ 112.001976486624315, -7.797437699092158 ], [ 112.001946734945818, -7.797746078841845 ], [ 112.001546726822582, -7.797697426311863 ], [ 112.001281792400036, -7.797665401195077 ], [ 112.001303932080589, -7.797403082165553 ], [ 112.001471969189467, -7.797435587918975 ], [ 112.001487083347683, -7.797250826032898 ], [ 112.001569012606154, -7.797260764919221 ], [ 112.001651157636616, -7.797270729975665 ], [ 112.00196687744743, -7.797309029848765 ], [ 112.00197136876092, -7.797276763464013 ] ] ], [ [ [ 112.001154532729046, -7.79721048395974 ], [ 112.001125242187811, -7.797646477177474 ], [ 112.000989682124541, -7.797630091955822 ], [ 112.001023496732245, -7.797194587784817 ], [ 112.001154532729046, -7.79721048395974 ] ] ], [ [ [ 111.996691536920665, -7.802611743313846 ], [ 111.996806332106274, -7.802764143598453 ], [ 111.996789493047061, -7.802777529054368 ], [ 111.996760852253999, -7.802800296843221 ], [ 111.996743982539968, -7.802771257310841 ], [ 111.996657058657831, -7.802633803109076 ], [ 111.996672954300792, -7.80262452147633 ], [ 111.996691536920665, -7.802611743313846 ] ] ], [ [ [ 111.999696095868998, -7.805981390500063 ], [ 111.999686335452878, -7.806005237167756 ], [ 111.999686169609092, -7.806005668068567 ], [ 111.99968601650896, -7.806006118836708 ], [ 111.999563027902681, -7.80639626329314 ], [ 111.999562854891678, -7.8063967312925 ], [ 111.999429573240775, -7.80675840417279 ], [ 111.99922465774695, -7.806691753413328 ], [ 111.99925134142191, -7.80661128650685 ], [ 111.999116873389838, -7.806566412521041 ], [ 111.999113698021048, -7.806561687138103 ], [ 111.999115539830484, -7.806556305043768 ], [ 111.99935371564348, -7.805860316759217 ], [ 111.999355180986853, -7.805856037150141 ], [ 111.99935945421494, -7.805857548305483 ], [ 111.999626553707003, -7.805952000794003 ], [ 111.999693533044152, -7.80597568598465 ], [ 111.999697810813046, -7.805977198934402 ], [ 111.999696095868998, -7.805981390500063 ] ] ], [ [ [ 111.999341133393784, -7.805827079729079 ], [ 111.999336860166053, -7.805825568573487 ], [ 111.999083970091363, -7.805736139895172 ], [ 111.999079695958315, -7.805734628738885 ], [ 111.999081142242574, -7.805730341940028 ], [ 111.999507682689099, -7.804466550435211 ], [ 111.999509135277734, -7.804462248245488 ], [ 111.999513558892161, -7.80446331768373 ], [ 111.999780927554681, -7.804527926063023 ], [ 111.999785353890815, -7.804528995491779 ], [ 111.999783883156596, -7.804533293202855 ], [ 111.999342598737201, -7.805822800120053 ], [ 111.999341133393784, -7.805827079729079 ] ] ], [ [ [ 111.999182249550088, -7.803186218709959 ], [ 111.999184258112791, -7.803176591730116 ], [ 111.999202249972157, -7.803090349775498 ], [ 111.999233206894758, -7.802941960008836 ], [ 111.99923529166648, -7.802931964745715 ], [ 111.999242491100219, -7.802897457285074 ], [ 111.999250576437959, -7.802858697813116 ], [ 111.999250657941687, -7.802858267111692 ], [ 111.999252624340741, -7.802846161187262 ], [ 111.999265902870732, -7.802764402772028 ], [ 111.999282640461018, -7.802661344988476 ], [ 111.999288947225111, -7.802622513744525 ], [ 111.999291960286513, -7.802603965802843 ], [ 111.999296452640692, -7.802604584677157 ], [ 111.999938607265264, -7.80269309012556 ], [ 112.000252505439434, -7.802736068368296 ], [ 112.00024555951066, -7.802767691008373 ], [ 112.000008638728303, -7.803846425098554 ], [ 112.000005242917098, -7.803861888934462 ], [ 112.000004272165853, -7.803866306657699 ], [ 111.999759792915199, -7.803814341578364 ], [ 111.999270223089297, -7.803699246317702 ], [ 111.999294631644602, -7.803558220512143 ], [ 111.999226445953454, -7.803541151250136 ], [ 111.999244464199691, -7.803449218555189 ], [ 111.999114649991341, -7.803415229120185 ], [ 111.999115931825713, -7.803408906836954 ], [ 111.999130641481884, -7.803336328630841 ], [ 111.999142797903772, -7.803301034367839 ], [ 111.999144219169622, -7.803296907712678 ], [ 111.999181872818923, -7.803187588907447 ], [ 111.999182249550088, -7.803186218709959 ] ], [ [ 111.999682605462198, -7.803090987434366 ], [ 111.999641204708652, -7.803211186735864 ], [ 111.999622074727526, -7.803328970865502 ], [ 111.999671641972483, -7.803340623830062 ], [ 111.999725278306045, -7.803096927299722 ], [ 111.999682605462198, -7.803090987434366 ] ] ], [ [ [ 111.999048082033582, -7.803629566322299 ], [ 111.999046055317777, -7.80363957049234 ], [ 111.999045604432879, -7.803641793742918 ], [ 111.999044705357946, -7.803646229384547 ], [ 111.99904028998786, -7.80364519067135 ], [ 111.997979341660169, -7.803395766298179 ], [ 111.998008058914522, -7.80326032968178 ], [ 111.998008296465486, -7.803258395448288 ], [ 111.998008198440999, -7.803256449344288 ], [ 111.998007765885092, -7.80325454925096 ], [ 111.998007013440926, -7.803252751208414 ], [ 111.998005962095391, -7.803251109433022 ], [ 111.998004643700838, -7.803249670880057 ], [ 111.998003097360325, -7.803248480678814 ], [ 111.998001368497185, -7.80324757218608 ], [ 111.997999509776974, -7.803246973314992 ], [ 111.997719442894564, -7.803182711069469 ], [ 111.997719583010451, -7.80318213823428 ], [ 111.997722260455305, -7.803171181070931 ], [ 111.99773525428381, -7.803118006973231 ], [ 111.99774465183593, -7.803079549211633 ], [ 111.997752834166505, -7.803046065972368 ], [ 111.997770211054203, -7.802974953908707 ], [ 111.997795472972243, -7.802871576670421 ], [ 111.99781347048939, -7.802797927118361 ], [ 111.997832757777459, -7.802719001692238 ], [ 111.997855060202852, -7.802627733622124 ], [ 111.997862878764181, -7.802595739933391 ], [ 111.997876066566533, -7.802541770382182 ], [ 111.997887162540451, -7.802496364393691 ], [ 111.997894332617633, -7.802467023121109 ], [ 111.997903914366958, -7.802426321935334 ], [ 111.997908877625704, -7.802405238799054 ], [ 111.998929781436459, -7.802554048054422 ], [ 111.998977047315066, -7.802560561422597 ], [ 111.998947157849429, -7.802777015204835 ], [ 111.999233428516234, -7.802822938235379 ], [ 111.999228328397351, -7.802854339445957 ], [ 111.999219132066244, -7.802898421401864 ], [ 111.999026879557093, -7.802860041835188 ], [ 111.999023099817492, -7.802884937071719 ], [ 111.998900238603596, -7.8028813986842 ], [ 111.998862492940859, -7.803153329793921 ], [ 111.999149560877456, -7.803211798132634 ], [ 111.999108956609447, -7.803329686147862 ], [ 111.999108566425093, -7.803331119687256 ], [ 111.999105234716737, -7.80334762255923 ], [ 111.999093154006346, -7.803407168043751 ], [ 111.999072110509886, -7.803511005664033 ], [ 111.999063630716208, -7.803552846556944 ], [ 111.999054985985808, -7.803595500922365 ], [ 111.999048082033582, -7.803629566322299 ] ], [ [ 111.998701803073146, -7.803112619926996 ], [ 111.998732704050823, -7.802960145355499 ], [ 111.998701303551741, -7.802955863010878 ], [ 111.998701374689531, -7.802955344061539 ], [ 111.998537445072756, -7.802932065986955 ], [ 111.998506390186563, -7.803066679042407 ], [ 111.99858555319463, -7.803085289995443 ], [ 111.998701802982467, -7.803112619927211 ], [ 111.998701803073146, -7.803112619926996 ] ], [ [ 111.998329522718166, -7.802930964461456 ], [ 111.998104238374239, -7.802861819502096 ], [ 111.998041963729179, -7.80309017781667 ], [ 111.998273074622659, -7.803158429940783 ], [ 111.998329522718166, -7.802930964461456 ] ] ], [ [ [ 111.999656013110638, -7.802158431804785 ], [ 111.999581727453389, -7.802594767976103 ], [ 111.999175102266065, -7.802539498100258 ], [ 111.999282690254788, -7.802103666664888 ], [ 111.999656013110638, -7.802158431804785 ] ] ], [ [ [ 111.998860702679465, -7.799677595085958 ], [ 111.999137923323289, -7.799712835869189 ], [ 111.999064458182829, -7.800079338076005 ], [ 111.998871599589705, -7.800039895187662 ], [ 111.998869746312678, -7.800039673453504 ], [ 111.998867870182252, -7.800039757470842 ], [ 111.998716996477896, -7.799970139485068 ], [ 111.998860702679465, -7.799677595085958 ] ] ], [ [ [ 111.998960167325194, -7.798099795222056 ], [ 111.998953270503819, -7.798124622745644 ], [ 111.998915901822585, -7.79820870450149 ], [ 111.998842557634958, -7.798321540687046 ], [ 111.998763184581364, -7.798414142689405 ], [ 111.998677616156073, -7.798509219347537 ], [ 111.998677351166251, -7.798509524765829 ], [ 111.99867705729821, -7.798509889944703 ], [ 111.998619950645832, -7.798584129198155 ], [ 111.998618912483735, -7.798585746960589 ], [ 111.998618163975451, -7.798587516888579 ], [ 111.998596565257799, -7.798653802927729 ], [ 111.998595149045414, -7.798658146632141 ], [ 111.998590638197811, -7.798657359564353 ], [ 111.99848783314178, -7.798639416657216 ], [ 111.998576221221811, -7.798532914938556 ], [ 111.998709386832147, -7.79777283094517 ], [ 111.998895947798133, -7.797774748689524 ], [ 111.998905257938489, -7.797822233762821 ], [ 111.998905489645836, -7.797823190103983 ], [ 111.998933958338512, -7.797921883165071 ], [ 111.998950874916744, -7.79799518535556 ], [ 111.998956515491756, -7.798045954932529 ], [ 111.99896197650483, -7.798093282669178 ], [ 111.998960167325194, -7.798099795222056 ] ] ], [ [ [ 111.999130573073927, -7.798244529829586 ], [ 111.999131607882603, -7.798243028745707 ], [ 111.999131921179696, -7.798242443744049 ], [ 111.999168088872565, -7.798170107033056 ], [ 111.999168732651157, -7.798168535421923 ], [ 111.999169132295393, -7.798166885701512 ], [ 111.999169279729358, -7.798165194068049 ], [ 111.999169171419979, -7.798163500324845 ], [ 111.999118073086194, -7.797798245354344 ], [ 111.999134445686565, -7.797730939678865 ], [ 111.999261917360471, -7.797450353046373 ], [ 111.999262123951397, -7.797449896725727 ], [ 111.999575168943821, -7.797483934074627 ], [ 111.999579672036816, -7.797484515845815 ], [ 111.999578421940654, -7.797491213392877 ], [ 111.999504276194756, -7.797888248994957 ], [ 111.999498412043991, -7.797911806977978 ], [ 111.999479160432955, -7.797989154115496 ], [ 111.999473747230269, -7.798010900363631 ], [ 111.999473622208114, -7.798011335689929 ], [ 111.999386711124373, -7.798294865524955 ], [ 111.999386483732252, -7.798295727984195 ], [ 111.999382670313693, -7.798312916646996 ], [ 111.999374299613095, -7.798350637599911 ], [ 111.999362554247512, -7.798403564572197 ], [ 111.999351551836, -7.79845314791922 ], [ 111.999348045276164, -7.798468950269773 ], [ 111.999320360674574, -7.798593711288493 ], [ 111.99931612551606, -7.7986127939201 ], [ 111.999299966432162, -7.798685612506063 ], [ 111.999284646310258, -7.798754654922206 ], [ 111.999282641791282, -7.798763688585479 ], [ 111.999281660161202, -7.798768109046534 ], [ 111.999277184748664, -7.798767350844535 ], [ 111.999255455461537, -7.798763672262977 ], [ 111.999229030302786, -7.798759198012011 ], [ 111.999178000818489, -7.798750559044813 ], [ 111.999141054407559, -7.798744303472329 ], [ 111.99911825753189, -7.798739394664001 ], [ 111.998840436935041, -7.798679580007837 ], [ 111.998827559946122, -7.7986400867628 ], [ 111.998862884012638, -7.79857296972023 ], [ 111.998938738195548, -7.798479901175752 ], [ 111.998978987820763, -7.798430517436819 ], [ 111.999130573073927, -7.798244529829586 ] ] ], [ [ [ 112.001613521036688, -7.807847698721279 ], [ 112.001639917971687, -7.807848832755298 ], [ 112.001637680773811, -7.807917038384223 ], [ 112.001773649219047, -7.807926036434833 ], [ 112.001764813880484, -7.808003165420711 ], [ 112.001777815891089, -7.808006157221657 ], [ 112.001771175254717, -7.808157533777336 ], [ 112.001738962664163, -7.808186974209562 ], [ 112.001663642180191, -7.808255814229404 ], [ 112.001601402891254, -7.808312160211314 ], [ 112.001474251842026, -7.808187301878522 ], [ 112.001190312903219, -7.807902253143946 ], [ 112.000891932173118, -7.807598573629661 ], [ 112.000795379971379, -7.80749956719096 ], [ 112.001044191765331, -7.807262277217149 ], [ 112.000979226144295, -7.807187052190632 ], [ 112.000676175962226, -7.807051237549372 ], [ 112.000702206151175, -7.806974096815199 ], [ 112.000750087315552, -7.806834202052964 ], [ 112.000756357672245, -7.806835771776495 ], [ 112.000962945104391, -7.806887691869089 ], [ 112.000983423307105, -7.806893654240937 ], [ 112.001002820127468, -7.806902510633694 ], [ 112.001020727019096, -7.806914073893053 ], [ 112.001079910502895, -7.806985592685614 ], [ 112.001098029947613, -7.807007584418661 ], [ 112.0011198338577, -7.807034047974112 ], [ 112.001135842986898, -7.80705338025028 ], [ 112.001139504526734, -7.807057746309495 ], [ 112.001143904553544, -7.807062990630677 ], [ 112.001155864801191, -7.807077533586019 ], [ 112.001156875842923, -7.80707861650833 ], [ 112.00117437806864, -7.807095428219602 ], [ 112.001174957107679, -7.807095994830718 ], [ 112.001192998557045, -7.80711340942359 ], [ 112.001198394196479, -7.807118588076865 ], [ 112.001201327440384, -7.807121403858008 ], [ 112.001334907765909, -7.807249624246634 ], [ 112.001482512674713, -7.807391306365361 ], [ 112.001496027515813, -7.807404392208003 ], [ 112.001504886310414, -7.807413263581219 ], [ 112.001509238341228, -7.807417771805333 ], [ 112.001513512556414, -7.807422354376923 ], [ 112.001517670853758, -7.807427005959652 ], [ 112.001525809213931, -7.807436486815305 ], [ 112.001541590212241, -7.807455975173723 ], [ 112.001573113188897, -7.807495701752835 ], [ 112.001585142436923, -7.807510646095724 ], [ 112.001592854750513, -7.807519825879251 ], [ 112.001593271313453, -7.80752033227768 ], [ 112.001611746948385, -7.807543353283738 ], [ 112.001613536557443, -7.807541959840874 ], [ 112.001631214470891, -7.807527806152239 ], [ 112.001632984989925, -7.807526393761483 ], [ 112.00163475187496, -7.807524978666042 ], [ 112.001684977947036, -7.807570892454271 ], [ 112.00174529582749, -7.807602291556337 ], [ 112.001792991987671, -7.807641477843257 ], [ 112.001668184499124, -7.807627415676763 ], [ 112.001665898858079, -7.80767528079683 ], [ 112.0016275047101, -7.807674175180503 ], [ 112.001613521036688, -7.807847698721279 ] ] ], [ [ [ 112.00062299332761, -7.807075738680574 ], [ 112.000182596206031, -7.806919663779832 ], [ 112.000119699012913, -7.807170754807302 ], [ 111.999966667077331, -7.807119959407079 ], [ 112.000056503773209, -7.806869709118606 ], [ 111.999482621497577, -7.806680001267443 ], [ 111.99957888670896, -7.806418780495097 ], [ 111.999583158149122, -7.806420299791427 ], [ 111.999965674426818, -7.806556314535191 ], [ 111.999966021141162, -7.80655643310019 ], [ 112.000357027482039, -7.806685388204593 ], [ 112.000710842612264, -7.806822058883807 ], [ 112.00062299332761, -7.807075738680574 ] ] ], [ [ [ 112.000518653199904, -7.806255866475917 ], [ 112.000824246739072, -7.806352874343978 ], [ 112.000852689102345, -7.806361833249114 ], [ 112.000868427802786, -7.806367006425232 ], [ 112.000866947046546, -7.806371281552093 ], [ 112.000721211515014, -7.806792117613616 ], [ 112.000368119866337, -7.806655726506594 ], [ 112.000367780387549, -7.806655599784944 ], [ 112.000367371044106, -7.806655458757676 ], [ 111.999976161426503, -7.806526436307981 ], [ 111.999593407368849, -7.806390337116111 ], [ 111.9995891332062, -7.806388816921853 ], [ 111.99970750431504, -7.806013347807607 ], [ 111.999717496454011, -7.805988934418481 ], [ 111.999719212304711, -7.805984742850632 ], [ 111.999723493679781, -7.805986246747254 ], [ 112.000067825375353, -7.806107179883204 ], [ 112.000518653199904, -7.806255866475917 ] ] ], [ [ [ 112.00106706243163, -7.806402901633036 ], [ 112.001065038162494, -7.806402483151177 ], [ 112.00105481135121, -7.806400278842075 ], [ 112.001048707328778, -7.806398863386095 ], [ 112.001042625750358, -7.806397352007323 ], [ 112.001030796717885, -7.806394111395484 ], [ 112.001026073753223, -7.806392638404591 ], [ 112.000932128942225, -7.806361767350671 ], [ 112.000927310358747, -7.806359365735321 ], [ 112.000923029830489, -7.806356696039694 ], [ 112.000922445506518, -7.806356194559516 ], [ 112.000919493892752, -7.806353659192197 ], [ 112.000916970667348, -7.806350121607103 ], [ 112.000915660027147, -7.806345852181771 ], [ 112.000915412826728, -7.806341057479219 ], [ 112.000915937391071, -7.806335881994072 ], [ 112.0009170154147, -7.80633043296571 ], [ 112.000918480226474, -7.806324793091684 ], [ 112.000920213162104, -7.806319020536371 ], [ 112.000924151878721, -7.80630724367704 ], [ 112.000945548391201, -7.806247509708011 ], [ 112.000962184495521, -7.806199914505744 ], [ 112.000976505730421, -7.8061582144295 ], [ 112.000986561734194, -7.806128276610037 ], [ 112.00101064175179, -7.806053312019444 ], [ 112.001012128808796, -7.806049017884396 ], [ 112.001103432180471, -7.806070911478825 ], [ 112.001455049649536, -7.806144775029129 ], [ 112.001455443420625, -7.806144850973284 ], [ 112.001456006796417, -7.806144933751307 ], [ 112.00164033325747, -7.80616746887531 ], [ 112.001750654467571, -7.806181115010039 ], [ 112.001750458490505, -7.806185647571589 ], [ 112.001749972042944, -7.80619692334475 ], [ 112.00174180251004, -7.806439011501699 ], [ 112.001740810209029, -7.806461791914538 ], [ 112.001738947477634, -7.80651168738319 ], [ 112.001738003240121, -7.806516949782925 ], [ 112.00173663890358, -7.806521743778677 ], [ 112.00173624818855, -7.806522570448442 ], [ 112.001734709682978, -7.806525821899629 ], [ 112.001732004545431, -7.806528917838834 ], [ 112.001728321666931, -7.80653082405551 ], [ 112.001724820954294, -7.806531537802299 ], [ 112.001723852865595, -7.806531735452087 ], [ 112.001718812812626, -7.806531922849027 ], [ 112.001713767958265, -7.806531617343042 ], [ 112.001713368825165, -7.806531574875759 ], [ 112.001602360251837, -7.806509233374126 ], [ 112.001547357189523, -7.806498131518185 ], [ 112.001429518120048, -7.806474347298987 ], [ 112.001417170434735, -7.806471907442651 ], [ 112.001345300054979, -7.806457731545319 ], [ 112.001293473216023, -7.806447510284618 ], [ 112.001202221650686, -7.806429511999807 ], [ 112.00108548926768, -7.806406596025959 ], [ 112.00106706243163, -7.806402901633036 ] ] ], [ [ [ 111.9997960744587, -7.805643050108967 ], [ 112.000280402099477, -7.805789021431822 ], [ 112.000938431681874, -7.806031264687697 ], [ 112.000939760306039, -7.806031658588222 ], [ 112.000981123590435, -7.806041581782025 ], [ 112.000979635628397, -7.806045876823589 ], [ 112.000877310530242, -7.806341357477184 ], [ 112.000875829776305, -7.806345633508499 ], [ 112.000859670863676, -7.806340324758012 ], [ 112.000859100006579, -7.80634014703178 ], [ 112.000831098711771, -7.806331321843254 ], [ 112.000525650399311, -7.806234359760671 ], [ 112.000075150242978, -7.806085781833996 ], [ 111.999716583920588, -7.80595984738422 ], [ 111.999648834895524, -7.805935889973807 ], [ 111.999644558943118, -7.805934377923618 ], [ 111.999645967100392, -7.805930077647146 ], [ 111.999744449525181, -7.805629205920254 ], [ 111.999761686874976, -7.805633828420342 ], [ 111.9997960744587, -7.805643050108967 ] ] ], [ [ [ 112.001392226883695, -7.805798953135658 ], [ 112.001454717081842, -7.8058088922887 ], [ 112.001766771257238, -7.805863315399469 ], [ 112.001774420418329, -7.805864649405217 ], [ 112.001774074798874, -7.805869179607911 ], [ 112.001773219154558, -7.805880416460663 ], [ 112.001753238366476, -7.806142723083444 ], [ 112.001752380068083, -7.806153987979775 ], [ 112.001752036223536, -7.806158501898527 ], [ 112.001643107507732, -7.806145028829481 ], [ 112.001459247333329, -7.806122550484877 ], [ 112.001108419277514, -7.806048855100094 ], [ 112.001019564998188, -7.806027546302579 ], [ 112.001021052052863, -7.806023251263094 ], [ 112.001079973165417, -7.805853104307808 ], [ 112.001123094937469, -7.805862284408325 ], [ 112.00136797228572, -7.805916742905031 ], [ 112.001383944875116, -7.805845308493294 ], [ 112.001392226883695, -7.805798953135658 ] ] ], [ [ [ 112.001529202319659, -7.805539828037038 ], [ 112.001797787296965, -7.805571018881793 ], [ 112.001797558656975, -7.80557554518974 ], [ 112.001796991313583, -7.805586744278091 ], [ 112.001778752421046, -7.805826479445553 ], [ 112.001777757952439, -7.805837686780927 ], [ 112.001777356991511, -7.805842208070398 ], [ 112.001769085445517, -7.805840765198311 ], [ 112.001458479285773, -7.805786595516802 ], [ 112.00115675454748, -7.805738608059789 ], [ 112.001123281516982, -7.805728043956787 ], [ 112.001124762266926, -7.805723767925109 ], [ 112.001209400973678, -7.805479360660571 ], [ 112.001210888927716, -7.805475063809808 ], [ 112.001245261765575, -7.805483041822112 ], [ 112.001245601116523, -7.80548311518206 ], [ 112.001528427554661, -7.805539709582355 ], [ 112.001529202319659, -7.805539828037038 ] ] ], [ [ [ 112.001799731822615, -7.805532620329314 ], [ 112.001799162768805, -7.805543862834348 ], [ 112.0017989341288, -7.805548389142293 ], [ 112.001532286814253, -7.805517422529229 ], [ 112.001250231608225, -7.805460980057162 ], [ 112.001218330502638, -7.805453575933963 ], [ 112.001219818454359, -7.805449278178763 ], [ 112.001300999289768, -7.805214855857321 ], [ 112.001302508184494, -7.8052105942296 ], [ 112.001423843152992, -7.805231038334598 ], [ 112.001439420839958, -7.805233734641936 ], [ 112.001811696059647, -7.805296357656547 ], [ 112.001811465655365, -7.805300904770615 ], [ 112.001810898326866, -7.805312110189993 ], [ 112.001799731822615, -7.805532620329314 ] ] ], [ [ [ 112.000226976686761, -7.805160948669725 ], [ 112.000227756489281, -7.805157083100073 ], [ 112.000232423714266, -7.805158767870515 ], [ 112.000360237253105, -7.805205439914759 ], [ 112.000424595863009, -7.805229623207848 ], [ 112.000802677859113, -7.805358965861022 ], [ 112.000720923890839, -7.805597719890208 ], [ 112.00015152217577, -7.805412511646263 ], [ 112.00022685478055, -7.805161550404041 ], [ 112.000226976686761, -7.805160948669725 ] ] ], [ [ [ 112.000112395778572, -7.804612676331719 ], [ 112.000113827492029, -7.804608369667863 ], [ 112.000118249292882, -7.80460943819923 ], [ 112.000201913251502, -7.804629655193126 ], [ 112.000202289796746, -7.80462973389269 ], [ 112.000314398990682, -7.804652158248645 ], [ 112.000358582568296, -7.804677728730963 ], [ 112.000362589267226, -7.804680047259259 ], [ 112.00036113144165, -7.804684431766403 ], [ 112.000210098938069, -7.805138589460513 ], [ 112.000209951280027, -7.805139040215896 ], [ 112.00012662962726, -7.805416597027041 ], [ 112.000126233297706, -7.805418496363113 ], [ 112.000126168984337, -7.805420435613523 ], [ 112.000126437456473, -7.805422356892892 ], [ 112.000127032232598, -7.805424204141908 ], [ 112.000127934139186, -7.805425923140055 ], [ 112.000129118567799, -7.80542746239303 ], [ 112.000130548230842, -7.805428777671874 ], [ 112.00013218313083, -7.805429829276261 ], [ 112.000133974225108, -7.80543058747597 ], [ 112.001059225362809, -7.805731539242957 ], [ 112.001085606640501, -7.805739868105502 ], [ 112.000988558874496, -7.806020110202725 ], [ 112.000946298173105, -7.806009974783262 ], [ 112.000945644839447, -7.806009818054163 ], [ 112.000945013999285, -7.806009586204143 ], [ 112.000287896673072, -7.805767679053965 ], [ 112.00028728676071, -7.805767476095126 ], [ 111.999802465442428, -7.805621355808761 ], [ 111.999802129665227, -7.805621259828407 ], [ 111.999783554708543, -7.805616278719536 ], [ 111.999779168918906, -7.805615103378028 ], [ 111.999780597932443, -7.80561080305205 ], [ 112.000112395778572, -7.804612676331719 ] ] ], [ [ [ 111.999726232749609, -7.805611996064673 ], [ 111.999624591877733, -7.80592251919372 ], [ 111.99962318372026, -7.805926819470133 ], [ 111.999618908674904, -7.805925307417533 ], [ 111.999366778206266, -7.805836148457579 ], [ 111.999362503162473, -7.805834636402133 ], [ 111.999363967598796, -7.805830356795171 ], [ 111.999806008489557, -7.804538640361061 ], [ 111.999807479223549, -7.804534342649935 ], [ 111.999811904652887, -7.804535412080557 ], [ 112.000087295780418, -7.804601958480794 ], [ 112.000091717581157, -7.804603027012442 ], [ 112.000090285867472, -7.80460733367625 ], [ 111.999758667162524, -7.80560492273046 ], [ 111.999757238146643, -7.805609222151969 ], [ 111.999752851448122, -7.805608045907891 ], [ 111.999739953609819, -7.805604587101091 ], [ 111.999738073731052, -7.805604248765256 ], [ 111.999736163779019, -7.805604230668792 ], [ 111.999734278164738, -7.805604531778704 ], [ 111.999732470377083, -7.805605144733102 ], [ 111.999730791158655, -7.805606051323482 ], [ 111.999729288516249, -7.805607227016701 ], [ 111.999728004989592, -7.805608636439492 ], [ 111.999726976763824, -7.805610241520225 ], [ 111.999726232749609, -7.805611996064673 ] ] ], [ [ [ 112.001213023059037, -7.805172208594351 ], [ 112.001213491675713, -7.805172486954023 ], [ 112.001214296112423, -7.805172879381404 ], [ 112.001214804582432, -7.805173136844842 ], [ 112.001273158278494, -7.805198280250237 ], [ 112.001187248767877, -7.805446360703528 ], [ 112.001131128521791, -7.8054333349828 ], [ 112.00113066028581, -7.805433216706278 ], [ 112.000846232436302, -7.805349963216619 ], [ 112.000432236559845, -7.805208334749274 ], [ 112.000368133010895, -7.805184244914466 ], [ 112.000239230265919, -7.805137174784888 ], [ 112.000234970541328, -7.805135619288856 ], [ 112.000236398657151, -7.805131325295164 ], [ 112.000381162216527, -7.804696024413796 ], [ 112.000382620041947, -7.80469163990661 ], [ 112.000386626741161, -7.80469395843466 ], [ 112.001213023059037, -7.805172208594351 ] ] ], [ [ [ 112.001608605185069, -7.803507141982005 ], [ 112.001650196827796, -7.803515571386107 ], [ 112.001686402607788, -7.803522909228506 ], [ 112.001686793647124, -7.803522981561508 ], [ 112.001708470066276, -7.803526439428438 ], [ 112.001794100679817, -7.803540099779612 ], [ 112.001794840979642, -7.803540218315877 ], [ 112.001795373522327, -7.803540302975744 ], [ 112.001799359887087, -7.803540939299599 ], [ 112.001798037111968, -7.803545284599293 ], [ 112.001776290462288, -7.803616703744712 ], [ 112.001763801455738, -7.803657719362732 ], [ 112.001745545305212, -7.803717672021238 ], [ 112.001729090661982, -7.803771713582702 ], [ 112.001728820244722, -7.803772786876762 ], [ 112.001715797311419, -7.803837901386991 ], [ 112.001693642828087, -7.803948679569727 ], [ 112.001654699206483, -7.804113952319661 ], [ 112.00165007393305, -7.804131410626822 ], [ 112.001648913568658, -7.804135789910164 ], [ 112.001644459551855, -7.804134901452455 ], [ 112.001640525425202, -7.804134115773244 ], [ 112.001275124247755, -7.804061076164352 ], [ 112.001306464102839, -7.803837246022161 ], [ 112.001307869745872, -7.803828849585452 ], [ 112.001171364446506, -7.803806724686553 ], [ 112.001134092100159, -7.803799366715208 ], [ 112.001132804786991, -7.8038079473755 ], [ 112.001130888993131, -7.803820717033825 ], [ 112.001100849589292, -7.80402094480556 ], [ 112.001098558847758, -7.804036213386761 ], [ 112.000919918307275, -7.804016604754365 ], [ 112.00066939058739, -7.803987769960821 ], [ 112.000504624898724, -7.803968325495361 ], [ 112.000249156671813, -7.803938803004884 ], [ 112.000028360219119, -7.803904577666973 ], [ 112.000029331857689, -7.803900151801734 ], [ 112.000034651350546, -7.803875986416977 ], [ 112.00027710032073, -7.802772023735455 ], [ 112.00028404893547, -7.802740387522342 ], [ 112.000695009791002, -7.802796654474996 ], [ 112.000692514131728, -7.802807749595335 ], [ 112.000690540748352, -7.802816519095001 ], [ 112.000642405755073, -7.803026520421342 ], [ 112.000709631002053, -7.803043590825804 ], [ 112.00068691758257, -7.803157022098706 ], [ 112.000683187431221, -7.803175651328575 ], [ 112.000631275623647, -7.803176430717788 ], [ 112.000550616354033, -7.803564283751426 ], [ 112.000327335983329, -7.803509773529803 ], [ 112.000303585459307, -7.803612727614777 ], [ 112.000526803297689, -7.803640915454716 ], [ 112.000519736256365, -7.803695970360356 ], [ 112.000851060892302, -7.803778940537399 ], [ 112.000870073776795, -7.803702320178422 ], [ 112.001009293883612, -7.803723527996541 ], [ 112.001035437236311, -7.80361817510975 ], [ 112.00111943021011, -7.803622762613114 ], [ 112.001142974668639, -7.803433662036833 ], [ 112.001375287339954, -7.803459854446957 ], [ 112.001608605185069, -7.803507141982005 ] ] ], [ [ [ 112.001806922930641, -7.803513356179281 ], [ 112.001806611247233, -7.803514618596919 ], [ 112.001806106445144, -7.803516662899186 ], [ 112.001805523500352, -7.803519024841353 ], [ 112.001801030903422, -7.803518308317511 ], [ 112.001690684657703, -7.803500704381786 ], [ 112.00160067650036, -7.803482462580926 ], [ 112.001536599607803, -7.803469475615374 ], [ 112.001472164326358, -7.803456416229078 ], [ 112.001379802588502, -7.803437696984211 ], [ 112.001150105155816, -7.803404928607148 ], [ 112.001159400921452, -7.803278079295586 ], [ 112.000769514481206, -7.80319504434026 ], [ 112.000858933434913, -7.802819153366693 ], [ 112.001116577521955, -7.802854789795046 ], [ 112.001115232817241, -7.802866311797603 ], [ 112.001083613945809, -7.803137200998524 ], [ 112.001297706937848, -7.80316253848145 ], [ 112.00132330697231, -7.802883384373462 ], [ 112.001934862675554, -7.80296797417843 ], [ 112.001929344465282, -7.802994329668229 ], [ 112.001927162830484, -7.803004751152478 ], [ 112.001920491487809, -7.80303661735037 ], [ 112.001905568841266, -7.803107897336527 ], [ 112.001897347125933, -7.803147169059169 ], [ 112.001880226994828, -7.803216502489088 ], [ 112.001857871999064, -7.803307030060816 ], [ 112.001834532552337, -7.80340154849879 ], [ 112.001817279464291, -7.803471418569615 ], [ 112.001806922930641, -7.803513356179281 ] ] ], [ [ [ 111.999372161267431, -7.798464913847196 ], [ 111.999383097285218, -7.798415632736502 ], [ 111.999408523416889, -7.798301049179726 ], [ 111.999495517168782, -7.798017203500521 ], [ 111.999495642235971, -7.798016787167157 ], [ 111.99952397662733, -7.79790295103774 ], [ 111.999649586495806, -7.797944135286692 ], [ 111.999630675758468, -7.798063828873955 ], [ 111.999937898625902, -7.798103783762342 ], [ 111.999928528535307, -7.798199525395522 ], [ 112.000229493569464, -7.798257209915643 ], [ 112.000153551449444, -7.79855021045201 ], [ 112.000006791314988, -7.798519365143784 ], [ 111.999975950992223, -7.79866780258213 ], [ 111.999813921395386, -7.798639469608938 ], [ 111.999769720469104, -7.798846152268271 ], [ 111.999309496980558, -7.798768235076763 ], [ 111.99930502066114, -7.798767476877202 ], [ 111.999309575251374, -7.79874695454233 ], [ 111.999316729247496, -7.798714714598409 ], [ 111.99932375403597, -7.798683057412872 ], [ 111.999340180503509, -7.798609033493656 ], [ 111.999372161267431, -7.798464913847196 ] ] ], [ [ [ 111.999980531331943, -7.797869171464888 ], [ 111.999906092329823, -7.797845417849073 ], [ 111.999910811924266, -7.797811904785817 ], [ 111.999554924457229, -7.797740526340261 ], [ 111.999600940122392, -7.797494120432894 ], [ 111.999602190220301, -7.797487423790252 ], [ 111.999606694220191, -7.797488005559019 ], [ 112.000402227700576, -7.797590760221816 ], [ 112.000290225277752, -7.798022893104714 ], [ 111.999963934119734, -7.7979529645515 ], [ 111.999980531331943, -7.797869171464888 ] ] ], [ [ [ 112.000847487530237, -7.797036792591141 ], [ 112.000828740878447, -7.797052895062464 ], [ 112.00080733942913, -7.797081047202593 ], [ 112.000795298585047, -7.79709579526609 ], [ 112.0007792607841, -7.797122597075404 ], [ 112.000773928930698, -7.797137329281561 ], [ 112.000837018724155, -7.797147886809303 ], [ 112.000781525130307, -7.797510659273891 ], [ 112.00078266724195, -7.797605068249203 ], [ 112.000531133032666, -7.797574661559464 ], [ 112.000441977343471, -7.797563884306363 ], [ 112.000628595764397, -7.79684386582259 ], [ 112.000679559005093, -7.796647235272263 ], [ 112.001071128317434, -7.796709504107444 ], [ 112.00110508225751, -7.796501496214565 ], [ 112.001763072763794, -7.796601268871902 ], [ 112.001763765825402, -7.796601358579764 ], [ 112.001947288510948, -7.796620982830557 ], [ 112.001926096659531, -7.796820304242209 ], [ 112.001991399554385, -7.79682720970184 ], [ 112.001977843222065, -7.796954721195984 ], [ 112.002165579809372, -7.796933365585371 ], [ 112.002159746839936, -7.797010358141144 ], [ 112.001865993907984, -7.796984252304326 ], [ 112.001863550854495, -7.796878294151893 ], [ 112.001446545659633, -7.796834412710563 ], [ 112.001440781460389, -7.796933136759105 ], [ 112.000972889041918, -7.796931248513832 ], [ 112.000946807044187, -7.797048602120117 ], [ 112.000847487530237, -7.797036792591141 ] ] ], [ [ [ 112.00243175948836, -7.806698204263943 ], [ 112.002436787614812, -7.806628701407725 ], [ 112.002447683436856, -7.806476288250525 ], [ 112.002448425021996, -7.806465908163916 ], [ 112.002605211140093, -7.80646826336949 ], [ 112.00260514772539, -7.806441657917504 ], [ 112.002642808856933, -7.806441568636327 ], [ 112.002642557422035, -7.80633608290858 ], [ 112.002698951131151, -7.806334034537464 ], [ 112.002697671315772, -7.806305038849526 ], [ 112.00269739272737, -7.806188165515708 ], [ 112.002728808930215, -7.806189191725441 ], [ 112.002729207067674, -7.80618919711254 ], [ 112.002729753888985, -7.806189183154101 ], [ 112.002743055452001, -7.806188510377777 ], [ 112.003105365912177, -7.80617018670717 ], [ 112.00311360421621, -7.806501474113106 ], [ 112.003116202177267, -7.806605934967545 ], [ 112.003116510140075, -7.80661832491912 ], [ 112.003117194222, -7.806645825184111 ], [ 112.00312085347872, -7.806792971680673 ], [ 112.00312090965231, -7.806795230811919 ], [ 112.003116377310548, -7.806795356424824 ], [ 112.0028261333415, -7.806803414954365 ], [ 112.002523375033306, -7.806816373304505 ], [ 112.002423113325491, -7.80682003332613 ], [ 112.002425035338192, -7.80679314550724 ], [ 112.00242504862625, -7.806792632664198 ], [ 112.00243175948836, -7.806698204263943 ] ] ], [ [ [ 112.00328404651431, -7.804758891094052 ], [ 112.003291748177958, -7.804804307741977 ], [ 112.003284225950381, -7.805105670595524 ], [ 112.003278221390048, -7.80547832420331 ], [ 112.003278397721587, -7.805480391310536 ], [ 112.003278516996787, -7.805480969862406 ], [ 112.003286872089149, -7.805516686761585 ], [ 112.003287406623329, -7.80551836592342 ], [ 112.003288195745782, -7.805519941376461 ], [ 112.003289220323481, -7.805521376084434 ], [ 112.003302422210595, -7.805537099024766 ], [ 112.003331223861906, -7.805586442394506 ], [ 112.003339306396427, -7.80564970795104 ], [ 112.003369596744037, -7.806219769339872 ], [ 112.003413661216925, -7.80678340370608 ], [ 112.00340913562097, -7.806783695721056 ], [ 112.003312728879777, -7.806789904531463 ], [ 112.003148106419133, -7.806794475318338 ], [ 112.003143573170519, -7.806794600933647 ], [ 112.003143516998961, -7.806792342706857 ], [ 112.003140642237511, -7.806676396258428 ], [ 112.003138751479, -7.80660000721463 ], [ 112.003135971765346, -7.806488546508946 ], [ 112.003128354297843, -7.806182585272763 ], [ 112.003127742535753, -7.806158028753289 ], [ 112.003127553252313, -7.806156234814351 ], [ 112.003127081146005, -7.806154494003109 ], [ 112.003126337205103, -7.806152850610554 ], [ 112.003125341480299, -7.80615134619284 ], [ 112.003124117641192, -7.806150018679868 ], [ 112.003122697510662, -7.80614890236451 ], [ 112.003121118335699, -7.806148024291267 ], [ 112.003119419170545, -7.806147408787123 ], [ 112.003117642673288, -7.806147070221753 ], [ 112.003115836023497, -7.806147017527591 ], [ 112.00274253087187, -7.806165897267158 ], [ 112.00274160595302, -7.806165942872619 ], [ 112.002742569553391, -7.806010161656504 ], [ 112.002727213281375, -7.806010198062842 ], [ 112.002727524797336, -7.805738355668517 ], [ 112.002751516846018, -7.805737341903911 ], [ 112.002751332036269, -7.805659809220308 ], [ 112.00250648140215, -7.805653824366372 ], [ 112.002510324557122, -7.805600065009448 ], [ 112.002516196783276, -7.805517915321853 ], [ 112.002520878968909, -7.80545242533378 ], [ 112.002528704795409, -7.805342943676728 ], [ 112.002529138684736, -7.805336640583231 ], [ 112.002531758897817, -7.805296770735922 ], [ 112.002532043362876, -7.805292459550454 ], [ 112.002538884401289, -7.805187203008782 ], [ 112.002543136885635, -7.805121781870991 ], [ 112.002554434256922, -7.804947975286034 ], [ 112.002559220346427, -7.8048743307141 ], [ 112.002564459610142, -7.804793722769272 ], [ 112.00256784253736, -7.80474168382294 ], [ 112.002575248722778, -7.804627739799256 ], [ 112.002582505303295, -7.804516092476605 ], [ 112.002584976177658, -7.804477869948936 ], [ 112.002591897465024, -7.804370896608262 ], [ 112.002593157364473, -7.804351965720108 ], [ 112.002593373252651, -7.804348941700376 ], [ 112.002594516626914, -7.804331346930869 ], [ 112.002881547023335, -7.804357273997167 ], [ 112.002889416865784, -7.804216068468546 ], [ 112.003237206415378, -7.80427763320057 ], [ 112.003241675619051, -7.804278423926476 ], [ 112.003241093221831, -7.804282913990789 ], [ 112.00319229340225, -7.804659338374763 ], [ 112.003192200055679, -7.804660886074847 ], [ 112.003192320730932, -7.804662432362957 ], [ 112.003192651731482, -7.804663948306114 ], [ 112.003193187544895, -7.804665404071211 ], [ 112.003204272400907, -7.804690119354473 ], [ 112.003204992970197, -7.804691470672038 ], [ 112.003205889213518, -7.804692712137002 ], [ 112.003206944757437, -7.804693822986359 ], [ 112.003208142315103, -7.804694779745924 ], [ 112.003262078030843, -7.804732242632006 ], [ 112.00328404651431, -7.804758891094052 ] ] ], [ [ [ 112.00443755953944, -7.804414608747417 ], [ 112.004371121718307, -7.804428542751761 ], [ 112.004321056227255, -7.804420198870073 ], [ 112.004276692782184, -7.804412805567306 ], [ 112.004200959475369, -7.804400183153197 ], [ 112.00415184750409, -7.804391997975576 ], [ 112.004060271066962, -7.804378300693123 ], [ 112.003872350815982, -7.804350192027087 ], [ 112.003763595475107, -7.804333925259977 ], [ 112.003725470913551, -7.804328222847478 ], [ 112.003514586505275, -7.804296680117371 ], [ 112.003402123414546, -7.804279857685017 ], [ 112.003360784616888, -7.804273674470209 ], [ 112.003305956528465, -7.804265473805772 ], [ 112.003256136230348, -7.804258020074319 ], [ 112.002634455126895, -7.804147972336948 ], [ 112.002618812009047, -7.804145202965714 ], [ 112.002619810849936, -7.804140786982167 ], [ 112.002659335525777, -7.803966054288818 ], [ 112.002660291290567, -7.803961829241953 ], [ 112.002740764259912, -7.803976891718081 ], [ 112.00273794954154, -7.803997928185542 ], [ 112.002906001496584, -7.804020294327686 ], [ 112.002907630274919, -7.804008124080743 ], [ 112.002926564317377, -7.803866624611509 ], [ 112.002932486013279, -7.803788895658957 ], [ 112.003012412656048, -7.80380114751024 ], [ 112.003013169776693, -7.803798430617956 ], [ 112.003042471269964, -7.803799593886833 ], [ 112.003042791311287, -7.803791567220855 ], [ 112.003221525517048, -7.803818556687134 ], [ 112.003365676531558, -7.803929568186794 ], [ 112.003413420304724, -7.803768665497032 ], [ 112.003550741516861, -7.803835535269957 ], [ 112.00349338452375, -7.804001259673709 ], [ 112.003734292590508, -7.804115879908093 ], [ 112.003693584501619, -7.804199970837823 ], [ 112.003794747275052, -7.804240529620088 ], [ 112.003842611128235, -7.804130022317818 ], [ 112.004081067576422, -7.804225449831907 ], [ 112.004069110444732, -7.804256675591644 ], [ 112.004163065941341, -7.804302049382038 ], [ 112.004230710124361, -7.804192451077559 ], [ 112.004334635564092, -7.80428934910038 ], [ 112.004403179142329, -7.804355950420198 ], [ 112.004443396051286, -7.804413383859019 ], [ 112.00443755953944, -7.804414608747417 ] ] ], [ [ [ 112.001715838938679, -7.803953290255452 ], [ 112.001731371277856, -7.803875627170539 ], [ 112.001750945548636, -7.803777753170364 ], [ 112.00182062716685, -7.803548911234122 ], [ 112.001821957142965, -7.803544543306591 ], [ 112.001826476050468, -7.803545264289979 ], [ 112.001834025103875, -7.803546469203614 ], [ 112.001966710920783, -7.803573710255455 ], [ 112.001967154580711, -7.803573791507884 ], [ 112.001995926143692, -7.80357825637086 ], [ 112.001998919958723, -7.803578716870748 ], [ 112.002059825218865, -7.803588158674203 ], [ 112.002148457829023, -7.803601900474581 ], [ 112.002177511530689, -7.803606405355739 ], [ 112.002211164831849, -7.803611621978533 ], [ 112.002244761889727, -7.803616831496337 ], [ 112.002304567607325, -7.803626103121808 ], [ 112.00234067584779, -7.803631701013865 ], [ 112.00240704711814, -7.803641991737047 ], [ 112.002460020570169, -7.803650204160468 ], [ 112.002553768920308, -7.80366774773081 ], [ 112.002598904731116, -7.803676193962752 ], [ 112.002649684788807, -7.80368569675367 ], [ 112.002653815674492, -7.80368646929552 ], [ 112.002672965826847, -7.803690054291481 ], [ 112.002671966984821, -7.803694469370631 ], [ 112.00266758302385, -7.80371384540667 ], [ 112.002667489960515, -7.803714371100815 ], [ 112.002643802401366, -7.803819146618382 ], [ 112.002635725398108, -7.803854802094824 ], [ 112.002615845197667, -7.803942562599347 ], [ 112.002591728656512, -7.804049238434897 ], [ 112.002110372109797, -7.803960910911872 ], [ 112.002056539806262, -7.804215458122852 ], [ 112.001973618011334, -7.804200694354448 ], [ 112.001675638604723, -7.804141132410715 ], [ 112.001671184583515, -7.804140242144455 ], [ 112.001672344945504, -7.804135861956657 ], [ 112.001673216788959, -7.804132570481068 ], [ 112.001676695145548, -7.804119426306391 ], [ 112.001687188833415, -7.804074903512404 ], [ 112.001707803565154, -7.803987419852352 ], [ 112.001715757303984, -7.803953664882695 ], [ 112.001715838938679, -7.803953290255452 ] ] ], [ [ [ 112.002156937450081, -7.803085254747112 ], [ 112.002164697115163, -7.803051518322484 ], [ 112.002176971233126, -7.802996451987024 ], [ 112.002510347793063, -7.803035665154227 ], [ 112.002364299749701, -7.803612481988939 ], [ 112.001971011099755, -7.803551508078094 ], [ 112.001838349788613, -7.803524272395276 ], [ 112.001837930623097, -7.803524194702433 ], [ 112.001832480898145, -7.803523324883426 ], [ 112.001827988301145, -7.803522608359879 ], [ 112.001829076047784, -7.803518202115417 ], [ 112.001901039938218, -7.803226771844658 ], [ 112.002116180590818, -7.803261699706849 ], [ 112.002126698534511, -7.803216723731905 ], [ 112.002134977011607, -7.803180732239674 ], [ 112.002156937450081, -7.803085254747112 ] ] ], [ [ [ 112.002999675745812, -7.802465350678804 ], [ 112.003100668873941, -7.802462712729979 ], [ 112.003096293188051, -7.802296063874072 ], [ 112.002990023284227, -7.802298839135647 ], [ 112.00298817509028, -7.802228451763706 ], [ 112.003066888387423, -7.802226396634091 ], [ 112.00306519386514, -7.802161893118143 ], [ 112.003403733755817, -7.802147566567081 ], [ 112.003369612184315, -7.802517234432385 ], [ 112.00336084250246, -7.802516416821257 ], [ 112.003199290191105, -7.802482390847179 ], [ 112.003198619399484, -7.802485560654041 ], [ 112.00316306388288, -7.802634570119223 ], [ 112.003149328295294, -7.802661983381948 ], [ 112.003116271284327, -7.802681662547489 ], [ 112.003080324928519, -7.802615345452917 ], [ 112.00305240977039, -7.802570649601139 ], [ 112.003132036573263, -7.802548138612645 ], [ 112.003112853871386, -7.802480652145399 ], [ 112.003012120022845, -7.802509129939531 ], [ 112.002999675745812, -7.802465350678804 ] ] ], [ [ [ 112.003422971499418, -7.801939147639257 ], [ 112.003414962023427, -7.802025915887118 ], [ 112.003412244464243, -7.802055357892073 ], [ 112.002829341344921, -7.80201195051289 ], [ 112.002831767705331, -7.801876261327504 ], [ 112.003360354569708, -7.801932487566839 ], [ 112.003399469174866, -7.80193664835409 ], [ 112.003422971499418, -7.801939147639257 ] ] ], [ [ [ 112.004705272205825, -7.802061888582968 ], [ 112.004704360597586, -7.802061807539881 ], [ 112.004698297145524, -7.802061406803118 ], [ 112.004692109872693, -7.802060802863706 ], [ 112.004679518871114, -7.802059335927347 ], [ 112.004643446808373, -7.802054781846914 ], [ 112.00462234368851, -7.802052116851467 ], [ 112.004565591419237, -7.802045405957257 ], [ 112.004486451639252, -7.802036305334824 ], [ 112.004434916715297, -7.802030379744429 ], [ 112.004340684121487, -7.802019544045899 ], [ 112.004279648831698, -7.802012524918381 ], [ 112.004171154354381, -7.802000048929226 ], [ 112.004096868631038, -7.801991506503569 ], [ 112.004093756268134, -7.80199114759476 ], [ 112.004127921061155, -7.801790393569486 ], [ 112.003953377238787, -7.801744660997729 ], [ 112.004040739791577, -7.801454626645826 ], [ 112.003875054850965, -7.801403331566015 ], [ 112.003825046289037, -7.801562822401147 ], [ 112.003748695753075, -7.801542902557638 ], [ 112.00374555977379, -7.801542526517626 ], [ 112.003742413007615, -7.801455864321722 ], [ 112.003760555946386, -7.801247807051896 ], [ 112.003653980170839, -7.801238564209708 ], [ 112.00365447802497, -7.80123284974834 ], [ 112.003654711073636, -7.801230179320013 ], [ 112.00352146482561, -7.801218622852073 ], [ 112.003535920153141, -7.801062148506946 ], [ 112.003924660425923, -7.801149795502586 ], [ 112.003915710287657, -7.801225019130117 ], [ 112.003901343800393, -7.801329325774314 ], [ 112.004025415464284, -7.801346322319205 ], [ 112.004094958627263, -7.801355848285875 ], [ 112.004101552602975, -7.801307972051121 ], [ 112.004032009445865, -7.801298445180122 ], [ 112.004039781013404, -7.801242015676884 ], [ 112.004049580308745, -7.801177960641461 ], [ 112.004099039961616, -7.80118911339131 ], [ 112.004458530003419, -7.801264245941132 ], [ 112.004350011585743, -7.801677207208757 ], [ 112.004484448990027, -7.801705603751795 ], [ 112.004500931114578, -7.801573951190062 ], [ 112.004773631589387, -7.801616135763158 ], [ 112.004742034528675, -7.802066114520139 ], [ 112.004705272205825, -7.802061888582968 ] ] ], [ [ [ 112.004466694854841, -7.801233176603136 ], [ 112.004382076234563, -7.801215487823272 ], [ 112.004272861684797, -7.801192656923923 ], [ 112.004149093554915, -7.801166784562227 ], [ 112.004112076089299, -7.801158974010374 ], [ 112.004069056438695, -7.801149448426468 ], [ 112.004014351320905, -7.801137119696418 ], [ 112.003994615195026, -7.801132671503362 ], [ 112.003898245636606, -7.801110953228182 ], [ 112.003864993383786, -7.801103458412253 ], [ 112.003782363172377, -7.801084835940427 ], [ 112.003879964927506, -7.800523113875661 ], [ 112.003909854505238, -7.800289541018476 ], [ 112.00395404285284, -7.800293289076668 ], [ 112.00398064330335, -7.800295545841735 ], [ 112.004028458079063, -7.800299601840271 ], [ 112.004096302560029, -7.800305356770178 ], [ 112.004152771597774, -7.80031014651775 ], [ 112.004182460587458, -7.800312664557987 ], [ 112.004318627570484, -7.800324213921312 ], [ 112.004345122801155, -7.800326460963948 ], [ 112.004476623869976, -7.800337615258294 ], [ 112.004477057423657, -7.800337643171114 ], [ 112.004699701260193, -7.800347971498307 ], [ 112.004721883497382, -7.800349125351229 ], [ 112.004725055226544, -7.800349285141571 ], [ 112.004791066812487, -7.800352718117011 ], [ 112.004803664898873, -7.800353375575592 ], [ 112.004815058504377, -7.800353970774337 ], [ 112.004823899840957, -7.800354432749898 ], [ 112.004827179515885, -7.800354604040767 ], [ 112.004842055048087, -7.800355378189348 ], [ 112.004846584551728, -7.80035561344061 ], [ 112.004846468383874, -7.800360135862126 ], [ 112.00483311271239, -7.80088020708584 ], [ 112.004818543493499, -7.80129534750843 ], [ 112.004809632637858, -7.801305281208525 ], [ 112.004804508938363, -7.801304210771978 ], [ 112.004768580429229, -7.801296701583381 ], [ 112.004767055290344, -7.801296418500315 ], [ 112.00470855047972, -7.801284155865257 ], [ 112.004686226804665, -7.801279238119494 ], [ 112.004660627146663, -7.801273799058386 ], [ 112.004718008438857, -7.800789138434876 ], [ 112.004576378286217, -7.800763152122577 ], [ 112.004500092812592, -7.801240158211909 ], [ 112.004466694854841, -7.801233176603136 ] ] ], [ [ [ 112.003734682781513, -7.798909749158968 ], [ 112.003736667958137, -7.798909761636212 ], [ 112.00379698687847, -7.798910150417617 ], [ 112.00388425940946, -7.798910713138622 ], [ 112.003997077151936, -7.798911440460733 ], [ 112.004134811630692, -7.798912328427665 ], [ 112.004255054960865, -7.798913103186346 ], [ 112.00425543039367, -7.798913097773565 ], [ 112.004442411201126, -7.798907300846072 ], [ 112.004508934531643, -7.798905238272126 ], [ 112.004543059476703, -7.798904180513165 ], [ 112.004555208744435, -7.799181606164846 ], [ 112.004913659321844, -7.799174933578212 ], [ 112.004984077761236, -7.799614365095409 ], [ 112.004984807774889, -7.799618915354042 ], [ 112.004977880476432, -7.799618669516361 ], [ 112.004581752915854, -7.799604615279587 ], [ 112.004056128608283, -7.799534119433003 ], [ 112.003683086344608, -7.799469039554245 ], [ 112.003683235737626, -7.799467416653511 ], [ 112.003683503617609, -7.799464520939563 ], [ 112.003707125704224, -7.799208803514416 ], [ 112.003734266417865, -7.798914268675983 ], [ 112.003734682781513, -7.798909749158968 ] ] ], [ [ [ 112.002502006841468, -7.7993019837131 ], [ 112.002536146067115, -7.798940887944976 ], [ 112.002647745630469, -7.798951391779343 ], [ 112.00278940686168, -7.798966335669531 ], [ 112.002750664255018, -7.799334538491318 ], [ 112.002502006841468, -7.7993019837131 ] ] ], [ [ [ 112.003747007897005, -7.798887217729613 ], [ 112.003736765506517, -7.798887151571882 ], [ 112.003737181870122, -7.798882632054866 ], [ 112.003818248609704, -7.798002902047716 ], [ 112.003818663197862, -7.797998398814623 ], [ 112.003837885412423, -7.798000367403445 ], [ 112.003844684984486, -7.798001063971968 ], [ 112.003861612254923, -7.798002798327248 ], [ 112.003875588748386, -7.798004229459127 ], [ 112.003932800942721, -7.798010090166664 ], [ 112.00398977820096, -7.798015927003815 ], [ 112.004031604278069, -7.798020211585918 ], [ 112.004058937724963, -7.798023011996881 ], [ 112.004108582947694, -7.798028097440734 ], [ 112.004212145804416, -7.798038705869353 ], [ 112.004238495962809, -7.798041405495707 ], [ 112.004306306640586, -7.798048351651328 ], [ 112.004343271606999, -7.798052138539268 ], [ 112.004373906874392, -7.798055276588697 ], [ 112.004403572459807, -7.798058315640227 ], [ 112.00445854776558, -7.798063946429934 ], [ 112.004511558311094, -7.798069377472926 ], [ 112.004554859326504, -7.798073813159907 ], [ 112.004574724674015, -7.798075848020617 ], [ 112.004617096825385, -7.798080188226685 ], [ 112.004668456460777, -7.798085449516481 ], [ 112.004679167420576, -7.798086546495976 ], [ 112.004731206468023, -7.79809187671118 ], [ 112.004738213767624, -7.798092595382743 ], [ 112.004738965711368, -7.79809721794507 ], [ 112.004864249031129, -7.798867076451295 ], [ 112.004864980740535, -7.798871578771838 ], [ 112.004858125284301, -7.798871791305709 ], [ 112.004855072972688, -7.798871885376125 ], [ 112.004837991461443, -7.798872415217955 ], [ 112.00469093738522, -7.798876974363271 ], [ 112.004661305670766, -7.798877893041486 ], [ 112.004254938456071, -7.798890491824311 ], [ 112.004057040154066, -7.798889215696109 ], [ 112.004038109782044, -7.798889094179629 ], [ 112.004021741365534, -7.798888988292395 ], [ 112.003985834054888, -7.79888875690235 ], [ 112.003955621997477, -7.79888856174631 ], [ 112.003947527119934, -7.798888510398188 ], [ 112.003913377356625, -7.798888290209185 ], [ 112.003870732775439, -7.798888015094118 ], [ 112.003816359415552, -7.798887664681519 ], [ 112.003770494475745, -7.798887369155182 ], [ 112.003750353404541, -7.798887238738921 ], [ 112.003747007897005, -7.798887217729613 ] ] ], [ [ [ 112.004694611169498, -7.797807053861417 ], [ 112.004733816392417, -7.798064868781727 ], [ 112.004734519354443, -7.798069486938184 ], [ 112.004727531105871, -7.798068770934578 ], [ 112.004096981434941, -7.798004178377202 ], [ 112.004101661405983, -7.797800156033221 ], [ 112.004018150284494, -7.797795567837328 ], [ 112.004021679588519, -7.797665381316576 ], [ 112.003850146103616, -7.797656749178917 ], [ 112.003920135258056, -7.796897228733044 ], [ 112.003931826069021, -7.796898519673614 ], [ 112.004154247179386, -7.796923071199731 ], [ 112.004391902278499, -7.796949304886649 ], [ 112.004377802860063, -7.797199385927189 ], [ 112.004487505272209, -7.797205538097391 ], [ 112.00449126567014, -7.797138835650537 ], [ 112.004559679754365, -7.797131538303019 ], [ 112.004607595574583, -7.79734880330779 ], [ 112.004614010329206, -7.797377889005855 ], [ 112.004212527547153, -7.797353767901518 ], [ 112.004191875069793, -7.797497395055847 ], [ 112.004254889043864, -7.797509211202042 ], [ 112.004254981771766, -7.797548096020432 ], [ 112.004302990874891, -7.79755695589513 ], [ 112.004312110065584, -7.797607784903006 ], [ 112.004658293565356, -7.797607811058375 ], [ 112.004694611169498, -7.797807053861417 ] ] ], [ [ [ 112.002940747873652, -7.79710860041765 ], [ 112.002775350494446, -7.797075222549548 ], [ 112.002811979312611, -7.796742483798176 ], [ 112.003009373943911, -7.796769137414614 ], [ 112.002940747873652, -7.79710860041765 ] ] ], [ [ [ 112.004515474230033, -7.796931099530906 ], [ 112.004508336195343, -7.796930311522265 ], [ 112.004499129046792, -7.796929295079175 ], [ 112.003934791665145, -7.796866998699936 ], [ 112.003923102670953, -7.796865708659459 ], [ 112.003925955747135, -7.796836061026077 ], [ 112.003981974844663, -7.796253971217939 ], [ 112.004315832236529, -7.796252185597132 ], [ 112.004387143283097, -7.796464935435468 ], [ 112.00448882636384, -7.796834726155209 ], [ 112.004504359737112, -7.796891217047051 ], [ 112.004514628959171, -7.796927268564491 ], [ 112.004515474230033, -7.796931099530906 ] ] ], [ [ [ 112.005234982245895, -7.801290822232236 ], [ 112.005291555720177, -7.801290303467701 ], [ 112.005369868088707, -7.801659256495171 ], [ 112.005385514853131, -7.801751670953253 ], [ 112.005453239859406, -7.802103644922955 ], [ 112.005454097541289, -7.802108105337263 ], [ 112.00544729932551, -7.802108763634647 ], [ 112.005309754714261, -7.802122098824737 ], [ 112.005200876866098, -7.802120365920798 ], [ 112.005125190536717, -7.802114709423361 ], [ 112.004773280582043, -7.802074257972428 ], [ 112.004773598092413, -7.802069742308511 ], [ 112.004824538574539, -7.801322576487783 ], [ 112.004838178010274, -7.801307372304824 ], [ 112.004839356831738, -7.801305802130244 ], [ 112.004840245930879, -7.801304052662178 ], [ 112.004840819133577, -7.801302176419656 ], [ 112.004841058436241, -7.801300229520023 ], [ 112.004855774503596, -7.800880892199766 ], [ 112.004869124347138, -7.800361050717662 ], [ 112.004869240519099, -7.800356530105053 ], [ 112.004873772499408, -7.800356663149668 ], [ 112.004886142252843, -7.800357024495073 ], [ 112.004893290753955, -7.800357233630402 ], [ 112.004921852104431, -7.800358067534733 ], [ 112.004965651862875, -7.800359348220783 ], [ 112.005036445778245, -7.800361416776488 ], [ 112.005038115162421, -7.800361343171415 ], [ 112.005039754941521, -7.800361024536363 ], [ 112.005078564045704, -7.800350483511132 ], [ 112.0050830828025, -7.800349256323565 ], [ 112.005083431745049, -7.800349170478642 ], [ 112.005118349256378, -7.800339692351023 ], [ 112.00512493526071, -7.800337904934441 ], [ 112.005125360650865, -7.800340211122781 ], [ 112.00512575938545, -7.800342368143647 ], [ 112.005203166785734, -7.800761289493501 ], [ 112.005259806574415, -7.801103377336316 ], [ 112.005229971858455, -7.801102138588289 ], [ 112.005174788172368, -7.801103595551233 ], [ 112.005175694981077, -7.801137745541698 ], [ 112.005169118671489, -7.801140939324668 ], [ 112.005073164237118, -7.801141167214294 ], [ 112.005071941772087, -7.80114117011748 ], [ 112.005044588541907, -7.801138525407278 ], [ 112.005048496459622, -7.801267736427503 ], [ 112.005179056157317, -7.801264325965841 ], [ 112.005179798537426, -7.801292280103371 ], [ 112.005234982245895, -7.801290822232236 ] ] ], [ [ [ 112.00510205536041, -7.800320681959223 ], [ 112.005091234266914, -7.800323619013017 ], [ 112.005086171735229, -7.800324993105004 ], [ 112.00503542678689, -7.800338766865138 ], [ 112.004858636090972, -7.800333600869887 ], [ 112.004700819048921, -7.800325388866032 ], [ 112.004627393813124, -7.800321982517037 ], [ 112.004638990721702, -7.800104137688307 ], [ 112.005085945627343, -7.800136466304282 ], [ 112.005115698182649, -7.800287920986769 ], [ 112.005119986891842, -7.800311128400946 ], [ 112.005120811921145, -7.800315590703622 ], [ 112.005114225919286, -7.800317379024523 ], [ 112.005106882256541, -7.800319371736668 ], [ 112.00510205536041, -7.800320681959223 ] ] ], [ [ [ 112.004362445297673, -7.799848745533844 ], [ 112.004287908741446, -7.799784312670885 ], [ 112.004292541450681, -7.799714904817959 ], [ 112.004218136209403, -7.799705509769363 ], [ 112.004228332174122, -7.799580029473643 ], [ 112.0045792827284, -7.799627098017488 ], [ 112.004580390247639, -7.799627192163 ], [ 112.004597640471744, -7.799627803317048 ], [ 112.004597893625203, -7.799653323900425 ], [ 112.004596689042216, -7.799739870688339 ], [ 112.004596795359774, -7.799755922246044 ], [ 112.004603670535246, -7.799756366283418 ], [ 112.005016508426436, -7.799783000305744 ], [ 112.00507229998513, -7.80006700418448 ], [ 112.004710893656991, -7.800070465152411 ], [ 112.004701147761395, -7.800008271697441 ], [ 112.00456915045676, -7.799996619393381 ], [ 112.004569264658855, -7.800044478803852 ], [ 112.004552474212431, -7.800046911772836 ], [ 112.004550468625879, -7.800212031846152 ], [ 112.004416088802373, -7.800207564515985 ], [ 112.004408203673236, -7.800309118978716 ], [ 112.00417560440053, -7.80028938996039 ], [ 112.004194528462648, -7.800042000826991 ], [ 112.004346145809947, -7.800056972978774 ], [ 112.004362445297673, -7.799848745533844 ] ] ] ] } },
{ "type": "Feature", "properties": { "OBJECTID": 2, "Name": "Halte Ahmad Dahlan", "REMARK": "Halte", "type": "lines", "start": "610536.0432, 9137432.3223", "NAMZON": "AREA KOMERSIAL", "LUAS": 209316.234 }, "geometry": { "type": "MultiPolygon", "coordinates": [ [ [ [ 112.001251145926759, -7.795075742779251 ], [ 112.00128815540819, -7.795069980437833 ], [ 112.001274629856368, -7.795035143640352 ], [ 112.001629158314103, -7.794898234620018 ], [ 112.001680793304288, -7.795007556364546 ], [ 112.001743505954238, -7.795140332147589 ], [ 112.001879654958032, -7.795419556799411 ], [ 112.001881442637568, -7.79541927852811 ], [ 112.001883261141828, -7.795423572078214 ], [ 112.001881729102607, -7.795423809949868 ], [ 112.001853419948858, -7.795428218182618 ], [ 112.00179650338886, -7.795437080569653 ], [ 112.001428969272837, -7.795494305741278 ], [ 112.001354831627253, -7.795499880488078 ], [ 112.00131797400941, -7.795502652563815 ], [ 112.001251145926759, -7.795075742779251 ] ] ], [ [ [ 112.00212030853335, -7.794708565467797 ], [ 112.002194007591726, -7.794898385956643 ], [ 112.002139480462603, -7.794920176013624 ], [ 112.002019664083775, -7.794968057841467 ], [ 112.002008272888602, -7.794972610559162 ], [ 112.001981240300594, -7.794978022407269 ], [ 112.001953683728857, -7.794978936857758 ], [ 112.001911213202561, -7.794970852233944 ], [ 112.001851989879768, -7.794952741830169 ], [ 112.001795091260277, -7.794928317518325 ], [ 112.001774281569325, -7.79491656211572 ], [ 112.001745571481692, -7.794890024397487 ], [ 112.001730893066167, -7.79485894742276 ], [ 112.00212030853335, -7.794708565467797 ] ] ], [ [ [ 112.002651413158105, -7.795910808145252 ], [ 112.002651413614117, -7.795910809229481 ], [ 112.002676906126069, -7.795963004933467 ], [ 112.002714257387396, -7.795949788877421 ], [ 112.002718187365488, -7.79596083613102 ], [ 112.002696251312585, -7.795961698535653 ], [ 112.002722383662984, -7.796053526737788 ], [ 112.002725553558932, -7.79612530835426 ], [ 112.002638997001739, -7.796141087579699 ], [ 112.002325360278363, -7.796198261948777 ], [ 112.00229066040157, -7.79612379100946 ], [ 112.002274590955551, -7.796089599984358 ], [ 112.002255316979031, -7.796049834400431 ], [ 112.002247374035321, -7.796033577980753 ], [ 112.00220997493706, -7.795957027803316 ], [ 112.00217547927295, -7.795886420090579 ], [ 112.002142121837849, -7.795818140396147 ], [ 112.002061330996753, -7.795652772025254 ], [ 112.002050378147842, -7.795630022582478 ], [ 112.002042473861664, -7.795612854399691 ], [ 112.002037424271165, -7.795601352952276 ], [ 112.002027538884647, -7.795578254586137 ], [ 112.001994541512659, -7.795500436805705 ], [ 112.001955035334944, -7.795407269056198 ], [ 112.001918686458851, -7.795321547240005 ], [ 112.001914155170638, -7.795282792275116 ], [ 112.00192477241383, -7.795229646358605 ], [ 112.001941590118349, -7.795178117365626 ], [ 112.001962133968021, -7.795133763445871 ], [ 112.001985582170249, -7.795108713142074 ], [ 112.002012757307924, -7.795087738426436 ], [ 112.002123963051559, -7.795043297524679 ], [ 112.002242607065412, -7.794995884222005 ], [ 112.002322397731419, -7.795189155699161 ], [ 112.002203170452518, -7.795215557786033 ], [ 112.002246601402632, -7.795346005871578 ], [ 112.002339528252222, -7.795315232497934 ], [ 112.002365660472492, -7.795393723110428 ], [ 112.002181963371314, -7.795454554773218 ], [ 112.002214862914045, -7.795553371823624 ], [ 112.002369163547826, -7.795502275362158 ], [ 112.002405051764228, -7.795610067212172 ], [ 112.002464366205473, -7.795606592182095 ], [ 112.002472935930456, -7.795752084730466 ], [ 112.002574089062378, -7.795744794510921 ], [ 112.002651413158105, -7.795910808145252 ] ] ], [ [ [ 112.003449827016169, -7.796352805558741 ], [ 112.00344912912081, -7.796358223660959 ], [ 112.003495604722588, -7.796364751681399 ], [ 112.003509045091647, -7.79620854285514 ], [ 112.003651735129054, -7.796226922924906 ], [ 112.003633056641334, -7.796440926302731 ], [ 112.003687165371119, -7.7964433847266 ], [ 112.00364631443982, -7.796826938904852 ], [ 112.003231341725325, -7.796768251620145 ], [ 112.003242223275734, -7.796674606509963 ], [ 112.003247844217597, -7.796675437930068 ], [ 112.003266740751798, -7.796548323497206 ], [ 112.003285879488587, -7.796392306534129 ], [ 112.003292142772509, -7.796335007829563 ], [ 112.003348364000828, -7.796339806100569 ], [ 112.003449827016169, -7.796352805558741 ] ] ], [ [ [ 112.006415975098065, -7.807236727979499 ], [ 112.006437463758687, -7.807027919207884 ], [ 112.006582045036538, -7.807038251880404 ], [ 112.006583663355428, -7.80720847685973 ], [ 112.006415975098065, -7.807236727979499 ] ] ], [ [ [ 112.005093614340183, -7.808306956256247 ], [ 112.005093329456571, -7.808516246989895 ], [ 112.005095340311399, -7.80865490868302 ], [ 112.004678218548136, -7.808661361247191 ], [ 112.004677989274768, -7.80864548997019 ], [ 112.004677849092161, -7.808635782164112 ], [ 112.004676340090455, -7.808531802660831 ], [ 112.004676150053996, -7.808518688894077 ], [ 112.004673486734475, -7.808335056370278 ], [ 112.004673025159931, -7.808303183585185 ], [ 112.004671076352849, -7.808168845256861 ], [ 112.004667241500044, -7.807904413837346 ], [ 112.004667190411269, -7.807900870406394 ], [ 112.004667175346896, -7.807899879188136 ], [ 112.004668014952173, -7.807899804838986 ], [ 112.004668811035486, -7.807899734210984 ], [ 112.004815313901801, -7.807886723199307 ], [ 112.004883632878744, -7.807880655834622 ], [ 112.004944394503568, -7.80787525941729 ], [ 112.005092848560892, -7.807862075450674 ], [ 112.005262441410053, -7.807847013329821 ], [ 112.005283453281379, -7.807845147284881 ], [ 112.005304818765026, -7.807843249647663 ], [ 112.005334387164837, -7.807840623435168 ], [ 112.005389869960553, -7.807835695337506 ], [ 112.005392876576252, -7.8082784892977 ], [ 112.005093614340183, -7.808306956256247 ] ] ], [ [ [ 112.004195550431291, -7.809151259561848 ], [ 112.004193037003759, -7.80897791571382 ], [ 112.004193036096879, -7.808977915715971 ], [ 112.00419293359522, -7.808970842782291 ], [ 112.004180043973491, -7.808970826005587 ], [ 112.004182453732781, -7.808802660345822 ], [ 112.004607663486183, -7.808799343047747 ], [ 112.004607903231062, -7.808815802178828 ], [ 112.004608906458003, -7.80888497503596 ], [ 112.004609805577175, -7.808947012196609 ], [ 112.004610791544494, -7.80901503285191 ], [ 112.004612679668227, -7.809145243890924 ], [ 112.004195550431291, -7.809151259561848 ] ] ], [ [ [ 112.004138902695018, -7.807481442649967 ], [ 112.0041709374931, -7.807478597671513 ], [ 112.004168068873554, -7.807291818439163 ], [ 112.004585508619741, -7.807271088126185 ], [ 112.004587583818704, -7.8074143275535 ], [ 112.004588504683809, -7.80747788953463 ], [ 112.004589551215872, -7.807550019776498 ], [ 112.00414960194604, -7.807554414706103 ], [ 112.004145422382848, -7.807554456436102 ], [ 112.004138902695018, -7.807481442649967 ] ] ], [ [ [ 112.002087255698342, -7.809775643939008 ], [ 112.001668414820401, -7.809666930223898 ], [ 112.001838037123278, -7.809027061310516 ], [ 112.001850136119202, -7.808981423161544 ], [ 112.001869536851629, -7.80890813195996 ], [ 112.001891973312041, -7.808823569798522 ], [ 112.001915889032631, -7.808733348733207 ], [ 112.001926874486898, -7.808691955901368 ], [ 112.001928036672894, -7.808687578421511 ], [ 112.00192903657674, -7.808687790401874 ], [ 112.002201719953689, -7.80874558204895 ], [ 112.002231538554668, -7.808751618980406 ], [ 112.002164506367649, -7.80900775402956 ], [ 112.001976505480073, -7.809726113165776 ], [ 112.00210050695965, -7.809724868273346 ], [ 112.002087255698342, -7.809775643939008 ] ] ], [ [ [ 112.003785618575549, -7.804936961712631 ], [ 112.003825808793195, -7.805173978741348 ], [ 112.003779872121541, -7.805181725927857 ], [ 112.003791331854615, -7.805397402389367 ], [ 112.003950499956161, -7.805586973394897 ], [ 112.003895930415766, -7.805632543154104 ], [ 112.003962183306939, -7.805746044611226 ], [ 112.00383505023423, -7.805819852662133 ], [ 112.003842515718389, -7.805851766359031 ], [ 112.003833913666085, -7.80585376774589 ], [ 112.003857722278326, -7.806040123227171 ], [ 112.003825698303999, -7.806044192378343 ], [ 112.0038257856352, -7.806045835989212 ], [ 112.003573470301802, -7.806054504955662 ], [ 112.003565253526517, -7.806020522434502 ], [ 112.003564443666079, -7.80602051892951 ], [ 112.003564507054051, -7.80601743829309 ], [ 112.003451331763671, -7.805549398753757 ], [ 112.003618120779308, -7.805459506148302 ], [ 112.003600302594407, -7.80503120800825 ], [ 112.003640578021717, -7.804338386546577 ], [ 112.004148297743242, -7.804414329521997 ], [ 112.004369493521551, -7.804451196235343 ], [ 112.004370894099083, -7.804451341236484 ], [ 112.004372301514991, -7.804451311666565 ], [ 112.004373694913184, -7.804451108479544 ], [ 112.004388103554319, -7.804448086941115 ], [ 112.00444780296209, -7.804435565371794 ], [ 112.004452863622802, -7.80443452592448 ], [ 112.004457514513888, -7.804433546237945 ], [ 112.00448046532361, -7.804466322518489 ], [ 112.004496418722198, -7.804515101196358 ], [ 112.004520464925037, -7.804637085945602 ], [ 112.004526687030165, -7.805024119770102 ], [ 112.004527228940816, -7.805057753294505 ], [ 112.004537122806525, -7.805453021355979 ], [ 112.004543939934507, -7.805725353159284 ], [ 112.00455707600959, -7.806103898751759 ], [ 112.004576835592061, -7.806673245927302 ], [ 112.004577226409126, -7.806700184319719 ], [ 112.004163043997124, -7.806730918230971 ], [ 112.004111035705733, -7.806734747160658 ], [ 112.004088687512947, -7.806297634423482 ], [ 112.004152729919099, -7.806293048009555 ], [ 112.004152546516053, -7.806281106453847 ], [ 112.004139494282001, -7.80589225635687 ], [ 112.004139631392661, -7.805892251780548 ], [ 112.004109267263175, -7.804979375105345 ], [ 112.004054231816767, -7.804994034762117 ], [ 112.004013675486746, -7.804842601513434 ], [ 112.003918473489307, -7.804828029823083 ], [ 112.003785618575549, -7.804936961712631 ] ] ], [ [ [ 112.005032926603278, -7.80546868161651 ], [ 112.005058684466789, -7.805459148239659 ], [ 112.005060643612097, -7.805328600581738 ], [ 112.005085845640153, -7.805328976724184 ], [ 112.005085948675628, -7.805309850431578 ], [ 112.005288776156419, -7.805310937441281 ], [ 112.00536499448755, -7.805202705573622 ], [ 112.005373044150588, -7.806300903521429 ], [ 112.00509916879686, -7.806308410938081 ], [ 112.004837429285004, -7.806309033774804 ], [ 112.004654938478666, -7.806312390418828 ], [ 112.00465355694125, -7.80631186641847 ], [ 112.004649841679594, -7.8063093193275 ], [ 112.004647070649938, -7.806305700054144 ], [ 112.004645112874655, -7.806301226876865 ], [ 112.004643744912713, -7.806296134573611 ], [ 112.004642889552159, -7.806291129686745 ], [ 112.004642847470123, -7.806290597078052 ], [ 112.004637197805167, -7.806120207943087 ], [ 112.004627026681092, -7.805814365078782 ], [ 112.004623459516338, -7.80570711912795 ], [ 112.004616308539539, -7.805492105407914 ], [ 112.004608042795667, -7.805243577097897 ], [ 112.004600368197075, -7.805012826645335 ], [ 112.004598313520759, -7.80495105721431 ], [ 112.004593976403626, -7.804820622621079 ], [ 112.004589601742424, -7.804688134157509 ], [ 112.004588952570359, -7.804669209617228 ], [ 112.004588831533283, -7.804665994659458 ], [ 112.004588472649999, -7.804656601207371 ], [ 112.004588098808824, -7.804643981692426 ], [ 112.004838930815694, -7.804648558382296 ], [ 112.004838071014419, -7.804690676968227 ], [ 112.004921582121241, -7.804694307038588 ], [ 112.004908735910675, -7.805033296719363 ], [ 112.005019419348997, -7.80506261969547 ], [ 112.005032926603278, -7.80546868161651 ] ] ], [ [ [ 112.003819505152023, -7.802722418333001 ], [ 112.003392129608358, -7.802618605563639 ], [ 112.003408140568666, -7.802445140538303 ], [ 112.003836429977298, -7.802541433408354 ], [ 112.003819505152023, -7.802722418333001 ] ] ], [ [ [ 112.004197826395924, -7.803523344976589 ], [ 112.004200481758673, -7.803485909943081 ], [ 112.00423460374671, -7.803497598756874 ], [ 112.004162298896276, -7.803739328937786 ], [ 112.004239918332445, -7.803771302585671 ], [ 112.004179042623193, -7.803918283870365 ], [ 112.004137781826017, -7.804028376672145 ], [ 112.004054023154509, -7.803954012513492 ], [ 112.003968687731671, -7.803878250210721 ], [ 112.003918187002256, -7.803833414489194 ], [ 112.003820365496239, -7.803746565437926 ], [ 112.003715758867216, -7.803653693581254 ], [ 112.00359531629914, -7.803546761916903 ], [ 112.003569674279277, -7.803523997657618 ], [ 112.003472378205871, -7.803437614850339 ], [ 112.003425014933597, -7.803395626898139 ], [ 112.003354143281214, -7.803332654947591 ], [ 112.00335374243781, -7.803332274228947 ], [ 112.003338698041091, -7.803318917114812 ], [ 112.003333143411595, -7.80331398577143 ], [ 112.003348317719613, -7.803130413019391 ], [ 112.003617488942794, -7.803208061127773 ], [ 112.003585925041733, -7.80331688729671 ], [ 112.003652979882759, -7.803336230447542 ], [ 112.003660621747329, -7.803310189174485 ], [ 112.003743825458855, -7.803334473790143 ], [ 112.003737795632773, -7.803355022258263 ], [ 112.003748379725863, -7.803358764096886 ], [ 112.003984854265923, -7.803412044598338 ], [ 112.004127031134587, -7.803460748716297 ], [ 112.004197826395924, -7.803523344976589 ] ] ], [ [ [ 112.002096936480825, -7.802232915080034 ], [ 112.002097920495856, -7.802232440366045 ], [ 112.001706702635801, -7.802188187494818 ], [ 112.001716948981738, -7.802068549839006 ], [ 112.001823729418874, -7.80207414328894 ], [ 112.00184616675736, -7.801767906285975 ], [ 112.001853169753687, -7.801768695553918 ], [ 112.00185946420909, -7.801769372540973 ], [ 112.001903396347345, -7.801773996890691 ], [ 112.001963812243503, -7.801780269873523 ], [ 112.001992389672026, -7.801783237476195 ], [ 112.002034260720905, -7.801787585414487 ], [ 112.002093305983166, -7.801793716010614 ], [ 112.002153240210092, -7.801799939458175 ], [ 112.002242377768894, -7.801809195023447 ], [ 112.002321475480173, -7.801817402600274 ], [ 112.002380486267228, -7.801823526001473 ], [ 112.002380968029158, -7.801823613494439 ], [ 112.00238629964629, -7.801824783859478 ], [ 112.002391845477703, -7.801826414976207 ], [ 112.002397020672731, -7.801828543502724 ], [ 112.00240168510949, -7.801831356083486 ], [ 112.002405745793382, -7.801835026589289 ], [ 112.002409289388098, -7.80183938839979 ], [ 112.002412460539247, -7.801844250337711 ], [ 112.00241536501089, -7.801849469252618 ], [ 112.002418082353898, -7.801854938233372 ], [ 112.002423178045376, -7.801866331925986 ], [ 112.002428045025695, -7.801878031857506 ], [ 112.002449613767368, -7.801931125959 ], [ 112.0024714636574, -7.801983843149815 ], [ 112.00249713332029, -7.802045310691122 ], [ 112.002515296551223, -7.802088806002353 ], [ 112.002540321381048, -7.802148727587645 ], [ 112.002576163534542, -7.802234551731165 ], [ 112.002588328001693, -7.802263680817962 ], [ 112.00259221987308, -7.802273003502138 ], [ 112.002626937446664, -7.802356133293517 ], [ 112.002651980557587, -7.802416100045713 ], [ 112.002661815046778, -7.80243943092476 ], [ 112.002666838735649, -7.802451048177154 ], [ 112.002672866874931, -7.802464411311802 ], [ 112.002683694094756, -7.802487232452632 ], [ 112.002695256367204, -7.80251101506875 ], [ 112.002736429270797, -7.802595708682292 ], [ 112.002501579039347, -7.802552895042346 ], [ 112.002442234118035, -7.802542077568256 ], [ 112.002445189154798, -7.802524738076944 ], [ 112.002390160112398, -7.802513549502761 ], [ 112.002397854240584, -7.802475914235409 ], [ 112.002447559116163, -7.802486020158083 ], [ 112.002438250419445, -7.802410440027751 ], [ 112.002396509104443, -7.802414896453759 ], [ 112.002156890932866, -7.802356505876612 ], [ 112.002096936480825, -7.802232915080034 ] ] ], [ [ [ 112.002745648598776, -7.798313955555345 ], [ 112.00274557183532, -7.798314585310734 ], [ 112.002733797043135, -7.798313156977059 ], [ 112.002723076955832, -7.798381349602725 ], [ 112.002721680254297, -7.798390652660769 ], [ 112.002705752105143, -7.798388568824123 ], [ 112.00269476229262, -7.798457744841889 ], [ 112.002691211605367, -7.798480097189605 ], [ 112.002681228949712, -7.798588341284637 ], [ 112.002664072884059, -7.798774359848252 ], [ 112.002656163846382, -7.79882703978735 ], [ 112.002653085637732, -7.798826580120876 ], [ 112.002645592108806, -7.798874248566563 ], [ 112.002654746607405, -7.798875482112966 ], [ 112.002647745630469, -7.798951391779343 ], [ 112.002536146067115, -7.798940887944976 ], [ 112.002502006841468, -7.7993019837131 ], [ 112.002162405977003, -7.799257522022008 ], [ 112.002163127192901, -7.799253055144122 ], [ 112.002167862914845, -7.799223726837246 ], [ 112.002168560459552, -7.799217697160533 ], [ 112.002169419142902, -7.799211547717589 ], [ 112.00217140537417, -7.799199048316192 ], [ 112.002180974830708, -7.799142326950332 ], [ 112.002191005556853, -7.799079752830915 ], [ 112.00220973639162, -7.798960605016861 ], [ 112.002221371341761, -7.79888658786995 ], [ 112.00223181458162, -7.798820158997924 ], [ 112.002251483416927, -7.798695044247587 ], [ 112.002267429658701, -7.798593605432008 ], [ 112.00227966403979, -7.798515778311311 ], [ 112.002292166424866, -7.798436247514583 ], [ 112.00230972336567, -7.798324565834443 ], [ 112.002317268920365, -7.79827481246542 ], [ 112.002338639288979, -7.798132286123562 ], [ 112.002350102431635, -7.79805582289986 ], [ 112.002604898653146, -7.798087628927981 ], [ 112.003000925873366, -7.798138140289646 ], [ 112.00297727277119, -7.798341724141084 ], [ 112.002745648598776, -7.798313955555345 ] ] ], [ [ [ 112.003076540479896, -7.798932317583923 ], [ 112.003066214223111, -7.799046798168915 ], [ 112.003293190303808, -7.799066949115445 ], [ 112.003685116386833, -7.799101744113399 ], [ 112.003675518745027, -7.799205901977838 ], [ 112.003653143175114, -7.799448129595435 ], [ 112.003652727685349, -7.79945263554389 ], [ 112.002924647164875, -7.799357315895306 ], [ 112.002935090721692, -7.798913257698714 ], [ 112.003076540479896, -7.798932317583923 ] ] ], [ [ [ 112.001582133640682, -7.799799841211629 ], [ 112.001617741050822, -7.799805183644693 ], [ 112.001624232279084, -7.799758217512817 ], [ 112.00162338132624, -7.799758090192941 ], [ 112.001633759175377, -7.799689291871923 ], [ 112.001644903219699, -7.799690964021126 ], [ 112.001644054816538, -7.799503223538577 ], [ 112.001631493561561, -7.799503554436991 ], [ 112.001629478609132, -7.799503607139656 ], [ 112.001626314648362, -7.799383965767278 ], [ 112.001739725925646, -7.799380982299613 ], [ 112.001748000736285, -7.799380802633368 ], [ 112.001765635965114, -7.799212007826003 ], [ 112.00207163998752, -7.799263792052552 ], [ 112.002089061725627, -7.799266739952092 ], [ 112.002020289637528, -7.799707555482613 ], [ 112.001914678500682, -7.800398419132032 ], [ 112.001909278662566, -7.800549188625011 ], [ 112.001916710242412, -7.800605842611426 ], [ 112.001928089720224, -7.800661841488551 ], [ 112.00156422772595, -7.80060436967651 ], [ 112.001356160882111, -7.80056205894002 ], [ 112.001384532839381, -7.800382612581351 ], [ 112.00139903277362, -7.800268947490766 ], [ 112.001468309188795, -7.800277736535485 ], [ 112.001542183957, -7.800287109802569 ], [ 112.001546835263525, -7.800267640888681 ], [ 112.001557127456053, -7.800218104417022 ], [ 112.001589717427166, -7.800061240736596 ], [ 112.001641593621144, -7.800071961189556 ], [ 112.001659240168067, -7.800075616739601 ], [ 112.001670528131584, -7.800029525597712 ], [ 112.001779145146713, -7.800047216050741 ], [ 112.001785651013307, -7.800008314686115 ], [ 112.001698757808413, -7.799995016288206 ], [ 112.001708455339497, -7.799926155362368 ], [ 112.001615681393957, -7.799912235952071 ], [ 112.001623908510155, -7.799857699250929 ], [ 112.00157421013688, -7.799850243147515 ], [ 112.001582133640682, -7.799799841211629 ] ] ], [ [ [ 112.003232723400501, -7.7972411803216 ], [ 112.003241318033858, -7.797172108306987 ], [ 112.003245946063927, -7.797134914427581 ], [ 112.003399021005777, -7.797153860379281 ], [ 112.003385485632037, -7.797262637296667 ], [ 112.003232723400501, -7.7972411803216 ] ] ], [ [ [ 112.002867758547225, -7.797417656422189 ], [ 112.0033588699402, -7.797476533999356 ], [ 112.003304641741906, -7.797912337960484 ], [ 112.003287729402189, -7.797910398241275 ], [ 112.003212761405123, -7.797901801108594 ], [ 112.003091602097328, -7.797886817787914 ], [ 112.002610397519462, -7.797827307431667 ], [ 112.002388303610573, -7.797799841200146 ], [ 112.002392571200971, -7.797772728949962 ], [ 112.002392987139871, -7.797766881730296 ], [ 112.00239364206314, -7.797760853963278 ], [ 112.002394456306448, -7.797754704625493 ], [ 112.002396353654433, -7.797742204529835 ], [ 112.002404531439083, -7.797691753252703 ], [ 112.00241132377586, -7.797647884983187 ], [ 112.002423090979292, -7.797569632076873 ], [ 112.002432264769624, -7.797508624648972 ], [ 112.002432872711438, -7.797504575885799 ], [ 112.002448875070144, -7.797398160762735 ], [ 112.002460956573785, -7.797311368389371 ], [ 112.002470694905384, -7.797241416621796 ], [ 112.002475555094449, -7.797206479649749 ], [ 112.002798879461807, -7.797251272879653 ], [ 112.002891025759141, -7.797262677257305 ], [ 112.002867758547225, -7.797417656422189 ] ] ], [ [ [ 112.001998927818065, -7.797078774298976 ], [ 112.00198331727124, -7.797076774191637 ], [ 112.001984930810465, -7.797064248449031 ], [ 112.001971535513036, -7.797062492450482 ], [ 112.001860488888468, -7.797050624742176 ], [ 112.001865993907984, -7.796984252304326 ], [ 112.002159746839936, -7.797010358141144 ], [ 112.002165579809372, -7.796933365585371 ], [ 112.001977843222065, -7.796954721195984 ], [ 112.001991399554385, -7.79682720970184 ], [ 112.001926096659531, -7.796820304242209 ], [ 112.001947288510948, -7.796620982830557 ], [ 112.0020609871669, -7.796633140657218 ], [ 112.002428462537878, -7.796672436633621 ], [ 112.002429720810696, -7.796672623585207 ], [ 112.002435064771547, -7.796674436074063 ], [ 112.002439929103929, -7.796676673875927 ], [ 112.002444114116329, -7.79667964225642 ], [ 112.002446889198055, -7.796682716175246 ], [ 112.002449160379101, -7.796686305003139 ], [ 112.002451005382881, -7.796690296406833 ], [ 112.002452479321462, -7.796694603430574 ], [ 112.002453832899334, -7.796700159756962 ], [ 112.002454824345037, -7.796705974703188 ], [ 112.002455558663243, -7.796711967526396 ], [ 112.002456112801752, -7.796718081065305 ], [ 112.002456885116516, -7.796730512435222 ], [ 112.002457406494742, -7.796743055644068 ], [ 112.002457988205407, -7.796761896255673 ], [ 112.002458257438875, -7.796774424686099 ], [ 112.002458327069661, -7.796786914698582 ], [ 112.002458224907613, -7.796793142844945 ], [ 112.002457982149295, -7.796799357757656 ], [ 112.002457557328626, -7.796805664448839 ], [ 112.002456985565757, -7.796811958825876 ], [ 112.002456307678173, -7.796818244409836 ], [ 112.002454752347631, -7.796830797057185 ], [ 112.002453524418115, -7.79683954851487 ], [ 112.002437185026537, -7.796956003608114 ], [ 112.002427272718521, -7.797027160488225 ], [ 112.002422416859687, -7.79706201333802 ], [ 112.002416256562853, -7.797106240978835 ], [ 112.002403162884946, -7.797200231392854 ], [ 112.002396336508511, -7.797249229669485 ], [ 112.002387778588997, -7.797310664339052 ], [ 112.002377901937251, -7.797381565180852 ], [ 112.002372421541168, -7.797418830719232 ], [ 112.00236182085871, -7.79748958675738 ], [ 112.002353267119247, -7.797546683771003 ], [ 112.002338039632861, -7.797648326191187 ], [ 112.002332615809351, -7.797685739017619 ], [ 112.002325672711862, -7.79773599563238 ], [ 112.002323822318615, -7.797748411504799 ], [ 112.002322796602101, -7.797754488988836 ], [ 112.002321652624829, -7.797760412095333 ], [ 112.002320332166462, -7.797766104989979 ], [ 112.002318754268316, -7.797771463855016 ], [ 112.002316810673108, -7.797776346046786 ], [ 112.002314355834429, -7.797780563788426 ], [ 112.002311196895903, -7.797783865200512 ], [ 112.002307151125294, -7.797786060785365 ], [ 112.002302393978397, -7.797787331013541 ], [ 112.002297121036491, -7.797787929566875 ], [ 112.00229188411798, -7.79778804145155 ], [ 112.002291485023434, -7.797788011645709 ], [ 112.001946734945818, -7.797746078841845 ], [ 112.001976486624315, -7.797437699092158 ], [ 112.001999838197321, -7.797440978464683 ], [ 112.002000623362136, -7.797432133994234 ], [ 112.002024359351893, -7.797434229461257 ], [ 112.002042262337142, -7.797284627831545 ], [ 112.00197136876092, -7.797276763464013 ], [ 112.001998927818065, -7.797078774298976 ] ] ], [ [ [ 112.000094288900883, -7.804155986386406 ], [ 112.000073023602141, -7.80424805700917 ], [ 111.999959510059753, -7.804223089017564 ], [ 111.999955332566827, -7.804222168233064 ], [ 112.000022378878171, -7.803931107892484 ], [ 112.00002339678278, -7.803926688248887 ], [ 112.000245893382129, -7.803961179088556 ], [ 112.000246329733599, -7.803961237749287 ], [ 112.000296666647799, -7.803967054510746 ], [ 112.000294456605118, -7.803977751910103 ], [ 112.000251524304119, -7.804185526875087 ], [ 112.000094288900883, -7.804155986386406 ] ] ], [ [ [ 111.999294631644602, -7.803558220512143 ], [ 111.999270223089297, -7.803699246317702 ], [ 111.999071200288768, -7.803652457134254 ], [ 111.999066784918568, -7.803651418421331 ], [ 111.999067683995392, -7.80364698368411 ], [ 111.999068134878016, -7.803644759529096 ], [ 111.999069785118536, -7.803636615757232 ], [ 111.999084984198248, -7.803561617044045 ], [ 111.999087679626982, -7.803548318263173 ], [ 111.999094189167209, -7.803516199224537 ], [ 111.999114649991341, -7.803415229120185 ], [ 111.999244464199691, -7.803449218555189 ], [ 111.999226445953454, -7.803541151250136 ], [ 111.999294631644602, -7.803558220512143 ] ] ], [ [ [ 112.000683187431221, -7.803175651328575 ], [ 112.00068691758257, -7.803157022098706 ], [ 112.000709631002053, -7.803043590825804 ], [ 112.000642405755073, -7.803026520421342 ], [ 112.000690540748352, -7.802816519095001 ], [ 112.000692514131728, -7.802807749595335 ], [ 112.000695009791002, -7.802796654474996 ], [ 112.000819979061049, -7.802813764661072 ], [ 112.000858933434913, -7.802819153366693 ], [ 112.000769514481206, -7.80319504434026 ], [ 112.000683187431221, -7.803175651328575 ] ] ], [ [ [ 111.999265003432413, -7.802600248944495 ], [ 111.999269496695575, -7.802600868721419 ], [ 111.999266482745597, -7.802619424805054 ], [ 111.999262274654612, -7.802645332206903 ], [ 111.999246191335885, -7.802744362824821 ], [ 111.999233428516234, -7.802822938235379 ], [ 111.998947157849429, -7.802777015204835 ], [ 111.998977047315066, -7.802560561422597 ], [ 111.999265003432413, -7.802600248944495 ] ] ], [ [ [ 111.99760480366578, -7.802637202512897 ], [ 111.997667127005244, -7.802369999716007 ], [ 111.997886362821617, -7.802401956354024 ], [ 111.997872282880991, -7.802461760684078 ], [ 111.997816842516769, -7.80268863316032 ], [ 111.99760480366578, -7.802637202512897 ] ] ], [ [ [ 111.999190873934793, -7.802343189475611 ], [ 111.999143475400658, -7.802535198954508 ], [ 111.99899483254498, -7.802514097723231 ], [ 111.999012170459451, -7.802434685767812 ], [ 111.999012811362007, -7.802431900417266 ], [ 111.999038926610226, -7.80231794562227 ], [ 111.999190873934793, -7.802343189475611 ] ] ], [ [ [ 111.998041005651729, -7.802151569861729 ], [ 111.998082059980931, -7.802165237564848 ], [ 111.998033076234847, -7.802311579673977 ], [ 111.998010381687592, -7.80237361565767 ], [ 111.997702735679496, -7.802327883234238 ], [ 111.997731001432612, -7.802157661468614 ], [ 111.997748722886868, -7.802067407217596 ], [ 111.997823920104253, -7.802082092422685 ], [ 111.997901486292449, -7.802097240522468 ], [ 111.997932065046754, -7.802019041858892 ], [ 111.998070169880833, -7.802076147512316 ], [ 111.998041005651729, -7.802151569861729 ] ] ], [ [ [ 111.999116658465141, -7.801944810186958 ], [ 111.999123759456793, -7.801901686449647 ], [ 111.999290250158097, -7.801940626108475 ], [ 111.999268213572648, -7.802029893890221 ], [ 111.999107675604719, -7.801999357708234 ], [ 111.999110779550776, -7.801980507472432 ], [ 111.999109830521959, -7.801980326113683 ], [ 111.999116658465141, -7.801944810186958 ] ] ], [ [ [ 111.999807788978117, -7.79908816666191 ], [ 111.999774179646295, -7.799081067574297 ], [ 111.99980403323697, -7.798884069072859 ], [ 111.999919917675243, -7.798903689221245 ], [ 112.000035773087632, -7.798923303978508 ], [ 112.000056113402266, -7.798926747934103 ], [ 111.99998532078709, -7.799210010954861 ], [ 111.999985107877976, -7.799210861622458 ], [ 111.999795987125566, -7.799170752764454 ], [ 111.999807788978117, -7.79908816666191 ] ] ], [ [ [ 112.000635574578141, -7.798988913067234 ], [ 112.000109108310468, -7.798903399676923 ], [ 112.000095372021036, -7.798901169243267 ], [ 112.000184067677665, -7.798558956554191 ], [ 112.000336883483328, -7.798590374463859 ], [ 112.000310257870694, -7.798769114843059 ], [ 112.000556928568571, -7.798799240035122 ], [ 112.000558040216958, -7.798762145814485 ], [ 112.00065044404937, -7.798772696460763 ], [ 112.000635574578141, -7.798988913067234 ] ] ], [ [ [ 112.000006791314988, -7.798519365143784 ], [ 112.000153551449444, -7.79855021045201 ], [ 112.000063937352962, -7.798895964343849 ], [ 112.000046483876474, -7.798893009196727 ], [ 111.999769720469104, -7.798846152268271 ], [ 111.999813921395386, -7.798639469608938 ], [ 111.999975950992223, -7.79866780258213 ], [ 112.000006791314988, -7.798519365143784 ] ] ], [ [ [ 112.000469217186151, -7.798050628709923 ], [ 112.000522225722008, -7.79805902679575 ], [ 112.000503312056296, -7.798177763510719 ], [ 112.00051638818681, -7.798177350939559 ], [ 112.000493718754882, -7.798331033771734 ], [ 112.000488221858078, -7.798357228213013 ], [ 112.000467691328041, -7.798354632175897 ], [ 112.000255316198931, -7.798284067470904 ], [ 112.000319807791755, -7.79803524465867 ], [ 112.000467788413985, -7.798059601322584 ], [ 112.000469217186151, -7.798050628709923 ] ] ], [ [ [ 112.002241145537027, -7.808650502696732 ], [ 112.002195845031025, -7.808640913685578 ], [ 112.00201903098133, -7.808603486893213 ], [ 112.002004153116488, -7.808600337654832 ], [ 112.00195406633145, -7.808589735240242 ], [ 112.001955243944934, -7.80858536224594 ], [ 112.001964491388833, -7.808551036222888 ], [ 112.00198247561579, -7.808483874982213 ], [ 112.002000883914292, -7.808415044063765 ], [ 112.002161231682123, -7.808443459275661 ], [ 112.002287356938126, -7.808465810854142 ], [ 112.002258328947178, -7.808581825715156 ], [ 112.002241145537027, -7.808650502696732 ] ] ], [ [ [ 112.001996772975517, -7.808184772469099 ], [ 112.001991189088585, -7.808205649082675 ], [ 112.001988939174424, -7.808214061087196 ], [ 112.001741880289842, -7.808450113815659 ], [ 112.001738652333984, -7.808446935157521 ], [ 112.001601402891254, -7.808312160211314 ], [ 112.001663642180191, -7.808255814229404 ], [ 112.001738962664163, -7.808186974209562 ], [ 112.001771175254717, -7.808157533777336 ], [ 112.001777815891089, -7.808006157221657 ], [ 112.001790638178392, -7.808009082520174 ], [ 112.002029397401358, -7.808062893818756 ], [ 112.002023900806407, -7.808083485330315 ], [ 112.001999387953234, -7.808175044558896 ], [ 112.001999224235419, -7.808175605693187 ], [ 112.001996772975517, -7.808184772469099 ] ] ], [ [ [ 112.002131791397971, -7.807925593002567 ], [ 112.002184592798187, -7.807728171985373 ], [ 112.002192709722166, -7.807697821798979 ], [ 112.002297115445074, -7.807742955904864 ], [ 112.002389751133023, -7.807734274481963 ], [ 112.002443739996295, -7.807734146499333 ], [ 112.002441625557353, -7.807853800296338 ], [ 112.002403011751468, -7.807854902081412 ], [ 112.00238664425784, -7.807981277018335 ], [ 112.002368626829835, -7.808173736197681 ], [ 112.00206354082961, -7.808180787604077 ], [ 112.002064756106108, -7.808176236347792 ], [ 112.002065008692085, -7.808175291524744 ], [ 112.002092399543216, -7.808072878649956 ], [ 112.002131791397971, -7.807925593002567 ] ] ], [ [ [ 112.002530720285293, -7.807522680947979 ], [ 112.002507231029881, -7.807572595117792 ], [ 112.002501127751344, -7.807650256665635 ], [ 112.002389540108595, -7.807645734952204 ], [ 112.00233720306322, -7.807649056169494 ], [ 112.002219879398126, -7.807596235189761 ], [ 112.002238747878494, -7.807525689283242 ], [ 112.002255054529016, -7.807464719217119 ], [ 112.002303164556125, -7.807284833540703 ], [ 112.002374079433835, -7.807302139939548 ], [ 112.002509749632409, -7.807335248764358 ], [ 112.002525580484914, -7.807339112039152 ], [ 112.002511847650652, -7.807513847810075 ], [ 112.002530720285293, -7.807522680947979 ] ] ], [ [ [ 112.00174529582749, -7.807602291556337 ], [ 112.001684977947036, -7.807570892454271 ], [ 112.00163475187496, -7.807524978666042 ], [ 112.00153656429616, -7.807402692650409 ], [ 112.001536309628904, -7.807402383034156 ], [ 112.001535185857833, -7.807401185517387 ], [ 112.001177978393159, -7.807058074883368 ], [ 112.001051610138333, -7.806905235961756 ], [ 112.001051418068457, -7.806904935241253 ], [ 112.001051760675551, -7.806902565728403 ], [ 112.001053687993334, -7.806901114078498 ], [ 112.001054025402524, -7.806901133177283 ], [ 112.001056930760399, -7.806900616201643 ], [ 112.001061167743657, -7.80690060979008 ], [ 112.001065778372151, -7.806900986876721 ], [ 112.001066102231874, -7.806901028618318 ], [ 112.001171004509857, -7.806920201113744 ], [ 112.001265875123579, -7.806937622841514 ], [ 112.001288940218046, -7.806941861560798 ], [ 112.001331807798493, -7.806949739848031 ], [ 112.001392764023109, -7.806960953344527 ], [ 112.00144164987141, -7.806970029305395 ], [ 112.001503515989199, -7.806981739875765 ], [ 112.001516011043108, -7.806983982212926 ], [ 112.001528400284471, -7.806985967037807 ], [ 112.00155700354324, -7.806991252617822 ], [ 112.00165171752397, -7.80700839334825 ], [ 112.001653670604696, -7.807008621160795 ], [ 112.001655633758233, -7.807008508883887 ], [ 112.001657548043411, -7.807008059370429 ], [ 112.001659355451736, -7.807007286324276 ], [ 112.001661002535059, -7.807006214291601 ], [ 112.001662438580965, -7.807004874143146 ], [ 112.001663620155796, -7.807003306681119 ], [ 112.001664512909869, -7.807001559017241 ], [ 112.001665088854608, -7.806999683674713 ], [ 112.001672175466922, -7.806966619932266 ], [ 112.001692862089058, -7.806971366220817 ], [ 112.001843382273179, -7.807005900759812 ], [ 112.001865838303161, -7.807011052554383 ], [ 112.001867423508884, -7.807011415997438 ], [ 112.001869319554856, -7.80701168554783 ], [ 112.001871234785398, -7.807011633075835 ], [ 112.00187311297573, -7.807011259619019 ], [ 112.001874901550053, -7.8070105752507 ], [ 112.001876549772291, -7.807009600892977 ], [ 112.001878008735176, -7.807008363794574 ], [ 112.001879239526616, -7.807006899320424 ], [ 112.001880204156436, -7.807005249164324 ], [ 112.001880877346039, -7.807003461320924 ], [ 112.001906105392351, -7.80691404571242 ], [ 112.002036684210651, -7.806903400517921 ], [ 112.00212762414057, -7.806895986680543 ], [ 112.00214630157005, -7.806894463679586 ], [ 112.002346307554006, -7.806878157649142 ], [ 112.002345064380378, -7.806882797605855 ], [ 112.002329809126564, -7.806939700674356 ], [ 112.002311274793939, -7.807008884623257 ], [ 112.002268499647712, -7.807168818600891 ], [ 112.002251259059875, -7.807233278360458 ], [ 112.0022282683166, -7.807319240993716 ], [ 112.002200006503315, -7.807424909167854 ], [ 112.002179011261347, -7.807503408240433 ], [ 112.002151380445881, -7.807606717070207 ], [ 112.002129506982897, -7.807688501302565 ], [ 112.002104346283559, -7.807782573669364 ], [ 112.001938498327647, -7.807740396067971 ], [ 112.001934110409394, -7.807711690824379 ], [ 112.001915343650509, -7.807690198107106 ], [ 112.001792991987671, -7.807641477843257 ], [ 112.00174529582749, -7.807602291556337 ] ] ], [ [ [ 112.002827256222034, -7.80683504923271 ], [ 112.002927120094327, -7.806832276399455 ], [ 112.002916969818486, -7.807099508705717 ], [ 112.002826975170507, -7.807093739320888 ], [ 112.002795061333799, -7.807294825337967 ], [ 112.002682249217187, -7.807279538457117 ], [ 112.002736331519827, -7.806838941333095 ], [ 112.002827256222034, -7.80683504923271 ] ] ], [ [ [ 112.004583375496253, -7.807124097264158 ], [ 112.004583724069164, -7.807148155150138 ], [ 112.004113542988492, -7.807171504473973 ], [ 112.004083144240013, -7.806768540445888 ], [ 112.004095211928984, -7.806767652587065 ], [ 112.004165389309591, -7.806762487185219 ], [ 112.004577684847533, -7.806731893414194 ], [ 112.00457807567814, -7.806758837233074 ], [ 112.00457810777371, -7.806759365343338 ], [ 112.004579520170438, -7.80685406926544 ], [ 112.004580837133986, -7.806949063735445 ], [ 112.004582209405456, -7.807043671882405 ], [ 112.004582613208527, -7.807071489348354 ], [ 112.004583375496253, -7.807124097264158 ] ] ], [ [ [ 112.003504855999424, -7.806618279125475 ], [ 112.003505152866325, -7.806742713413525 ], [ 112.003434598973854, -7.806742880819205 ], [ 112.003433234117367, -7.806742886770815 ], [ 112.003423503739484, -7.806618428736126 ], [ 112.00342567310868, -7.806618465192839 ], [ 112.003425930666282, -7.80661846548619 ], [ 112.003504855999424, -7.806618279125475 ] ] ], [ [ [ 112.00407470661051, -7.80673742188943 ], [ 112.00379880729426, -7.806757733692905 ], [ 112.003792767320761, -7.80651714454724 ], [ 112.003806948833912, -7.806516961657339 ], [ 112.003911323241482, -7.806515614129635 ], [ 112.00406534019082, -7.806513625963984 ], [ 112.00407470661051, -7.80673742188943 ] ] ], [ [ [ 112.002642808856933, -7.806441568636327 ], [ 112.00260514772539, -7.806441657917504 ], [ 112.002605211140093, -7.80646826336949 ], [ 112.002448425021996, -7.806465908163916 ], [ 112.002459628042885, -7.806309209995511 ], [ 112.002468493976878, -7.806185226060323 ], [ 112.002468816048406, -7.806180712193573 ], [ 112.002515019329763, -7.806182218895535 ], [ 112.002573280647766, -7.806184118473778 ], [ 112.00269739272737, -7.806188165515708 ], [ 112.002697671315772, -7.806305038849526 ], [ 112.002698951131151, -7.806334034537464 ], [ 112.002642557422035, -7.80633608290858 ], [ 112.002642808856933, -7.806441568636327 ] ] ], [ [ [ 112.002476649811413, -7.806071134649406 ], [ 112.002481032702008, -7.806009821122468 ], [ 112.00248579124883, -7.80594326553588 ], [ 112.002490036351304, -7.805883879674737 ], [ 112.002495533846101, -7.805806979280345 ], [ 112.002499854425025, -7.805746537770912 ], [ 112.002505124601583, -7.805672812462812 ], [ 112.00250648140215, -7.805653824366372 ], [ 112.002751332036269, -7.805659809220308 ], [ 112.002751516846018, -7.805737341903911 ], [ 112.002727524797336, -7.805738355668517 ], [ 112.002727213281375, -7.806010198062842 ], [ 112.002742569553391, -7.806010161656504 ], [ 112.00274160595302, -7.806165942872619 ], [ 112.002729078781798, -7.806166576731262 ], [ 112.002697339705989, -7.80616554133806 ], [ 112.002683299054013, -7.806165083519303 ], [ 112.002645535947764, -7.806163851671264 ], [ 112.002586288767944, -7.806161920071296 ], [ 112.002512554709213, -7.80615951541647 ], [ 112.002470428217634, -7.80615814195099 ], [ 112.002470751193883, -7.806153627177651 ], [ 112.002476649811413, -7.806071134649406 ] ] ], [ [ [ 112.001079973165417, -7.805853104307808 ], [ 112.001114398826303, -7.805753698333732 ], [ 112.001115879576375, -7.805749422302067 ], [ 112.001150717595564, -7.805760417300964 ], [ 112.001152274706428, -7.805760790762597 ], [ 112.001392226883695, -7.805798953135658 ], [ 112.001383944875116, -7.805845308493294 ], [ 112.00136797228572, -7.805916742905031 ], [ 112.001123094937469, -7.805862284408325 ], [ 112.001079973165417, -7.805853104307808 ] ] ], [ [ [ 112.002183175352314, -7.805605773027406 ], [ 112.002418329526975, -7.805607572741735 ], [ 112.002446133425906, -7.805607785412338 ], [ 112.002441323165314, -7.805675097225468 ], [ 112.002438304104928, -7.805717330388157 ], [ 112.002433268218823, -7.80578776663565 ], [ 112.002426759690877, -7.805878815609609 ], [ 112.002421127036911, -7.805957610200384 ], [ 112.002420557432444, -7.805965569626062 ], [ 112.002246408560822, -7.8059610866496 ], [ 112.002246250204763, -7.805894620492987 ], [ 112.002190828672397, -7.805892838042574 ], [ 112.002191332995935, -7.805701398941577 ], [ 112.002175016342633, -7.805701437601988 ], [ 112.002175747799001, -7.805605716462633 ], [ 112.002183175352314, -7.805605773027406 ] ] ], [ [ [ 112.001066160816961, -7.805710014580323 ], [ 112.000720923890839, -7.805597719890208 ], [ 112.000802677859113, -7.805358965861022 ], [ 112.000839118184587, -7.805371432225066 ], [ 112.000839603737305, -7.805371586638146 ], [ 112.001124739467599, -7.805455047378439 ], [ 112.001125224025358, -7.805455164711906 ], [ 112.001179808096097, -7.805467847672449 ], [ 112.001178320143907, -7.805472145427565 ], [ 112.001094491144443, -7.805714212820226 ], [ 112.0010930103942, -7.805718488851849 ], [ 112.001066160816961, -7.805710014580323 ] ] ], [ [ [ 112.003435180407266, -7.804740781387043 ], [ 112.003294997450752, -7.804736570937388 ], [ 112.003278553374358, -7.804716622953053 ], [ 112.003277107980153, -7.804715178389625 ], [ 112.003276320281969, -7.804714579716675 ], [ 112.003223684475657, -7.804678019987749 ], [ 112.003215188941908, -7.804659077868356 ], [ 112.00326348292937, -7.804286553679019 ], [ 112.003264064430255, -7.804282068139003 ], [ 112.003268549673166, -7.804282739441893 ], [ 112.003463670405225, -7.804311924760757 ], [ 112.003435180407266, -7.804740781387043 ] ] ], [ [ [ 112.002594516626914, -7.804331346930869 ], [ 112.002595140410378, -7.804321767543274 ], [ 112.002598899361203, -7.804305364039744 ], [ 112.002600012574234, -7.804300230572477 ], [ 112.002623632754577, -7.804195712977033 ], [ 112.002623761330739, -7.804195247795505 ], [ 112.002628462079997, -7.804174467333991 ], [ 112.002629460920815, -7.804170051350416 ], [ 112.002889416865784, -7.804216068468546 ], [ 112.002881547023335, -7.804357273997167 ], [ 112.002594516626914, -7.804331346930869 ] ] ], [ [ [ 112.002110372109797, -7.803960910911872 ], [ 112.002591728656512, -7.804049238434897 ], [ 112.002569744468033, -7.804146514002121 ], [ 112.002568443197305, -7.804152269258144 ], [ 112.002541932003325, -7.804269410496139 ], [ 112.002541791745358, -7.804269920926827 ], [ 112.002535845353847, -7.804296207793982 ], [ 112.002534846509718, -7.804300622873049 ], [ 112.002056539806262, -7.804215458122852 ], [ 112.002110372109797, -7.803960910911872 ] ] ], [ [ [ 112.001275124247755, -7.804061076164352 ], [ 112.001214672425419, -7.804048992245822 ], [ 112.001213826907204, -7.804048865817754 ], [ 112.001098558847758, -7.804036213386761 ], [ 112.001100849589292, -7.80402094480556 ], [ 112.001130888993131, -7.803820717033825 ], [ 112.001132804786991, -7.8038079473755 ], [ 112.001134092100159, -7.803799366715208 ], [ 112.001171364446506, -7.803806724686553 ], [ 112.001307869745872, -7.803828849585452 ], [ 112.001306464102839, -7.803837246022161 ], [ 112.001275124247755, -7.804061076164352 ] ] ], [ [ [ 112.003413420304724, -7.803768665497032 ], [ 112.003365676531558, -7.803929568186794 ], [ 112.003221525517048, -7.803818556687134 ], [ 112.003042791311287, -7.803791567220855 ], [ 112.003042471269964, -7.803799593886833 ], [ 112.003013169776693, -7.803798430617956 ], [ 112.003016217284298, -7.803787554863788 ], [ 112.003063888232504, -7.803617352122036 ], [ 112.003195146442422, -7.803288820745532 ], [ 112.003415806390947, -7.803475855345155 ], [ 112.003546892986378, -7.803586966513976 ], [ 112.004215596805523, -7.804178358865164 ], [ 112.004230710124361, -7.804192451077559 ], [ 112.004163065941341, -7.804302049382038 ], [ 112.004069110444732, -7.804256675591644 ], [ 112.004081067576422, -7.804225449831907 ], [ 112.003842611128235, -7.804130022317818 ], [ 112.003794747275052, -7.804240529620088 ], [ 112.003693584501619, -7.804199970837823 ], [ 112.003734292590508, -7.804115879908093 ], [ 112.00349338452375, -7.804001259673709 ], [ 112.003550741516861, -7.803835535269957 ], [ 112.003413420304724, -7.803768665497032 ] ] ], [ [ [ 112.002740764259912, -7.803976891718081 ], [ 112.002660291290567, -7.803961829241953 ], [ 112.002722007616896, -7.803688996551045 ], [ 112.002722086648575, -7.803688671673514 ], [ 112.002722169307745, -7.8036883467874 ], [ 112.002869632064346, -7.803144833963017 ], [ 112.002879692416627, -7.803131259049343 ], [ 112.00289192385209, -7.803119589144622 ], [ 112.002905967150582, -7.803110165165638 ], [ 112.002921413963278, -7.803103262122297 ], [ 112.002937813143646, -7.803099081867152 ], [ 112.002954687051755, -7.803097744917007 ], [ 112.002971542439056, -7.803099291331421 ], [ 112.003115747985063, -7.803221522277403 ], [ 112.003067705341181, -7.803358659054379 ], [ 112.003050148909225, -7.803352541511592 ], [ 112.003018354060345, -7.803443300416455 ], [ 112.003032203703285, -7.803448126178294 ], [ 112.002989348475822, -7.803570459613249 ], [ 112.002933235304909, -7.803779088962361 ], [ 112.002932486013279, -7.803788895658957 ], [ 112.002926564317377, -7.803866624611509 ], [ 112.002907630274919, -7.804008124080743 ], [ 112.002906001496584, -7.804020294327686 ], [ 112.00273794954154, -7.803997928185542 ], [ 112.002740764259912, -7.803976891718081 ] ] ], [ [ [ 112.00283196451845, -7.803094917332076 ], [ 112.002838914159241, -7.803106416057584 ], [ 112.00267954409378, -7.803663679101048 ], [ 112.002678355627893, -7.803668058452396 ], [ 112.002463816278095, -7.803627910924769 ], [ 112.002364299749701, -7.803612481988939 ], [ 112.002510347793063, -7.803035665154227 ], [ 112.002651088329714, -7.803052220078945 ], [ 112.002653217084728, -7.803052346176723 ], [ 112.002763061596895, -7.803058483797625 ], [ 112.002776454957797, -7.803059840354946 ], [ 112.002789479542756, -7.803063236370077 ], [ 112.002801824098853, -7.803068591182146 ], [ 112.002813195398645, -7.80307577705713 ], [ 112.002823322783101, -7.803084622794931 ], [ 112.00283196451845, -7.803094917332076 ] ] ], [ [ [ 112.001919411308407, -7.803152378784306 ], [ 112.001919500154798, -7.803151986051392 ], [ 112.001957467623484, -7.802970632130177 ], [ 112.002176971233126, -7.802996451987024 ], [ 112.002164697115163, -7.803051518322484 ], [ 112.002156937450081, -7.803085254747112 ], [ 112.002134977011607, -7.803180732239674 ], [ 112.002126698534511, -7.803216723731905 ], [ 112.002116180590818, -7.803261699706849 ], [ 112.001901039938218, -7.803226771844658 ], [ 112.001919411308407, -7.803152378784306 ] ] ], [ [ [ 112.001083613945809, -7.803137200998524 ], [ 112.001115232817241, -7.802866311797603 ], [ 112.001116577521955, -7.802854789795046 ], [ 112.00132330697231, -7.802883384373462 ], [ 112.001297706937848, -7.80316253848145 ], [ 112.001083613945809, -7.803137200998524 ] ] ], [ [ [ 112.002795518563957, -7.802745485995258 ], [ 112.002801362560717, -7.802763012652674 ], [ 112.00280645669811, -7.802777169373578 ], [ 112.002813223853934, -7.802794675754214 ], [ 112.002822539461164, -7.802817937311175 ], [ 112.002836757363852, -7.802852865243645 ], [ 112.002838991584866, -7.80287403535801 ], [ 112.002837611143107, -7.802895277349472 ], [ 112.002832656303923, -7.802915982441617 ], [ 112.002824268939705, -7.802935556992266 ], [ 112.002812689850089, -7.802953439684245 ], [ 112.002798251541577, -7.802969116013256 ], [ 112.002781366487866, -7.80298213911768 ], [ 112.002762520787982, -7.802992132506932 ], [ 112.002744911073307, -7.802995996360195 ], [ 112.002733146147605, -7.802998307926623 ], [ 112.002727244747831, -7.802999318593623 ], [ 112.002714917040066, -7.803001033665291 ], [ 112.002696345133785, -7.803002999590277 ], [ 112.002677736852675, -7.803004543232031 ], [ 112.002665324329996, -7.803005297999032 ], [ 112.002659118200995, -7.803005540622072 ], [ 112.002652909943606, -7.803005651203348 ], [ 112.002646636910001, -7.80300559914069 ], [ 112.002634087260205, -7.80300513325174 ], [ 112.002615263003761, -7.803003955069396 ], [ 112.00259087709108, -7.803002123500199 ], [ 112.002442696098271, -7.802982352844875 ], [ 112.002481043929194, -7.802719785645801 ], [ 112.00248838957053, -7.802669487378977 ], [ 112.002772655517347, -7.802675228013142 ], [ 112.002776658094945, -7.80268685853641 ], [ 112.002782386991854, -7.802704417122127 ], [ 112.002795518563957, -7.802745485995258 ] ] ], [ [ [ 112.001592925371455, -7.802621332522034 ], [ 112.001706592033969, -7.802646028427255 ], [ 112.001890679539258, -7.802685411015162 ], [ 112.001851622315854, -7.802903477416163 ], [ 112.001547296343716, -7.802862867242686 ], [ 112.001551064141154, -7.802842925593114 ], [ 112.001554580265477, -7.802824312242385 ], [ 112.001592925371455, -7.802621332522034 ] ] ], [ [ [ 112.00316306388288, -7.802634570119223 ], [ 112.003198619399484, -7.802485560654041 ], [ 112.003199290191105, -7.802482390847179 ], [ 112.00336084250246, -7.802516416821257 ], [ 112.003369612184315, -7.802517234432385 ], [ 112.003354421579587, -7.802681800640292 ], [ 112.003346132753691, -7.802771603006202 ], [ 112.003303472674062, -7.803287643174291 ], [ 112.003283024528173, -7.803269494542524 ], [ 112.003218903701921, -7.803212586130559 ], [ 112.003217467720987, -7.803211283539256 ], [ 112.003205218255559, -7.803199790152322 ], [ 112.003193503204216, -7.803188025073428 ], [ 112.003187422476415, -7.80318190655474 ], [ 112.003116769924333, -7.803110381750129 ], [ 112.003108792712808, -7.803102279790194 ], [ 112.003103558203051, -7.803096961492701 ], [ 112.003090598943189, -7.803083306389008 ], [ 112.003082206628363, -7.803074167127473 ], [ 112.0030748362244, -7.803065727280361 ], [ 112.003069965653125, -7.803060144930562 ], [ 112.003034455130773, -7.803019176153647 ], [ 112.003004927449936, -7.802985110267432 ], [ 112.002877258647743, -7.802723436726356 ], [ 112.002839004519657, -7.802645030140027 ], [ 112.002834913796306, -7.802634467053269 ], [ 112.002830013198846, -7.802623130789703 ], [ 112.002822182118564, -7.802606320627917 ], [ 112.002749165592505, -7.802456050847315 ], [ 112.002738577969254, -7.802433686782077 ], [ 112.002730911965358, -7.802416502696948 ], [ 112.002718592512778, -7.802387418300559 ], [ 112.002697130287885, -7.802336046002663 ], [ 112.002655371494967, -7.802236090613596 ], [ 112.0026372566318, -7.802192731765566 ], [ 112.002888107453245, -7.8021699923621 ], [ 112.003020298171535, -7.802163946774301 ], [ 112.00306519386514, -7.802161893118143 ], [ 112.003066888387423, -7.802226396634091 ], [ 112.00298817509028, -7.802228451763706 ], [ 112.002990023284227, -7.802298839135647 ], [ 112.003096293188051, -7.802296063874072 ], [ 112.003100668873941, -7.802462712729979 ], [ 112.002999675745812, -7.802465350678804 ], [ 112.003012120022845, -7.802509129939531 ], [ 112.003112853871386, -7.802480652145399 ], [ 112.003132036573263, -7.802548138612645 ], [ 112.00305240977039, -7.802570649601139 ], [ 112.003080324928519, -7.802615345452917 ], [ 112.003116271284327, -7.802681662547489 ], [ 112.003149328295294, -7.802661983381948 ], [ 112.00316306388288, -7.802634570119223 ] ] ], [ [ [ 112.003446505558557, -7.802029512168801 ], [ 112.003453854643936, -7.801949897715207 ], [ 112.003486154789798, -7.801953610680754 ], [ 112.003487093610659, -7.801953694375278 ], [ 112.003519934437776, -7.801957482932496 ], [ 112.003547058532249, -7.801960612148887 ], [ 112.003587838521895, -7.801965299868766 ], [ 112.003564183998023, -7.802253058580925 ], [ 112.00342640409157, -7.802247278613474 ], [ 112.003446505558557, -7.802029512168801 ] ] ], [ [ [ 112.002498444987935, -7.801845935099638 ], [ 112.002501082756496, -7.801843885744048 ], [ 112.002504881573387, -7.80184269917719 ], [ 112.002509531384064, -7.801842036067931 ], [ 112.002510737717913, -7.80184211279994 ], [ 112.002831767705331, -7.801876261327504 ], [ 112.002829341344921, -7.80201195051289 ], [ 112.002558401708981, -7.802003988664484 ], [ 112.002550514939387, -7.801985109291222 ], [ 112.002533233750256, -7.801944129823829 ], [ 112.002510424305868, -7.801891002490097 ], [ 112.002505524720888, -7.801879321630116 ], [ 112.002503236643165, -7.801873602914974 ], [ 112.002501142070344, -7.801868026641301 ], [ 112.002499335491962, -7.801862665844073 ], [ 112.002497950451342, -7.801857617885291 ], [ 112.00249716592387, -7.801853017101045 ], [ 112.002497224476144, -7.801849043802616 ], [ 112.002498444987935, -7.801845935099638 ] ] ], [ [ [ 112.003609376681439, -7.801935529238047 ], [ 112.00360363183789, -7.801934870871657 ], [ 112.003565707943295, -7.801930700044262 ], [ 112.00354949074466, -7.801929026418729 ], [ 112.003525894527485, -7.801926323866661 ], [ 112.00348998857983, -7.801922210652471 ], [ 112.003489068693469, -7.801922080787154 ], [ 112.003456826607334, -7.801918374919288 ], [ 112.003484018616575, -7.80162400819196 ], [ 112.003494330315561, -7.801512375336796 ], [ 112.003536837946285, -7.8015174768169 ], [ 112.003671613417893, -7.801533651275432 ], [ 112.00367088682124, -7.801551067786911 ], [ 112.003682827071927, -7.801551563133016 ], [ 112.003745982969974, -7.80155418270426 ], [ 112.00374555977379, -7.801542526517626 ], [ 112.003748695753075, -7.801542902557638 ], [ 112.003825046289037, -7.801562822401147 ], [ 112.003875054850965, -7.801403331566015 ], [ 112.004040739791577, -7.801454626645826 ], [ 112.003953377238787, -7.801744660997729 ], [ 112.004127921061155, -7.801790393569486 ], [ 112.004093756268134, -7.80199114759476 ], [ 112.004046554704942, -7.80198571996264 ], [ 112.00397932372907, -7.801977989234194 ], [ 112.003895869653746, -7.801968392253401 ], [ 112.003886317584289, -7.801967294325982 ], [ 112.003876139594027, -7.801966123720005 ], [ 112.003828080794634, -7.801960596800364 ], [ 112.003817458312668, -7.801959375694841 ], [ 112.003756668014404, -7.801952409269846 ], [ 112.003741714910817, -7.801950695571828 ], [ 112.003705789906135, -7.801946577899549 ], [ 112.003609855645308, -7.801935584176729 ], [ 112.003609376681439, -7.801935529238047 ] ] ], [ [ [ 112.002484702768086, -7.801804704857753 ], [ 112.00248004012559, -7.801801884133797 ], [ 112.002475982151353, -7.801798209100183 ], [ 112.002472440365864, -7.80179384547712 ], [ 112.002469271028275, -7.80178898353538 ], [ 112.002466367465559, -7.801783765523115 ], [ 112.002463651033722, -7.801778298349388 ], [ 112.002458558076128, -7.801766910077348 ], [ 112.002453692925499, -7.80175521647273 ], [ 112.002439351503895, -7.801719797704284 ], [ 112.00242730073019, -7.801690415099616 ], [ 112.002390798571298, -7.801602734796409 ], [ 112.00234598268716, -7.80149547518625 ], [ 112.002301386643239, -7.801388743234256 ], [ 112.002265185377283, -7.801302100485252 ], [ 112.002593180531065, -7.801282497870936 ], [ 112.002714474694912, -7.80128020085949 ], [ 112.002715594308938, -7.801339047636716 ], [ 112.002640121769119, -7.80134047637274 ], [ 112.002640321504742, -7.801408717832965 ], [ 112.002657428499077, -7.801489648179036 ], [ 112.00272560115279, -7.801470905147498 ], [ 112.002740995705594, -7.801526596913415 ], [ 112.002777369533831, -7.801526127247105 ], [ 112.002772414442731, -7.801653308127656 ], [ 112.002806022927146, -7.801655767222369 ], [ 112.002795395663625, -7.801800224391215 ], [ 112.002792064721419, -7.801840203552015 ], [ 112.002496823906682, -7.801808798533902 ], [ 112.002495409592612, -7.801808593865538 ], [ 112.002489876175275, -7.801806844240485 ], [ 112.002484702768086, -7.801804704857753 ] ] ], [ [ [ 112.001896581500944, -7.801741003143679 ], [ 112.001896974452563, -7.801382987262443 ], [ 112.001897270665566, -7.801114999461303 ], [ 112.001943036751896, -7.801114038237071 ], [ 112.002002379004367, -7.80110896498206 ], [ 112.001999403366611, -7.801071940145988 ], [ 112.002019308242936, -7.801062708533827 ], [ 112.002083170355846, -7.801057629089294 ], [ 112.002251203395048, -7.801457231550351 ], [ 112.002392138323927, -7.801792492740744 ], [ 112.001896581500944, -7.801741003143679 ] ] ], [ [ [ 112.003901343800393, -7.801329325774314 ], [ 112.003915710287657, -7.801225019130117 ], [ 112.003924660425923, -7.801149795502586 ], [ 112.004049580308745, -7.801177960641461 ], [ 112.004039781013404, -7.801242015676884 ], [ 112.004032009445865, -7.801298445180122 ], [ 112.004101552602975, -7.801307972051121 ], [ 112.004094958627263, -7.801355848285875 ], [ 112.004025415464284, -7.801346322319205 ], [ 112.003901343800393, -7.801329325774314 ] ] ], [ [ [ 112.002153183293743, -7.801034042193782 ], [ 112.002093200646627, -7.800890482982561 ], [ 112.00207103981387, -7.800837764683956 ], [ 112.002045796428064, -7.80077853635999 ], [ 112.002040974710425, -7.800766791091946 ], [ 112.002039001061561, -7.800761720104239 ], [ 112.002037175512967, -7.800756766341781 ], [ 112.002035551697134, -7.800751983038936 ], [ 112.002034205965842, -7.800747443273769 ], [ 112.002034098755075, -7.800746978650638 ], [ 112.002226662442183, -7.80078539961586 ], [ 112.002482830360478, -7.80083651093135 ], [ 112.002560242003483, -7.800851955204391 ], [ 112.002541922440699, -7.801014285854003 ], [ 112.002670385322176, -7.801028705641403 ], [ 112.002687467675031, -7.800877341420359 ], [ 112.002740558895894, -7.800887934032268 ], [ 112.002975645538825, -7.800937114279792 ], [ 112.002988476528131, -7.800939977142483 ], [ 112.002938963876204, -7.801169189215437 ], [ 112.002927368356168, -7.801196143373357 ], [ 112.002912015395609, -7.801216145945065 ], [ 112.002696350293803, -7.801192082709806 ], [ 112.002586466251557, -7.801197699072378 ], [ 112.002233580085118, -7.801226458279803 ], [ 112.002188014566542, -7.801117405123107 ], [ 112.002153183293743, -7.801034042193782 ] ] ], [ [ [ 112.001876299254178, -7.801086493542031 ], [ 112.001738379376235, -7.80109492099528 ], [ 112.001734976450066, -7.800972843669087 ], [ 112.001671390997615, -7.80097299416631 ], [ 112.001687622302242, -7.800655908729138 ], [ 112.00193686444787, -7.800695276482835 ], [ 112.001955489153573, -7.800752490039939 ], [ 112.001978279170984, -7.800808185145229 ], [ 112.002053131338229, -7.800986194180055 ], [ 112.001869286853179, -7.80107146042872 ], [ 112.001876299254178, -7.801086493542031 ] ] ], [ [ [ 112.003658948941748, -7.800268258813317 ], [ 112.00371961222487, -7.800273404968172 ], [ 112.003774701621808, -7.800278077749885 ], [ 112.003828532924928, -7.800282643167652 ], [ 112.003881590507234, -7.800287143485716 ], [ 112.003909854505238, -7.800289541018476 ], [ 112.003879964927506, -7.800523113875661 ], [ 112.003782363172377, -7.801084835940427 ], [ 112.003694545554652, -7.801065044569092 ], [ 112.003651392534209, -7.801055488505973 ], [ 112.00363079135596, -7.801051083950173 ], [ 112.00357128178571, -7.801037685759761 ], [ 112.003570552217468, -7.801037502081731 ], [ 112.003538857913512, -7.801030355367418 ], [ 112.003609228372923, -7.80026858020759 ], [ 112.003609643869339, -7.80026407697244 ], [ 112.003617409212779, -7.800264735977297 ], [ 112.003629667225297, -7.800265775947 ], [ 112.003658948941748, -7.800268258813317 ] ] ], [ [ [ 112.002450807450444, -7.800402697451191 ], [ 112.002445151374147, -7.800445781602346 ], [ 112.002394045808032, -7.800786514515828 ], [ 112.002021429332032, -7.800712169102625 ], [ 112.002001156247317, -7.800640617002457 ], [ 112.001987943884544, -7.800567441012813 ], [ 112.001981915403846, -7.800493330923184 ], [ 112.001983129602877, -7.800418987528323 ], [ 112.001991573638335, -7.800345112696644 ], [ 112.001994050181608, -7.800329813828521 ], [ 112.002072692716212, -7.800342362019826 ], [ 112.002304066087575, -7.800379281985895 ], [ 112.00234138466864, -7.800385237010358 ], [ 112.002450807450444, -7.800402697451191 ] ] ], [ [ [ 112.003611724071959, -7.800241560790322 ], [ 112.003612139570521, -7.800237058459608 ], [ 112.00368058269359, -7.799496145815835 ], [ 112.003680999968779, -7.799491628105544 ], [ 112.004052449118234, -7.799556430484961 ], [ 112.004052885486644, -7.79955649818652 ], [ 112.004138765922931, -7.799568016779848 ], [ 112.004106834398144, -7.799918788630114 ], [ 112.004203311537395, -7.799927174443685 ], [ 112.004194528462648, -7.800042000826991 ], [ 112.00417560440053, -7.80028938996039 ], [ 112.003611724071959, -7.800241560790322 ] ] ], [ [ [ 112.003650555536254, -7.799476145007887 ], [ 112.003650229313976, -7.799479674865247 ], [ 112.003590074215211, -7.800130865638686 ], [ 112.003335105406691, -7.800099088816753 ], [ 112.003306678172805, -7.800095545718265 ], [ 112.003419685954086, -7.799444929676953 ], [ 112.00365064570849, -7.799475168010219 ], [ 112.003650555536254, -7.799476145007887 ] ] ], [ [ [ 112.002386980841749, -7.799985784377355 ], [ 112.002055043226875, -7.799940475158623 ], [ 112.002096492837509, -7.79966573784606 ], [ 112.002158799893166, -7.799279854602509 ], [ 112.002560953846242, -7.799332505182692 ], [ 112.002535633243568, -7.799548173979496 ], [ 112.002456913166967, -7.79954070350964 ], [ 112.002389332697845, -7.799970304918059 ], [ 112.002386980841749, -7.799985784377355 ] ] ], [ [ [ 112.001193764366946, -7.798808980984901 ], [ 112.001151119375919, -7.799075905928481 ], [ 112.000879775710203, -7.79902998568655 ], [ 112.000902335494672, -7.798852743606852 ], [ 112.000957537254052, -7.798858595894123 ], [ 112.000970526378794, -7.798771221639757 ], [ 112.001193764366946, -7.798808980984901 ] ] ], [ [ [ 112.002143556851195, -7.798914721683249 ], [ 112.002132852829135, -7.798982847882719 ], [ 112.002119424986631, -7.799068302172089 ], [ 112.002110755154575, -7.799124647878354 ], [ 112.00210246656313, -7.799181523582451 ], [ 112.002100522946236, -7.79919402016963 ], [ 112.002099452872912, -7.799200133031344 ], [ 112.002098267243952, -7.799206085178088 ], [ 112.002096906921224, -7.799211796255577 ], [ 112.00209529364912, -7.799217155204192 ], [ 112.002093317339074, -7.799222012149187 ], [ 112.002090834225598, -7.799226165742994 ], [ 112.002087651417284, -7.79922934963538 ], [ 112.002083602448877, -7.79923135077494 ], [ 112.002078850145239, -7.799232376795099 ], [ 112.002076556992009, -7.799232516983563 ], [ 112.001913997662612, -7.799205007336359 ], [ 112.001864852454901, -7.799196690746415 ], [ 112.001871099553014, -7.799146992908829 ], [ 112.001889998099713, -7.799149355773713 ], [ 112.001930160839748, -7.798862756292444 ], [ 112.001757320282664, -7.798828706545448 ], [ 112.001782684096639, -7.798597485062699 ], [ 112.001884927306079, -7.798608729369745 ], [ 112.001946039363432, -7.798275482266293 ], [ 112.001868260537094, -7.798259872270998 ], [ 112.001881012900455, -7.79817369513334 ], [ 112.002035694829956, -7.798195151145911 ], [ 112.002057974329986, -7.798111460347124 ], [ 112.002027693449662, -7.798104430431817 ], [ 112.00203418075904, -7.79806727104262 ], [ 112.002032731008171, -7.798067032086601 ], [ 112.002041086535101, -7.798016559588446 ], [ 112.002042978104498, -7.798016870757595 ], [ 112.002081811544443, -7.797794418403295 ], [ 112.002268801005087, -7.797817168995852 ], [ 112.002274941810001, -7.797818088735106 ], [ 112.002280935736948, -7.797819023292858 ], [ 112.002286690683746, -7.797820140206635 ], [ 112.002292097119749, -7.797821523847784 ], [ 112.002297007490412, -7.797823285810483 ], [ 112.002301222651013, -7.797825580319273 ], [ 112.00230447917906, -7.797828607876813 ], [ 112.002306558864092, -7.797832513708496 ], [ 112.002307686256032, -7.797837148956213 ], [ 112.002308122054572, -7.797842312219425 ], [ 112.002308062694638, -7.797847853802087 ], [ 112.002307655728572, -7.797853661205628 ], [ 112.002307009782342, -7.797859650965347 ], [ 112.002306204518149, -7.797865763200265 ], [ 112.002304323325177, -7.797878193616452 ], [ 112.002296185720866, -7.797928386131118 ], [ 112.002289424575409, -7.797972029123374 ], [ 112.00228373236753, -7.798009845960802 ], [ 112.002273544234669, -7.798077528673425 ], [ 112.002268509099423, -7.798110982794198 ], [ 112.002262286596817, -7.798152324545955 ], [ 112.002245448327244, -7.798264190836916 ], [ 112.002238010772189, -7.798313601171096 ], [ 112.002221274023242, -7.798420115709657 ], [ 112.002207285192057, -7.798509143825807 ], [ 112.002197445928005, -7.79857176271348 ], [ 112.002185427798807, -7.798648247147749 ], [ 112.0021767168206, -7.798703684904005 ], [ 112.002164042975167, -7.798784343025686 ], [ 112.002143556851195, -7.798914721683249 ] ] ], [ [ [ 112.004021679588519, -7.797665381316576 ], [ 112.004018150284494, -7.797795567837328 ], [ 112.004101661405983, -7.797800156033221 ], [ 112.004096981434941, -7.798004178377202 ], [ 112.003820738854813, -7.797975880833845 ], [ 112.003821154347662, -7.797971376694175 ], [ 112.003850146103616, -7.797656749178917 ], [ 112.004021679588519, -7.797665381316576 ] ] ], [ [ [ 112.000731995977915, -7.796444924127554 ], [ 112.000755410712259, -7.796448474756807 ], [ 112.00110508225751, -7.796501496214565 ], [ 112.001071128317434, -7.796709504107444 ], [ 112.000679559005093, -7.796647235272263 ], [ 112.000731995977915, -7.796444924127554 ] ] ], [ [ [ 112.002409381483758, -7.796552953245979 ], [ 112.002416097865691, -7.796570526700492 ], [ 112.002422649397019, -7.796588183752613 ], [ 112.002426830624358, -7.796599850045151 ], [ 112.002430584857336, -7.796611194466952 ], [ 112.002432148527802, -7.796616624580403 ], [ 112.002433369675515, -7.796621788697859 ], [ 112.002434103842134, -7.796626575011991 ], [ 112.002434157503913, -7.796630832036687 ], [ 112.00243327263567, -7.796634360503779 ], [ 112.002432450534201, -7.796635683822073 ], [ 112.00242963882522, -7.796637795991077 ], [ 112.002425718632381, -7.796639024442848 ], [ 112.002420996145744, -7.796639610839687 ], [ 112.002419540704039, -7.796639645940145 ], [ 112.002185253117787, -7.796614616883382 ], [ 112.001999468175526, -7.79659477017351 ], [ 112.001950284554297, -7.796375754901554 ], [ 112.002283033194999, -7.79627909426585 ], [ 112.002302353840975, -7.796320553733411 ], [ 112.002354081894467, -7.796431555893256 ], [ 112.002368482149464, -7.796462456929551 ], [ 112.0023944979541, -7.796518280978598 ], [ 112.002402237475948, -7.796535554454104 ], [ 112.002404716198782, -7.796541374924227 ], [ 112.002409381483758, -7.796552953245979 ] ] ], [ [ [ 112.00096695822441, -7.796327631257853 ], [ 112.001115326174514, -7.79635533414831 ], [ 112.001094203284893, -7.796467849993267 ], [ 112.000763417726546, -7.796417670832128 ], [ 112.000740203483971, -7.796414150479936 ], [ 112.000735691091123, -7.796413466541167 ], [ 112.000770719395049, -7.796285044182309 ], [ 112.000912026033589, -7.796311429800489 ], [ 112.000901062910245, -7.796369824935206 ], [ 112.000957074237945, -7.796380283422846 ], [ 112.00096695822441, -7.796327631257853 ] ] ], [ [ [ 112.00239414844188, -7.796345892028932 ], [ 112.002353254731773, -7.796258127976885 ], [ 112.002767396558667, -7.796198108131565 ], [ 112.002820282709919, -7.796355549952084 ], [ 112.002790741631699, -7.796355619907951 ], [ 112.002684301247669, -7.796355871951033 ], [ 112.002599122276109, -7.796356073629366 ], [ 112.00253091344031, -7.796356235115141 ], [ 112.002398995932197, -7.796356296874201 ], [ 112.00239414844188, -7.796345892028932 ] ] ], [ [ [ 112.004015232104493, -7.795908390335948 ], [ 112.004202303468801, -7.795916403199316 ], [ 112.004235222303123, -7.796011689088486 ], [ 112.004315832236529, -7.796252185597132 ], [ 112.003981974844663, -7.796253971217939 ], [ 112.004015232104493, -7.795908390335948 ] ] ], [ [ [ 112.001961095580853, -7.796225274664315 ], [ 112.001953452894952, -7.796038640082824 ], [ 112.001916028952948, -7.796041600191112 ], [ 112.001901431008335, -7.795956923995065 ], [ 112.0017546725974, -7.795993165295129 ], [ 112.001730006963399, -7.795912819799875 ], [ 112.001701220897033, -7.795915759455686 ], [ 112.001635873089242, -7.795679009386053 ], [ 112.001371074152743, -7.795719837511106 ], [ 112.001346447721716, -7.795523185772929 ], [ 112.001355518400743, -7.795522504092053 ], [ 112.001431124004043, -7.795516818246338 ], [ 112.00143201974295, -7.795516714832077 ], [ 112.00179635563461, -7.795459987421832 ], [ 112.001853574075056, -7.795451079098823 ], [ 112.001892203182649, -7.795445064604182 ], [ 112.00189417489085, -7.795449334276603 ], [ 112.001921241764791, -7.795513227925333 ], [ 112.001963479573703, -7.795612936384099 ], [ 112.001973454954609, -7.795636125886536 ], [ 112.001979384813154, -7.795649407883968 ], [ 112.001987443208463, -7.795666552188332 ], [ 112.001995693654905, -7.795683610117211 ], [ 112.002036419856623, -7.795766969139745 ], [ 112.002065414846626, -7.795826317067542 ], [ 112.002089435939951, -7.79587548383491 ], [ 112.002120017527801, -7.795938078524109 ], [ 112.002137856335139, -7.795974590660236 ], [ 112.00218979348648, -7.796080895652637 ], [ 112.002209077488288, -7.796120683827153 ], [ 112.002225066713663, -7.796154701394493 ], [ 112.00225283443099, -7.796214288262549 ], [ 112.002256488732854, -7.796222132779493 ], [ 112.001961095580853, -7.796225274664315 ] ] ], [ [ [ 112.004920905694064, -7.807854645423147 ], [ 112.004863068179233, -7.807859781647963 ], [ 112.004833138905241, -7.807862440340548 ], [ 112.00477259035199, -7.807867817242541 ], [ 112.004704992199933, -7.807873820470939 ], [ 112.004666846401364, -7.807877208650991 ], [ 112.004666781155109, -7.807872673999619 ], [ 112.004665585756456, -7.807790245382761 ], [ 112.004663957112427, -7.807677928229011 ], [ 112.004661465420838, -7.807506135167662 ], [ 112.004660723944468, -7.807455033078901 ], [ 112.004656056427805, -7.807133184148914 ], [ 112.004654621258879, -7.80703427288131 ], [ 112.004653393205359, -7.806949552515358 ], [ 112.004650560695808, -7.80675427133308 ], [ 112.004647522980179, -7.806544830896716 ], [ 112.004644934559849, -7.806365922007504 ], [ 112.004645352260781, -7.806361967756382 ], [ 112.004646357222214, -7.806356705210432 ], [ 112.004647935758356, -7.806351998430237 ], [ 112.004650309656654, -7.806348059429784 ], [ 112.00465099886442, -7.806347288123613 ], [ 112.004654572874315, -7.806344612472894 ], [ 112.004655938171098, -7.806344032204079 ], [ 112.004837760641038, -7.806340687094498 ], [ 112.00509944394787, -7.806340065293108 ], [ 112.005099842057135, -7.806340058920452 ], [ 112.00539249244126, -7.806332037471437 ], [ 112.005482779054617, -7.806328382389234 ], [ 112.005468427760093, -7.806587228734732 ], [ 112.005450609299757, -7.806908620949438 ], [ 112.005448272343301, -7.806950774692095 ], [ 112.005400775021116, -7.807807487411732 ], [ 112.005405339349792, -7.807807082228585 ], [ 112.00540508635126, -7.80781164476838 ], [ 112.005400522929421, -7.807812049949391 ], [ 112.00531753629383, -7.807819420275853 ], [ 112.005284692892033, -7.807822336454577 ], [ 112.005261711670769, -7.807824378118206 ], [ 112.00511858994517, -7.807837089112906 ], [ 112.005097355023523, -7.807838974672867 ], [ 112.004997411258429, -7.80784785041769 ], [ 112.004943058198592, -7.807852678101425 ], [ 112.004920905694064, -7.807854645423147 ] ] ], [ [ [ 112.006513249369291, -7.80651758242253 ], [ 112.006228224667439, -7.806548207179504 ], [ 112.006218913221076, -7.806298576310774 ], [ 112.006468035096248, -7.806288488860467 ], [ 112.006474867842954, -7.8062882121252 ], [ 112.006480717135972, -7.806327192638426 ], [ 112.006513249369291, -7.80651758242253 ] ] ], [ [ [ 112.006004391650492, -7.804994145370505 ], [ 112.005972594929588, -7.804741762392428 ], [ 112.00623800621527, -7.80470926722184 ], [ 112.006273836293971, -7.804948118454545 ], [ 112.006004391650492, -7.804994145370505 ] ] ], [ [ [ 112.004413408691249, -7.804273082236646 ], [ 112.004394508905108, -7.804256241417423 ], [ 112.004299880921664, -7.804172292661029 ], [ 112.004266520294593, -7.804142674924896 ], [ 112.004366898781271, -7.803935199359503 ], [ 112.004393136005135, -7.803943619711569 ], [ 112.004407110743614, -7.803885723872815 ], [ 112.004531278152982, -7.803915532990129 ], [ 112.00458070084602, -7.803927397513923 ], [ 112.004584970429505, -7.80392852514743 ], [ 112.004611029861721, -7.803935407473824 ], [ 112.004609343716609, -7.803963032741122 ], [ 112.004607942912955, -7.803974187677723 ], [ 112.004568385344783, -7.804289392833621 ], [ 112.004542008497864, -7.804377100974144 ], [ 112.004520273145147, -7.804403298725394 ], [ 112.00451335751093, -7.804394297084501 ], [ 112.004499815538196, -7.804376672975536 ], [ 112.004436951723562, -7.804294858353118 ], [ 112.00443589115342, -7.804293542213593 ], [ 112.004432278357555, -7.804289841727721 ], [ 112.004413791314676, -7.804273427724553 ], [ 112.004413408691249, -7.804273082236646 ] ] ], [ [ [ 112.006136276859323, -7.804180071144525 ], [ 112.005883029795996, -7.804212889111494 ], [ 112.005821879591451, -7.803944719442325 ], [ 112.006049495345295, -7.803936599120076 ], [ 112.006056567529555, -7.803936346246461 ], [ 112.006058030146747, -7.803940819690241 ], [ 112.006136276859323, -7.804180071144525 ] ] ], [ [ [ 112.004678789007343, -7.802917199512493 ], [ 112.004654166718765, -7.803248263644257 ], [ 112.004411387366844, -7.803239346261288 ], [ 112.004414521150366, -7.802943567881209 ], [ 112.004498031008623, -7.802947198082223 ], [ 112.004500823523145, -7.802910818026475 ], [ 112.004678789007343, -7.802917199512493 ] ] ], [ [ [ 112.005175694981077, -7.801137745541698 ], [ 112.005174788172368, -7.801103595551233 ], [ 112.005229971858455, -7.801102138588289 ], [ 112.005259806574415, -7.801103377336316 ], [ 112.005287873927998, -7.801272892911245 ], [ 112.005287987803769, -7.801273488659444 ], [ 112.005291555720177, -7.801290303467701 ], [ 112.005234982245895, -7.801290822232236 ], [ 112.005179798537426, -7.801292280103371 ], [ 112.005179056157317, -7.801264325965841 ], [ 112.005048496459622, -7.801267736427503 ], [ 112.005044588541907, -7.801138525407278 ], [ 112.005071941772087, -7.80114117011748 ], [ 112.005073164237118, -7.801141167214294 ], [ 112.005169118671489, -7.801140939324668 ], [ 112.005175694981077, -7.801137745541698 ] ] ], [ [ [ 112.004596795359774, -7.799755922246044 ], [ 112.004596689042216, -7.799739870688339 ], [ 112.004597893625203, -7.799653323900425 ], [ 112.004597640471744, -7.799627803317048 ], [ 112.004981768172655, -7.799641432002967 ], [ 112.004988747167388, -7.799641679526673 ], [ 112.004989642248788, -7.799646236628791 ], [ 112.005015975962451, -7.799780287378196 ], [ 112.005016508426436, -7.799783000305744 ], [ 112.004603670535246, -7.799756366283418 ], [ 112.004596795359774, -7.799755922246044 ] ] ] ] } },
{ "type": "Feature", "properties": { "OBJECTID": 2, "Name": "Halte Ahmad Dahlan", "REMARK": "Halte", "type": "lines", "start": "610536.0432, 9137432.3223", "NAMZON": "AREA PUBLIK", "LUAS": 55471.734 }, "geometry": { "type": "MultiPolygon", "coordinates": [ [ [ [ 111.996097624270817, -7.802549833824809 ], [ 111.99623611672439, -7.802446078686048 ], [ 111.996266882577231, -7.802465159166767 ], [ 111.996267224047401, -7.802465362764267 ], [ 111.996268168350724, -7.802465846220611 ], [ 111.996346757266949, -7.80250155805937 ], [ 111.996348135396659, -7.802502183394115 ], [ 111.996312207193725, -7.802614342407993 ], [ 111.996171729133721, -7.802568009921279 ], [ 111.996150521782866, -7.802620060133062 ], [ 111.996097624270817, -7.802549833824809 ] ] ], [ [ [ 111.996500022191142, -7.802248366953588 ], [ 111.99652155574222, -7.802259240913751 ], [ 111.996415791232906, -7.802492438920328 ], [ 111.996409438131479, -7.802493043569775 ], [ 111.996386543453696, -7.802494788767798 ], [ 111.996278234829205, -7.802445572301725 ], [ 111.996255561901265, -7.802431510830739 ], [ 111.996500022191142, -7.802248366953588 ] ] ], [ [ [ 111.997934286322007, -7.800827773087801 ], [ 111.998997911661959, -7.800958909661985 ], [ 111.998924362075186, -7.801194959324195 ], [ 111.998833721677343, -7.801166869098118 ], [ 111.998769996228987, -7.801371389183155 ], [ 111.998720555639238, -7.801365195648567 ], [ 111.998699548762531, -7.801362563585341 ], [ 111.998330644391586, -7.801316350224283 ], [ 111.998330173522334, -7.801320090252162 ], [ 111.998330079163239, -7.801320836630182 ], [ 111.998327253934633, -7.801343271370932 ], [ 111.998327159575538, -7.801344017748983 ], [ 111.998326688706229, -7.801347757776863 ], [ 111.998261180679151, -7.801351788694641 ], [ 111.998198736626122, -7.801343042715926 ], [ 111.998111282299462, -7.801316568271735 ], [ 111.998059577340598, -7.801323805370829 ], [ 111.997977586546014, -7.801345343295382 ], [ 111.997883108970299, -7.801366910648303 ], [ 111.997868871870864, -7.801355470913408 ], [ 111.997934286322007, -7.800827773087801 ] ] ], [ [ [ 111.998779029232551, -7.80049391936802 ], [ 111.998334680464282, -7.800403829384141 ], [ 111.998451841254251, -7.799829076100588 ], [ 111.998475036125186, -7.799858490347858 ], [ 111.998716996477896, -7.799970139485068 ], [ 111.998867870182252, -7.800039757470842 ], [ 111.998869746312678, -7.800039673453504 ], [ 111.998871599589705, -7.800039895187662 ], [ 111.998869323304049, -7.800050969887431 ], [ 111.998867045204534, -7.800062044591456 ], [ 111.998896599271319, -7.800068088798248 ], [ 111.99885602223533, -7.800260470151718 ], [ 111.998897765752858, -7.800269226920014 ], [ 111.998878633629928, -7.800359928591261 ], [ 111.999157606853856, -7.800446383981174 ], [ 111.999121181055955, -7.800563289013104 ], [ 111.998779029232551, -7.80049391936802 ] ] ], [ [ [ 112.000084540615177, -7.79707767669331 ], [ 112.000101989264579, -7.797011203162393 ], [ 112.000332115351014, -7.797057283858045 ], [ 112.000213638788424, -7.79753448079687 ], [ 112.000002170306303, -7.797507166346166 ], [ 112.000028158273096, -7.797342838672187 ], [ 111.999913514104307, -7.797324804654814 ], [ 111.999943140868893, -7.797182033631671 ], [ 111.999955798572984, -7.797101273361107 ], [ 111.999959770324324, -7.797101892560724 ], [ 111.999967914600788, -7.797062639291299 ], [ 112.000084540615177, -7.79707767669331 ] ] ], [ [ [ 112.005095791423926, -7.808686015796267 ], [ 112.005102348664323, -7.809138181556155 ], [ 112.004685196560217, -7.809144198039391 ], [ 112.004683099784586, -7.808997808028058 ], [ 112.004680972918095, -7.808851208786288 ], [ 112.004678218548136, -7.808661361247191 ], [ 112.005095340311399, -7.80865490868302 ], [ 112.005095791423926, -7.808686015796267 ] ] ], [ [ [ 112.004166640379893, -7.807198807197437 ], [ 112.00389770183375, -7.80721806736409 ], [ 112.003898259186627, -7.807231318278983 ], [ 112.00359995820142, -7.807243797635149 ], [ 112.003600106938521, -7.807248513337731 ], [ 112.003597116686251, -7.807248607078477 ], [ 112.00359719091341, -7.807251589800248 ], [ 112.003354773249711, -7.807257590523354 ], [ 112.003345380308744, -7.807258320438392 ], [ 112.003324512507234, -7.806820865036594 ], [ 112.003427232060019, -7.806814249626695 ], [ 112.003707223349195, -7.806796216553283 ], [ 112.003812970007473, -7.806788430770983 ], [ 112.004083144240013, -7.806768540445888 ], [ 112.004113542988492, -7.807171504473973 ], [ 112.004583724069164, -7.807148155150138 ], [ 112.004584245170037, -7.807184075116045 ], [ 112.004585508619741, -7.807271088126185 ], [ 112.004168068873554, -7.807291818439163 ], [ 112.004166640379893, -7.807198807197437 ] ] ], [ [ [ 112.001555470934676, -7.80963761459369 ], [ 112.001780163450661, -7.808809275222563 ], [ 112.00179332128171, -7.808782874497138 ], [ 112.001812211780631, -7.808755027571971 ], [ 112.001825128695842, -7.808742085329286 ], [ 112.001827714430704, -7.808739494342748 ], [ 112.001832246078209, -7.808739448332488 ], [ 112.001836725074838, -7.808740142270355 ], [ 112.001841029849899, -7.808741556546932 ], [ 112.001845045137799, -7.808743653449341 ], [ 112.001848662882878, -7.808746376254531 ], [ 112.001851784968537, -7.80874965284062 ], [ 112.001854328654488, -7.808753393865145 ], [ 112.001856225684719, -7.8087574990982 ], [ 112.001857423196725, -7.808761858324595 ], [ 112.00185789098299, -7.808766354040119 ], [ 112.00162234011394, -7.809654971111942 ], [ 112.001555470934676, -7.80963761459369 ] ] ], [ [ [ 112.005440658390839, -7.803494505910773 ], [ 112.005369500346831, -7.803284159703449 ], [ 112.005503192073476, -7.803278171311933 ], [ 112.005504624754067, -7.803309971242965 ], [ 112.005573635686105, -7.803306879594841 ], [ 112.005572830276989, -7.803289001855621 ], [ 112.005831720308791, -7.803277404902984 ], [ 112.005850875077329, -7.803332248242442 ], [ 112.005978601402234, -7.803697958730098 ], [ 112.006047790022109, -7.80390950920565 ], [ 112.006049252639073, -7.803913982649487 ], [ 112.006042181359888, -7.803914234616336 ], [ 112.004641070280542, -7.803964220889241 ], [ 112.004641347843119, -7.80395968632733 ], [ 112.004658156415701, -7.803684464829825 ], [ 112.005154980980606, -7.803660945365377 ], [ 112.005152258832638, -7.803504794700764 ], [ 112.005440658390839, -7.803494505910773 ] ] ], [ [ [ 112.002156890932866, -7.802356505876612 ], [ 112.002396509104443, -7.802414896453759 ], [ 112.002438250419445, -7.802410440027751 ], [ 112.002447559116163, -7.802486020158083 ], [ 112.002397854240584, -7.802475914235409 ], [ 112.002390160112398, -7.802513549502761 ], [ 112.002378998188718, -7.802588169689345 ], [ 112.002376856404439, -7.802603894655855 ], [ 112.002127045040197, -7.802513170693352 ], [ 112.002239906439129, -7.802527634840955 ], [ 112.002156890932866, -7.802356505876612 ] ] ], [ [ [ 112.001496887011044, -7.799982576726535 ], [ 112.001513779907754, -7.799982968596896 ], [ 112.001494865719067, -7.800069245279261 ], [ 112.001496887011044, -7.799982576726535 ] ] ], [ [ [ 112.001150118639188, -7.799547829649712 ], [ 112.001120072090927, -7.799728463889099 ], [ 112.001031656061741, -7.799707259136641 ], [ 112.001071667381254, -7.799541324576462 ], [ 112.001060551811577, -7.799538658375239 ], [ 112.001091778685833, -7.799409157852903 ], [ 112.001107661058285, -7.799411936687291 ], [ 112.001216944822545, -7.799438169882726 ], [ 112.001188856860324, -7.799554655328288 ], [ 112.001150118639188, -7.799547829649712 ] ] ], [ [ [ 112.001338445513937, -7.800108832150668 ], [ 112.001337541995866, -7.800113180165184 ], [ 112.001448007849902, -7.800137148228218 ], [ 112.001443876560884, -7.800093988380162 ], [ 112.001490412624278, -7.800089557975779 ], [ 112.001476782565149, -7.800151731189569 ], [ 112.001216445463669, -7.800094969134411 ], [ 112.001218364361335, -7.800084012922047 ], [ 112.001338445513937, -7.800108832150668 ] ] ], [ [ [ 112.000992274347922, -7.797190800143897 ], [ 112.001023496732245, -7.797194587784817 ], [ 112.000989682124541, -7.797630091955822 ], [ 112.00078266724195, -7.797605068249203 ], [ 112.000781525130307, -7.797510659273891 ], [ 112.000837018724155, -7.797147886809303 ], [ 112.000947916530265, -7.797164760005495 ], [ 112.000954269442033, -7.79709467063102 ], [ 112.000970999298559, -7.79709463108242 ], [ 112.000980500267417, -7.797094879951347 ], [ 112.000980301268115, -7.797148513139214 ], [ 112.000979400864566, -7.797169548699045 ], [ 112.000997143862932, -7.797172248760011 ], [ 112.000992274347922, -7.797190800143897 ] ] ], [ [ [ 111.997052794679746, -7.802644553339138 ], [ 111.997172767753014, -7.802688024286558 ], [ 111.997163315114776, -7.802713971176001 ], [ 111.99718746621555, -7.8027227225144 ], [ 111.9971699088713, -7.802770916707255 ], [ 111.997135318734422, -7.802758383218172 ], [ 111.997131324493381, -7.802769346196032 ], [ 111.996969547165406, -7.802710728648265 ], [ 111.997052794679746, -7.802644553339138 ] ] ], [ [ [ 111.997489345259439, -7.802361183693567 ], [ 111.997407809249808, -7.802622168581559 ], [ 111.997172809611087, -7.802549147888157 ], [ 111.997186095823622, -7.802538587190702 ], [ 111.99727503273418, -7.802467684543203 ], [ 111.997289925902606, -7.802455960575132 ], [ 111.997299972367173, -7.802448311638561 ], [ 111.997305064761008, -7.802444587851268 ], [ 111.997310228135575, -7.802440967001761 ], [ 111.997315236199981, -7.802437630509619 ], [ 111.997320310695741, -7.802434390634962 ], [ 111.997394060171573, -7.802385759200033 ], [ 111.997443852741156, -7.802369753691894 ], [ 111.997489345259439, -7.802361183693567 ] ] ], [ [ [ 111.998363478273873, -7.801725952800402 ], [ 111.99838139747942, -7.801655662479549 ], [ 111.99839551347506, -7.801591596379565 ], [ 111.998372243903901, -7.801556077299315 ], [ 111.998325784022299, -7.801518833909015 ], [ 111.998327499441203, -7.80149037104156 ], [ 111.99835593063122, -7.801445836724457 ], [ 111.998379220860926, -7.80135433839701 ], [ 111.998689517920965, -7.801393210377309 ], [ 111.998576744650293, -7.801795746493957 ], [ 111.998545892168167, -7.801785649875992 ], [ 111.998363478273873, -7.801725952800402 ] ] ], [ [ [ 111.999557671275937, -7.800203289844245 ], [ 111.999728234433334, -7.800238172468265 ], [ 111.999727089477133, -7.800242554425178 ], [ 111.999695402896123, -7.8003638817445 ], [ 111.999529903222538, -7.800324598858851 ], [ 111.999557671275937, -7.800203289844245 ] ] ], [ [ [ 112.001717668051228, -7.808542647299553 ], [ 112.001714855680916, -7.808539564430752 ], [ 112.001712557480559, -7.808536084203627 ], [ 112.001710829873403, -7.80853228878757 ], [ 112.001709713895707, -7.808528273050514 ], [ 112.001709236980332, -7.808524131892618 ], [ 112.001709411162452, -7.80851996839031 ], [ 112.001710232144575, -7.808515882041046 ], [ 112.001711679303014, -7.808511971476523 ], [ 112.001713718406506, -7.808508333551806 ], [ 112.001741788219306, -7.80848151402193 ], [ 112.001753288680334, -7.808470525992584 ], [ 112.001798449019816, -7.808427377191158 ], [ 112.001800434261526, -7.808426636281834 ], [ 112.001802511872597, -7.808426219843906 ], [ 112.001804630188289, -7.808426139757331 ], [ 112.00180673298577, -7.808426397964189 ], [ 112.00180876855508, -7.808426987351591 ], [ 112.001810684259993, -7.808427892668903 ], [ 112.001812429260838, -7.808429091425841 ], [ 112.001815784343151, -7.808432337614356 ], [ 112.001820113796967, -7.808433834136205 ], [ 112.001824628367999, -7.808434615720001 ], [ 112.001829210113115, -7.808434662747762 ], [ 112.001833739320688, -7.80843397459861 ], [ 112.001838099040711, -7.808432567829524 ], [ 112.001842175095547, -7.808430480696972 ], [ 112.001884054735555, -7.808383718325045 ], [ 112.001889137572675, -7.808381305020799 ], [ 112.001894550770174, -7.808379758281689 ], [ 112.001900143885678, -7.808379120972358 ], [ 112.001905766418616, -7.80837941153806 ], [ 112.001911265080963, -7.808380620393218 ], [ 112.001916488342459, -7.80838271443301 ], [ 112.001921295501674, -7.808385637916227 ], [ 112.001925553960945, -7.808389310662829 ], [ 112.001929148306075, -7.80839363255465 ], [ 112.001931980310772, -7.808398485344164 ], [ 112.001933973481627, -7.808403737165936 ], [ 112.0019350721536, -7.80840924344316 ], [ 112.001935247859691, -7.808414855916828 ], [ 112.001917295320212, -7.808481997183729 ], [ 112.001884772647898, -7.808603592503592 ], [ 112.00188465384123, -7.808603971741121 ], [ 112.001872146711918, -7.808650735063113 ], [ 112.001869476291048, -7.808660794125698 ], [ 112.001867130887419, -7.808663767116633 ], [ 112.001864326484949, -7.808666313400015 ], [ 112.001861140007762, -7.80866836496127 ], [ 112.001857657474659, -7.808669864617517 ], [ 112.001853975828084, -7.808670772344162 ], [ 112.001850193858814, -7.808671062583073 ], [ 112.001846415841939, -7.808670727851719 ], [ 112.001842745184561, -7.808669776949385 ], [ 112.001717668051228, -7.808542647299553 ] ] ], [ [ [ 112.001665898858079, -7.80767528079683 ], [ 112.001668184499124, -7.807627415676763 ], [ 112.001792991987671, -7.807641477843257 ], [ 112.001773649219047, -7.807926036434833 ], [ 112.001637680773811, -7.807917038384223 ], [ 112.001639917971687, -7.807848832755298 ], [ 112.001613521036688, -7.807847698721279 ], [ 112.0016275047101, -7.807674175180503 ], [ 112.001665898858079, -7.80767528079683 ] ] ], [ [ [ 112.002198151569814, -7.807677475516661 ], [ 112.002219879398126, -7.807596235189761 ], [ 112.00233720306322, -7.807649056169494 ], [ 112.002389540108595, -7.807645734952204 ], [ 112.002389751133023, -7.807734274481963 ], [ 112.002297115445074, -7.807742955904864 ], [ 112.002192709722166, -7.807697821798979 ], [ 112.002198151569814, -7.807677475516661 ] ] ], [ [ [ 112.000641174732394, -7.807341442514504 ], [ 112.000630232895702, -7.807326502802284 ], [ 112.00062199061901, -7.807309928728067 ], [ 112.000616686651412, -7.807292200883914 ], [ 112.000614472758116, -7.807273832627099 ], [ 112.000615414595075, -7.807255356511632 ], [ 112.000632870653291, -7.807179577336411 ], [ 112.000676175962226, -7.807051237549372 ], [ 112.000979226144295, -7.807187052190632 ], [ 112.001044191765331, -7.807262277217149 ], [ 112.000795379971379, -7.80749956719096 ], [ 112.000641174732394, -7.807341442514504 ] ] ], [ [ [ 112.003115747985063, -7.803221522277403 ], [ 112.003117397310646, -7.803222920232801 ], [ 112.003195146442422, -7.803288820745532 ], [ 112.003063888232504, -7.803617352122036 ], [ 112.003016217284298, -7.803787554863788 ], [ 112.003013169776693, -7.803798430617956 ], [ 112.003012412656048, -7.80380114751024 ], [ 112.002932486013279, -7.803788895658957 ], [ 112.002933235304909, -7.803779088962361 ], [ 112.002989348475822, -7.803570459613249 ], [ 112.003032203703285, -7.803448126178294 ], [ 112.003018354060345, -7.803443300416455 ], [ 112.003050148909225, -7.803352541511592 ], [ 112.003067705341181, -7.803358659054379 ], [ 112.003115747985063, -7.803221522277403 ] ] ], [ [ [ 112.005059064423946, -7.802360783445938 ], [ 112.005138252184764, -7.802362988471402 ], [ 112.005132519859728, -7.802474275793942 ], [ 112.004744983764354, -7.802455132315061 ], [ 112.004771297502643, -7.802101341288055 ], [ 112.004771633156992, -7.802096828294342 ], [ 112.005076692614679, -7.802131893905146 ], [ 112.005059064423946, -7.802360783445938 ] ] ], [ [ [ 112.003742413007615, -7.801455864321722 ], [ 112.00374555977379, -7.801542526517626 ], [ 112.003745982969974, -7.80155418270426 ], [ 112.003682827071927, -7.801551563133016 ], [ 112.00367088682124, -7.801551067786911 ], [ 112.003671613417893, -7.801533651275432 ], [ 112.003536837946285, -7.8015174768169 ], [ 112.003494330315561, -7.801512375336796 ], [ 112.003520917617692, -7.801224558111308 ], [ 112.00352146482561, -7.801218622852073 ], [ 112.003654711073636, -7.801230179320013 ], [ 112.00365447802497, -7.80123284974834 ], [ 112.003653980170839, -7.801238564209708 ], [ 112.003760555946386, -7.801247807051896 ], [ 112.003742413007615, -7.801455864321722 ] ] ], [ [ [ 112.001943036751896, -7.801114038237071 ], [ 112.001897270665566, -7.801114999461303 ], [ 112.001897273663673, -7.801112448961891 ], [ 112.001889343436858, -7.80110653377084 ], [ 112.001884358113685, -7.801103778921637 ], [ 112.001876299254178, -7.801086493542031 ], [ 112.001869286853179, -7.80107146042872 ], [ 112.002053131338229, -7.800986194180055 ], [ 112.00207453514183, -7.801037094558123 ], [ 112.002083170355846, -7.801057629089294 ], [ 112.002019308242936, -7.801062708533827 ], [ 112.001999403366611, -7.801071940145988 ], [ 112.002002379004367, -7.80110896498206 ], [ 112.001943036751896, -7.801114038237071 ] ] ], [ [ [ 112.002670385322176, -7.801028705641403 ], [ 112.002541922440699, -7.801014285854003 ], [ 112.002560242003483, -7.800851955204391 ], [ 112.002687467675031, -7.800877341420359 ], [ 112.002670385322176, -7.801028705641403 ] ] ], [ [ [ 112.004408203673236, -7.800309118978716 ], [ 112.004416088802373, -7.800207564515985 ], [ 112.004550468625879, -7.800212031846152 ], [ 112.004552594506777, -7.800318512488589 ], [ 112.004478328503026, -7.80031506740958 ], [ 112.004408203673236, -7.800309118978716 ] ] ], [ [ [ 112.002445151374147, -7.800445781602346 ], [ 112.002450807450444, -7.800402697451191 ], [ 112.00234138466864, -7.800385237010358 ], [ 112.002304066087575, -7.800379281985895 ], [ 112.002072692716212, -7.800342362019826 ], [ 112.001994050181608, -7.800329813828521 ], [ 112.002027044421851, -7.800126071670953 ], [ 112.002055043226875, -7.799940475158623 ], [ 112.002386980841749, -7.799985784377355 ], [ 112.002389332697845, -7.799970304918059 ], [ 112.002456913166967, -7.79954070350964 ], [ 112.002535633243568, -7.799548173979496 ], [ 112.002560953846242, -7.799332505182692 ], [ 112.003419685954086, -7.799444929676953 ], [ 112.003306678172805, -7.800095545718265 ], [ 112.003335105406691, -7.800099088816753 ], [ 112.003590074215211, -7.800130865638686 ], [ 112.003587269967923, -7.800161221323584 ], [ 112.003579901324343, -7.800240995004922 ], [ 112.003579066761588, -7.80025002590327 ], [ 112.003507630075291, -7.80102334682669 ], [ 112.002982368877682, -7.800906176802303 ], [ 112.00275642633089, -7.800858910370817 ], [ 112.002746930208716, -7.80085692322716 ], [ 112.002394045808032, -7.800786514515828 ], [ 112.002445151374147, -7.800445781602346 ] ], [ [ 112.00311756639843, -7.800492312102346 ], [ 112.003143179362951, -7.800211800983942 ], [ 112.003173351317912, -7.799858007328162 ], [ 112.002505097835382, -7.799767962504086 ], [ 112.002503623459489, -7.799777341043882 ], [ 112.002503622461489, -7.799777340865348 ], [ 112.002420575769989, -7.80030561285256 ], [ 112.002495605989097, -7.80031860111336 ], [ 112.002487917840739, -7.800362774217546 ], [ 112.00311756639843, -7.800492312102346 ] ] ], [ [ [ 112.003488230907507, -7.798465750224091 ], [ 112.003418959042861, -7.798454938257645 ], [ 112.003439809730935, -7.798322067019996 ], [ 112.003444549617427, -7.798291861403388 ], [ 112.003513822361683, -7.798302673366904 ], [ 112.003495181731324, -7.798421458302538 ], [ 112.003488230907507, -7.798465750224091 ] ] ], [ [ [ 112.004559679754365, -7.797131538303019 ], [ 112.00449126567014, -7.797138835650537 ], [ 112.004487505272209, -7.797205538097391 ], [ 112.004377802860063, -7.797199385927189 ], [ 112.004391902278499, -7.796949304886649 ], [ 112.00451553660227, -7.796962953385383 ], [ 112.004522673730605, -7.796963741396001 ], [ 112.004559679754365, -7.797131538303019 ] ] ], [ [ [ 112.003382594098412, -7.796821613653361 ], [ 112.00349201665712, -7.796837089619797 ], [ 112.003586526165407, -7.796850455595218 ], [ 112.003550081853149, -7.797137056231272 ], [ 112.00334576774712, -7.797111215187737 ], [ 112.003382594098412, -7.796821613653361 ] ] ], [ [ [ 112.002530177264987, -7.796781125371628 ], [ 112.002529672157962, -7.796768942087748 ], [ 112.002528757318061, -7.796750735366309 ], [ 112.0025283045957, -7.796738843184802 ], [ 112.002528226473231, -7.796733073106919 ], [ 112.002528319310613, -7.796727499790003 ], [ 112.002528612673785, -7.796722733654255 ], [ 112.002529185182695, -7.796718277077071 ], [ 112.002530137755542, -7.796714237446671 ], [ 112.002531598583062, -7.796710750124078 ], [ 112.002533728593576, -7.796707988378805 ], [ 112.002537205878326, -7.796705848404843 ], [ 112.002538339629311, -7.796705536405595 ], [ 112.002811979312611, -7.796742483798176 ], [ 112.002775350494446, -7.797075222549548 ], [ 112.002501521906154, -7.797019964519754 ], [ 112.002508721781211, -7.796968249355626 ], [ 112.002523567131874, -7.796862290995136 ], [ 112.002526664863566, -7.796839375355892 ], [ 112.002526945585103, -7.796837299024628 ], [ 112.002528455624088, -7.796824769095277 ], [ 112.002529113572464, -7.796818488985096 ], [ 112.002529671735559, -7.796812196449169 ], [ 112.002530092925539, -7.796805888862203 ], [ 112.002530343941942, -7.796799333864371 ], [ 112.00253040479403, -7.796793276753194 ], [ 112.002530177264987, -7.796781125371628 ] ] ] ] } },
{ "type": "Feature", "properties": { "OBJECTID": 3, "Name": "Halte Semampir", "REMARK": "Halte", "type": "lines", "start": "611352.2178, 9138432.1202", "NAMZON": "AREA PERUMAHAN", "LUAS": 135823.017 }, "geometry": { "type": "MultiPolygon", "coordinates": [ [ [ [ 112.003224317235876, -7.795029256496266 ], [ 112.003184542720405, -7.794928173810968 ], [ 112.003470001535547, -7.794926155105323 ], [ 112.003587765045552, -7.794881909942911 ], [ 112.003590142403525, -7.794880962798439 ], [ 112.003712882248223, -7.794820135756865 ], [ 112.00372347333689, -7.794833899271953 ], [ 112.003646410663876, -7.794864059712434 ], [ 112.003224317235876, -7.795029256496266 ] ] ], [ [ [ 112.00452452092857, -7.790817946884633 ], [ 112.004587668008, -7.790909073106336 ], [ 112.004588069227083, -7.790909616621797 ], [ 112.004758461482282, -7.791126575099795 ], [ 112.004800589640141, -7.791257481823212 ], [ 112.004825690902095, -7.791350446494026 ], [ 112.004838966622756, -7.791399613264374 ], [ 112.004839269063581, -7.791400565815863 ], [ 112.004839856239727, -7.791401891221517 ], [ 112.004919535116443, -7.791554644905816 ], [ 112.005066801047789, -7.791836972324021 ], [ 112.005081134788554, -7.791864705210774 ], [ 112.005083214745781, -7.791868730414397 ], [ 112.00507907483761, -7.791870589792977 ], [ 112.005068696985845, -7.791875251420112 ], [ 112.004954353072861, -7.791926610242805 ], [ 112.004923422609096, -7.791865279174099 ], [ 112.004898145034574, -7.791815158664869 ], [ 112.004877651995059, -7.791774523315807 ], [ 112.004851257341059, -7.791722186885904 ], [ 112.004823071342827, -7.791666298484732 ], [ 112.004704652701747, -7.791431493635756 ], [ 112.004704339364679, -7.791430915543792 ], [ 112.004682087272073, -7.791391889713228 ], [ 112.004681815896063, -7.791391414626731 ], [ 112.004498390916623, -7.791069735081389 ], [ 112.004486519515467, -7.791048916119827 ], [ 112.00447439928098, -7.791016912666428 ], [ 112.004473005758442, -7.790994213881611 ], [ 112.004472808984474, -7.790992697619581 ], [ 112.004472409170589, -7.790991221633716 ], [ 112.004471812729449, -7.790989813041747 ], [ 112.004471031512637, -7.79098849804403 ], [ 112.00444788653158, -7.790954932544115 ], [ 112.004384364159691, -7.790862811107132 ], [ 112.00452452092857, -7.790817946884633 ] ] ], [ [ [ 112.004790858541043, -7.790732691988816 ], [ 112.004775197726786, -7.790901838034574 ], [ 112.00477258435761, -7.79093006876418 ], [ 112.004885376555109, -7.790943432866588 ], [ 112.004957716109971, -7.791124315437865 ], [ 112.004990813923584, -7.791186798137333 ], [ 112.005050926204461, -7.791300279037159 ], [ 112.005138380041856, -7.791465378686779 ], [ 112.005183315825136, -7.791550207961007 ], [ 112.005455856738038, -7.791600503313227 ], [ 112.005436808784253, -7.791747860154529 ], [ 112.005432208861137, -7.791783449511134 ], [ 112.005431629195499, -7.791787934142867 ], [ 112.005341727415583, -7.791776739896815 ], [ 112.00534102988604, -7.791776674624063 ], [ 112.005262424434235, -7.791771773710005 ], [ 112.005261690734102, -7.791771751935572 ], [ 112.005259872843439, -7.791771902766113 ], [ 112.005164831509333, -7.791787539720451 ], [ 112.005162837690321, -7.791788071732748 ], [ 112.005086601582789, -7.791816138853401 ], [ 112.005082313187259, -7.791817717306631 ], [ 112.005080204165765, -7.791813673178901 ], [ 112.00486053751392, -7.791392546450519 ], [ 112.00482241121496, -7.791251342362305 ], [ 112.004822258541623, -7.791250827199518 ], [ 112.004779428715651, -7.791117740658732 ], [ 112.004778946026477, -7.791116498212651 ], [ 112.004778320207848, -7.791115320320453 ], [ 112.004777559462354, -7.791114224146891 ], [ 112.004606125694963, -7.790895940443548 ], [ 112.004591912624662, -7.790875431829014 ], [ 112.004547075096553, -7.790810727283857 ], [ 112.004790858541043, -7.790732691988816 ] ] ], [ [ [ 112.00516099656997, -7.790395631278553 ], [ 112.005173667471851, -7.790397135317732 ], [ 112.005189473366144, -7.790290674064648 ], [ 112.005622277468447, -7.790354587187174 ], [ 112.005621649160105, -7.790359045622442 ], [ 112.005574984098459, -7.790673363250663 ], [ 112.005135166279672, -7.790612082757254 ], [ 112.00516099656997, -7.790395631278553 ] ] ], [ [ [ 112.011673868737375, -7.796231511103812 ], [ 112.01168194681928, -7.796187058193765 ], [ 112.011694513120744, -7.796117907303279 ], [ 112.011986423358337, -7.79617610071068 ], [ 112.011965664074154, -7.796278837735924 ], [ 112.011673868737375, -7.796231511103812 ] ] ], [ [ [ 112.010760300985865, -7.796083337067733 ], [ 112.010817778292008, -7.795732227542838 ], [ 112.010865900154258, -7.795741663438215 ], [ 112.011716569230956, -7.795908458849387 ], [ 112.011732034806556, -7.795911813504826 ], [ 112.011723829771157, -7.795952706897594 ], [ 112.011723325531449, -7.79595080970897 ], [ 112.01172249963011, -7.795949027246673 ], [ 112.011721376684918, -7.79594741462197 ], [ 112.011719990364782, -7.795946019689035 ], [ 112.011718384301119, -7.795944884851777 ], [ 112.011716604826347, -7.795944044367697 ], [ 112.011714706415034, -7.795943524335101 ], [ 112.011712746234139, -7.7959433390882 ], [ 112.01171078324478, -7.795943494817169 ], [ 112.011708877288868, -7.79594398685691 ], [ 112.011707085463797, -7.795944800600147 ], [ 112.011705462122507, -7.795945911497542 ], [ 112.011642187778065, -7.795997795002426 ], [ 112.011640807174146, -7.795999157655018 ], [ 112.011639679196492, -7.79600073586226 ], [ 112.01163883909976, -7.796002482509754 ], [ 112.011638309433764, -7.796004346895678 ], [ 112.011619289776476, -7.796102911617206 ], [ 112.01159688390652, -7.796219024806661 ], [ 112.010760300985865, -7.796083337067733 ] ] ], [ [ [ 112.010415561470822, -7.796455796167616 ], [ 112.010845734845347, -7.796489302532269 ], [ 112.010835503294885, -7.796526289943047 ], [ 112.01094612667552, -7.796550529517429 ], [ 112.0109559322987, -7.796497885781143 ], [ 112.011110223729872, -7.79650990344834 ], [ 112.01111208094656, -7.7964937916102 ], [ 112.011534517630366, -7.796542223240867 ], [ 112.011481286463308, -7.796818080871256 ], [ 112.011450541782182, -7.796977405905557 ], [ 112.01144601894552, -7.79697690842093 ], [ 112.0113375942327, -7.796964982047066 ], [ 112.011233083689191, -7.796953485848707 ], [ 112.01123253491366, -7.796953435606929 ], [ 112.011171174261605, -7.796948830279712 ], [ 112.010894196909078, -7.79692804311595 ], [ 112.010865024975899, -7.796925853498659 ], [ 112.01066863915112, -7.796911115236274 ], [ 112.009997546948838, -7.796854738134414 ], [ 112.010027776797273, -7.796609449397405 ], [ 112.010288734254445, -7.796617800608425 ], [ 112.010316504085139, -7.796447098103032 ], [ 112.010415561470822, -7.796455796167616 ] ] ], [ [ [ 112.011906443219303, -7.796571919636964 ], [ 112.011857314405361, -7.796815056170887 ], [ 112.011819291774998, -7.797017966682514 ], [ 112.011541120975537, -7.796987368861255 ], [ 112.011536602675264, -7.796986872271231 ], [ 112.011567313210676, -7.796817875368898 ], [ 112.011616118142996, -7.79654930690595 ], [ 112.011906443219303, -7.796571919636964 ] ] ], [ [ [ 112.010340481603151, -7.797357127456071 ], [ 112.009890658859788, -7.797322090297841 ], [ 112.009891005813714, -7.797317659763313 ], [ 112.009732816225082, -7.79730376923024 ], [ 112.0096874426429, -7.79756323254974 ], [ 112.009683097531934, -7.797593782911122 ], [ 112.009687271730684, -7.797594413201431 ], [ 112.009648030133974, -7.797852909624987 ], [ 112.009634421488471, -7.797970785166206 ], [ 112.009232493408518, -7.797913610780984 ], [ 112.009236536041243, -7.797887798716254 ], [ 112.009261751008111, -7.797726750415393 ], [ 112.009512574184868, -7.797765808896625 ], [ 112.009515218034039, -7.797748920539851 ], [ 112.009567608414926, -7.797757078370962 ], [ 112.009576548378263, -7.797699975890862 ], [ 112.00927333577512, -7.797652757768928 ], [ 112.009401149446347, -7.796836403025075 ], [ 112.010666115791921, -7.7969426704111 ], [ 112.010891515742571, -7.796959586004728 ], [ 112.010895656338477, -7.796959896286969 ], [ 112.010880202092309, -7.797097670277992 ], [ 112.010707439882452, -7.797095689576355 ], [ 112.010712887950845, -7.797366082362777 ], [ 112.010711093895068, -7.797389669980146 ], [ 112.010340481603151, -7.797357127456071 ] ] ], [ [ [ 112.009367926468627, -7.799691843482075 ], [ 112.009367928283027, -7.799691843749075 ], [ 112.009367522560595, -7.799694421341344 ], [ 112.00964277020239, -7.799739139595594 ], [ 112.009572561728717, -7.800168955989481 ], [ 112.009491182661066, -7.800155460741462 ], [ 112.009249930885815, -7.800117109481429 ], [ 112.009332069051894, -7.799579882389692 ], [ 112.009384323516088, -7.79958766320782 ], [ 112.009367926468627, -7.799691843482075 ] ] ], [ [ [ 112.00949695860561, -7.800631797828912 ], [ 112.009226891104447, -7.80058792125215 ], [ 112.009225244475303, -7.800598383189871 ], [ 112.009135125669815, -7.80058723535906 ], [ 112.009207308603266, -7.800146967693995 ], [ 112.009485351829611, -7.800191166990685 ], [ 112.009566729293539, -7.800204662143075 ], [ 112.00949695860561, -7.800631797828912 ] ] ], [ [ [ 112.007695583026376, -7.799875359679336 ], [ 112.007697852578147, -7.799595026512842 ], [ 112.007668326218166, -7.799592797383673 ], [ 112.007669520018538, -7.799577069244955 ], [ 112.007465489329363, -7.799557690533026 ], [ 112.007446355977777, -7.799433976289358 ], [ 112.007442546201986, -7.799409342393641 ], [ 112.007436662962846, -7.799371297140349 ], [ 112.007431397764975, -7.799337253419938 ], [ 112.00744130731097, -7.799233481936311 ], [ 112.007414140665801, -7.799231725176178 ], [ 112.007403224603834, -7.79917530114349 ], [ 112.007391667398949, -7.799112757569637 ], [ 112.007385787436959, -7.799041584898696 ], [ 112.007379871941197, -7.798963518757605 ], [ 112.007378599146918, -7.798831801721158 ], [ 112.007378521879915, -7.798830588161936 ], [ 112.007369685962459, -7.79875580752227 ], [ 112.007358932930359, -7.798681030539173 ], [ 112.007358860234106, -7.798680590255448 ], [ 112.007345241330114, -7.7986087784764 ], [ 112.007345078159503, -7.798608048086378 ], [ 112.007324735270899, -7.798529607468677 ], [ 112.007324530471024, -7.798528913354853 ], [ 112.007316727236272, -7.798505197907784 ], [ 112.007311184034364, -7.798488350740025 ], [ 112.007281574331643, -7.798398364525733 ], [ 112.007220616059044, -7.798223137236653 ], [ 112.007161519183299, -7.798066672396684 ], [ 112.007157895963644, -7.798057080506138 ], [ 112.007153948751792, -7.79804663017911 ], [ 112.00701386582881, -7.797653595713802 ], [ 112.006995714561498, -7.797602667997784 ], [ 112.006985170381256, -7.797573085698159 ], [ 112.006983595459616, -7.797568664978737 ], [ 112.006988287702782, -7.797568326415871 ], [ 112.007236475192869, -7.797550433448084 ], [ 112.007237652866337, -7.797550286842359 ], [ 112.007238089769686, -7.797550199882282 ], [ 112.007319600071398, -7.797532347904706 ], [ 112.00732130771982, -7.797531973930749 ], [ 112.007323051044878, -7.79753210816077 ], [ 112.007408871257994, -7.797538717036924 ], [ 112.007414101233209, -7.797539119725862 ], [ 112.007594789356986, -7.797553034912229 ], [ 112.007599319100706, -7.797553384095063 ], [ 112.007599241971889, -7.797557913656627 ], [ 112.007596007877794, -7.797747722007519 ], [ 112.007595729028182, -7.797932117554855 ], [ 112.007601893921844, -7.798164818666018 ], [ 112.007604342003589, -7.798228292866439 ], [ 112.007596757302707, -7.798347451282377 ], [ 112.007556170796605, -7.798776315715327 ], [ 112.007556119897117, -7.798777404768357 ], [ 112.007556127097885, -7.798777761096028 ], [ 112.007556504677467, -7.798788885572075 ], [ 112.007560321813358, -7.798901108825308 ], [ 112.007560491616019, -7.798902715590558 ], [ 112.007560721657256, -7.79890372528963 ], [ 112.007612948869109, -7.79909299191742 ], [ 112.007613277746273, -7.799093995954609 ], [ 112.007628999171402, -7.799134109729615 ], [ 112.007629833066048, -7.799135825254297 ], [ 112.007630918593875, -7.799137341205756 ], [ 112.0076322385287, -7.799138659433861 ], [ 112.007633757413899, -7.799139742941407 ], [ 112.00763543437121, -7.799140562884017 ], [ 112.007637223098328, -7.799141097665609 ], [ 112.007639076401347, -7.799141332023241 ], [ 112.007648507035725, -7.799141735560879 ], [ 112.007651306851528, -7.799141860038449 ], [ 112.007652060554193, -7.799141898039193 ], [ 112.007744260210345, -7.799145924851802 ], [ 112.00774714615909, -7.799146040983806 ], [ 112.007757925472944, -7.799146510949311 ], [ 112.007761891644492, -7.799146684201891 ], [ 112.007770640255501, -7.799147064940859 ], [ 112.007776623522531, -7.799147325643015 ], [ 112.007782149678249, -7.799147566631452 ], [ 112.007818801158479, -7.799149164324759 ], [ 112.007823336903812, -7.799149361544744 ], [ 112.007823354996148, -7.7991538890702 ], [ 112.007824381212728, -7.799405298724934 ], [ 112.007824388422449, -7.79940565867026 ], [ 112.007840338056582, -7.799847944955054 ], [ 112.007840573915701, -7.799849869017029 ], [ 112.007841136087663, -7.799851725374324 ], [ 112.007842008114579, -7.799853457991595 ], [ 112.00784316448285, -7.799855016281589 ], [ 112.00784456971634, -7.799856355107378 ], [ 112.007846184724343, -7.799857434767152 ], [ 112.007847960457994, -7.799858222818285 ], [ 112.007849845171549, -7.799858696773313 ], [ 112.00785178351353, -7.799858843197566 ], [ 112.00787984734022, -7.799858330492096 ], [ 112.007963414011385, -7.799856804705588 ], [ 112.007963768584389, -7.799856798434678 ], [ 112.00809719213477, -7.799854360710442 ], [ 112.008098100761728, -7.799854335031303 ], [ 112.008098659287256, -7.799854289384123 ], [ 112.00810000295607, -7.799854155946307 ], [ 112.008100699879634, -7.799853962547682 ], [ 112.008101847216309, -7.799853642360832 ], [ 112.008102572824029, -7.799853308707504 ], [ 112.008103519419848, -7.799852854238922 ], [ 112.0081042718503, -7.799852360437907 ], [ 112.008104950926111, -7.799851909319736 ], [ 112.008105250493543, -7.799851655366345 ], [ 112.008105770726416, -7.799851145838644 ], [ 112.008106308213627, -7.799850646218554 ], [ 112.008144573039118, -7.799808673723287 ], [ 112.008158144141575, -7.799793788879327 ], [ 112.008159163988864, -7.799792491309028 ], [ 112.008159984002148, -7.799791059454839 ], [ 112.008160586117739, -7.799789524110404 ], [ 112.008160957717408, -7.799787917865158 ], [ 112.00816109162848, -7.799786275104464 ], [ 112.00816143792278, -7.799743426085771 ], [ 112.008165890323497, -7.799193376566713 ], [ 112.008165927470557, -7.799188817255197 ], [ 112.008170457786164, -7.799189397961917 ], [ 112.008206885390109, -7.799194075732453 ], [ 112.00820867699602, -7.799194297572473 ], [ 112.008212401759408, -7.799194774379195 ], [ 112.008218211155423, -7.79919551754936 ], [ 112.008224299955572, -7.799196297135538 ], [ 112.008236943833438, -7.799197916698207 ], [ 112.008275771736692, -7.799202891729147 ], [ 112.008288832923498, -7.799204572701766 ], [ 112.008301168392833, -7.799206162246468 ], [ 112.008370528146756, -7.799215364194898 ], [ 112.008382045372272, -7.799216851677047 ], [ 112.008415990163684, -7.799221235977572 ], [ 112.00843912440088, -7.799224223363266 ], [ 112.008477734684277, -7.799229209746624 ], [ 112.008518744390315, -7.799234506055311 ], [ 112.008621061371173, -7.799247719265689 ], [ 112.008585985934744, -7.799483063599503 ], [ 112.008662795296502, -7.799494366818484 ], [ 112.008642162240292, -7.799695426044674 ], [ 112.008346484067062, -7.79966741490738 ], [ 112.008310629484214, -7.799880311782863 ], [ 112.007695583026376, -7.799875359679336 ] ] ], [ [ [ 112.00741084299662, -7.79955250024005 ], [ 112.007422640640385, -7.799428956881273 ], [ 112.007442208922669, -7.799555479367575 ], [ 112.00741084299662, -7.79955250024005 ] ] ], [ [ [ 112.007161921089121, -7.799215415043123 ], [ 112.007173985256742, -7.799029860293675 ], [ 112.007176255360491, -7.799027585481451 ], [ 112.007186872218895, -7.798952181527058 ], [ 112.007186666150574, -7.798866035195894 ], [ 112.007175637162987, -7.798769146486983 ], [ 112.007139456522935, -7.798690264190174 ], [ 112.00712262103491, -7.798665208539153 ], [ 112.007148087936727, -7.798396113979525 ], [ 112.006987325176482, -7.798453103464321 ], [ 112.006958555366623, -7.798295854433994 ], [ 112.00696193154694, -7.798202520219344 ], [ 112.006900523026943, -7.79810934008563 ], [ 112.00686068398754, -7.798005340516055 ], [ 112.006827982690268, -7.797876198031919 ], [ 112.006762812768486, -7.797714827458763 ], [ 112.006762581074966, -7.797617912139517 ], [ 112.006762400871665, -7.797542533859052 ], [ 112.006774931370487, -7.797353357263345 ], [ 112.006781061554463, -7.797380563279099 ], [ 112.006781472988365, -7.797381961452079 ], [ 112.00678206201421, -7.797383294988321 ], [ 112.006782816790903, -7.797384542209716 ], [ 112.006821821596617, -7.797440444454418 ], [ 112.00682246020493, -7.797441275010292 ], [ 112.006823615658206, -7.797442455255512 ], [ 112.006888414884955, -7.797499623856069 ], [ 112.006955909010358, -7.797562719991899 ], [ 112.00695816763232, -7.797564831887879 ], [ 112.00695920479221, -7.797567740777199 ], [ 112.006993215696056, -7.797663164844112 ], [ 112.007132659500755, -7.798054403738758 ], [ 112.00719928845966, -7.798230805073639 ], [ 112.007260093324589, -7.798405594988265 ], [ 112.007302875899001, -7.798535619664672 ], [ 112.007323034798887, -7.798613348031987 ], [ 112.007336526041556, -7.798684489934419 ], [ 112.007347206155117, -7.798758735288109 ], [ 112.007355934749441, -7.798832628939731 ], [ 112.007357204249146, -7.798964109024695 ], [ 112.007357235952284, -7.798964851485073 ], [ 112.007363186069171, -7.799043365236741 ], [ 112.007369119253156, -7.799115179021606 ], [ 112.00736926333424, -7.799116269419525 ], [ 112.007380945495214, -7.799179491922854 ], [ 112.007390758478394, -7.799230213140628 ], [ 112.007161921089121, -7.799215415043123 ] ] ], [ [ [ 112.008387524492591, -7.793924566759628 ], [ 112.008387646281065, -7.793923239311404 ], [ 112.008414629320029, -7.793925701777873 ], [ 112.008418754190572, -7.793898993682613 ], [ 112.008471541983553, -7.793907102742383 ], [ 112.008475453304229, -7.793853161820447 ], [ 112.00829531099599, -7.793809493614542 ], [ 112.008300766699378, -7.79378710796182 ], [ 112.008298381945679, -7.793786396426466 ], [ 112.008152193316505, -7.79374940404763 ], [ 112.00855344300507, -7.793792642896785 ], [ 112.008700534895965, -7.793808493685515 ], [ 112.008892284017605, -7.793829158153597 ], [ 112.008894499551573, -7.79379245207994 ], [ 112.008910710302729, -7.79379421870931 ], [ 112.009780920470746, -7.793889044717217 ], [ 112.009787449774421, -7.793899598298952 ], [ 112.009792921217823, -7.793911095007519 ], [ 112.009796760030383, -7.793923231420916 ], [ 112.009798893112858, -7.793935777988715 ], [ 112.009799279995519, -7.793948497847275 ], [ 112.009787205420878, -7.794022779272002 ], [ 112.009633212772485, -7.794007527775296 ], [ 112.009636824036704, -7.793971257026946 ], [ 112.008907713846412, -7.793899044565906 ], [ 112.008904218492418, -7.793967161910668 ], [ 112.008845267816966, -7.793949572664622 ], [ 112.008661938259394, -7.793936350662392 ], [ 112.008852433525789, -7.793965613632948 ], [ 112.008904064031299, -7.793970172043958 ], [ 112.008897905005341, -7.794090198954836 ], [ 112.009465689230908, -7.794149890602596 ], [ 112.009434941255876, -7.79446067112758 ], [ 112.009401929458406, -7.79445756802113 ], [ 112.009296814896942, -7.794447684389018 ], [ 112.008937093873953, -7.794413860190974 ], [ 112.008800528584288, -7.794401018798848 ], [ 112.008799225165703, -7.794400911562882 ], [ 112.008798710854009, -7.794400861235386 ], [ 112.008412286120219, -7.794367309102352 ], [ 112.008338367786976, -7.794360890888294 ], [ 112.007883166818857, -7.7943213672439 ], [ 112.007880231599898, -7.794321111943876 ], [ 112.007891864861634, -7.794200197435149 ], [ 112.007808038872142, -7.794192175631478 ], [ 112.007820011062179, -7.794067740279363 ], [ 112.007833163140774, -7.793949018108638 ], [ 112.007920495748337, -7.793955832297278 ], [ 112.007928555824549, -7.793884043835429 ], [ 112.008387524492591, -7.793924566759628 ] ] ], [ [ [ 112.009613732337456, -7.792675965199981 ], [ 112.009667333763744, -7.792384864288174 ], [ 112.009675037570616, -7.79234152836829 ], [ 112.010068832251889, -7.792405904872213 ], [ 112.010060009587363, -7.792455534689714 ], [ 112.01001847384974, -7.792681113055816 ], [ 112.010006739488446, -7.792744839899491 ], [ 112.009607784239975, -7.792708268416876 ], [ 112.009613732337456, -7.792675965199981 ] ] ], [ [ [ 112.009761793220719, -7.791853504842103 ], [ 112.00977561902657, -7.791854986748245 ], [ 112.009744691966063, -7.792082622719893 ], [ 112.009721587118236, -7.792079674916703 ], [ 112.009761793220719, -7.791853504842103 ] ] ], [ [ [ 112.009639177420098, -7.791696237896877 ], [ 112.009612443141094, -7.791836506603738 ], [ 112.009679097177241, -7.791861356117982 ], [ 112.009602940994597, -7.792064537578147 ], [ 112.009278326722537, -7.792023121835821 ], [ 112.009278385176515, -7.792047529502889 ], [ 112.009123981878645, -7.792023708341903 ], [ 112.009149996064721, -7.791887400585689 ], [ 112.009153291952543, -7.791870133529867 ], [ 112.00923437597244, -7.791445278745372 ], [ 112.009682565896242, -7.791506899637814 ], [ 112.009660717413894, -7.791699021876307 ], [ 112.009639177420098, -7.791696237896877 ] ] ], [ [ [ 112.009471551668241, -7.792575730228622 ], [ 112.009463476660613, -7.792695039915325 ], [ 112.009025983802772, -7.792654935164171 ], [ 112.009049090907325, -7.792316495503711 ], [ 112.009263264036122, -7.792346209552541 ], [ 112.009273173399734, -7.792275832279688 ], [ 112.009520988954947, -7.792316344804417 ], [ 112.009471551668241, -7.792575730228622 ] ] ], [ [ [ 112.007994874240055, -7.79484193812003 ], [ 112.007991670072684, -7.794921780103375 ], [ 112.008048987416998, -7.79493966632659 ], [ 112.008032536498206, -7.794992101375191 ], [ 112.008103678627421, -7.795024848918929 ], [ 112.007322422165743, -7.794911318732145 ], [ 112.00731493793532, -7.794910231320164 ], [ 112.007319041218992, -7.794876740515124 ], [ 112.007340367063463, -7.794702672286663 ], [ 112.007351056135761, -7.794615387583365 ], [ 112.007829274205832, -7.794671824982954 ], [ 112.00785630981548, -7.794341729239245 ], [ 112.008016167632476, -7.794355608965227 ], [ 112.00798903004646, -7.79469306156767 ], [ 112.008062305954795, -7.79469892242813 ], [ 112.008089403867288, -7.794361969167353 ], [ 112.00822349507952, -7.7943736110791 ], [ 112.00818645499831, -7.794724446557992 ], [ 112.008274889172014, -7.794733732546573 ], [ 112.008274045640277, -7.794742006457246 ], [ 112.008725740469728, -7.794788076986027 ], [ 112.008677933768581, -7.795108296968913 ], [ 112.008227701889325, -7.795042871489986 ], [ 112.008239496771481, -7.794819460384239 ], [ 112.007782030962474, -7.794779070215095 ], [ 112.007809771341215, -7.794834549599859 ], [ 112.007994874240055, -7.79484193812003 ] ] ], [ [ [ 112.008097016524601, -7.799827227375615 ], [ 112.008092823268314, -7.799831827335908 ], [ 112.008086590590324, -7.799831940762362 ], [ 112.007878883650406, -7.799835734740117 ], [ 112.007862594171542, -7.799836032193279 ], [ 112.007847052407257, -7.799405026780398 ], [ 112.007846033346709, -7.79915547571068 ], [ 112.007846015228154, -7.799150937332195 ], [ 112.007850551532016, -7.79915136789307 ], [ 112.00803653003058, -7.799169026296569 ], [ 112.008138751955087, -7.799184966705193 ], [ 112.008143280757906, -7.799185673131358 ], [ 112.008143243638742, -7.7991902442004 ], [ 112.008138767438936, -7.79974324402475 ], [ 112.008138456142234, -7.799781773410889 ], [ 112.008127685369601, -7.799793587381762 ], [ 112.008097016524601, -7.799827227375615 ] ] ], [ [ [ 112.006875244524835, -7.797052841158465 ], [ 112.006876719090272, -7.797051701689603 ], [ 112.006877986350148, -7.797050336606489 ], [ 112.006879012837047, -7.797048782165882 ], [ 112.006879768726051, -7.797047080946859 ], [ 112.006880235083315, -7.797045279120291 ], [ 112.006880399329503, -7.797043425555272 ], [ 112.006880255235515, -7.797041570010144 ], [ 112.006879808363593, -7.797039763119757 ], [ 112.006855105015617, -7.79696645279327 ], [ 112.006854606081134, -7.796965249280559 ], [ 112.006852694105945, -7.796961332223898 ], [ 112.006850637225924, -7.796957117050277 ], [ 112.006855255642165, -7.79695624686119 ], [ 112.006978535176785, -7.796933022819774 ], [ 112.007121126831592, -7.796906161325496 ], [ 112.007132300767537, -7.79690405637167 ], [ 112.007136772335258, -7.796903213661778 ], [ 112.007137992552472, -7.796907585480992 ], [ 112.007243889723981, -7.797286896965332 ], [ 112.0072972242086, -7.797485057919068 ], [ 112.007298692784019, -7.797490513556298 ], [ 112.007298871961567, -7.797491111861755 ], [ 112.007304402301557, -7.797507897561606 ], [ 112.007305825533081, -7.797512215535497 ], [ 112.007301373319621, -7.797513190248446 ], [ 112.007234025445115, -7.797527940709559 ], [ 112.006978215226411, -7.797546383607539 ], [ 112.006972059545731, -7.797546826946728 ], [ 112.006967556846377, -7.797542617591154 ], [ 112.00696515552886, -7.797540373083558 ], [ 112.006903800128285, -7.797483016325861 ], [ 112.006903559283657, -7.797482797122421 ], [ 112.006839655211692, -7.797426417770576 ], [ 112.006802695146334, -7.797373445536846 ], [ 112.006788802328288, -7.797311791104541 ], [ 112.006780066344376, -7.797207424519346 ], [ 112.006786697023799, -7.797146582302129 ], [ 112.006828364082878, -7.797083251900574 ], [ 112.006856523133862, -7.797064985123429 ], [ 112.006875244524835, -7.797052841158465 ] ] ], [ [ [ 112.006681047468703, -7.7963842661641 ], [ 112.006697333055556, -7.796368354723292 ], [ 112.00673835825377, -7.796328272395605 ], [ 112.006754013878336, -7.796314010320043 ], [ 112.006755069562203, -7.796312909833697 ], [ 112.006755821667738, -7.796311902320824 ], [ 112.006761390633102, -7.796303510452755 ], [ 112.006765376465452, -7.796297502805003 ], [ 112.006766055622407, -7.79630467511953 ], [ 112.006777077741958, -7.796421170997866 ], [ 112.006783210586462, -7.796583041933139 ], [ 112.00678789186901, -7.796735183759853 ], [ 112.006788011114793, -7.796736508464481 ], [ 112.006794630720421, -7.796780671357555 ], [ 112.006792276808923, -7.796783839741654 ], [ 112.006758474124169, -7.796829336001511 ], [ 112.006756950951811, -7.796831386345255 ], [ 112.006754249015074, -7.796835023146382 ], [ 112.006750721741739, -7.796832174442148 ], [ 112.006747241713981, -7.79682936270715 ], [ 112.006701871438111, -7.796792710970621 ], [ 112.00665536390035, -7.79674655005407 ], [ 112.006626287317559, -7.796705333810301 ], [ 112.006559614252666, -7.79654933090553 ], [ 112.006559541408038, -7.796518850017967 ], [ 112.00656843014508, -7.796489471129271 ], [ 112.006604996312717, -7.796443323457958 ], [ 112.006680071896426, -7.796385115933054 ], [ 112.006680422179912, -7.796384833823007 ], [ 112.006681047468703, -7.7963842661641 ] ] ], [ [ [ 112.006815645181121, -7.796790366612142 ], [ 112.006816589259913, -7.796788861206824 ], [ 112.006817285455895, -7.796787227057569 ], [ 112.006817716635865, -7.796785504904438 ], [ 112.006817872014821, -7.796783735472335 ], [ 112.006817748075548, -7.796781964895525 ], [ 112.006810532214118, -7.796733823934271 ], [ 112.006807089841672, -7.796621952471868 ], [ 112.006806399585045, -7.796599515235275 ], [ 112.006805868648001, -7.796582268136572 ], [ 112.006799720333831, -7.796419999290812 ], [ 112.006799678912046, -7.796419363575865 ], [ 112.006787863177351, -7.796294479199823 ], [ 112.006787800243856, -7.796293949354182 ], [ 112.006785211301889, -7.796275807241279 ], [ 112.00678505912299, -7.796274742185956 ], [ 112.006783658128185, -7.796264926133409 ], [ 112.00677088936726, -7.796175358347443 ], [ 112.006770249271781, -7.796170869380226 ], [ 112.006774691521684, -7.796169904646836 ], [ 112.006906186112246, -7.796141354839834 ], [ 112.006917299442208, -7.796138942532361 ], [ 112.006921738972821, -7.796137978708401 ], [ 112.006922985449052, -7.796142335995637 ], [ 112.006980599770017, -7.796343819679906 ], [ 112.007007695882848, -7.796440846573894 ], [ 112.007115910688611, -7.796828486021878 ], [ 112.007129448307651, -7.796876980944031 ], [ 112.007130669431561, -7.796881352761132 ], [ 112.007126197864054, -7.796882195470935 ], [ 112.007115022114903, -7.796884300428844 ], [ 112.006990745500246, -7.796907712286407 ], [ 112.006894055180496, -7.796925927688005 ], [ 112.006844969437509, -7.796935174615022 ], [ 112.006840351021452, -7.796936044804005 ], [ 112.00683829323701, -7.796931830536852 ], [ 112.006832905440291, -7.79692079213296 ], [ 112.00683213321139, -7.796919451796882 ], [ 112.006831185332018, -7.796918229454183 ], [ 112.00682015997522, -7.796905858664819 ], [ 112.00677397806443, -7.796854043406255 ], [ 112.006770900057759, -7.796850589475644 ], [ 112.006773658040501, -7.796846877473603 ], [ 112.006786741056445, -7.796829268794087 ], [ 112.006798914689853, -7.796812885064187 ], [ 112.006815645181121, -7.796790366612142 ] ] ], [ [ [ 112.006987449150529, -7.796285325743879 ], [ 112.006954269712111, -7.796169298601301 ], [ 112.006940599586358, -7.796121496774071 ], [ 112.006901708134507, -7.79598549261595 ], [ 112.006645177900594, -7.795176691110036 ], [ 112.006604615108671, -7.795046672760901 ], [ 112.006841051659791, -7.794972171897413 ], [ 112.006877191503719, -7.795111200702063 ], [ 112.006929053170268, -7.795310711069508 ], [ 112.006883495864685, -7.795323980628228 ], [ 112.006917290837947, -7.795408851469703 ], [ 112.0068897226312, -7.795419685141944 ], [ 112.00709138842754, -7.795969586701657 ], [ 112.007112127156461, -7.796065755935322 ], [ 112.00725726378019, -7.796030423831651 ], [ 112.00727513275109, -7.796099091679952 ], [ 112.00730351916593, -7.796208164278931 ], [ 112.007333119259286, -7.79632190083833 ], [ 112.007337778114959, -7.796338701275438 ], [ 112.007338846035211, -7.796343096971549 ], [ 112.007041896106998, -7.796420165974703 ], [ 112.007040679554848, -7.796415808616949 ], [ 112.007029732295024, -7.796418650137179 ], [ 112.007025343058856, -7.796419789302187 ], [ 112.007002421567748, -7.796337686409553 ], [ 112.006987449150529, -7.796285325743879 ] ] ], [ [ [ 112.00640616938098, -7.794486691439209 ], [ 112.006623545392628, -7.795183459719032 ], [ 112.00687999698404, -7.795992002762849 ], [ 112.006914262832339, -7.796111833169516 ], [ 112.006915508401534, -7.796116190458958 ], [ 112.006911068871119, -7.796117154282825 ], [ 112.006899960982835, -7.79611956657715 ], [ 112.006769189702212, -7.796147959100095 ], [ 112.006764712102182, -7.79614893115288 ], [ 112.006763103068636, -7.796144652507791 ], [ 112.006689857982892, -7.795949935787305 ], [ 112.006559293374025, -7.795630652630452 ], [ 112.006555292481053, -7.795620868983636 ], [ 112.006587563617217, -7.795608474865988 ], [ 112.006342787293903, -7.794840313677478 ], [ 112.006152390464834, -7.794372615462953 ], [ 112.006233716594863, -7.794334447107231 ], [ 112.006321177949047, -7.794305141132353 ], [ 112.006329140772863, -7.794302340190754 ], [ 112.006344305986275, -7.794297675293395 ], [ 112.00640616938098, -7.794486691439209 ] ] ], [ [ [ 112.00667269042691, -7.794253360293835 ], [ 112.006721136072926, -7.794444682904113 ], [ 112.006732837049157, -7.794486689329943 ], [ 112.00645549369824, -7.794568688248659 ], [ 112.006427769883999, -7.794479824338419 ], [ 112.006362437808761, -7.794280211103719 ], [ 112.00636103097267, -7.794275912981921 ], [ 112.006365347057951, -7.794274529804262 ], [ 112.00637614407033, -7.794271070939321 ], [ 112.006434576606622, -7.794252350612223 ], [ 112.006491210389413, -7.794234206150922 ], [ 112.006581916410411, -7.794231072016784 ], [ 112.006669272697877, -7.794238657880264 ], [ 112.006669918514646, -7.794238712420022 ], [ 112.006670791968531, -7.794243327453724 ], [ 112.00667269042691, -7.794253360293835 ] ] ], [ [ [ 112.007481365791165, -7.794286478811481 ], [ 112.007393639429068, -7.794278863248254 ], [ 112.007407023725662, -7.794122189790659 ], [ 112.007494764179384, -7.794129644333407 ], [ 112.007481365791165, -7.794286478811481 ] ] ], [ [ [ 112.006814518074322, -7.794228573777439 ], [ 112.006677898028443, -7.794216710407057 ], [ 112.006583196446627, -7.794208487193473 ], [ 112.006582186098981, -7.794208444372981 ], [ 112.006581820650396, -7.794208451572431 ], [ 112.006523490597516, -7.794210466872233 ], [ 112.006523172312015, -7.79421047667281 ], [ 112.006523466136628, -7.794208199526988 ], [ 112.006523498827207, -7.794205940185784 ], [ 112.006524279948124, -7.794151029543974 ], [ 112.006522940210502, -7.794100037405682 ], [ 112.006522695794942, -7.794090730508176 ], [ 112.006526049924005, -7.794073499497626 ], [ 112.006516760304621, -7.794024269084018 ], [ 112.006513862464644, -7.794008911530652 ], [ 112.006506399922074, -7.793991082166111 ], [ 112.006493040900736, -7.793930710715919 ], [ 112.006489085084738, -7.793912834128032 ], [ 112.006477573332532, -7.793860807975576 ], [ 112.006456762393043, -7.793792742162655 ], [ 112.006431088960838, -7.79370876995014 ], [ 112.006408245718021, -7.793634231440426 ], [ 112.006393637483598, -7.793586561134012 ], [ 112.006381826969573, -7.793548023435211 ], [ 112.006354022634952, -7.793457294764315 ], [ 112.006348255391885, -7.79343847553943 ], [ 112.006346927369918, -7.793434141052671 ], [ 112.006367937574552, -7.79342618462217 ], [ 112.006430729885096, -7.793402401811868 ], [ 112.00643558887667, -7.793400895246856 ], [ 112.006709964197086, -7.793315840185068 ], [ 112.006760678683563, -7.793304874656672 ], [ 112.00676072689636, -7.793309491651707 ], [ 112.006760904781828, -7.793326630156949 ], [ 112.006757761953637, -7.793421284303114 ], [ 112.006755650343337, -7.793484864343045 ], [ 112.006753593748371, -7.793546799095877 ], [ 112.006751125168464, -7.793621145401224 ], [ 112.006744116987619, -7.793832185217651 ], [ 112.006748136937162, -7.793861717024771 ], [ 112.00675022215124, -7.793877039425436 ], [ 112.006795211329404, -7.7938769324987 ], [ 112.006939148095256, -7.793880180951556 ], [ 112.006939182029583, -7.793879581234573 ], [ 112.006944001883596, -7.793880290606992 ], [ 112.006999188440332, -7.793888412331028 ], [ 112.007012563857856, -7.793890733857782 ], [ 112.006998130312923, -7.794043293760839 ], [ 112.006979673076842, -7.794238375001516 ], [ 112.006979247636977, -7.794242877355161 ], [ 112.006974729614285, -7.794242484720653 ], [ 112.006814518074322, -7.794228573777439 ] ] ], [ [ [ 112.006061891229592, -7.793013841606739 ], [ 112.006101870738391, -7.793003442501246 ], [ 112.006103619520218, -7.793002831476187 ], [ 112.006105246122644, -7.793001943985927 ], [ 112.006106705259015, -7.793000803653269 ], [ 112.006107958916985, -7.792999442223452 ], [ 112.006108972720313, -7.792997895050861 ], [ 112.006109720467336, -7.792996202897053 ], [ 112.006110182319532, -7.792994412839422 ], [ 112.006110344784233, -7.792992571035941 ], [ 112.006110271764783, -7.792991614323351 ], [ 112.006110204354911, -7.792990728142922 ], [ 112.006099310279851, -7.792922378269921 ], [ 112.006090063263898, -7.792864365727044 ], [ 112.006086181799972, -7.792840014146483 ], [ 112.006083878344086, -7.792825567743815 ], [ 112.006083520194366, -7.792824073573006 ], [ 112.006038079950741, -7.792679266609818 ], [ 112.005990898016378, -7.792528907864168 ], [ 112.005972747898369, -7.792471068398773 ], [ 112.005955153380867, -7.792414998484987 ], [ 112.005913790663541, -7.792283185696204 ], [ 112.005913129269715, -7.79228154301423 ], [ 112.00591221968935, -7.792280023019456 ], [ 112.005911081963973, -7.792278663650289 ], [ 112.005909747006427, -7.792277498297263 ], [ 112.005908244809859, -7.792276554926418 ], [ 112.005906613516075, -7.792275856057974 ], [ 112.005904893071985, -7.792275420590053 ], [ 112.005836557177432, -7.792263837005245 ], [ 112.005696039666489, -7.792240018696322 ], [ 112.005695620546788, -7.792239955476714 ], [ 112.005596272937822, -7.792226907932901 ], [ 112.005590301213417, -7.792226123495425 ], [ 112.0055897986459, -7.792226053238313 ], [ 112.005485448136028, -7.792212344646308 ], [ 112.005471557051052, -7.792210519914429 ], [ 112.005468859206786, -7.792210165449514 ], [ 112.00546861800639, -7.792204854308592 ], [ 112.005465509262024, -7.792136424424432 ], [ 112.005460214419102, -7.792019862381627 ], [ 112.005454115569009, -7.791885589901758 ], [ 112.005456542403579, -7.791820625315191 ], [ 112.005456626772556, -7.791818357710682 ], [ 112.005456942813424, -7.791813986758173 ], [ 112.005461312978326, -7.791814373432215 ], [ 112.005760198802662, -7.791850817116149 ], [ 112.006074972382208, -7.791901518264965 ], [ 112.006074751077264, -7.791906063547008 ], [ 112.006074640423734, -7.791908335735799 ], [ 112.006074143337855, -7.791918538877046 ], [ 112.006073624266705, -7.791935487303146 ], [ 112.006065760340718, -7.792192425357303 ], [ 112.006069735403798, -7.792215343197218 ], [ 112.006080208665011, -7.79227571881915 ], [ 112.006082154363511, -7.792286938164548 ], [ 112.0060831773486, -7.792286958346088 ], [ 112.006083071119562, -7.79229222328036 ], [ 112.00611146206731, -7.79245589732915 ], [ 112.006132665186584, -7.792578133933503 ], [ 112.006182585527554, -7.792810753927266 ], [ 112.006199390725854, -7.792889061992936 ], [ 112.006242066100285, -7.792977311596416 ], [ 112.006311070727193, -7.793120008590251 ], [ 112.006318816388571, -7.793136025718017 ], [ 112.006337186702623, -7.793174012416862 ], [ 112.006360416408086, -7.793222050248089 ], [ 112.00637481777315, -7.793252599304074 ], [ 112.006369929356026, -7.79325469472142 ], [ 112.006171224743653, -7.793338420315487 ], [ 112.006167870662125, -7.793329092764957 ], [ 112.006159483630213, -7.793305767561791 ], [ 112.006131569774197, -7.793237125285779 ], [ 112.006127076719082, -7.793164390011654 ], [ 112.00607861095844, -7.793164983557328 ], [ 112.006054426777723, -7.793085594128637 ], [ 112.006034434939963, -7.793020983062149 ], [ 112.006061891229592, -7.793013841606739 ] ] ], [ [ [ 112.007634651861153, -7.79908642566006 ], [ 112.007582935105717, -7.798899010090602 ], [ 112.007579742265364, -7.798805133492828 ], [ 112.007579588111398, -7.79880059181995 ], [ 112.007584134967132, -7.798800885790376 ], [ 112.007710245166294, -7.79880905197101 ], [ 112.007715347994534, -7.79880937084501 ], [ 112.007740035979509, -7.798810967180687 ], [ 112.007773777767312, -7.798813148833361 ], [ 112.007831192593144, -7.798816861397654 ], [ 112.007898656217719, -7.798821224733025 ], [ 112.007951901505308, -7.798824667739334 ], [ 112.007965810826647, -7.798826819720239 ], [ 112.008032453458767, -7.798837129796228 ], [ 112.008122528385755, -7.798851065988259 ], [ 112.008188567715649, -7.798863170956697 ], [ 112.008207007660801, -7.798866411924258 ], [ 112.008211534772016, -7.798867170810966 ], [ 112.008219325013528, -7.798868393133238 ], [ 112.00822549750275, -7.798869281956519 ], [ 112.008240564946917, -7.79887107392062 ], [ 112.00826579526094, -7.798873434984011 ], [ 112.008268657925669, -7.798873675074817 ], [ 112.008278927528238, -7.798875264115209 ], [ 112.008335322340145, -7.798883988667046 ], [ 112.008425002644458, -7.79889786423098 ], [ 112.008448302486116, -7.798901468948426 ], [ 112.008551501110489, -7.798917434974317 ], [ 112.008624907004091, -7.798928792447871 ], [ 112.00865592900854, -7.798933591592743 ], [ 112.008726862711427, -7.798944167181387 ], [ 112.008873204416631, -7.798965985075198 ], [ 112.008955032910791, -7.798977914816876 ], [ 112.008964417787482, -7.798979283459313 ], [ 112.008967366153399, -7.798979713270882 ], [ 112.008967669168996, -7.798983926279136 ], [ 112.008967661079936, -7.798984335099908 ], [ 112.008969049079084, -7.798984537096896 ], [ 112.008925601888862, -7.799266554502667 ], [ 112.008706725811422, -7.799235346969301 ], [ 112.008156591812764, -7.799164829630763 ], [ 112.008156143718168, -7.799164788189803 ], [ 112.008155567638241, -7.799164698214503 ], [ 112.008039695822077, -7.799146635061125 ], [ 112.00803901909066, -7.799146549847506 ], [ 112.007836302249629, -7.7991272951838 ], [ 112.007835461463884, -7.799127247441977 ], [ 112.007834992587121, -7.799127237705138 ], [ 112.007834587186792, -7.7991272260083 ], [ 112.007647441613784, -7.799119064076015 ], [ 112.007634651861153, -7.79908642566006 ] ] ], [ [ [ 112.008074935641687, -7.798660126071301 ], [ 112.008683896207572, -7.798728857382015 ], [ 112.009001911344328, -7.798770689053248 ], [ 112.008996550262992, -7.798806028792197 ], [ 112.008989268772851, -7.798856272656652 ], [ 112.00898733692641, -7.79886867425691 ], [ 112.008986272273233, -7.798874735558191 ], [ 112.008985071184668, -7.798880628056622 ], [ 112.008984993281999, -7.798881043374795 ], [ 112.008973869399796, -7.798953248675842 ], [ 112.008973180911511, -7.798957718191573 ], [ 112.008876520758989, -7.798943616995422 ], [ 112.008659342434257, -7.798911238657159 ], [ 112.007954877694416, -7.798802247109267 ], [ 112.007953873521643, -7.798802136446605 ], [ 112.007583362383414, -7.798778177430346 ], [ 112.007578812610376, -7.798777801163823 ], [ 112.007579221002075, -7.798773378441019 ], [ 112.007619344888809, -7.798349402641334 ], [ 112.007619372174943, -7.798349057084713 ], [ 112.007627004050335, -7.798229150594532 ], [ 112.007627026756751, -7.798228407100278 ], [ 112.007627018525753, -7.798227999222626 ], [ 112.007624553969933, -7.798164084605274 ], [ 112.007618399188601, -7.797931824833064 ], [ 112.007618678322459, -7.797747931244104 ], [ 112.007621874182945, -7.797560340644027 ], [ 112.007621951272554, -7.797555794802863 ], [ 112.007626477873558, -7.797556346584878 ], [ 112.008194358646008, -7.797625583567497 ], [ 112.008198861662777, -7.797626132686056 ], [ 112.008198458919779, -7.797630639507148 ], [ 112.008172354980331, -7.797922823883298 ], [ 112.008158038447661, -7.798069135692853 ], [ 112.007763120438369, -7.798055783220571 ], [ 112.007740074366311, -7.798451874632687 ], [ 112.008066490321795, -7.798490582145741 ], [ 112.008080640864748, -7.798380610662806 ], [ 112.0082246683791, -7.798341217185829 ], [ 112.008276561297535, -7.798209384420101 ], [ 112.00855917487965, -7.798231683741029 ], [ 112.008695978087985, -7.798250567876151 ], [ 112.008654824890769, -7.798520758030318 ], [ 112.008097887778973, -7.798457898218591 ], [ 112.008074935641687, -7.798660126071301 ] ] ], [ [ [ 112.011944528261708, -7.797063587892541 ], [ 112.012486493221971, -7.797123200962528 ], [ 112.012618182560274, -7.79713768699948 ], [ 112.012639905064106, -7.797140076098517 ], [ 112.012640736824764, -7.797135617996643 ], [ 112.012641978511638, -7.79712438023274 ], [ 112.012661086989354, -7.797126589270349 ], [ 112.01263189945476, -7.797280092430717 ], [ 112.01262964880199, -7.797279795734648 ], [ 112.012614178722174, -7.797277984987405 ], [ 112.012604818117836, -7.797276889501487 ], [ 112.012572801201429, -7.797273141246442 ], [ 112.012469790266991, -7.797262283924668 ], [ 112.011996678010945, -7.79721241791936 ], [ 112.011929507426629, -7.797205338514253 ], [ 112.011944528261708, -7.797063587892541 ] ] ], [ [ [ 112.011457095935782, -7.797009972250291 ], [ 112.011505813042078, -7.79701533128004 ], [ 112.011490580104237, -7.797159075769738 ], [ 112.011439288269429, -7.797153669529413 ], [ 112.011317434219393, -7.79714082558592 ], [ 112.011155658808178, -7.797123773675715 ], [ 112.01116858309436, -7.797021626607741 ], [ 112.01116696068587, -7.797011041444041 ], [ 112.011168952651147, -7.797011242896651 ], [ 112.011170047765077, -7.796980488839447 ], [ 112.011229878262469, -7.796984980244951 ], [ 112.011334063159055, -7.79699643923493 ], [ 112.011457095935782, -7.797009972250291 ] ] ], [ [ [ 112.009213129612021, -7.796191186279689 ], [ 112.009167056467945, -7.796189381403077 ], [ 112.009150088064686, -7.796317685126815 ], [ 112.008975369819325, -7.796300872098016 ], [ 112.008952843656274, -7.796513422079106 ], [ 112.009023137422872, -7.796523165311456 ], [ 112.009016473226097, -7.796631961289751 ], [ 112.009145132178105, -7.796652713401258 ], [ 112.009133074972453, -7.796768742279347 ], [ 112.008938065583749, -7.796754668289174 ], [ 112.0089268923779, -7.796898273790754 ], [ 112.00852256635045, -7.79684118987607 ], [ 112.008524008820146, -7.796825134647063 ], [ 112.008555098611254, -7.796479218975366 ], [ 112.008640668437266, -7.795708025314792 ], [ 112.008670614003151, -7.795483805907596 ], [ 112.008670709713385, -7.795482874118481 ], [ 112.008686841003197, -7.795263582377967 ], [ 112.008811393397011, -7.794429293388909 ], [ 112.008811873589607, -7.794426077906973 ], [ 112.0088120428628, -7.794424812208591 ], [ 112.008861194106885, -7.794429434346555 ], [ 112.008934319132891, -7.794436310188291 ], [ 112.009296762283427, -7.794470390184029 ], [ 112.009346230095801, -7.794475041356127 ], [ 112.009347424700309, -7.794475152467353 ], [ 112.009346212422358, -7.794486968996973 ], [ 112.009345142091973, -7.794486872060446 ], [ 112.009340460423047, -7.794537787147603 ], [ 112.009335786705293, -7.794588614486232 ], [ 112.009335063075213, -7.79459847538212 ], [ 112.009309124256248, -7.7945962815493 ], [ 112.009207524098457, -7.795454164855644 ], [ 112.009296713472025, -7.795468216953996 ], [ 112.009285379491061, -7.795566253224976 ], [ 112.00927832102181, -7.795606989210322 ], [ 112.009280623596993, -7.795607386193439 ], [ 112.009213129612021, -7.796191186279689 ] ], [ [ 112.009103570187136, -7.795653747809212 ], [ 112.009114695923884, -7.795591038818289 ], [ 112.009200608936652, -7.795079472578879 ], [ 112.009202286554057, -7.795069482970693 ], [ 112.009229362868382, -7.794908256404331 ], [ 112.009181115149133, -7.79490385347747 ], [ 112.009163451633313, -7.795018223247921 ], [ 112.009150147937106, -7.795111349369258 ], [ 112.009172079314126, -7.795114547989439 ], [ 112.009109508222139, -7.795541267653056 ], [ 112.009103570187136, -7.795653747809212 ] ] ], [ [ [ 112.009028208492978, -7.792289525440498 ], [ 112.009013981852121, -7.792497897105381 ], [ 112.008553244195497, -7.792449421519986 ], [ 112.008283148516071, -7.792420779000495 ], [ 112.008294454854209, -7.792332690598945 ], [ 112.007875881934467, -7.792283913112505 ], [ 112.007894864374535, -7.792132276668391 ], [ 112.007965529142538, -7.792141614106534 ], [ 112.008218048331699, -7.792174977288968 ], [ 112.008888790746269, -7.792265245241517 ], [ 112.009024015522471, -7.7922843657139 ], [ 112.009028516875375, -7.792285001659906 ], [ 112.009028208492978, -7.792289525440498 ] ] ] ] } },
{ "type": "Feature", "properties": { "OBJECTID": 3, "Name": "Halte Semampir", "REMARK": "Halte", "type": "lines", "start": "611352.2178, 9138432.1202", "NAMZON": "AREA KOMERSIAL", "LUAS": 85071.478 }, "geometry": { "type": "MultiPolygon", "coordinates": [ [ [ [ 112.003079574489163, -7.794661407959276 ], [ 112.003092457473002, -7.794656259515018 ], [ 112.003257597287899, -7.794590264668211 ], [ 112.00334493772931, -7.794555361142048 ], [ 112.003395720966708, -7.794535066631763 ], [ 112.003420663205418, -7.794525098611829 ], [ 112.00342806524344, -7.794522140775182 ], [ 112.003434439906627, -7.79451960683658 ], [ 112.003487754064892, -7.794614237634748 ], [ 112.003495885994994, -7.794707544664485 ], [ 112.003496327425395, -7.794710120338957 ], [ 112.003497188475507, -7.79471258739211 ], [ 112.003568572264399, -7.794873202349028 ], [ 112.003569794620361, -7.794875445151674 ], [ 112.003571362862601, -7.794877462836194 ], [ 112.003573236057392, -7.794879203042642 ], [ 112.003575366031299, -7.794880619759235 ], [ 112.003577695565937, -7.79488167694439 ], [ 112.0035801656486, -7.794882346700572 ], [ 112.003582711849134, -7.794882611091871 ], [ 112.003585267953795, -7.794882464848584 ], [ 112.003587765045552, -7.794881909942911 ], [ 112.003470001535547, -7.794926155105323 ], [ 112.003184542720405, -7.794928173810968 ], [ 112.003079574489163, -7.794661407959276 ] ] ], [ [ [ 112.008888791765301, -7.790635349457554 ], [ 112.008934652725586, -7.790191412177706 ], [ 112.008946323175238, -7.790192611341026 ], [ 112.008947830976638, -7.790181007642366 ], [ 112.009391601192888, -7.790238364762246 ], [ 112.009492133427784, -7.790248694721138 ], [ 112.009499583748067, -7.790210551974436 ], [ 112.009924661798792, -7.790293137484347 ], [ 112.010034106165307, -7.790304382969853 ], [ 112.010056025045827, -7.790194070228573 ], [ 112.010304332017981, -7.790220986834598 ], [ 112.010358052552149, -7.790226809899819 ], [ 112.010432450355921, -7.79023381187154 ], [ 112.010453810481636, -7.790240285486525 ], [ 112.010393380091514, -7.790580229520501 ], [ 112.010351214071235, -7.790817428582845 ], [ 112.010350422178007, -7.790821881161375 ], [ 112.009865631999531, -7.790730218901726 ], [ 112.009864782893786, -7.790730097922988 ], [ 112.009843223395308, -7.790727852957339 ], [ 112.009348948668617, -7.790676372915614 ], [ 112.009339183941606, -7.79067535517661 ], [ 112.009337236842725, -7.790675320923854 ], [ 112.009335312303079, -7.790675618542533 ], [ 112.009333467436804, -7.790676240661212 ], [ 112.009331755702576, -7.790677168159585 ], [ 112.009330229634827, -7.790678374684064 ], [ 112.009328932675729, -7.790679823954076 ], [ 112.009327903718003, -7.790681473368847 ], [ 112.009327172570735, -7.790683274018245 ], [ 112.009326761777373, -7.790685172487312 ], [ 112.009294973649958, -7.790934303343805 ], [ 112.009278724844862, -7.791061644855133 ], [ 112.008838501268315, -7.791022364980625 ], [ 112.008888791765301, -7.790635349457554 ] ] ], [ [ [ 112.010678190480434, -7.796070019237964 ], [ 112.01039845026466, -7.796024646874498 ], [ 112.010230638921826, -7.795997428712341 ], [ 112.010140005412154, -7.795982728362169 ], [ 112.010131949541446, -7.796031244900933 ], [ 112.009964895902911, -7.796003655455878 ], [ 112.009933856040263, -7.796188483671084 ], [ 112.009929769424232, -7.796187801077546 ], [ 112.009890403750973, -7.796409682668655 ], [ 112.010316504085139, -7.796447098103032 ], [ 112.010288734254445, -7.796617800608425 ], [ 112.010027776797273, -7.796609449397405 ], [ 112.009997546948838, -7.796854738134414 ], [ 112.009850419732274, -7.796842377305548 ], [ 112.009614232865317, -7.796822535715109 ], [ 112.009406059349246, -7.796805047461921 ], [ 112.009413365689852, -7.796758384167759 ], [ 112.009413496872199, -7.796757496611106 ], [ 112.009414462528753, -7.796751376757775 ], [ 112.009416690798489, -7.79673893013358 ], [ 112.009423866231344, -7.796701215562663 ], [ 112.009428517389907, -7.79667617352413 ], [ 112.009440835330167, -7.796607669911833 ], [ 112.009456431379874, -7.796519780209411 ], [ 112.009462933751408, -7.796483133563508 ], [ 112.009489457743456, -7.796333653392298 ], [ 112.009506212508342, -7.79623922824342 ], [ 112.009514754088059, -7.796191093213101 ], [ 112.009557157714568, -7.795952120919974 ], [ 112.009599628416083, -7.795712769510798 ], [ 112.009604768464754, -7.795683230394554 ], [ 112.009609110581991, -7.795658277726321 ], [ 112.009609362843818, -7.795656828231198 ], [ 112.009613499847021, -7.79563218627076 ], [ 112.009635617173402, -7.795500430730936 ], [ 112.010817778292008, -7.795732227542838 ], [ 112.010760300985865, -7.796083337067733 ], [ 112.010678190480434, -7.796070019237964 ] ] ], [ [ [ 112.009515738792388, -7.798767924183991 ], [ 112.009509266147091, -7.798767042607336 ], [ 112.009501547700523, -7.798817892848526 ], [ 112.009499317620396, -7.79881755620225 ], [ 112.009485030948937, -7.79890860638277 ], [ 112.00948711283641, -7.798908938769867 ], [ 112.009446506816985, -7.799161883537766 ], [ 112.009415183169637, -7.799375455414477 ], [ 112.009417662040704, -7.799375843472172 ], [ 112.009410765756371, -7.799419659734788 ], [ 112.009384323516088, -7.79958766320782 ], [ 112.009332069051894, -7.799579882389692 ], [ 112.009249930885815, -7.800117109481429 ], [ 112.008908398606621, -7.800062818710763 ], [ 112.00890495853794, -7.800059669552164 ], [ 112.008902094879545, -7.80005599083361 ], [ 112.008899890403683, -7.800051885462632 ], [ 112.008898404338652, -7.80004747087369 ], [ 112.008979824190419, -7.799527431448183 ], [ 112.00901121040971, -7.7993269706492 ], [ 112.009064729217258, -7.798985142921935 ], [ 112.009230689291499, -7.799016031462928 ], [ 112.00926372991718, -7.798786227071324 ], [ 112.009099522026048, -7.798762912558012 ], [ 112.009119083113291, -7.79863798069504 ], [ 112.009527111664596, -7.798684871959827 ], [ 112.009515738792388, -7.798767924183991 ] ] ], [ [ [ 112.009196137792941, -7.800783313849506 ], [ 112.009196136704261, -7.800783313671206 ], [ 112.009184458534691, -7.800857510036496 ], [ 112.008780345331843, -7.80079424739843 ], [ 112.008811164691792, -7.800604112805485 ], [ 112.008820046096574, -7.800548259483047 ], [ 112.008826528486551, -7.800507028340683 ], [ 112.008846426722556, -7.800380455043804 ], [ 112.008867814913486, -7.800244407024672 ], [ 112.008874492942127, -7.800200804909905 ], [ 112.008883695187293, -7.800138063602807 ], [ 112.008885809845424, -7.800125881342915 ], [ 112.008887044584114, -7.800120027654668 ], [ 112.008888476744261, -7.800114436684435 ], [ 112.008890044993805, -7.800109626815657 ], [ 112.008891841606712, -7.800107016876017 ], [ 112.008894022571141, -7.800104717143538 ], [ 112.008896535420845, -7.800102782913301 ], [ 112.008899318601436, -7.800101261362339 ], [ 112.008902305091198, -7.800100188827473 ], [ 112.008905421494376, -7.80009959080768 ], [ 112.008908594393546, -7.800099483757625 ], [ 112.008950835492868, -7.800106197934187 ], [ 112.009177876548591, -7.80014228962205 ], [ 112.009207308603266, -7.800146967693995 ], [ 112.009135125669815, -7.80058723535906 ], [ 112.009225244475303, -7.800598383189871 ], [ 112.009196137792941, -7.800783313849506 ] ] ], [ [ [ 112.008288554911005, -7.800717258613179 ], [ 112.008312742684282, -7.8005635852514 ], [ 112.008718586744635, -7.800608486592234 ], [ 112.008710599220464, -7.800657787011194 ], [ 112.008707886977348, -7.8006745326304 ], [ 112.008690764633528, -7.800780223768761 ], [ 112.008288554911005, -7.800717258613179 ] ] ], [ [ [ 112.008401910031282, -7.799997068958686 ], [ 112.008401911014758, -7.799997063077564 ], [ 112.008420148228367, -7.79988119348931 ], [ 112.008310629484214, -7.799880311782863 ], [ 112.008346484067062, -7.79966741490738 ], [ 112.008642162240292, -7.799695426044674 ], [ 112.008662795296502, -7.799494366818484 ], [ 112.008585985934744, -7.799483063599503 ], [ 112.008621061371173, -7.799247719265689 ], [ 112.008631762158473, -7.799249101059182 ], [ 112.008690681807664, -7.799256710711414 ], [ 112.008704133085999, -7.799258447720256 ], [ 112.008751129104851, -7.799264517497853 ], [ 112.008778854437367, -7.799268470706142 ], [ 112.00878976422095, -7.799270025647641 ], [ 112.008816853618328, -7.799273888117192 ], [ 112.008868158458839, -7.799281203863387 ], [ 112.008886730312042, -7.799283851179084 ], [ 112.008897830607722, -7.79928543460536 ], [ 112.008902846423879, -7.799286149811065 ], [ 112.008906015212943, -7.799286600803717 ], [ 112.008906653888644, -7.799286699673031 ], [ 112.008922158550433, -7.79928890750992 ], [ 112.008921472738749, -7.799293358930658 ], [ 112.008913798437703, -7.799343172318918 ], [ 112.008905953092864, -7.799393134441014 ], [ 112.008900365325786, -7.799430383967739 ], [ 112.008885179914657, -7.799534914164208 ], [ 112.008858147530773, -7.799720992317825 ], [ 112.008854485850136, -7.799745707307094 ], [ 112.008849673255909, -7.799776818441582 ], [ 112.008830498056199, -7.799898576648839 ], [ 112.008810191066871, -7.800027524139006 ], [ 112.00879354921608, -7.800133201003234 ], [ 112.00878836012842, -7.800166148119504 ], [ 112.008777929258983, -7.80023238163812 ], [ 112.008523241612608, -7.800178308653552 ], [ 112.008515497939143, -7.800176472122415 ], [ 112.008524030846374, -7.800116709788723 ], [ 112.00842517801199, -7.800096344250001 ], [ 112.00840615136957, -7.80009276915403 ], [ 112.008403871635082, -7.800099646430752 ], [ 112.00838557853011, -7.800097048592669 ], [ 112.008401910031282, -7.799997068958686 ] ] ], [ [ [ 112.007949433139714, -7.793698096394384 ], [ 112.007965004735823, -7.79355940578638 ], [ 112.007973994256943, -7.793479338849002 ], [ 112.007985873341966, -7.793336472368224 ], [ 112.008061492701472, -7.793355372255914 ], [ 112.00820230809255, -7.793390566717182 ], [ 112.00841498442081, -7.793443722054191 ], [ 112.008421892978077, -7.793413068094248 ], [ 112.008488772337643, -7.793430956753853 ], [ 112.008665661368369, -7.793481507383437 ], [ 112.008620807136069, -7.79366070095534 ], [ 112.008578211083915, -7.793653177139284 ], [ 112.00855344300507, -7.793792642896785 ], [ 112.008152193316505, -7.79374940404763 ], [ 112.007949433139714, -7.793698096394384 ] ] ], [ [ [ 112.00952165699232, -7.793176012147998 ], [ 112.009531834388241, -7.793120740447663 ], [ 112.009565428634545, -7.792938295202156 ], [ 112.009607784239975, -7.792708268416876 ], [ 112.010006739488446, -7.792744839899491 ], [ 112.009980397155502, -7.792887903630362 ], [ 112.009941442244894, -7.793099466251509 ], [ 112.009940586427618, -7.793104114338719 ], [ 112.009888025219297, -7.793389566800873 ], [ 112.009882663815787, -7.793418682268562 ], [ 112.009860327998311, -7.793458854135598 ], [ 112.009833025846575, -7.793495847923018 ], [ 112.009801204802983, -7.793529057500964 ], [ 112.009765388633824, -7.793557938058686 ], [ 112.009726164754852, -7.793582015179108 ], [ 112.009691071685779, -7.793597793366832 ], [ 112.009652410804662, -7.793603262339636 ], [ 112.009613363673836, -7.793603463935662 ], [ 112.009574648520072, -7.793598394634095 ], [ 112.009533716252761, -7.79358847202455 ], [ 112.009452321751041, -7.79356874143956 ], [ 112.009291538996706, -7.793529765639843 ], [ 112.009177532999246, -7.793502128404034 ], [ 112.009080369035573, -7.793478575210383 ], [ 112.008978258908499, -7.793453821839921 ], [ 112.00897602401308, -7.793453279983836 ], [ 112.008971552408525, -7.793452196276045 ], [ 112.008988901570504, -7.793198087473098 ], [ 112.008998913988592, -7.793051431375281 ], [ 112.009025983802772, -7.792654935164171 ], [ 112.009463476660613, -7.792695039915325 ], [ 112.009446493451108, -7.792945969870885 ], [ 112.00945043924348, -7.792946254408177 ], [ 112.009435297714603, -7.793155077828805 ], [ 112.009503068989304, -7.793171506083766 ], [ 112.009503068989744, -7.79317150626466 ], [ 112.00952165699232, -7.793176012147998 ] ] ], [ [ [ 112.009721587118236, -7.792079674916703 ], [ 112.009744691966063, -7.792082622719893 ], [ 112.00977561902657, -7.791854986748245 ], [ 112.009761793220719, -7.791853504842103 ], [ 112.009844488260399, -7.79138832263983 ], [ 112.009849832785108, -7.791358258377472 ], [ 112.009875694067873, -7.791212780793566 ], [ 112.009875693160595, -7.79121278061485 ], [ 112.009877021483874, -7.791205308410009 ], [ 112.009791225653643, -7.791188639862329 ], [ 112.009736984422204, -7.791183066517559 ], [ 112.009721495947588, -7.791264331297953 ], [ 112.00966494021894, -7.791699567661018 ], [ 112.009660717413894, -7.791699021876307 ], [ 112.009682565896242, -7.791506899637814 ], [ 112.00923437597244, -7.791445278745372 ], [ 112.009248552739905, -7.791371004075237 ], [ 112.00928555630928, -7.791187046564505 ], [ 112.009285662662975, -7.791186394218362 ], [ 112.009316837482928, -7.790942070050864 ], [ 112.009333247381889, -7.790813461051619 ], [ 112.009347853845568, -7.790698990753672 ], [ 112.009861958299211, -7.790752537186566 ], [ 112.010346464529732, -7.790844145858515 ], [ 112.010345672638607, -7.79084859934146 ], [ 112.010333078477117, -7.790919444276793 ], [ 112.010307235168213, -7.791064822157621 ], [ 112.010293073334196, -7.791144489003946 ], [ 112.010246498598548, -7.791406484426508 ], [ 112.010198229992142, -7.791678011131708 ], [ 112.010197048864924, -7.791684654258494 ], [ 112.010184842115294, -7.791753319502161 ], [ 112.010154854059095, -7.791922010756268 ], [ 112.010126838116335, -7.792079610829076 ], [ 112.010117839182385, -7.792130230511337 ], [ 112.010094371454358, -7.792262245228044 ], [ 112.009909414553135, -7.792242728125077 ], [ 112.009697902986687, -7.792212904414013 ], [ 112.009721587118236, -7.792079674916703 ] ] ], [ [ [ 112.009554888709204, -7.792192738945205 ], [ 112.009268558339315, -7.792152365297095 ], [ 112.009278385176515, -7.792047529502889 ], [ 112.009278326722537, -7.792023121835821 ], [ 112.009602940994597, -7.792064537578147 ], [ 112.009554888709204, -7.792192738945205 ] ] ], [ [ [ 112.009036171671411, -7.798551790063768 ], [ 112.009002222942783, -7.798768644303091 ], [ 112.009001911344328, -7.798770689053248 ], [ 112.008683896207572, -7.798728857382015 ], [ 112.008714127530766, -7.798527775283769 ], [ 112.008654607912788, -7.798522173977405 ], [ 112.008654824890769, -7.798520758030318 ], [ 112.008695978087985, -7.798250567876151 ], [ 112.00907496652232, -7.798309507130787 ], [ 112.009069270567224, -7.798346636626837 ], [ 112.009060837783878, -7.798396678834828 ], [ 112.009055743250428, -7.798427823201133 ], [ 112.009044946677392, -7.798496208322582 ], [ 112.009036171671411, -7.798551790063768 ] ] ], [ [ [ 112.009521044140328, -7.795635259236825 ], [ 112.009515734506181, -7.795666313674065 ], [ 112.009510266179646, -7.795697372107292 ], [ 112.009483580303495, -7.795847786938288 ], [ 112.00946624306107, -7.795945505593287 ], [ 112.009425361489747, -7.796175935550163 ], [ 112.009402090941037, -7.796307096009605 ], [ 112.009380530316704, -7.796428622042716 ], [ 112.009356806996337, -7.796562336781373 ], [ 112.009335495098966, -7.7966824585488 ], [ 112.009314138459615, -7.796802834566947 ], [ 112.009310565377547, -7.796823259643322 ], [ 112.009276041372303, -7.797020609457221 ], [ 112.009267596223509, -7.797068884442941 ], [ 112.009244231597378, -7.797202440954959 ], [ 112.009226565662786, -7.797303426281357 ], [ 112.009215900070117, -7.797364392067772 ], [ 112.009200237163157, -7.797453925273376 ], [ 112.009195481571297, -7.797482320275137 ], [ 112.009194802973369, -7.79748637463486 ], [ 112.009190170210985, -7.797517586637343 ], [ 112.009181458466159, -7.797580257135637 ], [ 112.009173166110855, -7.79764348014429 ], [ 112.00917128311373, -7.797655828266978 ], [ 112.009170184678183, -7.797661792875086 ], [ 112.009164067565195, -7.797705575443771 ], [ 112.009163441683299, -7.79771005747232 ], [ 112.008651212392323, -7.797658117583024 ], [ 112.008431083031581, -7.797631481050304 ], [ 112.008431159252524, -7.797630741950859 ], [ 112.008431633634302, -7.797626991965741 ], [ 112.00843456097256, -7.797603875041896 ], [ 112.008501584293739, -7.797074541650887 ], [ 112.008501645502875, -7.797073971715284 ], [ 112.00852256635045, -7.79684118987607 ], [ 112.0089268923779, -7.796898273790754 ], [ 112.008938065583749, -7.796754668289174 ], [ 112.009133074972453, -7.796768742279347 ], [ 112.009145132178105, -7.796652713401258 ], [ 112.009016473226097, -7.796631961289751 ], [ 112.009023137422872, -7.796523165311456 ], [ 112.008952843656274, -7.796513422079106 ], [ 112.008975369819325, -7.796300872098016 ], [ 112.009150088064686, -7.796317685126815 ], [ 112.009167056467945, -7.796189381403077 ], [ 112.009213129612021, -7.796191186279689 ], [ 112.009280623596993, -7.795607386193439 ], [ 112.00927832102181, -7.795606989210322 ], [ 112.009285379491061, -7.795566253224976 ], [ 112.009296713472025, -7.795468216953996 ], [ 112.009207524098457, -7.795454164855644 ], [ 112.009309124256248, -7.7945962815493 ], [ 112.009335063075213, -7.79459847538212 ], [ 112.009335786705293, -7.794588614486232 ], [ 112.009340460423047, -7.794537787147603 ], [ 112.009345142091973, -7.794486872060446 ], [ 112.009346212422358, -7.794486968996973 ], [ 112.009347424700309, -7.794475152467353 ], [ 112.009398364685325, -7.794479943024718 ], [ 112.009560179114558, -7.794495157854278 ], [ 112.009708157144686, -7.794509071573103 ], [ 112.009707429681512, -7.794513545704083 ], [ 112.009706494890224, -7.794519298286171 ], [ 112.009680926512104, -7.794676586822202 ], [ 112.009648290852653, -7.794877355400541 ], [ 112.009621178149573, -7.79503884416352 ], [ 112.009608160927641, -7.795116373826805 ], [ 112.009586294793962, -7.795246613850249 ], [ 112.009563648994188, -7.795381497256917 ], [ 112.009542585745635, -7.795506954559237 ], [ 112.009521044140328, -7.795635259236825 ] ] ], [ [ [ 112.009465689230908, -7.794149890602596 ], [ 112.009466886285253, -7.794137777456857 ], [ 112.009764070589455, -7.794165099149597 ], [ 112.009753887051502, -7.794227749643274 ], [ 112.009712521023218, -7.794482229502647 ], [ 112.00971179355794, -7.794486702729227 ], [ 112.009575581102851, -7.794473895120218 ], [ 112.009434941255876, -7.79446067112758 ], [ 112.009465689230908, -7.794149890602596 ] ] ], [ [ [ 112.008996449246155, -7.793569922483616 ], [ 112.009000635588805, -7.793571172380851 ], [ 112.009024970238059, -7.793578343513053 ], [ 112.009043289315997, -7.793583469589634 ], [ 112.009052153038908, -7.793585768334775 ], [ 112.009064415572141, -7.793588780717354 ], [ 112.009089005341281, -7.79359455841837 ], [ 112.009158934926532, -7.793610723998365 ], [ 112.009284485891911, -7.793639746445724 ], [ 112.009414357609813, -7.793671229455543 ], [ 112.009440964949619, -7.79367767974392 ], [ 112.009446100765743, -7.793678924660608 ], [ 112.009510118198875, -7.793697217011788 ], [ 112.0095725772332, -7.793720255887827 ], [ 112.009633122973611, -7.79374791008859 ], [ 112.009689265601992, -7.793778841569168 ], [ 112.009691414071284, -7.793780024866651 ], [ 112.009695788833795, -7.7937845926541 ], [ 112.009732881587752, -7.793823322292219 ], [ 112.009769577940588, -7.793870709152326 ], [ 112.009780920470746, -7.793889044717217 ], [ 112.008910710302729, -7.79379421870931 ], [ 112.008894499551573, -7.79379245207994 ], [ 112.008892284017605, -7.793829158153597 ], [ 112.008700534895965, -7.793808493685515 ], [ 112.008754078731002, -7.793506988942821 ], [ 112.00877604771145, -7.793513543476949 ], [ 112.008827410009303, -7.79352886879883 ], [ 112.008830154131871, -7.793529610226017 ], [ 112.008926995981042, -7.793553086463693 ], [ 112.008996449246155, -7.793569922483616 ] ] ] ] } },
{ "type": "Feature", "properties": { "OBJECTID": 3, "Name": "Halte Semampir", "REMARK": "Halte", "type": "lines", "start": "611352.2178, 9138432.1202", "NAMZON": "AREA PUBLIK", "LUAS": 38376.361 }, "geometry": { "type": "MultiPolygon", "coordinates": [ [ [ [ 112.005089093432218, -7.790637226515951 ], [ 112.005111064476708, -7.790705497358463 ], [ 112.005124447536389, -7.790701903158348 ], [ 112.005135166279672, -7.790612082757254 ], [ 112.005574984098459, -7.790673363250663 ], [ 112.005541961097919, -7.79089580099311 ], [ 112.005541901404797, -7.790896247922857 ], [ 112.005529083478052, -7.791003646764069 ], [ 112.005481924786025, -7.791398838729089 ], [ 112.005462892873638, -7.791546073434614 ], [ 112.005455856738038, -7.791600503313227 ], [ 112.005183315825136, -7.791550207961007 ], [ 112.005138380041856, -7.791465378686779 ], [ 112.005050926204461, -7.791300279037159 ], [ 112.004990813923584, -7.791186798137333 ], [ 112.004957716109971, -7.791124315437865 ], [ 112.004885376555109, -7.790943432866588 ], [ 112.00477258435761, -7.79093006876418 ], [ 112.004775197726786, -7.790901838034574 ], [ 112.004790858541043, -7.790732691988816 ], [ 112.005089093432218, -7.790637226515951 ] ] ], [ [ [ 112.0109559322987, -7.796497885781143 ], [ 112.01094612667552, -7.796550529517429 ], [ 112.010835503294885, -7.796526289943047 ], [ 112.010845734845347, -7.796489302532269 ], [ 112.0109559322987, -7.796497885781143 ] ] ], [ [ [ 112.009604553697343, -7.798229494280393 ], [ 112.009592879509356, -7.798228153720243 ], [ 112.009586617666841, -7.798272185623582 ], [ 112.009586611044341, -7.798272184644498 ], [ 112.009556332194975, -7.798485076343675 ], [ 112.009554506315695, -7.798484818051914 ], [ 112.009527111664596, -7.798684871959827 ], [ 112.009119083113291, -7.79863798069504 ], [ 112.009205716248232, -7.798084646786762 ], [ 112.009232493408518, -7.797913610780984 ], [ 112.009634421488471, -7.797970785166206 ], [ 112.009604553697343, -7.798229494280393 ] ] ], [ [ [ 112.008325289183077, -7.80048387294081 ], [ 112.008325288366677, -7.800483872852309 ], [ 112.008331800571952, -7.800442498831203 ], [ 112.008329218326054, -7.800442079268687 ], [ 112.00838557853011, -7.800097048592669 ], [ 112.008403871635082, -7.800099646430752 ], [ 112.00840615136957, -7.80009276915403 ], [ 112.00842517801199, -7.800096344250001 ], [ 112.008524030846374, -7.800116709788723 ], [ 112.008515497939143, -7.800176472122415 ], [ 112.008523241612608, -7.800178308653552 ], [ 112.008777929258983, -7.80023238163812 ], [ 112.008766525614533, -7.800304797432321 ], [ 112.00876419504138, -7.800319597621551 ], [ 112.008758420853795, -7.800356261522828 ], [ 112.008740695421963, -7.800468813718269 ], [ 112.008722609996326, -7.800583654070205 ], [ 112.008721232869192, -7.80059215445424 ], [ 112.008718586744635, -7.800608486592234 ], [ 112.008312742684282, -7.8005635852514 ], [ 112.008325289183077, -7.80048387294081 ] ] ], [ [ [ 112.009230689291499, -7.799016031462928 ], [ 112.009064729217258, -7.798985142921935 ], [ 112.009099522026048, -7.798762912558012 ], [ 112.00926372991718, -7.798786227071324 ], [ 112.009230689291499, -7.799016031462928 ] ] ], [ [ [ 112.008198463683556, -7.798179214174778 ], [ 112.008203398073547, -7.798181530422666 ], [ 112.008208429961243, -7.798183661030501 ], [ 112.008213545747921, -7.798185607839526 ], [ 112.008218738141821, -7.798187355491807 ], [ 112.008219107489609, -7.798187460430372 ], [ 112.008219555981597, -7.79818766828525 ], [ 112.008276561297535, -7.798209384420101 ], [ 112.0082246683791, -7.798341217185829 ], [ 112.008080640864748, -7.798380610662806 ], [ 112.008066490321795, -7.798490582145741 ], [ 112.007740074366311, -7.798451874632687 ], [ 112.007763120438369, -7.798055783220571 ], [ 112.008158038447661, -7.798069135692853 ], [ 112.008142341995253, -7.798076573102337 ], [ 112.00809643295095, -7.798098327198248 ], [ 112.008106161782536, -7.798118749540212 ], [ 112.008144504322885, -7.798100582334897 ], [ 112.008173562868805, -7.79808681285866 ], [ 112.008175240956746, -7.79808583388891 ], [ 112.008176726139538, -7.798084584049991 ], [ 112.008177974972099, -7.798083098718135 ], [ 112.008178950381179, -7.798081423202968 ], [ 112.008172767733626, -7.79816605804983 ], [ 112.008184272324741, -7.798171371303044 ], [ 112.008187084013073, -7.79817266969756 ], [ 112.008188986956853, -7.798173943123238 ], [ 112.008193649423845, -7.798176695953254 ], [ 112.008198463683556, -7.798179214174778 ] ] ], [ [ [ 112.00927333577512, -7.797652757768928 ], [ 112.009576548378263, -7.797699975890862 ], [ 112.009567608414926, -7.797757078370962 ], [ 112.009515218034039, -7.797748920539851 ], [ 112.009512574184868, -7.797765808896625 ], [ 112.009261751008111, -7.797726750415393 ], [ 112.009268651852821, -7.797682675656938 ], [ 112.00927333577512, -7.797652757768928 ] ] ], [ [ [ 112.007527697298471, -7.796642871854204 ], [ 112.007523644013091, -7.796716210758107 ], [ 112.00751749149741, -7.796827529803481 ], [ 112.0075159294651, -7.796855792390739 ], [ 112.007506878025069, -7.797019565241452 ], [ 112.007506647673949, -7.797023732491937 ], [ 112.007502641320102, -7.797096218407478 ], [ 112.007497303986511, -7.797155563429595 ], [ 112.007487772407686, -7.797261546245909 ], [ 112.007470695045441, -7.797451422816583 ], [ 112.007466809092648, -7.797494631188449 ], [ 112.007464903660463, -7.797515818343479 ], [ 112.007464499089252, -7.797520322455918 ], [ 112.007459977509782, -7.797519974156565 ], [ 112.007333818646131, -7.797510258681479 ], [ 112.007328921553295, -7.797509881427967 ], [ 112.007327388695217, -7.797505228172001 ], [ 112.007320509117534, -7.797484349525415 ], [ 112.007265759124707, -7.7972809326909 ], [ 112.0072153442418, -7.797100355918415 ], [ 112.007155820769682, -7.796887143687976 ], [ 112.007139429279306, -7.796828429179962 ], [ 112.007088630351674, -7.796646475843561 ], [ 112.007533881982113, -7.796530972993175 ], [ 112.007527697298471, -7.796642871854204 ] ] ], [ [ [ 112.007503409675905, -7.796240298836092 ], [ 112.00750711773658, -7.79624062827032 ], [ 112.007563035247017, -7.796245592589504 ], [ 112.007711802114486, -7.796258800509507 ], [ 112.007735712069319, -7.79626806646089 ], [ 112.007737388312918, -7.796269730238127 ], [ 112.007689362621875, -7.79671290597393 ], [ 112.007676982429629, -7.796827150287475 ], [ 112.007655464153288, -7.797025720843155 ], [ 112.007628385272483, -7.797275596581589 ], [ 112.007611236837832, -7.797433846358265 ], [ 112.00760718373607, -7.797471244174178 ], [ 112.007605250366339, -7.797489090436505 ], [ 112.007602521982477, -7.797514268079473 ], [ 112.007601215894994, -7.797526315462237 ], [ 112.007600728785434, -7.797530813440008 ], [ 112.00759620539219, -7.79753046514647 ], [ 112.007491625843443, -7.797522411352971 ], [ 112.007487105170824, -7.797522063051757 ], [ 112.007487509741779, -7.797517558939343 ], [ 112.007489266772609, -7.79749802452844 ], [ 112.00751013553527, -7.797265982617462 ], [ 112.007518278452139, -7.797175441701064 ], [ 112.007525239422321, -7.797098044943869 ], [ 112.007525267515916, -7.7970976577816 ], [ 112.007529631133977, -7.797018711587477 ], [ 112.00753877470504, -7.796853271656325 ], [ 112.007540200258489, -7.796827475770609 ], [ 112.007546331927273, -7.796716542966259 ], [ 112.007550521670865, -7.796640731030252 ], [ 112.007557544304618, -7.796513672857432 ], [ 112.007568045642472, -7.796323668127195 ], [ 112.007568001448078, -7.796321873846071 ], [ 112.007567673472934, -7.796320108277441 ], [ 112.007567069080068, -7.796318416625169 ], [ 112.007566203790077, -7.796316842264965 ], [ 112.007565098553712, -7.796315424037385 ], [ 112.007563783386246, -7.796314198952576 ], [ 112.007562290096985, -7.796313195876579 ], [ 112.007559110964849, -7.796311444327113 ], [ 112.007549233952105, -7.796306002365466 ], [ 112.007547775911192, -7.796305328417563 ], [ 112.007546236761101, -7.796304867203323 ], [ 112.007544647356795, -7.796304627693664 ], [ 112.007543040358286, -7.796304615237419 ], [ 112.007495538537171, -7.796307599814832 ], [ 112.007494256595479, -7.796307753904355 ], [ 112.007493791593745, -7.796307846357949 ], [ 112.007362852255113, -7.796336874375118 ], [ 112.007362457088163, -7.796336969375727 ], [ 112.007338846035211, -7.796343096971549 ], [ 112.007337778114959, -7.796338701275438 ], [ 112.007333119259286, -7.79632190083833 ], [ 112.00730351916593, -7.796208164278931 ], [ 112.00727513275109, -7.796099091679952 ], [ 112.00725726378019, -7.796030423831651 ], [ 112.007112127156461, -7.796065755935322 ], [ 112.00709138842754, -7.795969586701657 ], [ 112.0068897226312, -7.795419685141944 ], [ 112.006917290837947, -7.795408851469703 ], [ 112.006883495864685, -7.795323980628228 ], [ 112.006929053170268, -7.795310711069508 ], [ 112.006877191503719, -7.795111200702063 ], [ 112.006841051659791, -7.794972171897413 ], [ 112.006604615108671, -7.795046672760901 ], [ 112.00645549369824, -7.794568688248659 ], [ 112.006732837049157, -7.794486689329943 ], [ 112.006721136072926, -7.794444682904113 ], [ 112.00667269042691, -7.794253360293835 ], [ 112.006670791968531, -7.794243327453724 ], [ 112.006669918514646, -7.794238712420022 ], [ 112.006798011379601, -7.794249835435694 ], [ 112.006988493042201, -7.794266375047188 ], [ 112.007353591147691, -7.794298077212128 ], [ 112.007358108263972, -7.794298469844629 ], [ 112.00735768464196, -7.794302972193818 ], [ 112.007354558326739, -7.794336198391195 ], [ 112.00733953348832, -7.794495901968996 ], [ 112.007328520209697, -7.794612959427725 ], [ 112.007318967819444, -7.794690924003144 ], [ 112.00729612180109, -7.794877399182346 ], [ 112.007281458330738, -7.794997089069478 ], [ 112.007265028479878, -7.795155167111678 ], [ 112.007264967849949, -7.795156359292903 ], [ 112.007265010763859, -7.795174306674069 ], [ 112.007265152810575, -7.795176064545642 ], [ 112.007265566811384, -7.795177778357857 ], [ 112.007266243600412, -7.795179407433234 ], [ 112.007267165852141, -7.795180912018102 ], [ 112.007268311713304, -7.795182255082808 ], [ 112.007269652993372, -7.79518340413505 ], [ 112.007271156978348, -7.795184331215266 ], [ 112.007272787339829, -7.795185013799195 ], [ 112.007283723678015, -7.795188617261623 ], [ 112.007464165646411, -7.795243365457856 ], [ 112.007493570313642, -7.795252286435296 ], [ 112.007500817655711, -7.795257080755356 ], [ 112.007507407435753, -7.795268285420864 ], [ 112.00751111708702, -7.795278383586056 ], [ 112.007505202368293, -7.795429610888382 ], [ 112.00749862359865, -7.795597805041993 ], [ 112.007475026247462, -7.796201121397547 ], [ 112.007475080012313, -7.796202746527826 ], [ 112.007475366784419, -7.796204347588644 ], [ 112.007475881042595, -7.796205891129247 ], [ 112.007484328143576, -7.796226211632154 ], [ 112.00748500247289, -7.796227569384062 ], [ 112.007485853397966, -7.796228825419794 ], [ 112.007486865445955, -7.796229956261057 ], [ 112.007488019527258, -7.796230942960263 ], [ 112.007497634924377, -7.79623809853385 ], [ 112.007498949180672, -7.796238942856643 ], [ 112.007500369089811, -7.796239598806951 ], [ 112.007501864695101, -7.79624005379397 ], [ 112.007503409675905, -7.796240298836092 ] ] ], [ [ [ 112.008324835393111, -7.794382410513977 ], [ 112.008402331141198, -7.794389139476365 ], [ 112.00878039923154, -7.79442196626955 ], [ 112.008779729814549, -7.794426447497363 ], [ 112.008725740469728, -7.794788076986027 ], [ 112.008274045640277, -7.794742006457246 ], [ 112.008274889172014, -7.794733732546573 ], [ 112.008310773375868, -7.794381189546616 ], [ 112.008324835393111, -7.794382410513977 ] ] ], [ [ [ 112.008665661368369, -7.793481507383437 ], [ 112.008737051137828, -7.793501908616624 ], [ 112.008742832877076, -7.793503633160165 ], [ 112.008754078731002, -7.793506988942821 ], [ 112.008700534895965, -7.793808493685515 ], [ 112.00855344300507, -7.793792642896785 ], [ 112.008578211083915, -7.793653177139284 ], [ 112.008620807136069, -7.79366070095534 ], [ 112.008665661368369, -7.793481507383437 ] ] ], [ [ [ 112.005888148103722, -7.79353561326382 ], [ 112.005904259930517, -7.793528994379096 ], [ 112.00594450689357, -7.793512466235204 ], [ 112.00604236092704, -7.793478678629967 ], [ 112.006055752270242, -7.793515401921104 ], [ 112.006057302270861, -7.793519652674449 ], [ 112.006053062898729, -7.79352125815555 ], [ 112.006022473099605, -7.79353284418519 ], [ 112.005955223008698, -7.793558314337599 ], [ 112.005903411389511, -7.793576214830417 ], [ 112.005883944387335, -7.793537339852169 ], [ 112.005888148103722, -7.79353561326382 ] ] ], [ [ [ 112.007165911448965, -7.793219953291547 ], [ 112.007068813154689, -7.793230655604259 ], [ 112.007028671039336, -7.793237517061516 ], [ 112.006973352457706, -7.793246972314826 ], [ 112.006972522032996, -7.793247081011359 ], [ 112.006866976065467, -7.793258818128491 ], [ 112.006866237230938, -7.793258925702709 ], [ 112.006865831147621, -7.793259005353185 ], [ 112.006760438528758, -7.793281790583698 ], [ 112.006704673622281, -7.793293847097247 ], [ 112.006703711139934, -7.793294099911304 ], [ 112.006423667611571, -7.793380912172893 ], [ 112.006423068665796, -7.793381117092336 ], [ 112.00637458637776, -7.793399479126708 ], [ 112.006368506840417, -7.793401782679305 ], [ 112.006340286358039, -7.79341247042972 ], [ 112.006176722244291, -7.793474420728291 ], [ 112.006082736684718, -7.793510017982484 ], [ 112.006078497312814, -7.793511623463823 ], [ 112.006076948221065, -7.793507373612844 ], [ 112.006063786002571, -7.793471280165484 ], [ 112.006330125596165, -7.793379315588147 ], [ 112.006564865249601, -7.793298261905366 ], [ 112.006661706157246, -7.793266732222143 ], [ 112.006760003290438, -7.79324006307657 ], [ 112.006873619974783, -7.793215657461706 ], [ 112.006988445585193, -7.793197743647978 ], [ 112.007104108458563, -7.793186382209631 ], [ 112.007220231428192, -7.793181607505928 ], [ 112.007336439100186, -7.793183436708176 ], [ 112.007452354208723, -7.793191862572908 ], [ 112.007567599444769, -7.793206859768665 ], [ 112.007778518151113, -7.793252814949257 ], [ 112.007988758462886, -7.793301762578428 ], [ 112.008239317552068, -7.793364234832554 ], [ 112.008421892978077, -7.793413068094248 ], [ 112.00841498442081, -7.793443722054191 ], [ 112.00820230809255, -7.793390566717182 ], [ 112.008061492701472, -7.793355372255914 ], [ 112.007985873341966, -7.793336472368224 ], [ 112.00765151707256, -7.793252904513657 ], [ 112.007555523463807, -7.793234829910476 ], [ 112.007458623954108, -7.79322246438413 ], [ 112.007361160527793, -7.793215850533911 ], [ 112.007263475125839, -7.793215012870875 ], [ 112.007165911448965, -7.793219953291547 ] ] ], [ [ [ 112.011723829771157, -7.795952706897594 ], [ 112.011732034806556, -7.795911813504826 ], [ 112.012026577638309, -7.795975713880795 ], [ 112.012001958242678, -7.79609921620016 ], [ 112.011986423358337, -7.79617610071068 ], [ 112.011694513120744, -7.796117907303279 ], [ 112.011723823752149, -7.795956619465199 ], [ 112.01172399770698, -7.79595466367743 ], [ 112.011723829771157, -7.795952706897594 ] ] ] ] } },
{ "type": "Feature", "properties": { "OBJECTID": 4, "Name": "Halte Imam Bonjol", "REMARK": "Halte", "type": "lines", "start": "612898.4698, 9136261.2602", "NAMZON": "AREA PERUMAHAN", "LUAS": 464601.874 }, "geometry": { "type": "MultiPolygon", "coordinates": [ [ [ [ 112.019901650577651, -7.811953613202747 ], [ 112.019897777135981, -7.811967794335224 ], [ 112.019829345565185, -7.811948815510378 ], [ 112.019830657917367, -7.81194373279016 ], [ 112.019901650577651, -7.811953613202747 ] ] ], [ [ [ 112.020198997439223, -7.81187183025818 ], [ 112.02018361156496, -7.811868692324313 ], [ 112.019962254350887, -7.811833082879777 ], [ 112.019960397221823, -7.811843105672582 ], [ 112.019527927003409, -7.811763408080666 ], [ 112.019165685961468, -7.811665282007692 ], [ 112.018939741050502, -7.811604076264635 ], [ 112.018800841422106, -7.811586419374203 ], [ 112.018413357078458, -7.811524350057586 ], [ 112.018405720799151, -7.811574657607486 ], [ 112.018336843900869, -7.811564259923202 ], [ 112.01813947479954, -7.811539949161867 ], [ 112.01773603613637, -7.811466187266459 ], [ 112.017736924645575, -7.811461214406115 ], [ 112.017747748587766, -7.811400583715009 ], [ 112.017743416274811, -7.81139980729684 ], [ 112.017691443961397, -7.811390500186806 ], [ 112.017667357216155, -7.811386186189826 ], [ 112.017671046216876, -7.811365851255376 ], [ 112.017582674215731, -7.811354099378749 ], [ 112.017565749510865, -7.811351848717767 ], [ 112.01760469724897, -7.811037373907831 ], [ 112.017660938997977, -7.81104485889924 ], [ 112.017639040828158, -7.811274780339014 ], [ 112.017796009226018, -7.811291631691525 ], [ 112.01781160202691, -7.811191089895024 ], [ 112.018003673901774, -7.811217788135489 ], [ 112.01799604664393, -7.811258127586796 ], [ 112.018691700019005, -7.81137274886061 ], [ 112.018688945894439, -7.811424443383856 ], [ 112.018930886933063, -7.811454011920162 ], [ 112.018933672347771, -7.811415238841898 ], [ 112.019130629158468, -7.81144018194485 ], [ 112.019121307167794, -7.811511630467701 ], [ 112.01934934883063, -7.81154817101463 ], [ 112.019345330154664, -7.811573139212224 ], [ 112.019467282586035, -7.811596775251458 ], [ 112.019475802335819, -7.811547937472692 ], [ 112.019623677567708, -7.81157533936881 ], [ 112.019638411771012, -7.811493397316102 ], [ 112.019713977799753, -7.811509004459244 ], [ 112.019705745420708, -7.811577223366392 ], [ 112.019782974887761, -7.811588042075399 ], [ 112.019780244924576, -7.81162421931668 ], [ 112.019876247958706, -7.811634242942298 ], [ 112.019869180591741, -7.811688102201809 ], [ 112.019956578710946, -7.811711461509411 ], [ 112.019943787718432, -7.811779811705591 ], [ 112.02001701563205, -7.811797582385757 ], [ 112.020050289923915, -7.811666128082488 ], [ 112.020119427480196, -7.811416229703237 ], [ 112.020201412213893, -7.811430965681391 ], [ 112.020196724625052, -7.811451209877062 ], [ 112.020171634195435, -7.811547525627375 ], [ 112.020166597288963, -7.811574056416592 ], [ 112.020247589130818, -7.81159220807619 ], [ 112.020256162221372, -7.811565385665835 ], [ 112.020332994781498, -7.811585301027915 ], [ 112.02032254594927, -7.811630314135007 ], [ 112.020426255670984, -7.811651122379442 ], [ 112.020466707184667, -7.811478648649663 ], [ 112.020563034412632, -7.811495962808442 ], [ 112.020500068349094, -7.81171215561182 ], [ 112.020419644440466, -7.81169559894302 ], [ 112.020380330443359, -7.811837560070564 ], [ 112.020268999093076, -7.811812260758664 ], [ 112.020259198318797, -7.81185749750258 ], [ 112.020253052858862, -7.811886881714261 ], [ 112.020247906100863, -7.811911494484728 ], [ 112.020192337333754, -7.811897849671074 ], [ 112.020198997439223, -7.81187183025818 ] ] ], [ [ [ 112.017662539677474, -7.810570337718517 ], [ 112.017792642950155, -7.810594948399765 ], [ 112.017793557033258, -7.810586045750727 ], [ 112.01801627676312, -7.810613479415799 ], [ 112.018018107597342, -7.810601417391266 ], [ 112.018460317126937, -7.810668173934191 ], [ 112.018460317671298, -7.810668174023325 ], [ 112.018657531556599, -7.810692465590142 ], [ 112.018659178973778, -7.810683575011595 ], [ 112.018807973606187, -7.810710996096986 ], [ 112.018904189721056, -7.810722847302443 ], [ 112.018903477684759, -7.810728596277295 ], [ 112.019097828353409, -7.8107644126552 ], [ 112.019097829351423, -7.810764412833687 ], [ 112.019255048573228, -7.81078814645284 ], [ 112.019538883182506, -7.810830993722868 ], [ 112.019536712744966, -7.810845293119497 ], [ 112.019674208200072, -7.810870631567722 ], [ 112.019908058805356, -7.810908251197985 ], [ 112.019911778774045, -7.81089011085983 ], [ 112.020210039063301, -7.810950941210853 ], [ 112.020076296569769, -7.811376313011326 ], [ 112.019741106634726, -7.81131606773656 ], [ 112.01899575229443, -7.81119231848349 ], [ 112.018995364905123, -7.811192258820943 ], [ 112.018353221034886, -7.811101817337146 ], [ 112.018114262698901, -7.811073255115008 ], [ 112.017992478979949, -7.811057046293178 ], [ 112.018016013108252, -7.810906566528056 ], [ 112.017927145566077, -7.810890499084375 ], [ 112.01792505429718, -7.810901374406641 ], [ 112.017923583533317, -7.810901091245708 ], [ 112.017854618267521, -7.810887829319236 ], [ 112.017844990712248, -7.810885977628865 ], [ 112.017846910921847, -7.810875992673036 ], [ 112.017704341626541, -7.81085021615217 ], [ 112.01765968103939, -7.810842141340966 ], [ 112.017665233923282, -7.810814776343964 ], [ 112.017633035464115, -7.810808563176527 ], [ 112.017662539677474, -7.810570337718517 ] ] ], [ [ [ 112.020346744434789, -7.810978822268773 ], [ 112.020424380054294, -7.810991311449533 ], [ 112.020428846600353, -7.810973861644277 ], [ 112.02044297260646, -7.81097745772117 ], [ 112.020487344366472, -7.810825066138179 ], [ 112.020236609469791, -7.810801597870632 ], [ 112.02005255870283, -7.810791899659296 ], [ 112.019516305840611, -7.810763642216047 ], [ 112.019516156546587, -7.810763634345856 ], [ 112.019432932869719, -7.81075926102664 ], [ 112.018980114828949, -7.810735465603437 ], [ 112.019002636145032, -7.810309229482413 ], [ 112.019516712724396, -7.810327834038043 ], [ 112.020288740526851, -7.810370327980849 ], [ 112.020841845486444, -7.81041600914453 ], [ 112.020625899218658, -7.810846238013872 ], [ 112.02045450038635, -7.81144429009431 ], [ 112.020210484158525, -7.811400431213881 ], [ 112.020248217629899, -7.811258534508719 ], [ 112.020296837964338, -7.811099284558483 ], [ 112.020316193235402, -7.811035888326849 ], [ 112.020322831536021, -7.811014144408293 ], [ 112.02033438564365, -7.810976301695578 ], [ 112.020346744434789, -7.810978822268773 ] ] ], [ [ [ 112.019024289008428, -7.809899429786221 ], [ 112.019378936160791, -7.809996688277934 ], [ 112.019386530330976, -7.809962211380418 ], [ 112.019496007636789, -7.809986834435169 ], [ 112.019521368744421, -7.809858225249145 ], [ 112.019564348197363, -7.809860490063654 ], [ 112.019564454045209, -7.809860495596703 ], [ 112.019858992167869, -7.809875973262026 ], [ 112.019860682224291, -7.809858014817293 ], [ 112.019958320787552, -7.809867153739685 ], [ 112.019875050144762, -7.810315854281269 ], [ 112.019518163251931, -7.810296211850021 ], [ 112.019004306627721, -7.810277614105567 ], [ 112.019024289008428, -7.809899429786221 ] ] ], [ [ [ 112.019686745237223, -7.809610100342745 ], [ 112.019710495675767, -7.809365856157341 ], [ 112.02005305244316, -7.809434352403492 ], [ 112.020005649151642, -7.809640942041066 ], [ 112.019686745237223, -7.809610100342745 ] ] ], [ [ [ 112.029557923891062, -7.810513253198843 ], [ 112.029432824642157, -7.810934437383287 ], [ 112.029357500022286, -7.810913590720911 ], [ 112.029353119482991, -7.810912378609898 ], [ 112.029354644395255, -7.810908107833179 ], [ 112.029355406400157, -7.810905973350349 ], [ 112.029501574312164, -7.810496607436519 ], [ 112.029557923891062, -7.810513253198843 ] ] ], [ [ [ 112.029822141894627, -7.81175563837926 ], [ 112.029670654787139, -7.812172659279618 ], [ 112.029669864667468, -7.812172379461652 ], [ 112.02972750065581, -7.811992493324602 ], [ 112.029623429877319, -7.811956563665046 ], [ 112.029624730864128, -7.811952694996306 ], [ 112.029704015285233, -7.811716886363909 ], [ 112.029705135636775, -7.811713366109689 ], [ 112.029822141894627, -7.81175563837926 ] ] ], [ [ [ 112.029519425998274, -7.812588968348786 ], [ 112.029765057531094, -7.812676335768521 ], [ 112.029762625120895, -7.812683137069286 ], [ 112.030430769816718, -7.812932945549576 ], [ 112.030593238739883, -7.812993689828369 ], [ 112.030442736933466, -7.813396289205684 ], [ 112.030430604450515, -7.81339184913939 ], [ 112.030370367750606, -7.813369802420369 ], [ 112.030313993370712, -7.81334916893001 ], [ 112.030206008298947, -7.813309645793384 ], [ 112.030121299701804, -7.813278641611748 ], [ 112.030028534265085, -7.81324468873812 ], [ 112.029958150290454, -7.813218927809136 ], [ 112.029917046379211, -7.813203883448797 ], [ 112.029847519455771, -7.813178131263785 ], [ 112.029837355696785, -7.813174365601676 ], [ 112.029820406725364, -7.813168088615963 ], [ 112.029731310247769, -7.813135087225377 ], [ 112.029674104749958, -7.813113898542716 ], [ 112.029637073357463, -7.813100181869117 ], [ 112.029535758979065, -7.813062654629625 ], [ 112.029486020409877, -7.813044231537856 ], [ 112.029432363214411, -7.813024357344229 ], [ 112.029372145016865, -7.813002052663674 ], [ 112.02929962720826, -7.812975191608444 ], [ 112.029250216341367, -7.812956888880544 ], [ 112.029369792546603, -7.812585118964519 ], [ 112.028512826468244, -7.812248362776597 ], [ 112.028467065589126, -7.812374822829519 ], [ 112.028134709768111, -7.812266512050563 ], [ 112.028039006582958, -7.812516314780956 ], [ 112.028010615359207, -7.812506336616433 ], [ 112.027992887586763, -7.812500131989674 ], [ 112.027852948952415, -7.812447860305024 ], [ 112.02797311737956, -7.812165345735871 ], [ 112.02813281694462, -7.81223309011059 ], [ 112.02820901054929, -7.812053957555961 ], [ 112.027712776768595, -7.811843459131103 ], [ 112.027620620478245, -7.812060710236796 ], [ 112.027652131785317, -7.811956601518171 ], [ 112.027418705790609, -7.8118767658677 ], [ 112.027427270222034, -7.811846594313985 ], [ 112.027153493564555, -7.811751062658469 ], [ 112.027029671842044, -7.812137205634037 ], [ 112.02668927726279, -7.812008287819578 ], [ 112.026303811155387, -7.811861954151347 ], [ 112.026303488917861, -7.811861835550017 ], [ 112.026224308871065, -7.811833647929462 ], [ 112.026332196674048, -7.811477388842967 ], [ 112.026139120897213, -7.811413248374046 ], [ 112.026164814454546, -7.811322731947667 ], [ 112.026036352587482, -7.811279898311115 ], [ 112.026071753029484, -7.811170587026943 ], [ 112.02621206779348, -7.811217805463261 ], [ 112.02620206755175, -7.811249416712194 ], [ 112.026333177603121, -7.811289299970763 ], [ 112.026395530977396, -7.811088291621638 ], [ 112.026425547039764, -7.811110820260226 ], [ 112.026427162874512, -7.811111832003274 ], [ 112.026428925838701, -7.811112559400234 ], [ 112.027560702417389, -7.811471803736328 ], [ 112.02796778874125, -7.811600309053579 ], [ 112.027968176292589, -7.811600434730138 ], [ 112.028312135909445, -7.811709012325959 ], [ 112.028312463566436, -7.811709121868289 ], [ 112.029136208490414, -7.811995744206775 ], [ 112.029625515111064, -7.812180667102187 ], [ 112.029662932273212, -7.812193918163223 ], [ 112.029519425998274, -7.812588968348786 ] ] ], [ [ [ 112.029662585414101, -7.814602336344505 ], [ 112.029662584143566, -7.814602335985834 ], [ 112.029235099643216, -7.81446149846989 ], [ 112.029237117539921, -7.814455406885102 ], [ 112.028855991117709, -7.814323789584046 ], [ 112.028980166192881, -7.813935585811581 ], [ 112.029388820210883, -7.814079123389892 ], [ 112.029324517310101, -7.81428123564938 ], [ 112.029862871729179, -7.814466069155671 ], [ 112.029793409420805, -7.81464751452885 ], [ 112.029662585414101, -7.814602336344505 ] ] ], [ [ [ 112.028387979807633, -7.814162167052343 ], [ 112.028385708874438, -7.814168407123433 ], [ 112.027968536647336, -7.814017414758643 ], [ 112.027545300410509, -7.813884259327831 ], [ 112.027549037425374, -7.813872445899463 ], [ 112.02753730003198, -7.813868392513131 ], [ 112.027539478211807, -7.813862119568806 ], [ 112.027502513462096, -7.813848740438187 ], [ 112.027018461938013, -7.813681793679443 ], [ 112.026818631213374, -7.813619745828306 ], [ 112.026813740961003, -7.813633747411479 ], [ 112.026392661852952, -7.813487481213773 ], [ 112.026287153734373, -7.813454720530487 ], [ 112.02628608040898, -7.81345765012075 ], [ 112.026225511859991, -7.813435580527264 ], [ 112.025966929589927, -7.813355289540777 ], [ 112.025970834363349, -7.813342782383152 ], [ 112.025863393342888, -7.813303633545529 ], [ 112.025438418078437, -7.81315601271245 ], [ 112.025440529011831, -7.813149968938327 ], [ 112.025389710076738, -7.813133815805076 ], [ 112.025262597992253, -7.813114837915976 ], [ 112.025282403917501, -7.813111695046365 ], [ 112.025282100358382, -7.812987261638596 ], [ 112.025293543176758, -7.812956603779482 ], [ 112.025754610096087, -7.813104806006471 ], [ 112.026280528201042, -7.813279171608018 ], [ 112.026296262695425, -7.813237496482049 ], [ 112.026575788493531, -7.81332870685596 ], [ 112.026567709574636, -7.813361270324992 ], [ 112.026709865146827, -7.813403998082491 ], [ 112.026780990968874, -7.813178871831862 ], [ 112.027417070221574, -7.813386549466386 ], [ 112.02796963307911, -7.813580637708266 ], [ 112.028172821541474, -7.813652007840245 ], [ 112.028334302195404, -7.813708726435022 ], [ 112.028259339654142, -7.813915882270194 ], [ 112.028502869846406, -7.814005743532195 ], [ 112.028558151179638, -7.813831001227487 ], [ 112.028559575148137, -7.81382698122249 ], [ 112.028570579309587, -7.813791718149135 ], [ 112.028825494803002, -7.813881257574099 ], [ 112.028699366801817, -7.814269701182791 ], [ 112.028387979807633, -7.814162167052343 ] ] ], [ [ [ 112.024206692504578, -7.813282190013005 ], [ 112.024209606282781, -7.813356430139129 ], [ 112.024069804338623, -7.813361887097861 ], [ 112.024068844226363, -7.813375964513714 ], [ 112.024286315286474, -7.813455631828672 ], [ 112.02439310586503, -7.813479915566735 ], [ 112.024400351298269, -7.813460358117402 ], [ 112.024550684691064, -7.813515748351391 ], [ 112.024700116601608, -7.813549728493243 ], [ 112.024695671765457, -7.813569168724545 ], [ 112.02480019818158, -7.813607681254676 ], [ 112.02493336049254, -7.813639356038179 ], [ 112.024923155940641, -7.813648663346831 ], [ 112.024901438651199, -7.813668471337858 ], [ 112.024900869568825, -7.813669028033996 ], [ 112.024892761784173, -7.813677540232902 ], [ 112.024888744528312, -7.813681758257693 ], [ 112.024887097281692, -7.813683487892452 ], [ 112.024879453548991, -7.813691513290395 ], [ 112.024879146925599, -7.813691847766252 ], [ 112.024848008786918, -7.813727288044396 ], [ 112.024847309040567, -7.813728187833759 ], [ 112.024821967436154, -7.81376459354188 ], [ 112.024821653903771, -7.813765070028881 ], [ 112.024800952326075, -7.813798263728811 ], [ 112.024800710266305, -7.813798669497467 ], [ 112.024797738637105, -7.813803991999609 ], [ 112.024776721422498, -7.813841635321921 ], [ 112.024770130829992, -7.813853847452477 ], [ 112.024752412062526, -7.81388667847851 ], [ 112.024752037555842, -7.813887440006679 ], [ 112.024732764215486, -7.813930625925809 ], [ 112.024732569453093, -7.813931088558386 ], [ 112.024719993324538, -7.813963016254905 ], [ 112.024713956292828, -7.813978349111343 ], [ 112.024713646592403, -7.813979281418288 ], [ 112.024702406837406, -7.81401922901179 ], [ 112.024698189114389, -7.814034217392916 ], [ 112.02469757592668, -7.814036398539868 ], [ 112.024696347737418, -7.814040760838206 ], [ 112.024671491080255, -7.814032075346085 ], [ 112.024670424701867, -7.814031759575193 ], [ 112.024475485215461, -7.813984413607741 ], [ 112.02453143076977, -7.813758890258721 ], [ 112.024456524595678, -7.813741842611416 ], [ 112.024492209421126, -7.813615407258022 ], [ 112.024397112544221, -7.813584050829237 ], [ 112.024367151472859, -7.813696113677938 ], [ 112.024214442272054, -7.81365484691992 ], [ 112.024228604775757, -7.813558615411679 ], [ 112.024067281046342, -7.813527419425288 ], [ 112.024055899933643, -7.813583442572551 ], [ 112.023629644293592, -7.813541402214395 ], [ 112.023605329174117, -7.813752050703783 ], [ 112.023471049986966, -7.813721195968722 ], [ 112.023352371879554, -7.813693924717153 ], [ 112.023351767587911, -7.81369380317903 ], [ 112.023350916636232, -7.813693688569284 ], [ 112.023307211010675, -7.813689476697467 ], [ 112.023308328394734, -7.813685041411452 ], [ 112.023381682718181, -7.813394052689807 ], [ 112.023381822726947, -7.813393450004638 ], [ 112.02344422292893, -7.813097407661941 ], [ 112.023444328614346, -7.813096862038582 ], [ 112.023444424130105, -7.813096236850543 ], [ 112.023462445036046, -7.812961015344867 ], [ 112.023464713533372, -7.812961156367416 ], [ 112.023522983301049, -7.81296475955321 ], [ 112.023586315383113, -7.812968364939789 ], [ 112.02360522836571, -7.812969321229774 ], [ 112.023624102897486, -7.812970129286565 ], [ 112.023636673414117, -7.812970498592231 ], [ 112.023645128696572, -7.812970607443376 ], [ 112.02365309843195, -7.81297057004948 ], [ 112.02366570913901, -7.812970312491422 ], [ 112.023684621000243, -7.81296969146591 ], [ 112.02371960771292, -7.812968354989624 ], [ 112.023792381381398, -7.812959619224698 ], [ 112.023823902311946, -7.812955835626632 ], [ 112.024306629585737, -7.812835496289313 ], [ 112.024417717058725, -7.812813787659721 ], [ 112.024271575810587, -7.813267880233114 ], [ 112.024206692504578, -7.813282190013005 ] ] ], [ [ [ 112.024255918079476, -7.81440800655788 ], [ 112.024162344813661, -7.814385748586623 ], [ 112.024168523000313, -7.814357309871269 ], [ 112.024096560527795, -7.814367055813748 ], [ 112.024088828208718, -7.814368261411969 ], [ 112.023840871816404, -7.814309280659232 ], [ 112.023846257454821, -7.814286763021743 ], [ 112.023657359651324, -7.814241494785677 ], [ 112.023579288152689, -7.814514146203892 ], [ 112.023541283597254, -7.814694379444452 ], [ 112.023538016081403, -7.814693694210179 ], [ 112.023521650275484, -7.814768556089178 ], [ 112.023641295286353, -7.814796128795503 ], [ 112.023662851220195, -7.814740416178084 ], [ 112.024055993696024, -7.814891697429827 ], [ 112.024129337001909, -7.814908599593027 ], [ 112.024079161439758, -7.815104128840305 ], [ 112.024127209176953, -7.815127942505859 ], [ 112.024086703604567, -7.815245295559415 ], [ 112.024009843435664, -7.815214373321545 ], [ 112.023973133705624, -7.815333415675216 ], [ 112.023939763260387, -7.815321502095509 ], [ 112.023938607932337, -7.815321157597157 ], [ 112.023798052272028, -7.815287254965543 ], [ 112.023668453021941, -7.815255994689612 ], [ 112.02327223449231, -7.815164209556539 ], [ 112.023123335603685, -7.815130391108707 ], [ 112.023174108241491, -7.814890029731757 ], [ 112.023164064498118, -7.81488750810317 ], [ 112.023086978671699, -7.814868151090955 ], [ 112.023037456882221, -7.814855715800629 ], [ 112.023089331697221, -7.81465345060454 ], [ 112.02310749411771, -7.81458263366752 ], [ 112.02335591507908, -7.814647611782145 ], [ 112.023380421170188, -7.814549585267024 ], [ 112.023355911446686, -7.814542599173965 ], [ 112.023375706319371, -7.814439417098732 ], [ 112.023391571585464, -7.814356717977059 ], [ 112.023460865202196, -7.813995516017548 ], [ 112.023254289438484, -7.813950067999968 ], [ 112.023263079404146, -7.813911076909545 ], [ 112.023629338168917, -7.814006594086038 ], [ 112.023636677844451, -7.813964947500594 ], [ 112.024244369994605, -7.814119965418596 ], [ 112.024282564456939, -7.813948946773259 ], [ 112.024385889669674, -7.813985860847644 ], [ 112.024387030477172, -7.813986202667167 ], [ 112.024664518703901, -7.814053596725116 ], [ 112.024690210425121, -7.814062575034319 ], [ 112.024688983142653, -7.814066937330416 ], [ 112.024688369047951, -7.814069118479583 ], [ 112.024687312595802, -7.814072873493465 ], [ 112.024687005099437, -7.814073965877982 ], [ 112.024686360100191, -7.814075746442591 ], [ 112.024686005643716, -7.814076920339089 ], [ 112.024684876974121, -7.814081556436306 ], [ 112.024676898195906, -7.814114341229378 ], [ 112.024667857197784, -7.814151491535915 ], [ 112.024642844272421, -7.814254272059434 ], [ 112.024606836158426, -7.81440655843099 ], [ 112.024601723174769, -7.814428182927052 ], [ 112.024601577114879, -7.814428906819799 ], [ 112.024589311534498, -7.814504518307013 ], [ 112.024589166861176, -7.814506182796547 ], [ 112.024588869176796, -7.81452997770191 ], [ 112.024255918079476, -7.81440800655788 ] ] ], [ [ [ 112.024731119217009, -7.815151484696628 ], [ 112.024404648694713, -7.815995271231193 ], [ 112.023789336281013, -7.81575850020469 ], [ 112.02330562246388, -7.815647026630315 ], [ 112.023252376274485, -7.815895166171925 ], [ 112.023583148474003, -7.81597606735419 ], [ 112.023592305751819, -7.815947473344115 ], [ 112.023606510113268, -7.815951997400076 ], [ 112.023611518833917, -7.815937991119751 ], [ 112.024016808940985, -7.816082132790112 ], [ 112.024434715571161, -7.816184344496754 ], [ 112.024427546198865, -7.816213497424149 ], [ 112.024456218612585, -7.816222629579595 ], [ 112.024451682170479, -7.816236795075467 ], [ 112.02446735893335, -7.816242370448248 ], [ 112.024451106716327, -7.816199818677521 ], [ 112.02465141518195, -7.816123731296101 ], [ 112.024669874558214, -7.816051168245933 ], [ 112.024776844121135, -7.815613858233742 ], [ 112.024780873075642, -7.815614838351326 ], [ 112.024811472550439, -7.815494553267724 ], [ 112.02502939116566, -7.815549686811162 ], [ 112.025000842817661, -7.815654782863835 ], [ 112.025105027001601, -7.815683005821935 ], [ 112.025126277149909, -7.815604775026203 ], [ 112.025240316815754, -7.815635666502834 ], [ 112.025213505681563, -7.815723613447315 ], [ 112.025156557614579, -7.815918771475347 ], [ 112.025019916758694, -7.816464698047084 ], [ 112.025029650265964, -7.81648910017925 ], [ 112.024751469244649, -7.816408303806965 ], [ 112.024729773452563, -7.816494979370035 ], [ 112.024663624992712, -7.816478397158295 ], [ 112.02459805621703, -7.816738898021497 ], [ 112.024451143087191, -7.816687705865315 ], [ 112.024449778847881, -7.816687230734249 ], [ 112.024436116040022, -7.816682289543919 ], [ 112.024512253286133, -7.816359022322478 ], [ 112.024156334394263, -7.816247775829123 ], [ 112.024064622194956, -7.816548195254461 ], [ 112.024054868082189, -7.816544709739995 ], [ 112.024043225057227, -7.816540551391675 ], [ 112.024036799529284, -7.81653827968294 ], [ 112.023987846972602, -7.816520971929803 ], [ 112.023958256453014, -7.816510190583074 ], [ 112.023944649383679, -7.816505416558516 ], [ 112.023926703945534, -7.81649963738263 ], [ 112.023908725757025, -7.816494188399806 ], [ 112.023872797436866, -7.816483638566666 ], [ 112.023817692836005, -7.81646761008797 ], [ 112.023803261888929, -7.81646341236418 ], [ 112.023800917035274, -7.816462834694518 ], [ 112.023650939925815, -7.816425906086672 ], [ 112.023668220549283, -7.816302891570585 ], [ 112.023686127367839, -7.816197176251739 ], [ 112.023610072055291, -7.816184363993393 ], [ 112.023620527923313, -7.816122639796425 ], [ 112.023627517562403, -7.816081373011976 ], [ 112.02355362703446, -7.816068924499505 ], [ 112.023550841184289, -7.816085370049885 ], [ 112.023547547519286, -7.816104814994378 ], [ 112.023330184386154, -7.816051727395807 ], [ 112.02333063827902, -7.816049674159359 ], [ 112.023241830064052, -7.816030148437629 ], [ 112.023235483625086, -7.816058854837602 ], [ 112.023231435358156, -7.8160771656534 ], [ 112.0231080316549, -7.816051409017279 ], [ 112.023113937850368, -7.816022164647942 ], [ 112.023028188800907, -7.81600494046331 ], [ 112.023022412527482, -7.816033538759124 ], [ 112.022923692845907, -7.816012934479071 ], [ 112.022873237707472, -7.816234415237494 ], [ 112.022798690688617, -7.816216060488139 ], [ 112.022788651751981, -7.816213663653327 ], [ 112.022782619749734, -7.816212103656937 ], [ 112.022776754368437, -7.816210441057178 ], [ 112.02277113801054, -7.816208624102359 ], [ 112.022765885680727, -7.816206581968977 ], [ 112.022761153130247, -7.816204217506665 ], [ 112.022757149538364, -7.816201400876348 ], [ 112.022754150186671, -7.816197960475484 ], [ 112.022752392454194, -7.816193801669296 ], [ 112.022751622661929, -7.816189029080737 ], [ 112.022751572774595, -7.816183810677139 ], [ 112.022764586861598, -7.816120476748325 ], [ 112.022853483881207, -7.815687755272961 ], [ 112.022939122019963, -7.815297769369691 ], [ 112.023189647396336, -7.815359012591318 ], [ 112.023231884226973, -7.815178233601266 ], [ 112.023267152361328, -7.815186244579138 ], [ 112.023663223001506, -7.815277994800236 ], [ 112.023798108986909, -7.815310530163968 ], [ 112.023932690998407, -7.81534299296036 ], [ 112.024111748085261, -7.815406912271736 ], [ 112.024104651710275, -7.815431901506225 ], [ 112.024370508670657, -7.815506992437996 ], [ 112.024423966968584, -7.815318757250772 ], [ 112.024479751029773, -7.81505475881167 ], [ 112.024731119217009, -7.815151484696628 ] ] ], [ [ [ 112.02569052676067, -7.815716953720997 ], [ 112.025617361359835, -7.816004566172741 ], [ 112.025998815408443, -7.816104954473559 ], [ 112.025969221256233, -7.816216791485434 ], [ 112.025947301997675, -7.816277029982027 ], [ 112.025759052720488, -7.816797661407858 ], [ 112.025664599584715, -7.817058885492907 ], [ 112.025647473118966, -7.81710625100505 ], [ 112.025643166378686, -7.817104831570699 ], [ 112.025616734149551, -7.817096116523364 ], [ 112.025610959887146, -7.817094265624815 ], [ 112.02551090685526, -7.817056989487814 ], [ 112.025440833110522, -7.81703257107561 ], [ 112.025537117301212, -7.816701454206137 ], [ 112.025385366472946, -7.816650922604642 ], [ 112.025396172343562, -7.816610087002665 ], [ 112.02544525142828, -7.816400191489966 ], [ 112.025272370110059, -7.816352751797983 ], [ 112.025218124935563, -7.81656439633229 ], [ 112.025125532665896, -7.816922702005875 ], [ 112.025032570030334, -7.816890309604108 ], [ 112.025029128113658, -7.816889110552256 ], [ 112.025097610252701, -7.816644111629761 ], [ 112.025105194488518, -7.816615404022452 ], [ 112.025105371009403, -7.816614527208202 ], [ 112.025105233813122, -7.816599185814219 ], [ 112.025105106590132, -7.816597222620695 ], [ 112.025104735483666, -7.816595289865005 ], [ 112.025104126914826, -7.816593417377521 ], [ 112.025078812240451, -7.81652940948823 ], [ 112.025051892430298, -7.816461345536642 ], [ 112.025089483926436, -7.816307577469897 ], [ 112.025099152075725, -7.816268028913933 ], [ 112.02518745104814, -7.815917915080502 ], [ 112.025190547820173, -7.815907754512624 ], [ 112.025371827448311, -7.815963229573232 ], [ 112.025457771332995, -7.815658066874629 ], [ 112.02569052676067, -7.815716953720997 ] ] ], [ [ [ 112.025893858498932, -7.816501588945044 ], [ 112.026137346833437, -7.816588931984284 ], [ 112.025890368100931, -7.817189744385036 ], [ 112.025778949864318, -7.817151063317072 ], [ 112.025705767527612, -7.817125658541917 ], [ 112.02569086637908, -7.817120558511567 ], [ 112.025673314476862, -7.817114771225424 ], [ 112.025669007736454, -7.817113351791394 ], [ 112.025686003580248, -7.817066347460575 ], [ 112.02578045670316, -7.816805123372339 ], [ 112.025903821073129, -7.816463940182963 ], [ 112.025893858498932, -7.816501588945044 ] ] ], [ [ [ 112.025629744599698, -7.81760112276278 ], [ 112.02561417449202, -7.817675884505674 ], [ 112.025592188912881, -7.817669323330346 ], [ 112.025556816980995, -7.817787526843231 ], [ 112.025456965229893, -7.817757727994224 ], [ 112.025411294075823, -7.817910347186173 ], [ 112.025556330471943, -7.817953629992563 ], [ 112.025520332456026, -7.818126478967289 ], [ 112.025099701123082, -7.818039356560453 ], [ 112.025151443326621, -7.817774534072185 ], [ 112.025210685490151, -7.817480325298748 ], [ 112.025216093132386, -7.817453469804654 ], [ 112.025221844857015, -7.817424905924845 ], [ 112.025259990241963, -7.817246158150308 ], [ 112.025295547316631, -7.817075223636575 ], [ 112.02530345197323, -7.817065956723912 ], [ 112.025312759407257, -7.817058090974662 ], [ 112.02532322345138, -7.817051835907956 ], [ 112.025334566086414, -7.817047355899193 ], [ 112.025346486512476, -7.817044771062317 ], [ 112.025632643442094, -7.817147879612235 ], [ 112.02556591093682, -7.817389877985371 ], [ 112.025894428261992, -7.817480467540591 ], [ 112.025832016487541, -7.817673680710111 ], [ 112.025629744599698, -7.81760112276278 ] ] ], [ [ [ 112.024969720692866, -7.818012434534454 ], [ 112.024639704047715, -7.817908507251723 ], [ 112.024639013426636, -7.817910688300799 ], [ 112.024689937215271, -7.817666173919624 ], [ 112.024688759626358, -7.817665926794189 ], [ 112.024758966596281, -7.817333264676849 ], [ 112.024737334744245, -7.817327571723559 ], [ 112.024743561934343, -7.817304039354636 ], [ 112.02444480835868, -7.817218073422493 ], [ 112.024450573764753, -7.817198146935236 ], [ 112.024314949133398, -7.817152145576609 ], [ 112.024354683693105, -7.817027670088069 ], [ 112.024515624996795, -7.817082957832351 ], [ 112.024495651189383, -7.817157666409757 ], [ 112.024635904407887, -7.817207099301975 ], [ 112.024689876894641, -7.817037444207979 ], [ 112.024888754510116, -7.817106254950774 ], [ 112.024879531154028, -7.817138548953468 ], [ 112.024863550755938, -7.817134921198934 ], [ 112.024811831082602, -7.817311634384657 ], [ 112.024929858029125, -7.817346633145423 ], [ 112.024989195716401, -7.817174024728449 ], [ 112.025135040910314, -7.817221203620444 ], [ 112.025127432248738, -7.817249937516159 ], [ 112.025215847924017, -7.817276461269207 ], [ 112.025195545076258, -7.817371995905265 ], [ 112.025170122094181, -7.817494768812482 ], [ 112.025138827899283, -7.817650291558214 ], [ 112.025113038120551, -7.817780339628578 ], [ 112.025085551981405, -7.817923217437671 ], [ 112.025063968462263, -7.818031955484416 ], [ 112.024969720692866, -7.818012434534454 ] ] ], [ [ [ 112.024259932420534, -7.817205361719621 ], [ 112.024141959706867, -7.817203921703316 ], [ 112.024106065665762, -7.817316002650892 ], [ 112.023738706283339, -7.81719899903818 ], [ 112.023608304374264, -7.817197407118836 ], [ 112.023608041604533, -7.817205839423335 ], [ 112.023461369888565, -7.81720129305245 ], [ 112.023477030216299, -7.817134817532212 ], [ 112.023035273549837, -7.817035382794509 ], [ 112.022631711458217, -7.816953832323808 ], [ 112.022644238894429, -7.816873125595783 ], [ 112.022665815161005, -7.816734186444933 ], [ 112.022811570653204, -7.816739440045643 ], [ 112.022915621987224, -7.816743191051481 ], [ 112.02299757096047, -7.81674614540449 ], [ 112.02312038240521, -7.816750572653119 ], [ 112.023206875376729, -7.816753689607784 ], [ 112.023263340736975, -7.816755723436533 ], [ 112.023461642620433, -7.81675771296966 ], [ 112.023801643997572, -7.816761120791806 ], [ 112.023807153592102, -7.816761176173539 ], [ 112.023810707847332, -7.816761211875217 ], [ 112.023812490500603, -7.816761078221758 ], [ 112.02381423075748, -7.816760666108679 ], [ 112.023815883299335, -7.816759986498893 ], [ 112.023817409171301, -7.81675905667088 ], [ 112.023818769429496, -7.81675789842518 ], [ 112.023819929684407, -7.816756541691144 ], [ 112.023820860996736, -7.816755020002535 ], [ 112.023821541691234, -7.816753370493332 ], [ 112.023834936228468, -7.816711871121473 ], [ 112.02397172474565, -7.816759397998243 ], [ 112.023957160099386, -7.81679820593248 ], [ 112.024030791760651, -7.816825689211583 ], [ 112.024055872145325, -7.816834565011853 ], [ 112.024007446380423, -7.817000634136248 ], [ 112.024167133577748, -7.81704930287427 ], [ 112.024134961075532, -7.817138221473575 ], [ 112.024260139238137, -7.817188511749134 ], [ 112.024259932420534, -7.817205361719621 ] ] ], [ [ [ 112.024169202416999, -7.817831397998797 ], [ 112.024609669219501, -7.817938846728602 ], [ 112.024505475387144, -7.818363632815998 ], [ 112.024353015850622, -7.818325107109672 ], [ 112.024139663076909, -7.818271783354337 ], [ 112.023887128848571, -7.818209796046412 ], [ 112.023805125549544, -7.818189503336617 ], [ 112.023687174242454, -7.818160315017274 ], [ 112.023502922054746, -7.81811424258941 ], [ 112.023362901473149, -7.818081846308451 ], [ 112.023079253225319, -7.818013185978108 ], [ 112.023020334203366, -7.817999114786733 ], [ 112.022900194377755, -7.817971695160759 ], [ 112.022743743436664, -7.817931872440911 ], [ 112.022700408206987, -7.817921295236582 ], [ 112.022758567041905, -7.81770847467156 ], [ 112.022996282816678, -7.817774901343365 ], [ 112.023015339374354, -7.817717424290934 ], [ 112.022823255381397, -7.817667637946042 ], [ 112.02285182814029, -7.817576636194818 ], [ 112.023156695015572, -7.81762854242545 ], [ 112.023166681749117, -7.817586838203931 ], [ 112.024169202416999, -7.817831397998797 ] ] ], [ [ [ 112.024394181175936, -7.818817365598878 ], [ 112.022865197127246, -7.818444378930373 ], [ 112.022850508234313, -7.818539475479706 ], [ 112.023000856060818, -7.818568826394908 ], [ 112.023445863981891, -7.818655700405848 ], [ 112.023361304105606, -7.819086482136383 ], [ 112.022690650881017, -7.81894778353193 ], [ 112.022724649577299, -7.818758012824343 ], [ 112.022635267313959, -7.818742087138151 ], [ 112.02265636731579, -7.818624313556249 ], [ 112.022758263104294, -7.818642469088664 ], [ 112.022804513548266, -7.818384311471618 ], [ 112.022779664295598, -7.818379883905629 ], [ 112.022848524081525, -7.817995521630359 ], [ 112.022894944107918, -7.818007374723369 ], [ 112.022895391476183, -7.81800748217065 ], [ 112.02302528157044, -7.818037164560359 ], [ 112.023079375994215, -7.818050555554101 ], [ 112.023196407112678, -7.818079526507271 ], [ 112.023252638880848, -7.818092814621276 ], [ 112.02333002653053, -7.8181111017645 ], [ 112.023404991339447, -7.81812881593302 ], [ 112.023467137765479, -7.818143130674851 ], [ 112.02352478248612, -7.818156408090744 ], [ 112.023531907543699, -7.818158049534675 ], [ 112.023759519579073, -7.818215843075671 ], [ 112.023805216791146, -7.81822693357668 ], [ 112.024003706308747, -7.818275106682837 ], [ 112.024272037855255, -7.818341474609946 ], [ 112.024275370981286, -7.818342313065697 ], [ 112.024359088402463, -7.818363357617161 ], [ 112.024497036912976, -7.818398035461297 ], [ 112.024394181175936, -7.818817365598878 ] ] ], [ [ [ 112.023306388828829, -7.819366242131103 ], [ 112.023291664866633, -7.819364202771902 ], [ 112.023266921631844, -7.819542354168959 ], [ 112.022720685876237, -7.819435718638468 ], [ 112.022706158921707, -7.81954239729448 ], [ 112.022645139164112, -7.819990494748884 ], [ 112.022214274937227, -7.819932143246094 ], [ 112.022227180767374, -7.819829272628946 ], [ 112.02223344553974, -7.8197789018672 ], [ 112.022258942280232, -7.819573909501211 ], [ 112.022333530254073, -7.819038872680965 ], [ 112.022356195796505, -7.818915560240189 ], [ 112.023354334651657, -7.819121987287037 ], [ 112.023306388828829, -7.819366242131103 ] ] ], [ [ [ 112.021746476438679, -7.819868789247171 ], [ 112.021826772546689, -7.819279145975799 ], [ 112.021818837992711, -7.819277927111103 ], [ 112.021821577161518, -7.81926019395766 ], [ 112.021803920521961, -7.819256746965735 ], [ 112.021804753534923, -7.819252503473797 ], [ 112.021668070940507, -7.819224457547303 ], [ 112.021223920082249, -7.819133321864618 ], [ 112.021311345424351, -7.818709589387237 ], [ 112.021595068620215, -7.818765933013614 ], [ 112.022304174528827, -7.818904801445854 ], [ 112.022320665955874, -7.818908211896814 ], [ 112.022297763214326, -7.819032815523771 ], [ 112.022297653340203, -7.81903350405616 ], [ 112.022222975305127, -7.819569191374525 ], [ 112.02219242528119, -7.819814816353293 ], [ 112.021969327004314, -7.819765936886372 ], [ 112.021950364329939, -7.81986170156198 ], [ 112.022180585110178, -7.819909277698917 ], [ 112.022178327107582, -7.819927274847225 ], [ 112.021746476438679, -7.819868789247171 ] ] ], [ [ [ 112.021406693161239, -7.81824745802205 ], [ 112.02196045807365, -7.818361085492597 ], [ 112.021977496068786, -7.818250782071099 ], [ 112.021980458708683, -7.818231602022205 ], [ 112.02162411477498, -7.8181473535375 ], [ 112.021651190600679, -7.818043972044561 ], [ 112.021491602700564, -7.818002289706874 ], [ 112.021481905374827, -7.818039315857553 ], [ 112.021306244990527, -7.817993436000264 ], [ 112.021286814443386, -7.818067626394472 ], [ 112.020849266071082, -7.817964205809937 ], [ 112.020854179369152, -7.817945739836621 ], [ 112.02078506463279, -7.817927451218696 ], [ 112.020882074890821, -7.817562853206801 ], [ 112.020469419312192, -7.817453656825593 ], [ 112.020477100556093, -7.8174213374133 ], [ 112.020493034044222, -7.817425382137503 ], [ 112.020865243312244, -7.817520213213855 ], [ 112.021200422045027, -7.817603215884726 ], [ 112.021586447009412, -7.817690422048283 ], [ 112.021942695029026, -7.817774441253138 ], [ 112.022183798268472, -7.817837218987115 ], [ 112.022184300997239, -7.817837342580786 ], [ 112.022450908596468, -7.817898707213367 ], [ 112.022454650804164, -7.817900692407627 ], [ 112.022458037950287, -7.817903233777579 ], [ 112.02246098735462, -7.817906269118172 ], [ 112.022463428100281, -7.817909725342785 ], [ 112.022465299219903, -7.81791351848763 ], [ 112.022466556953134, -7.817917554598603 ], [ 112.022467169322667, -7.817921736979808 ], [ 112.022445118461519, -7.818087788281159 ], [ 112.022380921565613, -7.818518692647041 ], [ 112.022344977807435, -7.818760791676228 ], [ 112.022326827742035, -7.818872540077084 ], [ 112.022311352569091, -7.81886933970545 ], [ 112.021602106082398, -7.818730443580703 ], [ 112.021318656510175, -7.818674154045297 ], [ 112.021406693161239, -7.81824745802205 ] ] ], [ [ [ 112.020583892270125, -7.816972002845745 ], [ 112.020639846930067, -7.816985228624804 ], [ 112.020614636542803, -7.817237461889965 ], [ 112.020923696240374, -7.817155991482927 ], [ 112.021116688607037, -7.817097937439175 ], [ 112.021327186548973, -7.817147691646928 ], [ 112.02130106232481, -7.817302805968608 ], [ 112.021389809631145, -7.817288233629842 ], [ 112.021409285551428, -7.817167072049144 ], [ 112.021803147024443, -7.817260191220365 ], [ 112.021803492573824, -7.817260272867849 ], [ 112.021803746745036, -7.817260332939784 ], [ 112.022109953964801, -7.817332708814155 ], [ 112.02213992606903, -7.817111345039708 ], [ 112.022139925706057, -7.81711134495014 ], [ 112.022197471577584, -7.816686332725999 ], [ 112.022199462172736, -7.816622472209365 ], [ 112.022374258622364, -7.816653541142001 ], [ 112.022636101866951, -7.816688615740499 ], [ 112.022633650942737, -7.816704818093031 ], [ 112.022628124497984, -7.81674068373073 ], [ 112.022571855679118, -7.817105884235048 ], [ 112.022571769250746, -7.817106517540832 ], [ 112.02251296352388, -7.817604996436686 ], [ 112.022477602940242, -7.817848190217226 ], [ 112.022475133349289, -7.817851884435819 ], [ 112.022472131297405, -7.817855163004212 ], [ 112.022468664617435, -7.817857949786572 ], [ 112.022464814774494, -7.817860180371572 ], [ 112.022460670519678, -7.81786180299224 ], [ 112.022456326987722, -7.817862780336788 ], [ 112.022455956873898, -7.817862741438208 ], [ 112.022373965300687, -7.817843870158296 ], [ 112.022192712188982, -7.817802150993031 ], [ 112.021951656157299, -7.817739384904953 ], [ 112.021951247803955, -7.817739284597611 ], [ 112.021594628674933, -7.817655177660406 ], [ 112.021208800653525, -7.817568017149719 ], [ 112.020874104711993, -7.817485132699041 ], [ 112.020872472171831, -7.81748471699233 ], [ 112.020485425499402, -7.817386309583017 ], [ 112.020583892270125, -7.816972002845745 ] ] ], [ [ [ 112.020128776121297, -7.816649495109814 ], [ 112.02006422873896, -7.816637584552826 ], [ 112.020071378970641, -7.816590576082904 ], [ 112.020038973709291, -7.816585869029904 ], [ 112.019954958976953, -7.816572910723888 ], [ 112.020007001335131, -7.816265288906784 ], [ 112.020195068628539, -7.816292197627807 ], [ 112.020128776121297, -7.816649495109814 ] ] ], [ [ [ 112.018683003508272, -7.814242273567352 ], [ 112.01852767144878, -7.814224838738323 ], [ 112.018505772801419, -7.814362334261231 ], [ 112.018073913375602, -7.814293928173695 ], [ 112.018095036929893, -7.81417830839865 ], [ 112.018098333331395, -7.814159139307949 ], [ 112.018102355088999, -7.814134286871671 ], [ 112.018117918274157, -7.814035394815396 ], [ 112.018123695187811, -7.813998688373719 ], [ 112.018132959853489, -7.813939816924612 ], [ 112.018145425575199, -7.813860605384098 ], [ 112.018150507842165, -7.813829531566133 ], [ 112.018158968815627, -7.813779946880443 ], [ 112.018161220041947, -7.813767716343336 ], [ 112.01816244257374, -7.813761738766066 ], [ 112.018163778859815, -7.813755922806761 ], [ 112.018165282593358, -7.813750345212171 ], [ 112.0181670302144, -7.813745113424677 ], [ 112.01817229046398, -7.813714883910739 ], [ 112.01817306595143, -7.813710427749061 ], [ 112.018761914172018, -7.813807531062245 ], [ 112.018762441260947, -7.813807604858686 ], [ 112.018869795427705, -7.813820179799032 ], [ 112.018792987089881, -7.814261156900931 ], [ 112.018683003508272, -7.814242273567352 ] ] ], [ [ [ 112.017610099998933, -7.814220460086216 ], [ 112.017616540500384, -7.814180022439025 ], [ 112.01803995989529, -7.814237115678511 ], [ 112.018031882674478, -7.814287270528723 ], [ 112.017610099998933, -7.814220460086216 ] ] ], [ [ [ 112.021313484144414, -7.812152665358379 ], [ 112.021332170091313, -7.812065422223724 ], [ 112.021309147449642, -7.812059204953894 ], [ 112.021374018167663, -7.811820294491031 ], [ 112.021381214974824, -7.811772162455584 ], [ 112.021384858025968, -7.811772704174724 ], [ 112.021425405770188, -7.81151590021132 ], [ 112.021447693722848, -7.811519400193171 ], [ 112.0214772814779, -7.81137376966505 ], [ 112.02144767577515, -7.811365598290616 ], [ 112.021564384223652, -7.810945051212097 ], [ 112.021642487793926, -7.810560626284065 ], [ 112.021837174998581, -7.810636467089699 ], [ 112.021711754091413, -7.811140908030367 ], [ 112.021639558983395, -7.811431273351902 ], [ 112.021906133188338, -7.811483250126566 ], [ 112.021892743462161, -7.811549152608652 ], [ 112.021878286404259, -7.811620314183847 ], [ 112.021866768779134, -7.811677002389282 ], [ 112.021860096764129, -7.811709840974156 ], [ 112.021858146689453, -7.81171943891496 ], [ 112.021857180620984, -7.811724196712379 ], [ 112.021854243856652, -7.81173865017827 ], [ 112.021793332880591, -7.812033683100998 ], [ 112.021793251426331, -7.812034124656866 ], [ 112.021702491719438, -7.812615336156236 ], [ 112.021698011761487, -7.812614639727464 ], [ 112.021695771782504, -7.812614291513049 ], [ 112.021695133992552, -7.81261419266389 ], [ 112.021479960855345, -7.81258074806987 ], [ 112.021468310867803, -7.812578895026567 ], [ 112.020918213094745, -7.812491409823876 ], [ 112.020890433129878, -7.812486990987431 ], [ 112.020937284393668, -7.812151324637878 ], [ 112.020828596510611, -7.812135344622114 ], [ 112.02080246398981, -7.812131502437878 ], [ 112.020814669545359, -7.812052552889525 ], [ 112.020687440347203, -7.812024321967585 ], [ 112.020651592232426, -7.812016368208191 ], [ 112.020668098250113, -7.811953448241519 ], [ 112.020676100107991, -7.811922947102262 ], [ 112.020686265740807, -7.811884196004812 ], [ 112.020690765827737, -7.811867041772983 ], [ 112.020695175157215, -7.811850233250469 ], [ 112.020905016029147, -7.811906363289744 ], [ 112.020922573419625, -7.811834987124493 ], [ 112.020922997062002, -7.811833543544372 ], [ 112.020925638772937, -7.811824548994346 ], [ 112.020926540029677, -7.811821479914446 ], [ 112.020925939234601, -7.811821303194106 ], [ 112.020941378154831, -7.81175853412558 ], [ 112.021032507324534, -7.811779665635719 ], [ 112.021043920770865, -7.811730443712848 ], [ 112.021062246731802, -7.811651415163414 ], [ 112.020924132928528, -7.81161938849679 ], [ 112.020947255917818, -7.811514773051655 ], [ 112.02104328813671, -7.811536078129907 ], [ 112.021110253684554, -7.811250970247293 ], [ 112.021157788999034, -7.811258217421747 ], [ 112.021187644532588, -7.811137847819653 ], [ 112.021135492340036, -7.811123180146144 ], [ 112.021324899394614, -7.81043449275447 ], [ 112.021474479378014, -7.810495178157578 ], [ 112.021506466313269, -7.810507638760553 ], [ 112.021488290145001, -7.810577720885842 ], [ 112.021483034443392, -7.810633568395994 ], [ 112.021487110627248, -7.810634748768099 ], [ 112.021480923729811, -7.810655997519165 ], [ 112.021456476832583, -7.810915773584346 ], [ 112.021419069519965, -7.810912272419653 ], [ 112.02138248721765, -7.811112802841056 ], [ 112.021350995450035, -7.81110708908454 ], [ 112.021250657857735, -7.811493961131286 ], [ 112.021237894726625, -7.811490668934058 ], [ 112.021196626923171, -7.811632400847727 ], [ 112.021109451232206, -7.812057515774797 ], [ 112.021088535975522, -7.812053250122802 ], [ 112.021072642614854, -7.812115342426397 ], [ 112.021313484144414, -7.812152665358379 ] ] ], [ [ [ 112.021651273109114, -7.810517385027063 ], [ 112.021681379906383, -7.810523468496086 ], [ 112.021772379698263, -7.810195559216299 ], [ 112.021853654530105, -7.810217991527183 ], [ 112.021836093023424, -7.810258466546863 ], [ 112.022012611697875, -7.810322650070992 ], [ 112.02203394040761, -7.810267751377193 ], [ 112.02264641462493, -7.810436796795669 ], [ 112.022633968859438, -7.810481644455227 ], [ 112.022979005888615, -7.810570648825789 ], [ 112.022969061503204, -7.81060898990498 ], [ 112.022933166630054, -7.810605593729563 ], [ 112.022933016972928, -7.810606703819735 ], [ 112.022921282692309, -7.810605593546166 ], [ 112.022877714352262, -7.810929023257771 ], [ 112.022773561603273, -7.810896039516502 ], [ 112.022609303447965, -7.810841399118967 ], [ 112.022466173227869, -7.810791971293816 ], [ 112.022461052899899, -7.810803156932615 ], [ 112.022194941152961, -7.810720026456966 ], [ 112.021860805547263, -7.810601978539871 ], [ 112.021650714019032, -7.810520136864525 ], [ 112.021651273109114, -7.810517385027063 ] ] ], [ [ [ 112.022736009660022, -7.811507531479768 ], [ 112.022740940246194, -7.811508862980167 ], [ 112.022740939796719, -7.811508864609221 ], [ 112.023201262558288, -7.811633174072275 ], [ 112.023210544437291, -7.811595722207925 ], [ 112.023214493377751, -7.811546374164435 ], [ 112.023234968023729, -7.811144596952341 ], [ 112.023234223464414, -7.811139604888796 ], [ 112.023181785813577, -7.811140914180094 ], [ 112.023180663551912, -7.811096212399014 ], [ 112.023233533160536, -7.811114055504643 ], [ 112.023439471032134, -7.811178949464336 ], [ 112.023258930926687, -7.811762387125288 ], [ 112.02331428210698, -7.81178981994684 ], [ 112.023294534956662, -7.811878694824222 ], [ 112.023349852598528, -7.811892344303486 ], [ 112.023269090615486, -7.81210612673016 ], [ 112.022202166528331, -7.811823292295131 ], [ 112.02219778339267, -7.81182213076257 ], [ 112.022198914526129, -7.811817751519259 ], [ 112.022433710085636, -7.810908706939647 ], [ 112.022434023942949, -7.810906872008718 ], [ 112.022434032990873, -7.810904998924847 ], [ 112.022433732862169, -7.810903156434813 ], [ 112.022433131824357, -7.810901387930982 ], [ 112.022432247227144, -7.810899742210257 ], [ 112.022431103664331, -7.810898263529917 ], [ 112.022429731164436, -7.810896993420857 ], [ 112.022428167900401, -7.810895966158811 ], [ 112.022426456562016, -7.810895208773287 ], [ 112.022424643455594, -7.81089474376286 ], [ 112.022422778486487, -7.810894581859849 ], [ 112.022420911546732, -7.810894728370175 ], [ 112.022419095227178, -7.810895179548927 ], [ 112.022417377559918, -7.810895921713576 ], [ 112.022415805659222, -7.810896936661679 ], [ 112.022414422987566, -7.810898196250896 ], [ 112.022413267548544, -7.810899665116905 ], [ 112.022412369172685, -7.810901303392807 ], [ 112.022412256598955, -7.810901627448882 ], [ 112.022411754052015, -7.810903066698511 ], [ 112.022177002471423, -7.81181194203814 ], [ 112.022175871337723, -7.811816321281421 ], [ 112.022171489109056, -7.811815159746376 ], [ 112.022059464130763, -7.811785462573977 ], [ 112.021882901923703, -7.811734228801507 ], [ 112.021878533042454, -7.811732961413317 ], [ 112.021879436382449, -7.811728513984976 ], [ 112.021879888053547, -7.81172629072302 ], [ 112.021886194426415, -7.811695251017076 ], [ 112.021897914576854, -7.811637562933224 ], [ 112.021914013432408, -7.811558325403482 ], [ 112.021940356430434, -7.811428664978975 ], [ 112.021949530551282, -7.811383511132683 ], [ 112.022016674431839, -7.811053024182016 ], [ 112.022099170195034, -7.810755755780605 ], [ 112.022099374275584, -7.810755021799226 ], [ 112.02209973322816, -7.810753083654987 ], [ 112.022099749297524, -7.810751113780568 ], [ 112.022099422624365, -7.810749170058764 ], [ 112.022098761518052, -7.810747313065941 ], [ 112.022097787878025, -7.810745597918937 ], [ 112.022096529947561, -7.810744077910534 ], [ 112.02209514588165, -7.810742899174979 ], [ 112.022131898219556, -7.810758374539682 ], [ 112.02250949402395, -7.810871127503092 ], [ 112.022848097373668, -7.81098397355583 ], [ 112.022869895224588, -7.81099133019383 ], [ 112.022736009660022, -7.811507531479768 ] ], [ [ 112.022556843332893, -7.811015186272559 ], [ 112.022550737314162, -7.811030515653971 ], [ 112.02252176111071, -7.811113286273408 ], [ 112.02270005521919, -7.81117717754714 ], [ 112.022722848040374, -7.811077575177719 ], [ 112.022556843332893, -7.811015186272559 ] ] ], [ [ [ 112.023143336881574, -7.81053022890918 ], [ 112.023141626319642, -7.810518759891327 ], [ 112.023005190325705, -7.81048554737165 ], [ 112.023003775349181, -7.810491046436789 ], [ 112.022568328662302, -7.810379609583086 ], [ 112.022131030569284, -7.810275641752948 ], [ 112.02213281999083, -7.810268156301825 ], [ 112.022042739421479, -7.8102451032914 ], [ 112.022069841335579, -7.810175344724719 ], [ 112.021900317657909, -7.810110444283858 ], [ 112.021861729309151, -7.810199381114688 ], [ 112.021564080060472, -7.810124707818831 ], [ 112.021539925622392, -7.810254610122395 ], [ 112.021570073696282, -7.810262386674799 ], [ 112.021516758713418, -7.810467954190535 ], [ 112.021489593412738, -7.810457371975249 ], [ 112.021487146921928, -7.810456379402809 ], [ 112.021464462187339, -7.810447175628294 ], [ 112.021416812360059, -7.81042784474156 ], [ 112.021321721505586, -7.810389266557234 ], [ 112.021291146281001, -7.810376862085785 ], [ 112.021277936143306, -7.810371502727886 ], [ 112.021280365663884, -7.810360282901645 ], [ 112.02125481595948, -7.810349917520041 ], [ 112.02125327735115, -7.810349331552475 ], [ 112.021206192718751, -7.810332689031721 ], [ 112.021191949667227, -7.810324357514509 ], [ 112.021177002574262, -7.810318145859228 ], [ 112.021174825800472, -7.810311330853906 ], [ 112.021176589358689, -7.810296251649304 ], [ 112.021184524793043, -7.810259334681189 ], [ 112.021239584098879, -7.810003200755476 ], [ 112.021274481682866, -7.809848770112786 ], [ 112.021283623195998, -7.809804727889232 ], [ 112.021434953191275, -7.80984187418151 ], [ 112.021444371076655, -7.809803717281924 ], [ 112.022074393369593, -7.809958362383371 ], [ 112.022079772674374, -7.809936567228261 ], [ 112.022161685847749, -7.809956673497953 ], [ 112.022144550223445, -7.810026105057107 ], [ 112.022273673599472, -7.810057799492697 ], [ 112.022279096894096, -7.810035824249547 ], [ 112.022458944961699, -7.810079970166639 ], [ 112.022447955603411, -7.810124499831884 ], [ 112.022583272262679, -7.810157713993967 ], [ 112.022576143596581, -7.810186597736612 ], [ 112.022714378592326, -7.81022052833254 ], [ 112.022730635835501, -7.810154654177227 ], [ 112.022807653455956, -7.810173558419192 ], [ 112.022823736463209, -7.810108390134441 ], [ 112.022954711962626, -7.810140538413691 ], [ 112.022959131209959, -7.810122630076592 ], [ 112.023047195941402, -7.810144246137084 ], [ 112.023051220951928, -7.810127937774912 ], [ 112.023149582350129, -7.810152081178401 ], [ 112.023133143763985, -7.810218687459231 ], [ 112.023300954825331, -7.810259877530926 ], [ 112.023261501372062, -7.810419737678726 ], [ 112.023324271408114, -7.810435144530778 ], [ 112.023357779834015, -7.810299370913667 ], [ 112.023401560863022, -7.810310117104328 ], [ 112.023378357414146, -7.81040413566587 ], [ 112.023509511793534, -7.810436327639298 ], [ 112.023524055460115, -7.810377395451782 ], [ 112.023627731782128, -7.810402843609157 ], [ 112.023600208531008, -7.810503436039636 ], [ 112.023599677508727, -7.810506214810491 ], [ 112.023599588262059, -7.810509042254898 ], [ 112.023607101333837, -7.810669357570738 ], [ 112.023607221862278, -7.810671928555264 ], [ 112.023607409638473, -7.81067381111056 ], [ 112.023636629835849, -7.81086491379833 ], [ 112.023677504249719, -7.811197777454622 ], [ 112.023676110038565, -7.811215897340161 ], [ 112.023642497845898, -7.811184635943514 ], [ 112.023557963344103, -7.81115516832931 ], [ 112.023417721639078, -7.811109563190048 ], [ 112.02330020101266, -7.811070545986619 ], [ 112.023344103728348, -7.810832086069892 ], [ 112.023070791260295, -7.810797302151081 ], [ 112.023143336881574, -7.81053022890918 ] ] ], [ [ [ 112.022417959364461, -7.815461681909064 ], [ 112.022350928366166, -7.815447422460583 ], [ 112.022072085086222, -7.81539423240251 ], [ 112.022072053140747, -7.815394372303722 ], [ 112.022068026528544, -7.815393458176475 ], [ 112.021910266590453, -7.815363364985844 ], [ 112.021911318232839, -7.815357882175794 ], [ 112.021639821471311, -7.815296246828232 ], [ 112.021731892299329, -7.814864151570071 ], [ 112.022201513619748, -7.814965371947757 ], [ 112.022154873467784, -7.81515664833818 ], [ 112.022253305315388, -7.815177947218649 ], [ 112.022294878413632, -7.814985495575451 ], [ 112.022472196680923, -7.815023714309517 ], [ 112.022721939296972, -7.815071212493123 ], [ 112.022659276574601, -7.815363615134311 ], [ 112.02286816068866, -7.815409640219721 ], [ 112.02285386923981, -7.815474645903391 ], [ 112.022850318135426, -7.815490801176597 ], [ 112.022838648553432, -7.815543890157147 ], [ 112.022833849756708, -7.815565719187456 ], [ 112.022833030829105, -7.815569447395641 ], [ 112.022829034820347, -7.815587624228419 ], [ 112.022579868067723, -7.815522735401156 ], [ 112.022567023020429, -7.815568711218103 ], [ 112.022404405321339, -7.815524846279989 ], [ 112.022417959364461, -7.815461681909064 ] ] ], [ [ [ 112.021192491319539, -7.815200987005575 ], [ 112.021193737036782, -7.815195163392223 ], [ 112.020982475488736, -7.81514701471492 ], [ 112.020844401923682, -7.81511566882988 ], [ 112.020885366872321, -7.814939954636073 ], [ 112.020935350934224, -7.814681689481993 ], [ 112.021346558454795, -7.814781098456387 ], [ 112.021621772792045, -7.814840416261864 ], [ 112.021533606971445, -7.815273553265211 ], [ 112.021192491319539, -7.815200987005575 ] ] ], [ [ [ 112.02038954520377, -7.815283176693743 ], [ 112.02038994452829, -7.815283257308324 ], [ 112.02038859774288, -7.815289891167259 ], [ 112.020543672828964, -7.815322458117388 ], [ 112.020540702825812, -7.815337322218177 ], [ 112.020439138539842, -7.815321629789507 ], [ 112.020395098140142, -7.815314826362926 ], [ 112.019976643535841, -7.81524473101961 ], [ 112.020033622529127, -7.81494811227024 ], [ 112.020439437897295, -7.815036270649281 ], [ 112.02038954520377, -7.815283176693743 ] ] ], [ [ [ 112.021242609347865, -7.815469239323979 ], [ 112.021553203799186, -7.815533664998206 ], [ 112.021539166294744, -7.815601610123056 ], [ 112.021079450765512, -7.815516573323857 ], [ 112.020770631199568, -7.815457858266837 ], [ 112.020783964316379, -7.815374908438906 ], [ 112.020784406022344, -7.815373013796878 ], [ 112.021242609347865, -7.815469239323979 ] ] ], [ [ [ 112.022095123501799, -7.815646073164483 ], [ 112.022081087543867, -7.815705323743148 ], [ 112.022075772419171, -7.815730029182534 ], [ 112.02220842872012, -7.815763807697013 ], [ 112.02220042842238, -7.815787835890157 ], [ 112.022134343298958, -7.815770752955157 ], [ 112.021911545269759, -7.815713159229256 ], [ 112.021864763987779, -7.815701066288294 ], [ 112.021783260001285, -7.815993987469527 ], [ 112.021752307543593, -7.815987373218078 ], [ 112.021713910646966, -7.815979411289762 ], [ 112.0216387700696, -7.815963828913853 ], [ 112.021727398635406, -7.815569797598403 ], [ 112.022095123501799, -7.815646073164483 ] ] ], [ [ [ 112.022608085217939, -7.81457565858396 ], [ 112.022610133893195, -7.814566111502733 ], [ 112.022617296701682, -7.814567640097564 ], [ 112.022618945904611, -7.814560522813133 ], [ 112.022622614841211, -7.81456136834199 ], [ 112.022653965361528, -7.814451882964617 ], [ 112.022723808587983, -7.814172252856562 ], [ 112.022747453454713, -7.814064095734209 ], [ 112.02275313267144, -7.8140371628101 ], [ 112.022407313947781, -7.813955866206803 ], [ 112.022408015650228, -7.813952897727429 ], [ 112.021700877484278, -7.813781614132406 ], [ 112.021525490510186, -7.813744113957608 ], [ 112.021522806027704, -7.813755209138828 ], [ 112.02115264732636, -7.813666137825717 ], [ 112.02115737934767, -7.813632402552339 ], [ 112.02125437890102, -7.813644782131483 ], [ 112.021285546299296, -7.813436519217079 ], [ 112.02132299583964, -7.813443607118464 ], [ 112.021352499790623, -7.813255804489016 ], [ 112.021539867707673, -7.81329595841346 ], [ 112.02149754500094, -7.81358532720404 ], [ 112.022348753514009, -7.813725410571591 ], [ 112.02239266153866, -7.813495955109899 ], [ 112.022494849512299, -7.813520666330696 ], [ 112.022452415153893, -7.813726595975411 ], [ 112.022752093045554, -7.813816323954051 ], [ 112.022832545742659, -7.813602326159214 ], [ 112.02327036933228, -7.813708199756583 ], [ 112.023269463256526, -7.813712635435287 ], [ 112.023235842695669, -7.813877284866233 ], [ 112.023175204651565, -7.814146237255617 ], [ 112.023106013171855, -7.814451533816115 ], [ 112.022993357058922, -7.814890792123926 ], [ 112.022993228689316, -7.814891333280075 ], [ 112.022989648985728, -7.814907658654463 ], [ 112.022940060101135, -7.815089681832351 ], [ 112.022938950444967, -7.815089471075196 ], [ 112.022538980443045, -7.815013400519251 ], [ 112.022619110289767, -7.814689368610684 ], [ 112.022498114177907, -7.814659610166554 ], [ 112.022471529638324, -7.814767113717139 ], [ 112.022312198456675, -7.814727928028764 ], [ 112.022256281175359, -7.814954047188328 ], [ 112.02150154600254, -7.814791374252658 ], [ 112.021567413257628, -7.814562989921933 ], [ 112.02149719359825, -7.814542849049037 ], [ 112.021510695117172, -7.814496032358895 ], [ 112.021386600540808, -7.814460438490685 ], [ 112.021359377125435, -7.81455483030635 ], [ 112.021296519399812, -7.814536800616208 ], [ 112.021327669278918, -7.814428795868636 ], [ 112.021256547558025, -7.814408395753256 ], [ 112.021283779492407, -7.814287857576035 ], [ 112.021828190844332, -7.81441145101578 ], [ 112.022530737595389, -7.814560904253366 ], [ 112.022608085217939, -7.81457565858396 ] ] ], [ [ [ 112.02076303017293, -7.813581088445241 ], [ 112.020799772604235, -7.813359356289046 ], [ 112.020604386505298, -7.813296682237921 ], [ 112.020639615371721, -7.813086944353724 ], [ 112.021135191313462, -7.813209227253651 ], [ 112.021063694990943, -7.813596328069376 ], [ 112.020919920403713, -7.8135709563512 ], [ 112.020913446735221, -7.8136132499188 ], [ 112.02076303017293, -7.813581088445241 ] ] ], [ [ [ 112.020669199435474, -7.813935388014318 ], [ 112.020605900878493, -7.813920246596119 ], [ 112.020647678740701, -7.813741231561586 ], [ 112.020706225315621, -7.813759322124294 ], [ 112.020669199435474, -7.813935388014318 ] ] ], [ [ [ 112.021084950213762, -7.814242630601155 ], [ 112.020997079893647, -7.814673348943719 ], [ 112.02060433158519, -7.814578403569779 ], [ 112.02041725041795, -7.814538172629576 ], [ 112.020500015678792, -7.8142160591704 ], [ 112.020195768632121, -7.814146062481687 ], [ 112.020214885008656, -7.814057815950918 ], [ 112.020659222796226, -7.814149022160715 ], [ 112.020659758708206, -7.814145724470777 ], [ 112.021084950213762, -7.814242630601155 ] ] ], [ [ [ 112.01984226364084, -7.813448812472171 ], [ 112.019847178257692, -7.813424720397822 ], [ 112.019847871561993, -7.813424861080967 ], [ 112.019863057396208, -7.81335582081696 ], [ 112.019853969479371, -7.8133536339649 ], [ 112.019937606558472, -7.813007959566826 ], [ 112.019964021448573, -7.8128823523713 ], [ 112.019714068141155, -7.812858326111283 ], [ 112.019715696327012, -7.812841480077952 ], [ 112.019627021026409, -7.812829538401901 ], [ 112.019683249458438, -7.812599140918433 ], [ 112.019634504752133, -7.812799973869749 ], [ 112.020372261646841, -7.812984369846429 ], [ 112.02036619238153, -7.813010024029046 ], [ 112.02036132172951, -7.813034430829501 ], [ 112.020355150310778, -7.813063955290841 ], [ 112.020327451539089, -7.813193855010138 ], [ 112.020301871646097, -7.813313821746033 ], [ 112.020294164745692, -7.813350405329551 ], [ 112.020290439684445, -7.813368909803255 ], [ 112.02028560994863, -7.813393736157654 ], [ 112.020278614486983, -7.813430123572081 ], [ 112.020244545334734, -7.813607352730891 ], [ 112.020213985078314, -7.813766323940962 ], [ 112.020204570978578, -7.813816191309999 ], [ 112.020194339759811, -7.813872783238658 ], [ 112.020191968490479, -7.81388522570428 ], [ 112.020190688223479, -7.813891317380685 ], [ 112.020189295125832, -7.813897254672896 ], [ 112.020187651116558, -7.813902942045363 ], [ 112.020187180854094, -7.813904609130581 ], [ 112.020178783853211, -7.8139386050127 ], [ 112.020177690890179, -7.813943027573774 ], [ 112.019642391, -7.813877562285526 ], [ 112.019641967369594, -7.813877518086566 ], [ 112.019325349318677, -7.813850779358867 ], [ 112.018765350652515, -7.81378517986596 ], [ 112.018176941581331, -7.813688149658277 ], [ 112.018177717070927, -7.813683694401014 ], [ 112.018179655339196, -7.813672555354527 ], [ 112.018195142166078, -7.813588571118831 ], [ 112.01819836518294, -7.813570558059962 ], [ 112.018201583145228, -7.813551581800646 ], [ 112.018214317772248, -7.813471818817015 ], [ 112.018224791349382, -7.813406220959211 ], [ 112.018234063359216, -7.81334814176831 ], [ 112.018238388041354, -7.813321055576602 ], [ 112.018254604030659, -7.813219491179471 ], [ 112.018261851725825, -7.813174094191421 ], [ 112.018268052421178, -7.813135254998542 ], [ 112.018279805247161, -7.813061640852557 ], [ 112.01829515914406, -7.812965474332009 ], [ 112.018304411372569, -7.812910464806956 ], [ 112.018625853435296, -7.812963765678871 ], [ 112.018728624787983, -7.81298080694611 ], [ 112.018696239493991, -7.813179689612372 ], [ 112.018675122406094, -7.813309372187302 ], [ 112.018805818736823, -7.813325885553206 ], [ 112.01881018072433, -7.813326436684322 ], [ 112.018807705234863, -7.813345922064252 ], [ 112.019030979045738, -7.813371198598825 ], [ 112.0192152021705, -7.813391876143163 ], [ 112.019216986179259, -7.813377833811932 ], [ 112.01965716925406, -7.813433450534027 ], [ 112.01984226364084, -7.813448812472171 ] ] ], [ [ [ 112.024945305778843, -7.811038392362992 ], [ 112.025012711866054, -7.81105724730223 ], [ 112.02503723976298, -7.81100533922785 ], [ 112.024974918002115, -7.810989124274304 ], [ 112.02497593916992, -7.810985220749325 ], [ 112.024472344150112, -7.81084937624369 ], [ 112.024185799242389, -7.810777437919636 ], [ 112.02415481957371, -7.811164590850201 ], [ 112.024177362749796, -7.811315736021922 ], [ 112.024212000824093, -7.811324273777029 ], [ 112.024191171521949, -7.811408319320899 ], [ 112.024213918117525, -7.811560827501481 ], [ 112.024151064311056, -7.811570151113402 ], [ 112.024127554832475, -7.811665010971101 ], [ 112.024059058885769, -7.811582118614181 ], [ 112.023978286917952, -7.811493053135933 ], [ 112.024057541949418, -7.811284051444378 ], [ 112.024097884675982, -7.811296876102709 ], [ 112.024133523124192, -7.811151776303447 ], [ 112.023989435525706, -7.811103309135442 ], [ 112.024013738375615, -7.811032896963581 ], [ 112.023984920165574, -7.811022916824055 ], [ 112.024012040341489, -7.810926653925693 ], [ 112.023999352662173, -7.810922464622336 ], [ 112.024000286383185, -7.81091895771924 ], [ 112.023941918207001, -7.810903502331421 ], [ 112.023977227595424, -7.810773338082933 ], [ 112.024003049003809, -7.810781662250244 ], [ 112.024012829087141, -7.810659597457011 ], [ 112.024060038385102, -7.810536006669906 ], [ 112.024050534644616, -7.810532489779713 ], [ 112.024051503079093, -7.810529831141761 ], [ 112.023977420729153, -7.810503005421578 ], [ 112.023976641478498, -7.810505145366409 ], [ 112.023905851785514, -7.810478949275047 ], [ 112.023966996052792, -7.810264351491593 ], [ 112.024123422935759, -7.810304792804081 ], [ 112.024274804298045, -7.81034354053757 ], [ 112.024412774583709, -7.810380069603507 ], [ 112.024369536070665, -7.810520899052283 ], [ 112.024481922434234, -7.810557956766523 ], [ 112.024434801638535, -7.810717442126749 ], [ 112.024794979329144, -7.810821380883135 ], [ 112.024776416958929, -7.810884599853156 ], [ 112.024862868101152, -7.810913105693102 ], [ 112.024937182195501, -7.810687508860232 ], [ 112.02503802755686, -7.810714543542231 ], [ 112.025085834317395, -7.810558276227087 ], [ 112.025158310135666, -7.810577466880344 ], [ 112.025556470072146, -7.810683167835437 ], [ 112.025687909230683, -7.810716039439565 ], [ 112.025700748582423, -7.81071957442498 ], [ 112.025579834888845, -7.811133193676726 ], [ 112.025706632362898, -7.811175959149119 ], [ 112.025561105257623, -7.811595069194267 ], [ 112.025355583652427, -7.811519932736013 ], [ 112.025352860218604, -7.811519177818626 ], [ 112.025350053496325, -7.811518854513128 ], [ 112.025347229703954, -7.811518968989772 ], [ 112.025256685485047, -7.811491534086732 ], [ 112.024889861965605, -7.811380384683425 ], [ 112.024893471418793, -7.81136885810112 ], [ 112.024971290964899, -7.81112031206353 ], [ 112.024925759516023, -7.811107889813176 ], [ 112.024945305778843, -7.811038392362992 ] ], [ [ 112.024114353613925, -7.810759501118102 ], [ 112.024093624487605, -7.810754296910427 ], [ 112.024094160971899, -7.810757894130864 ], [ 112.024114353613925, -7.810759501118102 ] ] ], [ [ [ 112.026676694245978, -7.812628430399796 ], [ 112.026875121158596, -7.812690042607136 ], [ 112.02687966381616, -7.812676943306974 ], [ 112.027301535935635, -7.812822445383612 ], [ 112.02738098313705, -7.812847113914944 ], [ 112.02738243178861, -7.812843133375982 ], [ 112.027468550521931, -7.812874303752584 ], [ 112.02772774645166, -7.812954784339073 ], [ 112.027724006136808, -7.81296676473224 ], [ 112.027805436817971, -7.812996238161804 ], [ 112.027824171532373, -7.813002699642749 ], [ 112.027840233936374, -7.812951923384056 ], [ 112.0278247137569, -7.812946403005078 ], [ 112.027827058559012, -7.812939846751581 ], [ 112.026381936156653, -7.812400487680035 ], [ 112.026177993243408, -7.812324370083296 ], [ 112.026218708749624, -7.812187261924096 ], [ 112.026121970910182, -7.812158613161444 ], [ 112.026083248397072, -7.812289008427252 ], [ 112.026056107036496, -7.8122788784414 ], [ 112.02595725611944, -7.81224198426488 ], [ 112.02581284314175, -7.812188084864063 ], [ 112.025827932939805, -7.812137269901115 ], [ 112.0258385622204, -7.812141915445681 ], [ 112.025924540589088, -7.811976592578857 ], [ 112.026119109334473, -7.812062266512824 ], [ 112.02619176725257, -7.811867292788448 ], [ 112.026262597802713, -7.811892626433025 ], [ 112.026294002006523, -7.811903859079385 ], [ 112.026325614977594, -7.811915165378909 ], [ 112.026403691165697, -7.811944762035786 ], [ 112.026425634776757, -7.811953080081536 ], [ 112.026446883063358, -7.811961134818858 ], [ 112.02661982315314, -7.812026691506463 ], [ 112.026676022021221, -7.812047995236124 ], [ 112.026715241683377, -7.812062862730391 ], [ 112.026882239798894, -7.812126166346974 ], [ 112.026944244574167, -7.81214967086166 ], [ 112.026960904267099, -7.812155985758031 ], [ 112.026990226890803, -7.812167101308676 ], [ 112.027051293076227, -7.812190249935461 ], [ 112.027100890916799, -7.812209050827419 ], [ 112.027242450008529, -7.812265766795344 ], [ 112.027273725930982, -7.812278297519963 ], [ 112.027295156016564, -7.812286883568894 ], [ 112.027352605207554, -7.812309900754212 ], [ 112.027388483084039, -7.8123233192785 ], [ 112.027398660510059, -7.812327125670903 ], [ 112.027420405999564, -7.81233525873481 ], [ 112.027484737466338, -7.812359318247681 ], [ 112.027509502964307, -7.812368580823279 ], [ 112.027542000476146, -7.812380735029441 ], [ 112.027624624459889, -7.812411636315264 ], [ 112.027685712641471, -7.812434483614928 ], [ 112.027737283315318, -7.81245377163306 ], [ 112.0279157124439, -7.81252050370379 ], [ 112.027999040872373, -7.812551669095907 ], [ 112.02804822697054, -7.812570064781408 ], [ 112.028088580887413, -7.812585157290592 ], [ 112.028299618402542, -7.812664084674074 ], [ 112.028360506946754, -7.812686857285252 ], [ 112.02838016905595, -7.812693768063579 ], [ 112.028380676448663, -7.812693946808883 ], [ 112.028384955239545, -7.812695450399461 ], [ 112.028295875024071, -7.812977051016373 ], [ 112.028271708116961, -7.813053449391395 ], [ 112.028241622301849, -7.813148553863008 ], [ 112.028230882446323, -7.813182504874806 ], [ 112.028222267344503, -7.813209739903285 ], [ 112.028219820415543, -7.813217475954322 ], [ 112.028202972531432, -7.813270675271913 ], [ 112.027899694672044, -7.813172698116066 ], [ 112.027812363644131, -7.813440651212926 ], [ 112.027329473652088, -7.813274453061005 ], [ 112.027162268412837, -7.813220125684167 ], [ 112.027261630008596, -7.812961515957948 ], [ 112.027101903285342, -7.812896097514408 ], [ 112.027147227578993, -7.812787108440348 ], [ 112.027009128008118, -7.812734798541998 ], [ 112.026970978298593, -7.812834199569843 ], [ 112.026807666818726, -7.812774772470077 ], [ 112.026793369289123, -7.81281548723669 ], [ 112.026627664948819, -7.81275845897966 ], [ 112.026538216092192, -7.813017363784097 ], [ 112.02634198085623, -7.812953604708019 ], [ 112.026450092124861, -7.812581504078141 ], [ 112.026459631725146, -7.812553031205632 ], [ 112.026676694245978, -7.812628430399796 ] ] ], [ [ [ 112.025829265172078, -7.812239124318758 ], [ 112.025826909462523, -7.812260860166154 ], [ 112.025794116087837, -7.812251148288482 ], [ 112.025798666102276, -7.812235826099207 ], [ 112.025829265172078, -7.812239124318758 ] ] ], [ [ [ 112.026165952013812, -7.81243130129354 ], [ 112.026160318778906, -7.812448927431198 ], [ 112.02616122665421, -7.812449258236182 ], [ 112.026142849138992, -7.812514716959766 ], [ 112.026123530689816, -7.812507770868967 ], [ 112.026147939264618, -7.8124255758446 ], [ 112.026165952013812, -7.81243130129354 ] ] ], [ [ [ 112.029394852539738, -7.813552768796782 ], [ 112.029381845647421, -7.813587617820125 ], [ 112.029237735707497, -7.813530538066548 ], [ 112.029113838699018, -7.813888583949702 ], [ 112.028757948159623, -7.813766096462198 ], [ 112.028818481955241, -7.813571282173922 ], [ 112.02861672195138, -7.813489216805524 ], [ 112.02854380850745, -7.813692395460227 ], [ 112.028363061850911, -7.81363018696372 ], [ 112.028472124522608, -7.81326883910712 ], [ 112.02847463292693, -7.813262137564567 ], [ 112.028474196310952, -7.813261974926801 ], [ 112.028493633149992, -7.813197575268182 ], [ 112.028515237766669, -7.813201112336265 ], [ 112.028571206889424, -7.813029880234931 ], [ 112.028328034047476, -7.812950542830045 ], [ 112.028406351014766, -7.812702971060331 ], [ 112.028410753251478, -7.812704518666876 ], [ 112.028452655749462, -7.812719439146814 ], [ 112.02848837432002, -7.812732588438346 ], [ 112.028502052748692, -7.812737655185449 ], [ 112.028546036307162, -7.812753946216577 ], [ 112.028634747763476, -7.812786804109618 ], [ 112.028745743759217, -7.812827916660368 ], [ 112.028820494508608, -7.812855604450797 ], [ 112.028866200940485, -7.81287253339063 ], [ 112.028940163801678, -7.812899929138863 ], [ 112.029029890143136, -7.812933163422561 ], [ 112.029114977135876, -7.812964678824134 ], [ 112.029208850877211, -7.812999449527672 ], [ 112.029292678884005, -7.813030498561189 ], [ 112.029372633655598, -7.81306011264949 ], [ 112.029418046026379, -7.813076933709453 ], [ 112.029462870195871, -7.813093536422458 ], [ 112.029514566722369, -7.813112683710238 ], [ 112.029638959922593, -7.813158758486106 ], [ 112.029739915778663, -7.813196151811338 ], [ 112.029820282709579, -7.813225918553967 ], [ 112.029868479091348, -7.813243770147865 ], [ 112.029904155272888, -7.813256984529683 ], [ 112.029935620191779, -7.813268498910785 ], [ 112.029954198327971, -7.813275297389277 ], [ 112.030009600517801, -7.813295571532286 ], [ 112.030022126034012, -7.813300155361044 ], [ 112.030083321245669, -7.813322548903667 ], [ 112.030109585891267, -7.813332160381873 ], [ 112.030207683238373, -7.813368058308213 ], [ 112.030271654251493, -7.813391467954501 ], [ 112.030408240440977, -7.813441450605291 ], [ 112.030440323535899, -7.813453191351988 ], [ 112.03051466790906, -7.813480396843122 ], [ 112.030618331408363, -7.813518331414189 ], [ 112.030420528554828, -7.814091525242242 ], [ 112.030507008784582, -7.814131515873127 ], [ 112.030433745333994, -7.814339164346467 ], [ 112.030406838461133, -7.814329893622208 ], [ 112.030353168544394, -7.814311570687384 ], [ 112.03033019484927, -7.814303759146992 ], [ 112.030238806555275, -7.81427268809909 ], [ 112.030158009710945, -7.814245217032942 ], [ 112.03002814770737, -7.81420106412242 ], [ 112.02986409977224, -7.814145287659595 ], [ 112.029816316473799, -7.814129141716229 ], [ 112.029727619696288, -7.814099829419104 ], [ 112.029687352952394, -7.8140859705126 ], [ 112.029817889109239, -7.813698858984293 ], [ 112.029953222439474, -7.813745594477413 ], [ 112.030257915603329, -7.813845977236764 ], [ 112.03046127537786, -7.813912975075215 ], [ 112.030462203630421, -7.81391058803252 ], [ 112.029826623774298, -7.813672955874762 ], [ 112.029867418757306, -7.813551976167024 ], [ 112.029796318568373, -7.813521519395425 ], [ 112.029821062441854, -7.813435312914924 ], [ 112.029638536675805, -7.813368755422538 ], [ 112.029568011062992, -7.813576264752352 ], [ 112.029029870515586, -7.81337506199985 ], [ 112.028695012073783, -7.813255957542819 ], [ 112.028679290396809, -7.813305657453366 ], [ 112.029394852539738, -7.813552768796782 ] ] ], [ [ [ 112.027490524832103, -7.810871458301862 ], [ 112.027053307981078, -7.810751561201242 ], [ 112.026968884252895, -7.810728409783818 ], [ 112.026946062551303, -7.810788957451693 ], [ 112.02697148215573, -7.810797171795265 ], [ 112.027402119689413, -7.810931939386345 ], [ 112.027400864863012, -7.810935927141351 ], [ 112.027530656902698, -7.810977869402107 ], [ 112.027406082150947, -7.811398995547796 ], [ 112.026437639786693, -7.811091597233186 ], [ 112.026403609716326, -7.811066057570196 ], [ 112.026401109088681, -7.811053668527243 ], [ 112.026433627055695, -7.810901537090377 ], [ 112.026433781282734, -7.810900816795287 ], [ 112.026434025362335, -7.810900125223529 ], [ 112.026503731714726, -7.810702819809016 ], [ 112.026503846961603, -7.81070247765734 ], [ 112.026668535265287, -7.810184102997965 ], [ 112.026669905932124, -7.810179790998816 ], [ 112.02667426838795, -7.810181030316256 ], [ 112.027132085052273, -7.810311127309757 ], [ 112.027556023295389, -7.810427176330383 ], [ 112.027979789295458, -7.810543177379635 ], [ 112.028235698121577, -7.810619248176758 ], [ 112.02823604479353, -7.810619345915524 ], [ 112.028283965895355, -7.810631951854671 ], [ 112.028288362619023, -7.810633108768412 ], [ 112.028286888525955, -7.810637397507417 ], [ 112.028286151932861, -7.810639541875791 ], [ 112.028281279413108, -7.810653718791593 ], [ 112.028268797804699, -7.810690036387847 ], [ 112.028224188706801, -7.810819831832262 ], [ 112.028204854402134, -7.810876088712734 ], [ 112.028124310505603, -7.81111044410352 ], [ 112.028112877036207, -7.811143710340576 ], [ 112.028002591273065, -7.811103187320603 ], [ 112.027929229560655, -7.811325192519344 ], [ 112.027819725681724, -7.811289565001851 ], [ 112.027884524230529, -7.811093758242226 ], [ 112.027951920820797, -7.810890098391428 ], [ 112.027945111404577, -7.810888054676879 ], [ 112.027812860095111, -7.810848367338392 ], [ 112.027801710734806, -7.810845021857099 ], [ 112.027797494214852, -7.810843755969533 ], [ 112.027588850989062, -7.810781144492942 ], [ 112.027573078041698, -7.810834464177344 ], [ 112.0275567615776, -7.81088962221073 ], [ 112.027490524832103, -7.810871458301862 ] ] ], [ [ [ 112.025644576087345, -7.810228663256749 ], [ 112.02584825709306, -7.810281657060287 ], [ 112.025848510134367, -7.810280698210023 ], [ 112.025871986931648, -7.810286861316383 ], [ 112.025879448036974, -7.810263822568741 ], [ 112.025972963230132, -7.810293942798864 ], [ 112.025931616562161, -7.81039928615598 ], [ 112.02581202504706, -7.810357083875854 ], [ 112.025693683586553, -7.81069417637589 ], [ 112.025562143701904, -7.810661276979975 ], [ 112.025164135333441, -7.810555615454704 ], [ 112.024796479336402, -7.810458270281591 ], [ 112.024691754482333, -7.810430542198965 ], [ 112.024611842823546, -7.8104093833693 ], [ 112.024671124214493, -7.810213869760743 ], [ 112.024593091414758, -7.810193718417502 ], [ 112.024582401899409, -7.810238014041677 ], [ 112.024499569849823, -7.810217874313234 ], [ 112.024452670190541, -7.810367239542736 ], [ 112.024280531536135, -7.810321664031957 ], [ 112.024129085748655, -7.810282898367152 ], [ 112.023911615573766, -7.810226675303185 ], [ 112.023938634463704, -7.810125320751087 ], [ 112.023973210179562, -7.810134809420421 ], [ 112.024008401260218, -7.810002632213947 ], [ 112.024041054754022, -7.810011167750489 ], [ 112.024067676747592, -7.809907727651195 ], [ 112.024116659971966, -7.809921201572212 ], [ 112.024150901096959, -7.809793334431044 ], [ 112.024107686149563, -7.809783388261327 ], [ 112.024137625259755, -7.809662710856758 ], [ 112.024185163189657, -7.809674081872197 ], [ 112.024239391945073, -7.809477249234449 ], [ 112.024390670842934, -7.809522827418702 ], [ 112.024433518468186, -7.809382017915309 ], [ 112.02435571275123, -7.809356362539231 ], [ 112.024264938970148, -7.809326430796355 ], [ 112.024294972451386, -7.809244519463967 ], [ 112.024214280409069, -7.809215998601078 ], [ 112.024288889242371, -7.809001123989826 ], [ 112.025645255163298, -7.809471326640649 ], [ 112.025939844557882, -7.809571877396694 ], [ 112.026309727086442, -7.809697407101431 ], [ 112.026471153981419, -7.809750652886708 ], [ 112.026751115474696, -7.80984300286908 ], [ 112.026755420325841, -7.809844422306164 ], [ 112.026754016983944, -7.809848722627255 ], [ 112.026651635069967, -7.810162454174143 ], [ 112.026651519858646, -7.810162810796542 ], [ 112.026482287528353, -7.810695476418196 ], [ 112.026417135848547, -7.810879889075719 ], [ 112.0264156245305, -7.810884168856869 ], [ 112.026411223283333, -7.810883016456405 ], [ 112.026172376236303, -7.810820473075134 ], [ 112.026129647845664, -7.810809283273889 ], [ 112.026220801182333, -7.810555767493598 ], [ 112.026153564579786, -7.810534395503723 ], [ 112.0261104039201, -7.810519979764908 ], [ 112.026126646867908, -7.810475967292302 ], [ 112.026184294439389, -7.810499758382579 ], [ 112.026253389246392, -7.810298581744887 ], [ 112.02614981548038, -7.810252402395395 ], [ 112.02619076400768, -7.810139753134707 ], [ 112.026196437061998, -7.81012109748804 ], [ 112.026067529755124, -7.81007874975471 ], [ 112.026065869654261, -7.810083491875202 ], [ 112.02564068670371, -7.809935457096641 ], [ 112.025213518278335, -7.809793225737324 ], [ 112.025215465791049, -7.809787408557687 ], [ 112.02489031136794, -7.809674199646293 ], [ 112.024396699040892, -7.809505928492126 ], [ 112.024281740703088, -7.809861038861596 ], [ 112.024701453381454, -7.809974256733639 ], [ 112.025137319259542, -7.810083682445893 ], [ 112.025135393394706, -7.810091311946634 ], [ 112.025644576087345, -7.810228663256749 ] ] ], [ [ [ 112.020107915358338, -7.814262314060786 ], [ 112.020077265459591, -7.814408296141401 ], [ 112.019590998544032, -7.814322298712113 ], [ 112.019222437462091, -7.814257117910638 ], [ 112.019136406226735, -7.814241903180807 ], [ 112.019191137665743, -7.813857822077242 ], [ 112.019322887186959, -7.813873256633749 ], [ 112.019323252758426, -7.813873293737695 ], [ 112.01963984179929, -7.813900029821509 ], [ 112.019827093705103, -7.813922929253382 ], [ 112.019801369165833, -7.814091359916174 ], [ 112.019782294480336, -7.81421625542944 ], [ 112.020107915358338, -7.814262314060786 ] ] ], [ [ [ 112.023065467769044, -7.813225726438678 ], [ 112.023371202126995, -7.813289956306686 ], [ 112.023350823715759, -7.81338663517913 ], [ 112.02327643012876, -7.813681747873161 ], [ 112.023275324412879, -7.813686133387599 ], [ 112.02269999459952, -7.813547008650882 ], [ 112.022801849652424, -7.813170343674509 ], [ 112.022953947352221, -7.81320229780475 ], [ 112.023065467769044, -7.813225726438678 ] ] ], [ [ [ 112.020535037544704, -7.812600086613525 ], [ 112.020543469713218, -7.812587688298763 ], [ 112.020553618297072, -7.812576642475512 ], [ 112.020565268931236, -7.812567183907214 ], [ 112.02057817270753, -7.812559513977106 ], [ 112.020591870369145, -7.812553855378105 ], [ 112.020606240407901, -7.812550214734522 ], [ 112.020620984633894, -7.812548666024808 ], [ 112.021191319454786, -7.812635588094555 ], [ 112.021550080462617, -7.812689340100224 ], [ 112.02152142488346, -7.812953767109501 ], [ 112.022176696565012, -7.813038329896144 ], [ 112.022164091974062, -7.813134699621488 ], [ 112.022164980238614, -7.8131248003619 ], [ 112.02205599713578, -7.813115071888538 ], [ 112.022053128351189, -7.813147035743032 ], [ 112.021533148386709, -7.813063097210291 ], [ 112.021502340605466, -7.813264790425928 ], [ 112.02114046683198, -7.813187238806292 ], [ 112.020438128096018, -7.813013934708733 ], [ 112.020454916196272, -7.812934573436401 ], [ 112.020523997303528, -7.812627868249781 ], [ 112.020528499814986, -7.812613575611343 ], [ 112.020535037544704, -7.812600086613525 ] ] ], [ [ [ 112.023461664163619, -7.812345372481269 ], [ 112.023455374566595, -7.812369846040291 ], [ 112.023452119541858, -7.812383929467507 ], [ 112.023449525835275, -7.812396228674297 ], [ 112.023444626961108, -7.812420886985477 ], [ 112.023440511446168, -7.812442111112034 ], [ 112.023432699588795, -7.812482401299686 ], [ 112.023428035936718, -7.8125064530774 ], [ 112.023412540275928, -7.812586364773461 ], [ 112.023399532739006, -7.812653448430571 ], [ 112.023389592809039, -7.812704713525458 ], [ 112.023380152018916, -7.812754259006696 ], [ 112.023369885862692, -7.812810472993067 ], [ 112.023367501781493, -7.812822827766368 ], [ 112.023366215113469, -7.81282887785845 ], [ 112.023364814716004, -7.812834777187201 ], [ 112.023363246899578, -7.812840450815454 ], [ 112.023361433420391, -7.812845795828436 ], [ 112.02335927055563, -7.812850674100476 ], [ 112.02335661999949, -7.812854897846406 ], [ 112.023353296146723, -7.812858221512416 ], [ 112.023349255789796, -7.812860405530929 ], [ 112.023344570335823, -7.81286172467374 ], [ 112.023339410846759, -7.812862410963461 ], [ 112.023333911063091, -7.812862639534395 ], [ 112.023328169259656, -7.812862545812099 ], [ 112.023322259130424, -7.812862226391409 ], [ 112.023316235269576, -7.812861755302856 ], [ 112.02330399101595, -7.812860549509737 ], [ 112.023254522711568, -7.812855083573536 ], [ 112.023140695697222, -7.812838920371269 ], [ 112.023223216406961, -7.81242848214229 ], [ 112.023052747293846, -7.812385821663381 ], [ 112.023026294575871, -7.812517960502223 ], [ 112.02280928811274, -7.812478713725337 ], [ 112.022814452630442, -7.812454007743818 ], [ 112.022840114448883, -7.812328887343691 ], [ 112.022603878375705, -7.812277770297302 ], [ 112.022573972748233, -7.812412806210241 ], [ 112.022559565349184, -7.812408533299813 ], [ 112.022200907008184, -7.812337612304297 ], [ 112.022149010539934, -7.812684737258141 ], [ 112.021749882377932, -7.812622702072014 ], [ 112.021731614166939, -7.812619862935533 ], [ 112.021729374187927, -7.812619514721306 ], [ 112.021724893320837, -7.812618817390616 ], [ 112.021815594943121, -7.812037974131369 ], [ 112.021873060367355, -7.811759631639738 ], [ 112.02187742834198, -7.811760899030143 ], [ 112.021878345294184, -7.811756455186577 ], [ 112.022053385560852, -7.811807243141439 ], [ 112.022181087301036, -7.811841099832074 ], [ 112.023278568182889, -7.812132033609517 ], [ 112.023413028950969, -7.812166168379056 ], [ 112.023503811513919, -7.812190148197905 ], [ 112.023502642280334, -7.81219451758663 ], [ 112.02349034337179, -7.812240504752232 ], [ 112.023490153858702, -7.812241261309311 ], [ 112.023486971041194, -7.812253340359059 ], [ 112.023483008055081, -7.812267929264788 ], [ 112.023471635903761, -7.812308665815713 ], [ 112.023461664163619, -7.812345372481269 ] ] ], [ [ [ 112.021239584310621, -7.809736325038125 ], [ 112.021237065684701, -7.809749690373852 ], [ 112.021233024978002, -7.809771140417698 ], [ 112.021227268771696, -7.809801692209754 ], [ 112.021197812663701, -7.809958045174059 ], [ 112.021149787190552, -7.810190278069016 ], [ 112.021130213940609, -7.810281855804511 ], [ 112.021130256078649, -7.81029920527451 ], [ 112.021134493731068, -7.810321874382407 ], [ 112.021134882296124, -7.810323912016219 ], [ 112.021135577189611, -7.810325866607426 ], [ 112.021146147643861, -7.810349640094855 ], [ 112.021103473720629, -7.810336556670283 ], [ 112.021111414929777, -7.810290812507319 ], [ 112.021121455912564, -7.810233249681654 ], [ 112.021185239290133, -7.809867597841565 ], [ 112.021197042309097, -7.809799935574949 ], [ 112.021205581518814, -7.809750983782901 ], [ 112.021210889060583, -7.809719786411341 ], [ 112.02122762820521, -7.809654703396555 ], [ 112.021257094651247, -7.809643379368733 ], [ 112.02124549629751, -7.809704942608175 ], [ 112.021239584310621, -7.809736325038125 ] ] ], [ [ [ 112.023776288961628, -7.809880277798804 ], [ 112.023725738781636, -7.810058681103536 ], [ 112.023561771051021, -7.810009237163443 ], [ 112.023572148613511, -7.809965649566298 ], [ 112.023432237729139, -7.809911970692128 ], [ 112.023423578034482, -7.80994335707067 ], [ 112.023297687426052, -7.809907068834861 ], [ 112.023350273393021, -7.809734477884909 ], [ 112.023393537341974, -7.809749285293956 ], [ 112.023392085043142, -7.809753233905935 ], [ 112.023654167741086, -7.809839660110461 ], [ 112.023672871989163, -7.809845828209889 ], [ 112.023748458646935, -7.80987075378226 ], [ 112.023776288961628, -7.809880277798804 ] ] ], [ [ [ 112.022851256512482, -7.809579563888856 ], [ 112.02315029954022, -7.80967424522297 ], [ 112.023119993435898, -7.80977988472287 ], [ 112.023197817382453, -7.809802209288682 ], [ 112.023190935016004, -7.80983762780616 ], [ 112.02307903925778, -7.809808276020789 ], [ 112.022830705784088, -7.809716524392795 ], [ 112.022818534854295, -7.809740948864706 ], [ 112.022709101212229, -7.809714524064598 ], [ 112.022598007386435, -7.809688978732527 ], [ 112.022591515224519, -7.809717059615682 ], [ 112.022418867961278, -7.809677359654153 ], [ 112.022427207986212, -7.809641284621669 ], [ 112.022236148726165, -7.80959735118145 ], [ 112.022242162569924, -7.809571339875179 ], [ 112.022068742280155, -7.80953146255173 ], [ 112.02207865917326, -7.809488570683548 ], [ 112.022010615147195, -7.809472924037135 ], [ 112.022000548373271, -7.809516464738994 ], [ 112.021714254063852, -7.809450632711813 ], [ 112.021706776427962, -7.809482973999435 ], [ 112.021652292578253, -7.809470446440907 ], [ 112.021664707140587, -7.809416749716246 ], [ 112.021588098199146, -7.809399133962621 ], [ 112.021580428499348, -7.809432306879195 ], [ 112.021473770145647, -7.809407781558922 ], [ 112.021480999199895, -7.809376514425407 ], [ 112.021354938869734, -7.809347527394451 ], [ 112.02136257256673, -7.809298778571467 ], [ 112.021364727460082, -7.809285013454315 ], [ 112.021374916118702, -7.809219939931299 ], [ 112.021378728490831, -7.809195589950042 ], [ 112.021378977188164, -7.80919343591497 ], [ 112.021382051239982, -7.809152612724295 ], [ 112.021385813166546, -7.809102641428847 ], [ 112.021391152122192, -7.809077662802429 ], [ 112.021394197316425, -7.80906341528515 ], [ 112.021396797748054, -7.8090512490182 ], [ 112.021400997891021, -7.809031597488816 ], [ 112.021415284454605, -7.808973856182233 ], [ 112.021417126316862, -7.808966002234061 ], [ 112.021418928716727, -7.808959449847802 ], [ 112.021609015695745, -7.809023267109564 ], [ 112.021575127763171, -7.809151246339079 ], [ 112.02205229468322, -7.80929371293687 ], [ 112.022036339611418, -7.809361190795844 ], [ 112.02208782267526, -7.809374516930927 ], [ 112.022084985257351, -7.809385437476179 ], [ 112.022095723287009, -7.809388227892875 ], [ 112.022141201784919, -7.809400044582744 ], [ 112.022169572761598, -7.809407416686276 ], [ 112.022172430844392, -7.809396417405885 ], [ 112.02218472060855, -7.80939959839737 ], [ 112.022225819846369, -7.809227927067335 ], [ 112.022286629641783, -7.809248081641093 ], [ 112.022233817297121, -7.809459782162703 ], [ 112.022601195017515, -7.809565140912638 ], [ 112.0226154416887, -7.809503368664442 ], [ 112.022670191505597, -7.809520465505368 ], [ 112.022703801864921, -7.809385883701027 ], [ 112.022890551716742, -7.809445563433821 ], [ 112.022851256512482, -7.809579563888856 ] ] ], [ [ [ 112.021270342528027, -7.809253564903476 ], [ 112.021272296595313, -7.809241126157581 ], [ 112.021274575457355, -7.809228739988145 ], [ 112.02127707206202, -7.809216390374129 ], [ 112.021287126819047, -7.809169738489672 ], [ 112.021314338868734, -7.809043482047256 ], [ 112.021317207051055, -7.809031031144494 ], [ 112.021321768712227, -7.809012361851374 ], [ 112.021324941866965, -7.809000016933968 ], [ 112.021328305274579, -7.808987965494866 ], [ 112.021330121304075, -7.808982170079033 ], [ 112.021332085790718, -7.808976635683238 ], [ 112.021334265220503, -7.80897147881752 ], [ 112.021336749774889, -7.808966863869351 ], [ 112.021339664224385, -7.80896300759911 ], [ 112.021345745391457, -7.808957971545158 ], [ 112.021352504496804, -7.808953884403423 ], [ 112.021359391656276, -7.808950992601189 ], [ 112.021361582139662, -7.808950386771856 ], [ 112.021363170901452, -7.808949967803096 ], [ 112.021367537648018, -7.808948875562763 ], [ 112.021373612481526, -7.808947952845567 ], [ 112.021379751504725, -7.808947694725077 ], [ 112.021378594053431, -7.808952068603895 ], [ 112.021378015326661, -7.808954255091086 ], [ 112.021377175296834, -7.808957139520677 ], [ 112.021373758529208, -7.808968877253641 ], [ 112.021360563620007, -7.809014199985414 ], [ 112.021356772704422, -7.80902722200026 ], [ 112.021339919990027, -7.809085111499655 ], [ 112.021325027597982, -7.80918242554583 ], [ 112.021312993695233, -7.809261059037816 ], [ 112.021292645254135, -7.809375847079775 ], [ 112.021281038279852, -7.809441325593034 ], [ 112.0212757981067, -7.809525273350277 ], [ 112.021273676423263, -7.809564660727985 ], [ 112.021273331198159, -7.809564784563642 ], [ 112.021264427998446, -7.809559831737202 ], [ 112.021256423889128, -7.809553533668516 ], [ 112.021249521494823, -7.809546049951323 ], [ 112.021243896305975, -7.809537570090846 ], [ 112.021239688503712, -7.809528308097055 ], [ 112.02123700657863, -7.809518498858309 ], [ 112.021252254080039, -7.809396370169013 ], [ 112.02125862083426, -7.809345369676943 ], [ 112.021265403920253, -7.809291037184364 ], [ 112.021268607110272, -7.809266040202584 ], [ 112.021270342528027, -7.809253564903476 ] ] ], [ [ [ 112.025250601482313, -7.812597072260013 ], [ 112.025238164355159, -7.812595240225364 ], [ 112.025231915003502, -7.812594529134427 ], [ 112.025226890651226, -7.812594099964859 ], [ 112.025221848500834, -7.812593810119588 ], [ 112.025215472552517, -7.812593622092064 ], [ 112.025202676299585, -7.812593651325907 ], [ 112.025177227547744, -7.812594271994909 ], [ 112.025171029049972, -7.812594332252587 ], [ 112.025164985306475, -7.812594259184593 ], [ 112.025159173220032, -7.812593977537237 ], [ 112.025153700465879, -7.812593386658402 ], [ 112.025148710913484, -7.812592352344389 ], [ 112.025144398207601, -7.812590697763042 ], [ 112.025141018425188, -7.812588187143167 ], [ 112.025138784255788, -7.812584643606338 ], [ 112.025137478488631, -7.812580249468534 ], [ 112.025136845035746, -7.812575235978849 ], [ 112.025136693879915, -7.812569779960731 ], [ 112.025136881142913, -7.812564012000178 ], [ 112.025137300956587, -7.812558030031616 ], [ 112.025137876407214, -7.812551904786689 ], [ 112.025139289715909, -7.81253941127487 ], [ 112.025143812981995, -7.812502833570851 ], [ 112.025145539217874, -7.812488872325643 ], [ 112.025150656756651, -7.812444962830532 ], [ 112.025158289844782, -7.812376809597746 ], [ 112.025169621458105, -7.812275645897407 ], [ 112.025172380021417, -7.812251016285973 ], [ 112.025181277048617, -7.812185354386121 ], [ 112.025187380884347, -7.812141651420185 ], [ 112.025187386248476, -7.812141619752365 ], [ 112.025520712957004, -7.812240334675971 ], [ 112.02548619619607, -7.812356568961395 ], [ 112.025611667181252, -7.812393727496906 ], [ 112.025531884292249, -7.812671939841704 ], [ 112.025517781761479, -7.812667367837712 ], [ 112.025498371119824, -7.812661292901052 ], [ 112.025474170086198, -7.812654037558096 ], [ 112.025377227305341, -7.812625429829033 ], [ 112.025352935433531, -7.812618484011667 ], [ 112.025340727065668, -7.812615255900349 ], [ 112.025330582943198, -7.812612831334581 ], [ 112.025318352346673, -7.812610156783422 ], [ 112.025306083091451, -7.812607620702409 ], [ 112.025281482460201, -7.812602735001132 ], [ 112.025262979542234, -7.81259922731662 ], [ 112.025250601482313, -7.812597072260013 ] ] ], [ [ [ 112.025066328348231, -7.812594215412253 ], [ 112.025062100210306, -7.812595628428231 ], [ 112.025057557570747, -7.812596748269502 ], [ 112.02505278230575, -7.81259767965053 ], [ 112.025041367059686, -7.812599487243411 ], [ 112.024999603415083, -7.812605394936882 ], [ 112.024975673953392, -7.812609088756533 ], [ 112.024963778618115, -7.812611129044135 ], [ 112.024954858858464, -7.812612815720613 ], [ 112.024936249077669, -7.812616807757744 ], [ 112.024926766534108, -7.812619030312655 ], [ 112.024919305213459, -7.81262077766538 ], [ 112.024919119478767, -7.812594074116673 ], [ 112.024917643090575, -7.812589256217198 ], [ 112.024909915597021, -7.812564040646484 ], [ 112.024889608206706, -7.812501872814533 ], [ 112.02488434607109, -7.812474964514736 ], [ 112.024866444562136, -7.812382990100925 ], [ 112.024856106613612, -7.812323386547912 ], [ 112.02485133837979, -7.812158337254429 ], [ 112.024842557877776, -7.812099969887043 ], [ 112.024837687170731, -7.812070309380477 ], [ 112.024821302706883, -7.812042590552429 ], [ 112.024808789787201, -7.812028263174979 ], [ 112.024778144458338, -7.812015083159916 ], [ 112.024777753006177, -7.812014845341342 ], [ 112.024905475419629, -7.812027723929838 ], [ 112.024906944938607, -7.812015220332861 ], [ 112.024911473880195, -7.811977614285646 ], [ 112.025160285896717, -7.812008308399163 ], [ 112.025143919947823, -7.81212874671551 ], [ 112.025137060848976, -7.812179219311822 ], [ 112.025116723201947, -7.812328873798633 ], [ 112.025083939173953, -7.812559172423949 ], [ 112.025083016135824, -7.812565197216645 ], [ 112.025081907604203, -7.812571022581743 ], [ 112.025080528110621, -7.812576558284263 ], [ 112.025078761272923, -7.812581681604945 ], [ 112.025076453429236, -7.812586230120345 ], [ 112.025073399090346, -7.812589986362911 ], [ 112.025070137387587, -7.812592384664865 ], [ 112.025066328348231, -7.812594215412253 ] ] ], [ [ [ 112.027631297444984, -7.812282938861756 ], [ 112.027601295669569, -7.812353857032615 ], [ 112.027538942205084, -7.812330566010205 ], [ 112.027620620478245, -7.812060710236796 ], [ 112.027731022258152, -7.812107413868199 ], [ 112.027776450710093, -7.812000318361648 ], [ 112.027911199707248, -7.812057321991012 ], [ 112.027787469623306, -7.812349005197324 ], [ 112.027631297444984, -7.812282938861756 ] ] ], [ [ [ 112.029117437457273, -7.81087363001653 ], [ 112.029118191299176, -7.81087149464943 ], [ 112.029119698982996, -7.810867223915228 ], [ 112.029124052494183, -7.810868509352815 ], [ 112.029335231911659, -7.810930890467898 ], [ 112.029333980160473, -7.81093523745524 ], [ 112.029332244354364, -7.810937083989955 ], [ 112.029329190974721, -7.81094565539785 ], [ 112.029208170422862, -7.81128412706718 ], [ 112.029030095824197, -7.811782164639058 ], [ 112.028995772969481, -7.811876052151671 ], [ 112.028983422392827, -7.811904381588696 ], [ 112.028980857397912, -7.811910558705601 ], [ 112.028978424298245, -7.811916897392903 ], [ 112.028778504967505, -7.811847335675373 ], [ 112.028774223499497, -7.811845846565085 ], [ 112.028775729388684, -7.811841581262298 ], [ 112.02877648233104, -7.811839447706507 ], [ 112.028777709016836, -7.811835972643897 ], [ 112.02878826104309, -7.811806082938838 ], [ 112.028823911493816, -7.811705097014143 ], [ 112.029020727694984, -7.811147579773982 ], [ 112.029037976907745, -7.811098717074156 ], [ 112.029114411284368, -7.810882203166016 ], [ 112.029117437457273, -7.81087363001653 ] ] ], [ [ [ 112.02888661955005, -7.810798370585005 ], [ 112.028905391285278, -7.810803914221729 ], [ 112.029093579721334, -7.810859507666631 ], [ 112.029097933234596, -7.810860794008907 ], [ 112.029096425550577, -7.810865064743093 ], [ 112.029095671708532, -7.810867200110168 ], [ 112.029092645535215, -7.810875773259537 ], [ 112.029025765219913, -7.811065221684221 ], [ 112.029007974717089, -7.811115617792462 ], [ 112.028989335795359, -7.811168415397729 ], [ 112.028804476582138, -7.811692062760091 ], [ 112.028792495231158, -7.81172600323353 ], [ 112.028773413142432, -7.811780055442585 ], [ 112.028756199007304, -7.811828819470172 ], [ 112.028755075892022, -7.811831999439029 ], [ 112.028754322947336, -7.811834132090397 ], [ 112.028752817057963, -7.811838397393132 ], [ 112.028748535590111, -7.811836908282593 ], [ 112.02857736669273, -7.811777349029287 ], [ 112.028669673035509, -7.811504537857286 ], [ 112.028424396452721, -7.811411216812636 ], [ 112.02843263820408, -7.81138670952576 ], [ 112.028471293565019, -7.811271761979864 ], [ 112.028654278334614, -7.810738390415238 ], [ 112.028655013118723, -7.810736248764118 ], [ 112.02865648268471, -7.810731964557418 ], [ 112.02866084338234, -7.810733222849986 ], [ 112.028886185734791, -7.810798239595312 ], [ 112.02888661955005, -7.810798370585005 ] ] ], [ [ [ 112.028303454797211, -7.810658929489574 ], [ 112.028308131010746, -7.810645323741677 ], [ 112.028308867603727, -7.810643179373264 ], [ 112.028310341696567, -7.810638890634228 ], [ 112.028314737511252, -7.810640046645465 ], [ 112.028577368472838, -7.810709136815595 ], [ 112.028630317592459, -7.810724414803202 ], [ 112.028634679199072, -7.810725673998268 ], [ 112.028633209630669, -7.81072995730052 ], [ 112.028632474846447, -7.810732098951618 ], [ 112.028449819616498, -7.811264507402981 ], [ 112.028411138142602, -7.811379533695912 ], [ 112.028402565966928, -7.811405024893499 ], [ 112.028350826235069, -7.811388131360297 ], [ 112.028215295131233, -7.811343880298411 ], [ 112.028220834757235, -7.811323988523782 ], [ 112.028243838328009, -7.811241392267639 ], [ 112.028215452061701, -7.811230439126618 ], [ 112.028118044976011, -7.811198408088564 ], [ 112.028138859706146, -7.811137846175668 ], [ 112.028222084338466, -7.810895689949958 ], [ 112.02823961137247, -7.810844693063492 ], [ 112.028288961504074, -7.810701098166009 ], [ 112.028303454797211, -7.810658929489574 ] ] ], [ [ [ 112.029115805004793, -7.810842492024373 ], [ 112.028927425084547, -7.810786842980638 ], [ 112.028928920064928, -7.81078256866013 ], [ 112.028929667555118, -7.810780431499861 ], [ 112.028992514192694, -7.810600682886243 ], [ 112.029391406222899, -7.810737746388909 ], [ 112.029333563149166, -7.810899745331777 ], [ 112.029332802046611, -7.810901878003546 ], [ 112.029331278936823, -7.810906144253702 ], [ 112.029326924515814, -7.810904857916179 ], [ 112.029115805004793, -7.810842492024373 ] ] ] ] } },
{ "type": "Feature", "properties": { "OBJECTID": 4, "Name": "Halte Imam Bonjol", "REMARK": "Halte", "type": "lines", "start": "612898.4698, 9136261.2602", "NAMZON": "AREA KOMERSIAL", "LUAS": 244520.899 }, "geometry": { "type": "MultiPolygon", "coordinates": [ [ [ [ 112.016476445630303, -7.812381627327395 ], [ 112.016382366740061, -7.812367751436773 ], [ 112.016415762322211, -7.8121502927097 ], [ 112.016443984981962, -7.811966511590192 ], [ 112.01644874243199, -7.811967203791643 ], [ 112.016499731692832, -7.811974619546123 ], [ 112.016538362835817, -7.811980238078836 ], [ 112.016586161412917, -7.811987189386661 ], [ 112.016793531426913, -7.812017348755931 ], [ 112.016968800462905, -7.812042839743903 ], [ 112.017012445371307, -7.812049007815387 ], [ 112.01714623896558, -7.812067644402954 ], [ 112.017245738424222, -7.812081504014095 ], [ 112.017299074786763, -7.812088933012184 ], [ 112.017389517257314, -7.812102127025497 ], [ 112.017391174746848, -7.812102369039152 ], [ 112.017331485524736, -7.812507737711636 ], [ 112.01692318861636, -7.812447517963954 ], [ 112.016475934270829, -7.812385281893702 ], [ 112.016476445630303, -7.812381627327395 ] ] ], [ [ [ 112.016436523865167, -7.811461478504409 ], [ 112.016449885573621, -7.811463449256364 ], [ 112.016433100105161, -7.811539587411578 ], [ 112.016408168569939, -7.811652681081649 ], [ 112.016436523865167, -7.811461478504409 ] ] ], [ [ [ 112.016922213858123, -7.81153311385297 ], [ 112.016922496058783, -7.811531191269979 ], [ 112.017292224648671, -7.811585157835127 ], [ 112.017292525372866, -7.811583170450681 ], [ 112.017517739733634, -7.811617065674939 ], [ 112.017517743271839, -7.811617066209072 ], [ 112.017668597997499, -7.81163805757557 ], [ 112.01781725566687, -7.811658743235731 ], [ 112.017816837656994, -7.811661731016039 ], [ 112.018019818296906, -7.811691358160294 ], [ 112.018020716283246, -7.811685843707205 ], [ 112.018380012654092, -7.811744032024241 ], [ 112.018322156842842, -7.812125208403797 ], [ 112.018307277698128, -7.812123101671664 ], [ 112.017928731175303, -7.812068489121594 ], [ 112.017559921850761, -7.812015281767999 ], [ 112.017556938926575, -7.812014851207996 ], [ 112.017254343656106, -7.811971195871137 ], [ 112.017119586831726, -7.811951753980687 ], [ 112.016894904500703, -7.811919112173451 ], [ 112.016538464327795, -7.811867328450163 ], [ 112.016515002787173, -7.811863920024615 ], [ 112.016521799491173, -7.81182996239697 ], [ 112.016580963512865, -7.811534376842784 ], [ 112.016590994536642, -7.811484261744397 ], [ 112.016922213858123, -7.81153311385297 ] ] ], [ [ [ 112.019963373078653, -7.811962203429489 ], [ 112.020140436408212, -7.811986048123867 ], [ 112.020146127425406, -7.811954830836737 ], [ 112.02015531634575, -7.811956496855747 ], [ 112.020157177820252, -7.811947369613319 ], [ 112.020178552127604, -7.811951705112153 ], [ 112.020192337333754, -7.811897849671074 ], [ 112.020247906100863, -7.811911494484728 ], [ 112.020253052858862, -7.811886881714261 ], [ 112.020259198318797, -7.81185749750258 ], [ 112.020268999093076, -7.811812260758664 ], [ 112.020380330443359, -7.811837560070564 ], [ 112.020419644440466, -7.81169559894302 ], [ 112.020500068349094, -7.81171215561182 ], [ 112.020563034412632, -7.811495962808442 ], [ 112.020623937318234, -7.811506908513718 ], [ 112.020702199453595, -7.811520975060977 ], [ 112.020725182078749, -7.811525106139373 ], [ 112.020724596104728, -7.811527298070348 ], [ 112.020718265356379, -7.811550576058536 ], [ 112.020717798046689, -7.811552710724214 ], [ 112.020714752149274, -7.811564813851677 ], [ 112.020697914412793, -7.811626318290966 ], [ 112.020683303524379, -7.811681272937474 ], [ 112.02065776395375, -7.811778571088388 ], [ 112.020642642571971, -7.811836180548418 ], [ 112.020625360088928, -7.811902022775767 ], [ 112.020600168243419, -7.811997993295302 ], [ 112.020592506915904, -7.812027185813873 ], [ 112.020531448009152, -7.812259804697449 ], [ 112.020521967267442, -7.812296397991858 ], [ 112.020517507340102, -7.812314782143209 ], [ 112.020491491545414, -7.812396374302221 ], [ 112.020483564950467, -7.812404467239201 ], [ 112.02047448795588, -7.812411253347327 ], [ 112.020464475102244, -7.812416570216517 ], [ 112.020453762790112, -7.812420294274181 ], [ 112.020442604734498, -7.81242233627405 ], [ 112.020160338049294, -7.812387601378296 ], [ 112.020045874274871, -7.812370957693737 ], [ 112.02003355515437, -7.812369166820792 ], [ 112.019732892947886, -7.812325448967295 ], [ 112.019829345565185, -7.811948815510378 ], [ 112.019897777135981, -7.811967794335224 ], [ 112.019901650577651, -7.811953613202747 ], [ 112.019963373078653, -7.811962203429489 ] ] ], [ [ [ 112.018001451792529, -7.811522948244909 ], [ 112.017551424108845, -7.811467515918491 ], [ 112.017565749510865, -7.811351848717767 ], [ 112.017582674215731, -7.811354099378749 ], [ 112.017671046216876, -7.811365851255376 ], [ 112.017667357216155, -7.811386186189826 ], [ 112.017691443961397, -7.811390500186806 ], [ 112.017743416274811, -7.81139980729684 ], [ 112.017747748587766, -7.811400583715009 ], [ 112.017736924645575, -7.811461214406115 ], [ 112.01773603613637, -7.811466187266459 ], [ 112.01813947479954, -7.811539949161867 ], [ 112.018001451792529, -7.811522948244909 ] ] ], [ [ [ 112.017633035464115, -7.810808563176527 ], [ 112.017665233923282, -7.810814776343964 ], [ 112.01765968103939, -7.810842141340966 ], [ 112.017704341626541, -7.81085021615217 ], [ 112.017846910921847, -7.810875992673036 ], [ 112.017844990712248, -7.810885977628865 ], [ 112.017854618267521, -7.810887829319236 ], [ 112.017923583533317, -7.810901091245708 ], [ 112.01792505429718, -7.810901374406641 ], [ 112.017927145566077, -7.810890499084375 ], [ 112.018016013108252, -7.810906566528056 ], [ 112.017992478979949, -7.811057046293178 ], [ 112.017608588313294, -7.811005956365564 ], [ 112.017633035464115, -7.810808563176527 ] ] ], [ [ [ 112.017662592155091, -7.810569913999021 ], [ 112.017793557033258, -7.810586045750727 ], [ 112.017792642950155, -7.810594948399765 ], [ 112.017662539677474, -7.810570337718517 ], [ 112.017662592155091, -7.810569913999021 ] ] ], [ [ [ 112.02033438564365, -7.810976301695578 ], [ 112.020322831536021, -7.811014144408293 ], [ 112.020316193235402, -7.811035888326849 ], [ 112.020296837964338, -7.811099284558483 ], [ 112.020248217629899, -7.811258534508719 ], [ 112.020210484158525, -7.811400431213881 ], [ 112.020076296569769, -7.811376313011326 ], [ 112.020210039063301, -7.810950941210853 ], [ 112.02033438564365, -7.810976301695578 ] ] ], [ [ [ 112.01902783618074, -7.809832296412523 ], [ 112.019111341033067, -7.80983668462332 ], [ 112.019111344500814, -7.809836618682383 ], [ 112.019521368744421, -7.809858225249145 ], [ 112.019496007636789, -7.809986834435169 ], [ 112.019386530330976, -7.809962211380418 ], [ 112.019378936160791, -7.809996688277934 ], [ 112.019024289008428, -7.809899429786221 ], [ 112.01902783618074, -7.809832296412523 ] ] ], [ [ [ 112.019727564928914, -7.809190319724691 ], [ 112.019744756161344, -7.809191617761847 ], [ 112.019776190497709, -7.809194467756255 ], [ 112.019809820313014, -7.809197647994099 ], [ 112.019866492278751, -7.809203008384198 ], [ 112.019972001586865, -7.809212986516632 ], [ 112.020013087764198, -7.809216872289044 ], [ 112.020101045601052, -7.809225190605651 ], [ 112.02005305244316, -7.809434352403492 ], [ 112.019710495675767, -7.809365856157341 ], [ 112.019727564928914, -7.809190319724691 ] ] ], [ [ [ 112.03085535879184, -7.813091691738744 ], [ 112.03070479399598, -7.813492203338206 ], [ 112.030620695793203, -7.813461423058655 ], [ 112.030521227737722, -7.813425016675883 ], [ 112.03045464521243, -7.813400647515935 ], [ 112.030442736933466, -7.813396289205684 ], [ 112.030593238739883, -7.812993689828369 ], [ 112.03085535879184, -7.813091691738744 ] ] ], [ [ [ 112.030610968712438, -7.813741784011622 ], [ 112.030924658485603, -7.813863109849616 ], [ 112.030915756317398, -7.81388524689795 ], [ 112.030889560741358, -7.813950391171814 ], [ 112.03082555681307, -7.814109552763868 ], [ 112.030809197959897, -7.814150506894179 ], [ 112.030785958218331, -7.814209109508321 ], [ 112.030781104744776, -7.814220673524927 ], [ 112.030778559435277, -7.814226364928115 ], [ 112.030775886014027, -7.814231958966322 ], [ 112.030773029056235, -7.814237413266927 ], [ 112.030769914970364, -7.814242673744186 ], [ 112.030766448348373, -7.814247665563846 ], [ 112.030763047600303, -7.814251783551614 ], [ 112.030759082114443, -7.814256007829962 ], [ 112.030754889505616, -7.814260069866474 ], [ 112.030750531551377, -7.81426401382712 ], [ 112.030741496768144, -7.814271676420811 ], [ 112.030732226692976, -7.814279174079212 ], [ 112.03071341853088, -7.814293975598695 ], [ 112.030699180771123, -7.81430492850775 ], [ 112.030689564255951, -7.814312055293249 ], [ 112.030679393654637, -7.814319194283283 ], [ 112.030663862845017, -7.814329485595791 ], [ 112.030653322557427, -7.814336019524631 ], [ 112.03064796859104, -7.814339128419673 ], [ 112.030642534431863, -7.81434208014092 ], [ 112.030637442994035, -7.814344626749685 ], [ 112.030632280459017, -7.814347027015545 ], [ 112.030627061390362, -7.814349302609037 ], [ 112.030616489107558, -7.814353514965017 ], [ 112.030611143121916, -7.814355440856778 ], [ 112.030605756877989, -7.814357222139253 ], [ 112.030600324845651, -7.814358822649026 ], [ 112.030594837833959, -7.814360192665334 ], [ 112.030588777216849, -7.814361381387576 ], [ 112.030582657915232, -7.814362307970592 ], [ 112.03057649642615, -7.814363042919098 ], [ 112.030570305572624, -7.814363637753782 ], [ 112.030557875972775, -7.814364528176125 ], [ 112.030545430172651, -7.814365099376815 ], [ 112.030533015151136, -7.814365277983117 ], [ 112.030526837008907, -7.814365139300268 ], [ 112.030520690960401, -7.814364774433654 ], [ 112.030514587686469, -7.814364101054843 ], [ 112.030508478021915, -7.81436304059911 ], [ 112.030502412934666, -7.814361667104685 ], [ 112.030496380850281, -7.814360068328694 ], [ 112.030484379104053, -7.814356438310678 ], [ 112.030472424649346, -7.814352492533828 ], [ 112.030433745333994, -7.814339164346467 ], [ 112.030507008784582, -7.814131515873127 ], [ 112.030420528554828, -7.814091525242242 ], [ 112.030618331408363, -7.813518331414189 ], [ 112.030685703440014, -7.813542985340916 ], [ 112.030610968712438, -7.813741784011622 ] ] ], [ [ [ 112.031155165715305, -7.814629949007895 ], [ 112.031155165625051, -7.814629949188992 ], [ 112.031016547987591, -7.815048404307049 ], [ 112.030998572730823, -7.815042482338674 ], [ 112.03096222786256, -7.815138910134902 ], [ 112.030857792287136, -7.81510200072034 ], [ 112.030819413257007, -7.815198638652924 ], [ 112.030560235045584, -7.815101484418092 ], [ 112.030748997775717, -7.814632902163479 ], [ 112.030749393493252, -7.814631918996294 ], [ 112.030754625290598, -7.814618934114842 ], [ 112.030842341001701, -7.814386902411105 ], [ 112.03089515438046, -7.814407630417501 ], [ 112.031097709645408, -7.814487127700751 ], [ 112.031195744411676, -7.814525604328172 ], [ 112.031155165715305, -7.814629949007895 ] ] ], [ [ [ 112.030075913530354, -7.814919933530172 ], [ 112.030113334642806, -7.814820650928689 ], [ 112.030108952513814, -7.814818956054804 ], [ 112.030132931891984, -7.814757294443153 ], [ 112.030090115623111, -7.81474318838257 ], [ 112.030088010604004, -7.814749250607777 ], [ 112.029793409420805, -7.81464751452885 ], [ 112.029862871729179, -7.814466069155671 ], [ 112.029324517310101, -7.81428123564938 ], [ 112.029388820210883, -7.814079123389892 ], [ 112.029582217921615, -7.814147052697843 ], [ 112.029689320629785, -7.814182448532776 ], [ 112.029787421429418, -7.814214869024307 ], [ 112.029829446569678, -7.814229058269458 ], [ 112.029939308349839, -7.814266405383706 ], [ 112.029953276270376, -7.814271153917104 ], [ 112.030036771563559, -7.814299538241928 ], [ 112.030136428592073, -7.814333415492467 ], [ 112.030221928918849, -7.814362481344941 ], [ 112.030339313415254, -7.814402385795832 ], [ 112.030441364427148, -7.814436891129502 ], [ 112.030459344331334, -7.81444305703726 ], [ 112.030471262402173, -7.814447327590242 ], [ 112.030483049701019, -7.814451895112122 ], [ 112.030488859028267, -7.81445437172035 ], [ 112.030494263922733, -7.814456866498946 ], [ 112.030499613807166, -7.814459488030613 ], [ 112.03050492311209, -7.814462203721065 ], [ 112.030515463279173, -7.814467821603877 ], [ 112.03053117393506, -7.814476500099656 ], [ 112.030546802536549, -7.814485371436691 ], [ 112.030557123469379, -7.814491454725723 ], [ 112.030562221593058, -7.814494591486476 ], [ 112.030567251941491, -7.814497826994422 ], [ 112.030572087434052, -7.814501114529617 ], [ 112.030576830727313, -7.8145045261954 ], [ 112.030581469135839, -7.814508066544783 ], [ 112.030585982745649, -7.814511751001576 ], [ 112.030590338979508, -7.814515608586676 ], [ 112.030594606165096, -7.814519765752483 ], [ 112.030598690606098, -7.814524106057175 ], [ 112.03060260583274, -7.814528599621798 ], [ 112.030606350000184, -7.81453323378897 ], [ 112.030609901338508, -7.814538006802962 ], [ 112.03061311701714, -7.814542736319043 ], [ 112.030616142503007, -7.814547570307497 ], [ 112.030618985893867, -7.814552482520364 ], [ 112.030621635357917, -7.814557455802497 ], [ 112.030624060936574, -7.814562477565078 ], [ 112.030626208198385, -7.814567540705516 ], [ 112.030627998236838, -7.814572642703032 ], [ 112.030629319510524, -7.814577786542987 ], [ 112.030630026022592, -7.814582978008057 ], [ 112.030629978016293, -7.814588548457464 ], [ 112.030629266284876, -7.814594170269069 ], [ 112.030627802851868, -7.814600949765111 ], [ 112.030626168520243, -7.814606826160916 ], [ 112.030624299351615, -7.814612723026825 ], [ 112.030622271502949, -7.814618631132849 ], [ 112.030617940160369, -7.814630468819018 ], [ 112.030597652003081, -7.814683759795995 ], [ 112.030575574356533, -7.814742897700801 ], [ 112.030457149391182, -7.81506284219124 ], [ 112.030075913530354, -7.814919933530172 ] ] ], [ [ [ 112.025108910975391, -7.813091892323587 ], [ 112.025008058032199, -7.813112052125831 ], [ 112.02498213787969, -7.813054780954931 ], [ 112.02496772635908, -7.813048833150934 ], [ 112.024956782993698, -7.812989035719119 ], [ 112.024934053358564, -7.812992366668656 ], [ 112.02493113095791, -7.812982544485563 ], [ 112.024912353918126, -7.812919443200173 ], [ 112.024910262708232, -7.812912417286196 ], [ 112.024908285053968, -7.812899892203848 ], [ 112.024936159378555, -7.812895760121554 ], [ 112.024920209591556, -7.812751025073139 ], [ 112.024919949487796, -7.81271353555403 ], [ 112.024921626268522, -7.812713133541177 ], [ 112.024931051585114, -7.812710872234695 ], [ 112.02495567878681, -7.812705082080427 ], [ 112.024974215037844, -7.812701059469918 ], [ 112.024986127964155, -7.812698793937705 ], [ 112.024989331607557, -7.812698247131282 ], [ 112.025142076392669, -7.812669831374879 ], [ 112.025217315558621, -7.81267177696176 ], [ 112.025292043130378, -7.812680743908337 ], [ 112.025365598699949, -7.812696654227568 ], [ 112.025437336217195, -7.812719367492779 ], [ 112.02582794547142, -7.812856951769524 ], [ 112.026245841582067, -7.813004147614976 ], [ 112.026780990968874, -7.813178871831862 ], [ 112.026709865146827, -7.813403998082491 ], [ 112.026567709574636, -7.813361270324992 ], [ 112.026575788493531, -7.81332870685596 ], [ 112.026296262695425, -7.813237496482049 ], [ 112.026280528201042, -7.813279171608018 ], [ 112.025754610096087, -7.813104806006471 ], [ 112.025293543176758, -7.812956603779482 ], [ 112.025282100358382, -7.812987261638596 ], [ 112.025282403917501, -7.813111695046365 ], [ 112.025262597992253, -7.813114837915976 ], [ 112.025108910975391, -7.813091892323587 ] ] ], [ [ [ 112.024829220477599, -7.813153846871574 ], [ 112.024811720727101, -7.813110932968704 ], [ 112.024793143280817, -7.813049718724043 ], [ 112.024780723164497, -7.812994615204471 ], [ 112.024742335389575, -7.812996239482684 ], [ 112.024722413020825, -7.812754246950972 ], [ 112.024853008495811, -7.812728727603644 ], [ 112.024854262013463, -7.812766739279862 ], [ 112.024852057849785, -7.812846909080202 ], [ 112.024853380204348, -7.812897157435097 ], [ 112.024863117898406, -7.812954565596667 ], [ 112.024904162881455, -7.813058558829001 ], [ 112.024940286965574, -7.813127281021639 ], [ 112.024829220477599, -7.813153846871574 ] ] ], [ [ [ 112.024395145000923, -7.813234568527477 ], [ 112.024396425928273, -7.813240344958542 ], [ 112.024271575810587, -7.813267880233114 ], [ 112.024417717058725, -7.812813787659721 ], [ 112.024665790612943, -7.81276531239234 ], [ 112.024545401578564, -7.813204533528821 ], [ 112.024395145000923, -7.813234568527477 ] ] ], [ [ [ 112.026306082472971, -7.816649459965057 ], [ 112.026234128349643, -7.816848951726415 ], [ 112.026435303711622, -7.8169174786608 ], [ 112.02629443161706, -7.817328776568772 ], [ 112.026149453585631, -7.81727930493896 ], [ 112.026085617577735, -7.817257522351345 ], [ 112.026003318501935, -7.817228952595121 ], [ 112.025948705395663, -7.817209993798779 ], [ 112.025890368100931, -7.817189744385036 ], [ 112.026137346833437, -7.816588931984284 ], [ 112.026306082472971, -7.816649459965057 ] ] ], [ [ [ 112.026142162537141, -7.817773348966409 ], [ 112.02592712884173, -7.817700101507591 ], [ 112.025924670536, -7.817706917058656 ], [ 112.025832016487541, -7.817673680710111 ], [ 112.025894428261992, -7.817480467540591 ], [ 112.025964547982596, -7.817263389514141 ], [ 112.026279393187735, -7.817372683552656 ], [ 112.026142162537141, -7.817773348966409 ] ] ], [ [ [ 112.024260810983932, -7.817133782905175 ], [ 112.024260139238137, -7.817188511749134 ], [ 112.024134961075532, -7.817138221473575 ], [ 112.024167133577748, -7.81704930287427 ], [ 112.024007446380423, -7.817000634136248 ], [ 112.024055872145325, -7.816834565011853 ], [ 112.024030791760651, -7.816825689211583 ], [ 112.023957160099386, -7.81679820593248 ], [ 112.02397172474565, -7.816759397998243 ], [ 112.023834936228468, -7.816711871121473 ], [ 112.023888705203575, -7.816545292530006 ], [ 112.023932584949435, -7.816557565005374 ], [ 112.024123046377298, -7.816626094479432 ], [ 112.024443432848571, -7.816741372233536 ], [ 112.02453539498697, -7.816774460894572 ], [ 112.024750286190368, -7.816847557830523 ], [ 112.02521899743904, -7.817006993476317 ], [ 112.025228834299782, -7.817012419651913 ], [ 112.025237670880429, -7.81701934778851 ], [ 112.025245280020741, -7.817027600266174 ], [ 112.025251464395481, -7.817036961406906 ], [ 112.025256062893632, -7.817047190120896 ], [ 112.025258957880197, -7.817058022602313 ], [ 112.025260074302622, -7.817069177757797 ], [ 112.025225911484469, -7.8172291101989 ], [ 112.025215847924017, -7.817276461269207 ], [ 112.025127432248738, -7.817249937516159 ], [ 112.025135040910314, -7.817221203620444 ], [ 112.024989195716401, -7.817174024728449 ], [ 112.024929858029125, -7.817346633145423 ], [ 112.024811831082602, -7.817311634384657 ], [ 112.024863550755938, -7.817134921198934 ], [ 112.024879531154028, -7.817138548953468 ], [ 112.024888754510116, -7.817106254950774 ], [ 112.024689876894641, -7.817037444207979 ], [ 112.024635904407887, -7.817207099301975 ], [ 112.024495651189383, -7.817157666409757 ], [ 112.024515624996795, -7.817082957832351 ], [ 112.024354683693105, -7.817027670088069 ], [ 112.024314949133398, -7.817152145576609 ], [ 112.024260810983932, -7.817133782905175 ] ] ], [ [ [ 112.022200421627403, -7.816591691838819 ], [ 112.022143848874776, -7.816579957365247 ], [ 112.021701794411726, -7.8164947746526 ], [ 112.02170300714161, -7.816488515819056 ], [ 112.021500217688484, -7.816446452043898 ], [ 112.0214999865496, -7.816447546684551 ], [ 112.021326861864523, -7.816411189718246 ], [ 112.021056820470108, -7.816354479733713 ], [ 112.021056809128112, -7.816354477409613 ], [ 112.02061341485863, -7.816262505053837 ], [ 112.020613643278026, -7.81626140996775 ], [ 112.020580979241259, -7.816254550325884 ], [ 112.020580164674413, -7.816258253016988 ], [ 112.020216143754283, -7.816178608838968 ], [ 112.020211278307812, -7.816204832073165 ], [ 112.020195068628539, -7.816292197627807 ], [ 112.020007001335131, -7.816265288906784 ], [ 112.019954958976953, -7.816572910723888 ], [ 112.020038973709291, -7.816585869029904 ], [ 112.020071378970641, -7.816590576082904 ], [ 112.02006422873896, -7.816637584552826 ], [ 112.019709756014151, -7.816572175548602 ], [ 112.019878727330592, -7.815754153853554 ], [ 112.019884718486708, -7.81574337583409 ], [ 112.01989230108552, -7.815733645818019 ], [ 112.019901293397638, -7.815725193967805 ], [ 112.019911482788871, -7.815718221578939 ], [ 112.019922625706997, -7.815712895653472 ], [ 112.019934457642407, -7.815709342544924 ], [ 112.019946696751148, -7.815707646140732 ], [ 112.020372857068779, -7.815786400793143 ], [ 112.021097066275289, -7.815920233108919 ], [ 112.021804322182916, -7.816066408010292 ], [ 112.022639295785353, -7.816238116393427 ], [ 112.022651848276752, -7.816245196583266 ], [ 112.02266300997546, -7.816254304239943 ], [ 112.022672452843139, -7.816265174257163 ], [ 112.022679903127639, -7.816277488940697 ], [ 112.022685141389488, -7.816290888861345 ], [ 112.022688017034397, -7.816304981863926 ], [ 112.022688443813891, -7.816319357548992 ], [ 112.022636101866951, -7.816688615740499 ], [ 112.022374258622364, -7.816653541142001 ], [ 112.022199462172736, -7.816622472209365 ], [ 112.022200421627403, -7.816591691838819 ] ] ], [ [ [ 112.019328447237697, -7.815992118011744 ], [ 112.019321437513668, -7.815990709281853 ], [ 112.019321517987436, -7.815990310959962 ], [ 112.019279991528492, -7.815981926664048 ], [ 112.018835556675484, -7.815892193664358 ], [ 112.018919586869998, -7.815478279543758 ], [ 112.019016360387852, -7.81549799637824 ], [ 112.019325014081986, -7.815560882543133 ], [ 112.019712163061016, -7.815639761871547 ], [ 112.019730968538937, -7.815645318483207 ], [ 112.019748607752163, -7.81565387064984 ], [ 112.019764604921008, -7.815665187082956 ], [ 112.019778528526089, -7.815678963128928 ], [ 112.019789378494409, -7.815693804770817 ], [ 112.019797809730591, -7.815710134602936 ], [ 112.019803622674885, -7.815727562395879 ], [ 112.01980667938183, -7.815745675160797 ], [ 112.019795728920982, -7.815801520864836 ], [ 112.019760484108374, -7.815984338579163 ], [ 112.019749928207716, -7.816039089881302 ], [ 112.019719365723688, -7.816197619730207 ], [ 112.019711187311103, -7.816240991250799 ], [ 112.019704543273761, -7.816278339218152 ], [ 112.019667786745487, -7.816487374418943 ], [ 112.019663278156543, -7.816513010360964 ], [ 112.01958202374955, -7.81649618432589 ], [ 112.019247764948688, -7.816426966872502 ], [ 112.019328447237697, -7.815992118011744 ] ] ], [ [ [ 112.019015515349139, -7.8150057564132 ], [ 112.019497090133925, -7.815102988201999 ], [ 112.019557401719069, -7.81482222259769 ], [ 112.019551410028399, -7.814820856995446 ], [ 112.019555077203123, -7.81480485471618 ], [ 112.019978120945893, -7.814880506686312 ], [ 112.01987804299165, -7.815357168343327 ], [ 112.019860278370444, -7.815456855289376 ], [ 112.019854883185403, -7.815488236467421 ], [ 112.019850119629851, -7.815516803360589 ], [ 112.019844831269438, -7.815528678558439 ], [ 112.019837741243705, -7.815539579518399 ], [ 112.019829024839098, -7.815549237203167 ], [ 112.019818899134251, -7.815557413224943 ], [ 112.019807612128048, -7.815563904393927 ], [ 112.019795445482259, -7.815568551755746 ], [ 112.01978269819314, -7.815571238822246 ], [ 112.019726366574801, -7.815559617283172 ], [ 112.019682820471004, -7.815550968469347 ], [ 112.019651913942383, -7.815544949055927 ], [ 112.019422822932739, -7.815500329550995 ], [ 112.01933600738667, -7.815483420992324 ], [ 112.019155660220676, -7.81544829503889 ], [ 112.019124803362459, -7.815442185022639 ], [ 112.019088441143893, -7.815434769633408 ], [ 112.018941494663039, -7.815404604273432 ], [ 112.018934822070406, -7.815403234261034 ], [ 112.019015515349139, -7.8150057564132 ] ] ], [ [ [ 112.019120329336872, -7.81429644349591 ], [ 112.019116822635425, -7.814316756740999 ], [ 112.018969076331999, -7.814291389976158 ], [ 112.018884517233488, -7.814276871850129 ], [ 112.018837380175626, -7.814272959650478 ], [ 112.018837724146337, -7.814268837899963 ], [ 112.018792987089881, -7.814261156900931 ], [ 112.018869795427705, -7.813820179799032 ], [ 112.019191137665743, -7.813857822077242 ], [ 112.019136406226735, -7.814241903180807 ], [ 112.019128327747836, -7.814297107338734 ], [ 112.019120329336872, -7.81429644349591 ] ] ], [ [ [ 112.017633543940576, -7.814073263785772 ], [ 112.017631993526436, -7.814073012743292 ], [ 112.017636864691596, -7.814043098742085 ], [ 112.018060707739778, -7.814109724456176 ], [ 112.018052662258071, -7.814158245440987 ], [ 112.01803995989529, -7.814237115678511 ], [ 112.017616540500384, -7.814180022439025 ], [ 112.017633543940576, -7.814073263785772 ] ] ], [ [ [ 112.022366454823981, -7.815701702608941 ], [ 112.022404405321339, -7.815524846279989 ], [ 112.022567023020429, -7.815568711218103 ], [ 112.022579868067723, -7.815522735401156 ], [ 112.022829034820347, -7.815587624228419 ], [ 112.022815954305571, -7.815647134415091 ], [ 112.022813040956734, -7.815660393084037 ], [ 112.022809143600412, -7.815678115657226 ], [ 112.022787692998307, -7.815773283113869 ], [ 112.022774190819774, -7.815833188649868 ], [ 112.022754515793082, -7.81592047789494 ], [ 112.022749777597838, -7.815941498223545 ], [ 112.022727015249345, -7.816042486108214 ], [ 112.022717414436059, -7.816085946107216 ], [ 112.022705357296843, -7.816142271148579 ], [ 112.022702477651848, -7.816154475177751 ], [ 112.022700898540734, -7.816160358659039 ], [ 112.022699160118691, -7.81616599471393 ], [ 112.022697190461017, -7.816171268654776 ], [ 112.022694889429872, -7.816176025163159 ], [ 112.022692125016121, -7.816180055636777 ], [ 112.022688718797937, -7.816183085562774 ], [ 112.022684536908287, -7.816184888254978 ], [ 112.022679715939319, -7.816185692201781 ], [ 112.022674431594425, -7.816185772827018 ], [ 112.022668816785213, -7.816185336921897 ], [ 112.022662970740399, -7.816184538902651 ], [ 112.022656965384741, -7.816183493456911 ], [ 112.022650855330468, -7.816182281850607 ], [ 112.022638455888824, -7.816179582318213 ], [ 112.022582240988584, -7.816166777912084 ], [ 112.022560607901056, -7.81616203593052 ], [ 112.022520177321368, -7.816153173674462 ], [ 112.022443195840154, -7.816136538634355 ], [ 112.022349742637189, -7.816116343838347 ], [ 112.022152360514198, -7.816073690432765 ], [ 112.022089941641298, -7.816060201849679 ], [ 112.021808106719035, -7.815999297837746 ], [ 112.021783260001285, -7.815993987469527 ], [ 112.021864763987779, -7.815701066288294 ], [ 112.021911545269759, -7.815713159229256 ], [ 112.022134343298958, -7.815770752955157 ], [ 112.02220042842238, -7.815787835890157 ], [ 112.02220842872012, -7.815763807697013 ], [ 112.0222284249636, -7.815673723217428 ], [ 112.022322229631399, -7.815693180620574 ], [ 112.022366454823981, -7.815701702608941 ] ] ], [ [ [ 112.020540560815718, -7.815046689707347 ], [ 112.020540645975359, -7.81504631687882 ], [ 112.020441953099052, -7.815023823560503 ], [ 112.020439437897295, -7.815036270649281 ], [ 112.020033622529127, -7.81494811227024 ], [ 112.020120196053654, -7.814497424813796 ], [ 112.020599271996645, -7.814600443045383 ], [ 112.020935350934224, -7.814681689481993 ], [ 112.020885366872321, -7.814939954636073 ], [ 112.020626098565529, -7.814890330334068 ], [ 112.020596026967809, -7.815059281855117 ], [ 112.020540560815718, -7.815046689707347 ] ] ], [ [ [ 112.020744538519182, -7.813577134628941 ], [ 112.020706225315621, -7.813759322124294 ], [ 112.020647678740701, -7.813741231561586 ], [ 112.020605900878493, -7.813920246596119 ], [ 112.020669199435474, -7.813935388014318 ], [ 112.020648681557716, -7.814032954816946 ], [ 112.020635070268014, -7.814140097670784 ], [ 112.020659758708206, -7.814145724470777 ], [ 112.020659222796226, -7.814149022160715 ], [ 112.020214885008656, -7.814057815950918 ], [ 112.020317560982548, -7.813583875744071 ], [ 112.020433445105027, -7.813036070951089 ], [ 112.020639615371721, -7.813086944353724 ], [ 112.020604386505298, -7.813296682237921 ], [ 112.020799772604235, -7.813359356289046 ], [ 112.02076303017293, -7.813581088445241 ], [ 112.020744538519182, -7.813577134628941 ] ] ], [ [ [ 112.018853545844991, -7.81272092914014 ], [ 112.018772682719074, -7.812710240780448 ], [ 112.018728624787983, -7.81298080694611 ], [ 112.018625853435296, -7.812963765678871 ], [ 112.018631723891176, -7.81292862999644 ], [ 112.018648456495882, -7.812828472540594 ], [ 112.018737572405229, -7.812295040465359 ], [ 112.018843925892412, -7.812309121028377 ], [ 112.018902272713021, -7.812316846146522 ], [ 112.018952573404164, -7.812323771246954 ], [ 112.019053252267597, -7.812337783134447 ], [ 112.01915786205231, -7.812352341738832 ], [ 112.019252384632765, -7.812365497462087 ], [ 112.019167562694676, -7.81275944786647 ], [ 112.019166345314261, -7.81276446348725 ], [ 112.018853545844991, -7.81272092914014 ] ] ], [ [ [ 112.026459631725146, -7.812553031205632 ], [ 112.026450092124861, -7.812581504078141 ], [ 112.02634198085623, -7.812953604708019 ], [ 112.026338019102809, -7.812952317387684 ], [ 112.025635353067614, -7.812705726699919 ], [ 112.025547930028765, -7.812677142034464 ], [ 112.025531884292249, -7.812671939841704 ], [ 112.025611667181252, -7.812393727496906 ], [ 112.025629865207577, -7.812330268809723 ], [ 112.026123530689816, -7.812507770868967 ], [ 112.026142849138992, -7.812514716959766 ], [ 112.02616122665421, -7.812449258236182 ], [ 112.026168178954848, -7.812451791464808 ], [ 112.026459631725146, -7.812553031205632 ] ] ], [ [ [ 112.029817889109239, -7.813698858984293 ], [ 112.029687352952394, -7.8140859705126 ], [ 112.029113838699018, -7.813888583949702 ], [ 112.029237735707497, -7.813530538066548 ], [ 112.029381845647421, -7.813587617820125 ], [ 112.029394852539738, -7.813552768796782 ], [ 112.029817889109239, -7.813698858984293 ] ] ], [ [ [ 112.029568011062992, -7.813576264752352 ], [ 112.029638536675805, -7.813368755422538 ], [ 112.029821062441854, -7.813435312914924 ], [ 112.029796318568373, -7.813521519395425 ], [ 112.029867418757306, -7.813551976167024 ], [ 112.029826623774298, -7.813672955874762 ], [ 112.029568011062992, -7.813576264752352 ] ] ], [ [ [ 112.020500015678792, -7.8142160591704 ], [ 112.02041725041795, -7.814538172629576 ], [ 112.02012446261304, -7.814475211797173 ], [ 112.020195768632121, -7.814146062481687 ], [ 112.020500015678792, -7.8142160591704 ] ] ], [ [ [ 112.020201958817424, -7.812496524757375 ], [ 112.0202205303451, -7.812499536879296 ], [ 112.020344288641326, -7.812520905394601 ], [ 112.020365818963668, -7.81252449281553 ], [ 112.020383077643174, -7.812535489645416 ], [ 112.020398320360442, -7.812549131356972 ], [ 112.020411142671904, -7.812565058061629 ], [ 112.02042120618556, -7.812582847306013 ], [ 112.020428243130553, -7.812602028531813 ], [ 112.020432069080016, -7.812622093898003 ], [ 112.020432581172543, -7.812642512755975 ], [ 112.02039027054677, -7.812903555835076 ], [ 112.020378777099538, -7.81295572455929 ], [ 112.020373219488064, -7.812980324756476 ], [ 112.020372261646841, -7.812984369846429 ], [ 112.019634504752133, -7.812799973869749 ], [ 112.019683249458438, -7.812599140918433 ], [ 112.01968435304461, -7.812594609801581 ], [ 112.019723757423421, -7.812431098761534 ], [ 112.019762933257653, -7.812436551068911 ], [ 112.019867285423729, -7.812451073935943 ], [ 112.019882952855653, -7.812453254679952 ], [ 112.019971984104274, -7.812465254067543 ], [ 112.02005439101417, -7.812476360478128 ], [ 112.020158218627174, -7.812490354544106 ], [ 112.020189475393948, -7.812494671880886 ], [ 112.020201958817424, -7.812496524757375 ] ] ], [ [ [ 112.020466707184667, -7.811478648649663 ], [ 112.020426255670984, -7.811651122379442 ], [ 112.02032254594927, -7.811630314135007 ], [ 112.020332994781498, -7.811585301027915 ], [ 112.020256162221372, -7.811565385665835 ], [ 112.020247589130818, -7.81159220807619 ], [ 112.020166597288963, -7.811574056416592 ], [ 112.020171634195435, -7.811547525627375 ], [ 112.020196724625052, -7.811451209877062 ], [ 112.020201412213893, -7.811430965681391 ], [ 112.020407873816325, -7.811468074164941 ], [ 112.020458351929321, -7.811477146675821 ], [ 112.020466707184667, -7.811478648649663 ] ] ], [ [ [ 112.019782974887761, -7.811588042075399 ], [ 112.019705745420708, -7.811577223366392 ], [ 112.019713977799753, -7.811509004459244 ], [ 112.019638411771012, -7.811493397316102 ], [ 112.019623677567708, -7.81157533936881 ], [ 112.019475802335819, -7.811547937472692 ], [ 112.019467282586035, -7.811596775251458 ], [ 112.019345330154664, -7.811573139212224 ], [ 112.01934934883063, -7.81154817101463 ], [ 112.019121307167794, -7.811511630467701 ], [ 112.019130629158468, -7.81144018194485 ], [ 112.018933672347771, -7.811415238841898 ], [ 112.018930886933063, -7.811454011920162 ], [ 112.018688945894439, -7.811424443383856 ], [ 112.018691700019005, -7.81137274886061 ], [ 112.01799604664393, -7.811258127586796 ], [ 112.018003673901774, -7.811217788135489 ], [ 112.01781160202691, -7.811191089895024 ], [ 112.017796009226018, -7.811291631691525 ], [ 112.017639040828158, -7.811274780339014 ], [ 112.017660938997977, -7.81104485889924 ], [ 112.018027159232958, -7.811093596508751 ], [ 112.018110275857438, -7.811104658218066 ], [ 112.018349113555644, -7.811133204451219 ], [ 112.018990733116283, -7.811223574845159 ], [ 112.0191553257648, -7.811250901348858 ], [ 112.019735683779601, -7.811347256337727 ], [ 112.020119427480196, -7.811416229703237 ], [ 112.020050289923915, -7.811666128082488 ], [ 112.02001701563205, -7.811797582385757 ], [ 112.019943787718432, -7.811779811705591 ], [ 112.019956578710946, -7.811711461509411 ], [ 112.019869180591741, -7.811688102201809 ], [ 112.019876247958706, -7.811634242942298 ], [ 112.019780244924576, -7.81162421931668 ], [ 112.019782974887761, -7.811588042075399 ] ] ], [ [ [ 112.022506538248081, -7.81792321536138 ], [ 112.022509060678018, -7.817920736560033 ], [ 112.022511932372026, -7.817918672947923 ], [ 112.022515088145326, -7.817917070808486 ], [ 112.022518451005681, -7.817915969218299 ], [ 112.022521944834793, -7.817915393685558 ], [ 112.022727323666018, -7.81796457817482 ], [ 112.022848524081525, -7.817995521630359 ], [ 112.022779664295598, -7.818379883905629 ], [ 112.022804513548266, -7.818384311471618 ], [ 112.022758263104294, -7.818642469088664 ], [ 112.02265636731579, -7.818624313556249 ], [ 112.022635267313959, -7.818742087138151 ], [ 112.022724649577299, -7.818758012824343 ], [ 112.022690650881017, -7.81894778353193 ], [ 112.022362382077077, -7.818879892883144 ], [ 112.022380826099379, -7.818766334018578 ], [ 112.022416804633409, -7.818523999754595 ], [ 112.022481041637676, -7.818092822154881 ], [ 112.02250277456298, -7.817929171963542 ], [ 112.022504426604229, -7.817926048606659 ], [ 112.022506538248081, -7.81792321536138 ] ] ], [ [ [ 112.022514285854768, -7.817849776397363 ], [ 112.022542106104197, -7.817657880788198 ], [ 112.022564135415635, -7.817481131111274 ], [ 112.022582936635914, -7.817318747879393 ], [ 112.02260776938158, -7.817110786990184 ], [ 112.022626851422601, -7.816985158854643 ], [ 112.022631711458217, -7.816953832323808 ], [ 112.023035273549837, -7.817035382794509 ], [ 112.023016275293358, -7.817116789846206 ], [ 112.022958690990137, -7.817119320612856 ], [ 112.02285182814029, -7.817576636194818 ], [ 112.022823255381397, -7.817667637946042 ], [ 112.023015339374354, -7.817717424290934 ], [ 112.022996282816678, -7.817774901343365 ], [ 112.022758567041905, -7.81770847467156 ], [ 112.022700408206987, -7.817921295236582 ], [ 112.02252543297908, -7.817878583338295 ], [ 112.02252178878237, -7.817875507172491 ], [ 112.022518720894439, -7.817871858919991 ], [ 112.022516318449505, -7.81786774418258 ], [ 112.022514651569864, -7.817863282174433 ], [ 112.022513769545355, -7.817858603013207 ], [ 112.02251369628577, -7.817853842304578 ], [ 112.022514285854768, -7.817849776397363 ] ] ], [ [ [ 112.025272370110059, -7.816352751797983 ], [ 112.02544525142828, -7.816400191489966 ], [ 112.025396172343562, -7.816610087002665 ], [ 112.025385366472946, -7.816650922604642 ], [ 112.025368294543924, -7.816715438547282 ], [ 112.025297584105246, -7.816982654625588 ], [ 112.025125532665896, -7.816922702005875 ], [ 112.025218124935563, -7.81656439633229 ], [ 112.025272370110059, -7.816352751797983 ] ] ], [ [ [ 112.024700172734939, -7.81677448173588 ], [ 112.02459805621703, -7.816738898021497 ], [ 112.024663624992712, -7.816478397158295 ], [ 112.024729773452563, -7.816494979370035 ], [ 112.024751469244649, -7.816408303806965 ], [ 112.025029650265964, -7.81648910017925 ], [ 112.02507665344713, -7.816606940056641 ], [ 112.024999150207947, -7.816878663053135 ], [ 112.024815823659821, -7.816814781710882 ], [ 112.024700172734939, -7.81677448173588 ] ] ], [ [ [ 112.022702582795858, -7.816491595219099 ], [ 112.02272975735282, -7.816312042936254 ], [ 112.022735451603083, -7.816301896891439 ], [ 112.022742671932392, -7.816292768245933 ], [ 112.022751241136334, -7.816284882630184 ], [ 112.022760944757223, -7.816278436823287 ], [ 112.022771542853917, -7.816273590584702 ], [ 112.022782772715885, -7.816270463934342 ], [ 112.022794355202777, -7.816269133519637 ], [ 112.022827702640896, -7.816277533553888 ], [ 112.023230285350323, -7.816378000498429 ], [ 112.02372008775086, -7.816500649182548 ], [ 112.023801061910646, -7.816521908562517 ], [ 112.023866859260679, -7.816539182743284 ], [ 112.02380251848804, -7.81673851713323 ], [ 112.023801589792228, -7.816738507626757 ], [ 112.023461871395554, -7.816735102734253 ], [ 112.023263865185939, -7.816733117910122 ], [ 112.023207694593836, -7.816731092411252 ], [ 112.023121201627006, -7.816727975456149 ], [ 112.022998391095797, -7.816723548204703 ], [ 112.022916441222335, -7.816720594757908 ], [ 112.022812390800837, -7.81671684374932 ], [ 112.022669295506063, -7.816711685002621 ], [ 112.022669515142695, -7.816710262716894 ], [ 112.022702450906152, -7.816492553323063 ], [ 112.022702582795858, -7.816491595219099 ] ] ], [ [ [ 112.023610072055291, -7.816184363993393 ], [ 112.023686127367839, -7.816197176251739 ], [ 112.023668220549283, -7.816302891570585 ], [ 112.023650939925815, -7.816425906086672 ], [ 112.022873237707472, -7.816234415237494 ], [ 112.022923692845907, -7.816012934479071 ], [ 112.023022412527482, -7.816033538759124 ], [ 112.023028188800907, -7.81600494046331 ], [ 112.023113937850368, -7.816022164647942 ], [ 112.0231080316549, -7.816051409017279 ], [ 112.023231435358156, -7.8160771656534 ], [ 112.023235483625086, -7.816058854837602 ], [ 112.023241830064052, -7.816030148437629 ], [ 112.02333063827902, -7.816049674159359 ], [ 112.023330184386154, -7.816051727395807 ], [ 112.023547547519286, -7.816104814994378 ], [ 112.023550841184289, -7.816085370049885 ], [ 112.02355362703446, -7.816068924499505 ], [ 112.023627517562403, -7.816081373011976 ], [ 112.023620527923313, -7.816122639796425 ], [ 112.023610072055291, -7.816184363993393 ] ] ], [ [ [ 112.020718671616621, -7.815777655264703 ], [ 112.020715679026779, -7.815776990508336 ], [ 112.020693959604273, -7.81577216271415 ], [ 112.02050175332883, -7.815729095328702 ], [ 112.020393511465983, -7.815704841472177 ], [ 112.020342463900377, -7.815693403516426 ], [ 112.020334038697086, -7.815691515530718 ], [ 112.020395098140142, -7.815314826362926 ], [ 112.020439138539842, -7.815321629789507 ], [ 112.020540702825812, -7.815337322218177 ], [ 112.020576080850702, -7.815342787205789 ], [ 112.020597905542871, -7.815346159536185 ], [ 112.020650683627707, -7.815354313842509 ], [ 112.020783964316379, -7.815374908438906 ], [ 112.020770631199568, -7.815457858266837 ], [ 112.021079450765512, -7.815516573323857 ], [ 112.021539166294744, -7.815601610123056 ], [ 112.021486235940515, -7.815932195649494 ], [ 112.021435224885025, -7.815921616947775 ], [ 112.021356134570624, -7.815905215616846 ], [ 112.021267136762873, -7.815886759856183 ], [ 112.021132083024739, -7.815858752540281 ], [ 112.021088872698073, -7.815850212502857 ], [ 112.021039246045518, -7.815840565578954 ], [ 112.02089999200922, -7.815813497180769 ], [ 112.020774210081825, -7.815789047048042 ], [ 112.020737232985056, -7.815781650478267 ], [ 112.020719206971265, -7.815777770641862 ], [ 112.020718671616621, -7.815777655264703 ] ] ], [ [ [ 112.022976837461627, -7.815124945796485 ], [ 112.022977803440966, -7.815120528061355 ], [ 112.023231884226973, -7.815178233601266 ], [ 112.023189647396336, -7.815359012591318 ], [ 112.022939122019963, -7.815297769369691 ], [ 112.022946415200792, -7.81526455936328 ], [ 112.022976354927621, -7.815127155567394 ], [ 112.022976837461627, -7.815124945796485 ] ] ], [ [ [ 112.022873437551311, -7.815385629466439 ], [ 112.02286816068866, -7.815409640219721 ], [ 112.022659276574601, -7.815363615134311 ], [ 112.022721939296972, -7.815071212493123 ], [ 112.022934098793854, -7.815111565229882 ], [ 112.022933127379289, -7.815115985691397 ], [ 112.022923396261433, -7.815160297069681 ], [ 112.022913919867477, -7.815203443837927 ], [ 112.022907752151937, -7.815230321057997 ], [ 112.022896784776776, -7.81527941621277 ], [ 112.022892479318045, -7.815299001078108 ], [ 112.022882020656624, -7.815346582804756 ], [ 112.022873437551311, -7.815385629466439 ] ] ], [ [ [ 112.022294878413632, -7.814985495575451 ], [ 112.022253305315388, -7.815177947218649 ], [ 112.022154873467784, -7.81515664833818 ], [ 112.022201513619748, -7.814965371947757 ], [ 112.022294878413632, -7.814985495575451 ] ] ], [ [ [ 112.022984080932702, -7.81509180735975 ], [ 112.02302638532278, -7.814898888138473 ], [ 112.023037456882221, -7.814855715800629 ], [ 112.023086978671699, -7.814868151090955 ], [ 112.023164064498118, -7.81488750810317 ], [ 112.023174108241491, -7.814890029731757 ], [ 112.023123335603685, -7.815130391108707 ], [ 112.022982632419485, -7.815098434865777 ], [ 112.022983598396536, -7.815094016226226 ], [ 112.022984080932702, -7.81509180735975 ] ] ], [ [ [ 112.022498114177907, -7.814659610166554 ], [ 112.022619110289767, -7.814689368610684 ], [ 112.022538980443045, -7.815013400519251 ], [ 112.0224767153709, -7.815001557653266 ], [ 112.022256281175359, -7.814954047188328 ], [ 112.022312198456675, -7.814727928028764 ], [ 112.022471529638324, -7.814767113717139 ], [ 112.022498114177907, -7.814659610166554 ] ] ], [ [ [ 112.021359377125435, -7.81455483030635 ], [ 112.021386600540808, -7.814460438490685 ], [ 112.021510695117172, -7.814496032358895 ], [ 112.02149719359825, -7.814542849049037 ], [ 112.021567413257628, -7.814562989921933 ], [ 112.02150154600254, -7.814791374252658 ], [ 112.021351624354423, -7.814759059865868 ], [ 112.021186356584352, -7.814719105763415 ], [ 112.021256547558025, -7.814408395753256 ], [ 112.021327669278918, -7.814428795868636 ], [ 112.021296519399812, -7.814536800616208 ], [ 112.021359377125435, -7.81455483030635 ] ] ], [ [ [ 112.02335591507908, -7.814647611782145 ], [ 112.02310749411771, -7.81458263366752 ], [ 112.023139018044205, -7.814459721229566 ], [ 112.023139137459111, -7.8144592271251 ], [ 112.023208380939778, -7.814153694381686 ], [ 112.023254289438484, -7.813950067999968 ], [ 112.023460865202196, -7.813995516017548 ], [ 112.023391571585464, -7.814356717977059 ], [ 112.023375706319371, -7.814439417098732 ], [ 112.023355911446686, -7.814542599173965 ], [ 112.023380421170188, -7.814549585267024 ], [ 112.02335591507908, -7.814647611782145 ] ] ], [ [ [ 112.023770796306948, -7.813813276341471 ], [ 112.023794475334427, -7.813818800166371 ], [ 112.024151249703252, -7.813902034281748 ], [ 112.024282564456939, -7.813948946773259 ], [ 112.024244369994605, -7.814119965418596 ], [ 112.023636677844451, -7.813964947500594 ], [ 112.023629338168917, -7.814006594086038 ], [ 112.023263079404146, -7.813911076909545 ], [ 112.023269097908198, -7.813884388169463 ], [ 112.023294432982297, -7.813760322200755 ], [ 112.023302953280933, -7.813718595881828 ], [ 112.023303366833431, -7.813716363667314 ], [ 112.023304252904268, -7.81371190633088 ], [ 112.023348001165076, -7.813716121717122 ], [ 112.023455723230811, -7.813740875362685 ], [ 112.023770796306948, -7.813813276341471 ] ] ], [ [ [ 112.02377592467937, -7.813791251153528 ], [ 112.023605329174117, -7.813752050703783 ], [ 112.023629644293592, -7.813541402214395 ], [ 112.024055899933643, -7.813583442572551 ], [ 112.024067281046342, -7.813527419425288 ], [ 112.024228604775757, -7.813558615411679 ], [ 112.024214442272054, -7.81365484691992 ], [ 112.024367151472859, -7.813696113677938 ], [ 112.024397112544221, -7.813584050829237 ], [ 112.024492209421126, -7.813615407258022 ], [ 112.024456524595678, -7.813741842611416 ], [ 112.02453143076977, -7.813758890258721 ], [ 112.024475485215461, -7.813984413607741 ], [ 112.024392975505904, -7.813964373564495 ], [ 112.024158285632254, -7.813880530842433 ], [ 112.02415704500936, -7.813880165749197 ], [ 112.02379441872985, -7.813795565665079 ], [ 112.02377592467937, -7.813791251153528 ] ] ], [ [ [ 112.022832545742659, -7.813602326159214 ], [ 112.022752093045554, -7.813816323954051 ], [ 112.022452415153893, -7.813726595975411 ], [ 112.022494849512299, -7.813520666330696 ], [ 112.022832545742659, -7.813602326159214 ] ] ], [ [ [ 112.02239266153866, -7.813495955109899 ], [ 112.022348753514009, -7.813725410571591 ], [ 112.02149754500094, -7.81358532720404 ], [ 112.021539867707673, -7.81329595841346 ], [ 112.021677292034482, -7.813325408858944 ], [ 112.022322614887969, -7.813479016501981 ], [ 112.02239266153866, -7.813495955109899 ] ] ], [ [ [ 112.02115737934767, -7.813632402552339 ], [ 112.021155007973277, -7.813632099874455 ], [ 112.021167137257493, -7.813562841413588 ], [ 112.021225668162344, -7.813228623761489 ], [ 112.021352499790623, -7.813255804489016 ], [ 112.02132299583964, -7.813443607118464 ], [ 112.021285546299296, -7.813436519217079 ], [ 112.02125437890102, -7.813644782131483 ], [ 112.02115737934767, -7.813632402552339 ] ] ], [ [ [ 112.022164980238614, -7.8131248003619 ], [ 112.022164091974062, -7.813134699621488 ], [ 112.022176696565012, -7.813038329896144 ], [ 112.02152142488346, -7.812953767109501 ], [ 112.021550080462617, -7.812689340100224 ], [ 112.022516331385873, -7.812834110539469 ], [ 112.02287153755239, -7.812882646933534 ], [ 112.023018323504104, -7.812902704459271 ], [ 112.023124614751907, -7.812917229033486 ], [ 112.023430687911343, -7.81295905097213 ], [ 112.023413039269158, -7.813091476002891 ], [ 112.023371202126995, -7.813289956306686 ], [ 112.023065467769044, -7.813225726438678 ], [ 112.022953947352221, -7.81320229780475 ], [ 112.022801849652424, -7.813170343674509 ], [ 112.02269999459952, -7.813547008650882 ], [ 112.022327917564013, -7.813457033408344 ], [ 112.022295100516089, -7.813449221705079 ], [ 112.021682306184815, -7.813303357730601 ], [ 112.021502340605466, -7.813264790425928 ], [ 112.021533148386709, -7.813063097210291 ], [ 112.022053128351189, -7.813147035743032 ], [ 112.02205599713578, -7.813115071888538 ], [ 112.022164980238614, -7.8131248003619 ] ] ], [ [ [ 112.022559565349184, -7.812408533299813 ], [ 112.022573972748233, -7.812412806210241 ], [ 112.022603878375705, -7.812277770297302 ], [ 112.022840114448883, -7.812328887343691 ], [ 112.022814452630442, -7.812454007743818 ], [ 112.02280928811274, -7.812478713725337 ], [ 112.023026294575871, -7.812517960502223 ], [ 112.023052747293846, -7.812385821663381 ], [ 112.023223216406961, -7.81242848214229 ], [ 112.023140695697222, -7.812838920371269 ], [ 112.022968420635507, -7.812814457639059 ], [ 112.022889553052536, -7.812803258232586 ], [ 112.022875977736362, -7.81280104269392 ], [ 112.022857771904725, -7.812798126581073 ], [ 112.022851376770817, -7.812797138149572 ], [ 112.022500646562875, -7.812740913245038 ], [ 112.022559565349184, -7.812408533299813 ] ] ], [ [ [ 112.020639279892507, -7.812063305008119 ], [ 112.020651592232426, -7.812016368208191 ], [ 112.020687440347203, -7.812024321967585 ], [ 112.020814669545359, -7.812052552889525 ], [ 112.02080246398981, -7.812131502437878 ], [ 112.020828596510611, -7.812135344622114 ], [ 112.020937284393668, -7.812151324637878 ], [ 112.020890433129878, -7.812486990987431 ], [ 112.020661526972404, -7.812450585489298 ], [ 112.020572211953748, -7.812436381043377 ], [ 112.020566605258452, -7.81243217001662 ], [ 112.020561704000812, -7.812427158679506 ], [ 112.020557622732667, -7.812421463426165 ], [ 112.020554456998411, -7.812415216071869 ], [ 112.020552278793915, -7.812408561150644 ], [ 112.020565017187167, -7.812350708729064 ], [ 112.020569083558271, -7.812331967375767 ], [ 112.020569947191944, -7.812327595111547 ], [ 112.020593463060948, -7.812237955087786 ], [ 112.020639279892507, -7.812063305008119 ] ] ], [ [ [ 112.023509654054081, -7.812168301263019 ], [ 112.023435155333061, -7.812148624150246 ], [ 112.02351415084155, -7.811884288700281 ], [ 112.023579883905185, -7.811895957561485 ], [ 112.023574354684953, -7.811920217644412 ], [ 112.023569864659237, -7.811938474360039 ], [ 112.023544234688814, -7.812035983551128 ], [ 112.023527182942018, -7.812102909685046 ], [ 112.023524129652145, -7.812114178057647 ], [ 112.023511407450869, -7.812161747181021 ], [ 112.023510822380686, -7.812163931876486 ], [ 112.023509654054081, -7.812168301263019 ] ] ], [ [ [ 112.025235301175499, -7.811869430432633 ], [ 112.025239527255664, -7.811848957607714 ], [ 112.025262097125804, -7.811739623219678 ], [ 112.025274249227422, -7.811680752876553 ], [ 112.025287033230228, -7.811618824954701 ], [ 112.025290914783923, -7.811608059234483 ], [ 112.025296541330079, -7.811598088791257 ], [ 112.02530375666052, -7.811589194375039 ], [ 112.025312357327138, -7.811581623386837 ], [ 112.025322103522541, -7.811575588947754 ], [ 112.025332721774078, -7.811571259039392 ], [ 112.02534391491541, -7.811568754670839 ], [ 112.025355371148549, -7.811568147143466 ], [ 112.025428741322372, -7.811594389151755 ], [ 112.025540759923985, -7.811634453728593 ], [ 112.025611387083742, -7.811659713823443 ], [ 112.025801655656906, -7.811727765735979 ], [ 112.025876229471336, -7.811754437956541 ], [ 112.02589558319076, -7.811761359558777 ], [ 112.026118981550269, -7.811841260236672 ], [ 112.026158234525525, -7.811855299255516 ], [ 112.02619176725257, -7.811867292788448 ], [ 112.026119109334473, -7.812062266512824 ], [ 112.025924540589088, -7.811976592578857 ], [ 112.0258385622204, -7.812141915445681 ], [ 112.025827932939805, -7.812137269901115 ], [ 112.025691556227798, -7.812077662073443 ], [ 112.025700099768613, -7.812038875960319 ], [ 112.025616543054014, -7.812013670780984 ], [ 112.025356111201319, -7.811935110502072 ], [ 112.025230379123073, -7.811897182838803 ], [ 112.025230892686082, -7.811893571135862 ], [ 112.025231849500614, -7.811886150736298 ], [ 112.025235301175499, -7.811869430432633 ] ] ], [ [ [ 112.023621032964087, -7.811957960147314 ], [ 112.023625667836924, -7.811939599071896 ], [ 112.023628818558336, -7.811926259333014 ], [ 112.023634325446139, -7.811901767771414 ], [ 112.023645220300381, -7.811852364379292 ], [ 112.023654844116081, -7.811808724339238 ], [ 112.023666191042309, -7.81175726771495 ], [ 112.02368028097564, -7.811693377667089 ], [ 112.023682835723562, -7.811681097547167 ], [ 112.023685169106372, -7.811668783595278 ], [ 112.023686745624232, -7.811658865485751 ], [ 112.023688264134606, -7.811646354534341 ], [ 112.023689469657583, -7.81163379911979 ], [ 112.023691015299207, -7.811614926387282 ], [ 112.023692766915644, -7.811592002242722 ], [ 112.023705502378959, -7.811309692660214 ], [ 112.023725611306645, -7.811322866629066 ], [ 112.023734910450614, -7.811330993866993 ], [ 112.023979771560022, -7.811581309514592 ], [ 112.023991659838288, -7.811597601034487 ], [ 112.024009430834184, -7.811621952994248 ], [ 112.02403062773179, -7.811650999654624 ], [ 112.024026392008125, -7.811661954345581 ], [ 112.02402480045771, -7.811666070615196 ], [ 112.023957365029915, -7.811840485651107 ], [ 112.023946520607566, -7.811835745612288 ], [ 112.023932863625802, -7.811829776040131 ], [ 112.023896382601095, -7.811924626296871 ], [ 112.02384162543261, -7.811904657231574 ], [ 112.023809449009988, -7.811993753966614 ], [ 112.023725878805706, -7.811965958161324 ], [ 112.023673098195019, -7.812166616603854 ], [ 112.023572900047384, -7.812139211058661 ], [ 112.02357636352157, -7.812126190728391 ], [ 112.023612992387797, -7.811988484924054 ], [ 112.023621032964087, -7.811957960147314 ] ] ], [ [ [ 112.026139120897213, -7.811413248374046 ], [ 112.026332196674048, -7.811477388842967 ], [ 112.026224308871065, -7.811833647929462 ], [ 112.025899259872304, -7.811717935619047 ], [ 112.025894987403717, -7.811716414801469 ], [ 112.026036352587482, -7.811279898311115 ], [ 112.026164814454546, -7.811322731947667 ], [ 112.026139120897213, -7.811413248374046 ] ] ], [ [ [ 112.023502107523285, -7.811352889398847 ], [ 112.023577392196813, -7.811368022599329 ], [ 112.023603377725578, -7.811249690908036 ], [ 112.023643122744161, -7.811268825414079 ], [ 112.023670261344535, -7.811286604870411 ], [ 112.02363927498665, -7.811577647454612 ], [ 112.023636374537546, -7.811615553445087 ], [ 112.023635316580624, -7.811628003589142 ], [ 112.023634086250595, -7.811640427922391 ], [ 112.023632515713246, -7.811652802431838 ], [ 112.023631538491841, -7.811658930459529 ], [ 112.023630448776316, -7.811665042480022 ], [ 112.023628043447985, -7.81167723360444 ], [ 112.023622810025756, -7.811701553567522 ], [ 112.023605307869161, -7.811780519575477 ], [ 112.023587456192075, -7.811861572030572 ], [ 112.023358869001328, -7.811811153162542 ], [ 112.023502107523285, -7.811352889398847 ] ] ], [ [ [ 112.026153106749916, -7.810845813850526 ], [ 112.026148030129704, -7.81086148806648 ], [ 112.025873625059006, -7.811708809808414 ], [ 112.025869352590604, -7.811707288990567 ], [ 112.025820261410232, -7.811689813497808 ], [ 112.025561105257623, -7.811595069194267 ], [ 112.025706632362898, -7.811175959149119 ], [ 112.025579834888845, -7.811133193676726 ], [ 112.025700748582423, -7.81071957442498 ], [ 112.025757662642022, -7.810735248346286 ], [ 112.026150807325095, -7.810838198765063 ], [ 112.026155200405043, -7.810839349379361 ], [ 112.026153804331926, -7.810843658726072 ], [ 112.026153106749916, -7.810845813850526 ] ] ], [ [ [ 112.020925638772937, -7.811824548994346 ], [ 112.020922997062002, -7.811833543544372 ], [ 112.020922573419625, -7.811834987124493 ], [ 112.020905016029147, -7.811906363289744 ], [ 112.020695175157215, -7.811850233250469 ], [ 112.020704816024846, -7.811813485815733 ], [ 112.020715050845155, -7.811774471363498 ], [ 112.020725753821509, -7.811733671351249 ], [ 112.02076201508703, -7.811595448330082 ], [ 112.020767305015369, -7.811575281361742 ], [ 112.020783776865173, -7.811512493522144 ], [ 112.020790059724021, -7.811488542757392 ], [ 112.020799715177148, -7.81145220499103 ], [ 112.020804776799807, -7.811434002079213 ], [ 112.020811744482245, -7.811409726780905 ], [ 112.020835751434561, -7.811327027928304 ], [ 112.02086631299872, -7.811221747856642 ], [ 112.020882356374727, -7.811167759290806 ], [ 112.020910464426549, -7.811073168204341 ], [ 112.020930585421638, -7.811005456002776 ], [ 112.020950821559964, -7.810937359142402 ], [ 112.020969349454859, -7.810875008597873 ], [ 112.020979834807576, -7.810839091191792 ], [ 112.020983442315398, -7.810825971943023 ], [ 112.020989747128866, -7.8108017326129 ], [ 112.021002151278466, -7.810752667477445 ], [ 112.021016580117418, -7.810695594200466 ], [ 112.021030327167992, -7.81064121685025 ], [ 112.021048072398756, -7.810571026836053 ], [ 112.02105739938365, -7.810534631978029 ], [ 112.021060640268104, -7.81052253651854 ], [ 112.02106394829984, -7.81051082979931 ], [ 112.021079260958857, -7.810459944266953 ], [ 112.021082431072713, -7.810448582466488 ], [ 112.021084224161754, -7.810441553471485 ], [ 112.021086090699058, -7.810433400099665 ], [ 112.021088595528852, -7.810421073076554 ], [ 112.021091658945608, -7.810404240671057 ], [ 112.02109310338659, -7.810396299954047 ], [ 112.021099253155953, -7.810360876886693 ], [ 112.021103473720629, -7.810336556670283 ], [ 112.021146147643861, -7.810349640094855 ], [ 112.021149310025507, -7.810356752083921 ], [ 112.021150315746823, -7.810358609150864 ], [ 112.021151598545487, -7.810360288281295 ], [ 112.021153126581524, -7.810361748853071 ], [ 112.021154863493734, -7.810362955681458 ], [ 112.021161736629963, -7.810366975523997 ], [ 112.021183031726665, -7.810379429556404 ], [ 112.021185276094613, -7.810380469649131 ], [ 112.021235454988826, -7.810398205380717 ], [ 112.021324899394614, -7.81043449275447 ], [ 112.021135492340036, -7.811123180146144 ], [ 112.021187644532588, -7.811137847819653 ], [ 112.021157788999034, -7.811258217421747 ], [ 112.021110253684554, -7.811250970247293 ], [ 112.02104328813671, -7.811536078129907 ], [ 112.020947255917818, -7.811514773051655 ], [ 112.020924132928528, -7.81161938849679 ], [ 112.021062246731802, -7.811651415163414 ], [ 112.021043920770865, -7.811730443712848 ], [ 112.021032507324534, -7.811779665635719 ], [ 112.020941378154831, -7.81175853412558 ], [ 112.020925939234601, -7.811821303194106 ], [ 112.020926540029677, -7.811821479914446 ], [ 112.020925638772937, -7.811824548994346 ] ] ], [ [ [ 112.026408557597563, -7.810910369963207 ], [ 112.026378446240486, -7.811051244535204 ], [ 112.026378228678169, -7.811052768111592 ], [ 112.026378219737794, -7.811054306556579 ], [ 112.02637842025996, -7.811055832735446 ], [ 112.026382234552031, -7.811074734050964 ], [ 112.026382676445692, -7.811076316622364 ], [ 112.026383343053411, -7.811077819058877 ], [ 112.026384220692336, -7.811079208834524 ], [ 112.026385291154071, -7.811080457052003 ], [ 112.02638653170014, -7.811081536633806 ], [ 112.026395530977396, -7.811088291621638 ], [ 112.026333177603121, -7.811289299970763 ], [ 112.02620206755175, -7.811249416712194 ], [ 112.02621206779348, -7.811217805463261 ], [ 112.026071753029484, -7.811170587026943 ], [ 112.026169941503767, -7.810867399542655 ], [ 112.026175069425065, -7.810851565119107 ], [ 112.026175767006961, -7.810849409994648 ], [ 112.026177163079836, -7.810845100647905 ], [ 112.026181555250758, -7.810846250359715 ], [ 112.026405114108826, -7.81090479260929 ], [ 112.02640950446694, -7.810905942322952 ], [ 112.026408557597563, -7.810910369963207 ] ] ], [ [ [ 112.020968585640276, -7.810663560552381 ], [ 112.020958007576709, -7.810705366888947 ], [ 112.020955321745603, -7.8107159840825 ], [ 112.020937126337088, -7.810787901728449 ], [ 112.020930812473651, -7.810812150124276 ], [ 112.020925741846654, -7.810830375668847 ], [ 112.020916838222661, -7.810860736088328 ], [ 112.020905893477675, -7.810897568976122 ], [ 112.020892171832571, -7.810943744038866 ], [ 112.020885032157381, -7.81096777284499 ], [ 112.020872792061496, -7.811008963664317 ], [ 112.020857818249766, -7.811059354559555 ], [ 112.020851274963917, -7.811081374103016 ], [ 112.02083115754813, -7.81114907272763 ], [ 112.020814092285974, -7.811206501477309 ], [ 112.020804083998812, -7.811240948944295 ], [ 112.020794668405429, -7.811273358216096 ], [ 112.020777998484817, -7.811331136927149 ], [ 112.020777610959698, -7.811332515301366 ], [ 112.020777111836622, -7.8113342466706 ], [ 112.020776310523871, -7.811337018857686 ], [ 112.020766711004399, -7.8113709950365 ], [ 112.020756771810923, -7.811407008799254 ], [ 112.020733978030378, -7.811492224446156 ], [ 112.020733391149534, -7.811494416379308 ], [ 112.02045450038635, -7.81144429009431 ], [ 112.020625899218658, -7.810846238013872 ], [ 112.020841845486444, -7.81041600914453 ], [ 112.021028117159489, -7.810431393027964 ], [ 112.02102757570448, -7.810433617410819 ], [ 112.021015137580775, -7.810484747429009 ], [ 112.021012607982485, -7.810495092013589 ], [ 112.02100073862421, -7.8105384398952 ], [ 112.020991084155241, -7.810575171085018 ], [ 112.02097554905059, -7.810636039284648 ], [ 112.020968585640276, -7.810663560552381 ] ] ], [ [ [ 112.024012040341489, -7.810926653925693 ], [ 112.023984920165574, -7.811022916824055 ], [ 112.024013738375615, -7.811032896963581 ], [ 112.023989435525706, -7.811103309135442 ], [ 112.024133523124192, -7.811151776303447 ], [ 112.024097884675982, -7.811296876102709 ], [ 112.024057541949418, -7.811284051444378 ], [ 112.023978286917952, -7.811493053135933 ], [ 112.02395512153177, -7.811467508645826 ], [ 112.023904133348779, -7.811418815907921 ], [ 112.023802164011499, -7.811324301936579 ], [ 112.023741742408831, -7.811267816899709 ], [ 112.023729383816161, -7.811265445588012 ], [ 112.023710063095066, -7.811247476264979 ], [ 112.023713813246658, -7.811198748597277 ], [ 112.023713865996129, -7.811197320384687 ], [ 112.023713731064689, -7.811195166374521 ], [ 112.023672604952367, -7.810860251197699 ], [ 112.023672532022033, -7.810859723190938 ], [ 112.023643415017034, -7.810669292244494 ], [ 112.023635959333006, -7.810510204094945 ], [ 112.023671359577776, -7.810380820159405 ], [ 112.02369705358052, -7.810291391839794 ], [ 112.023720224214017, -7.810210744348368 ], [ 112.023721125736131, -7.810207793744182 ], [ 112.023723270242627, -7.81020134091488 ], [ 112.023785703770073, -7.810217482002986 ], [ 112.023966996052792, -7.810264351491593 ], [ 112.023905851785514, -7.810478949275047 ], [ 112.023976641478498, -7.810505145366409 ], [ 112.023977420729153, -7.810503005421578 ], [ 112.024051503079093, -7.810529831141761 ], [ 112.024050534644616, -7.810532489779713 ], [ 112.024060038385102, -7.810536006669906 ], [ 112.024012829087141, -7.810659597457011 ], [ 112.024003049003809, -7.810781662250244 ], [ 112.023977227595424, -7.810773338082933 ], [ 112.023941918207001, -7.810903502331421 ], [ 112.024000286383185, -7.81091895771924 ], [ 112.023999352662173, -7.810922464622336 ], [ 112.024012040341489, -7.810926653925693 ] ] ], [ [ [ 112.025085834317395, -7.810558276227087 ], [ 112.02503802755686, -7.810714543542231 ], [ 112.024937182195501, -7.810687508860232 ], [ 112.024862868101152, -7.810913105693102 ], [ 112.024776416958929, -7.810884599853156 ], [ 112.024794979329144, -7.810821380883135 ], [ 112.024434801638535, -7.810717442126749 ], [ 112.024481922434234, -7.810557956766523 ], [ 112.024369536070665, -7.810520899052283 ], [ 112.024412774583709, -7.810380069603507 ], [ 112.024685937424223, -7.810452394505816 ], [ 112.024790663190643, -7.810480122587001 ], [ 112.025085834317395, -7.810558276227087 ] ] ], [ [ [ 112.024671124214493, -7.810213869760743 ], [ 112.024611842823546, -7.8104093833693 ], [ 112.024452670190541, -7.810367239542736 ], [ 112.024499569849823, -7.810217874313234 ], [ 112.024582401899409, -7.810238014041677 ], [ 112.024593091414758, -7.810193718417502 ], [ 112.024671124214493, -7.810213869760743 ] ] ], [ [ [ 112.023509511793534, -7.810436327639298 ], [ 112.023378357414146, -7.81040413566587 ], [ 112.023401560863022, -7.810310117104328 ], [ 112.023357779834015, -7.810299370913667 ], [ 112.023324271408114, -7.810435144530778 ], [ 112.023261501372062, -7.810419737678726 ], [ 112.023300954825331, -7.810259877530926 ], [ 112.023133143763985, -7.810218687459231 ], [ 112.023149582350129, -7.810152081178401 ], [ 112.023051220951928, -7.810127937774912 ], [ 112.023047195941402, -7.810144246137084 ], [ 112.022959131209959, -7.810122630076592 ], [ 112.022954711962626, -7.810140538413691 ], [ 112.022823736463209, -7.810108390134441 ], [ 112.022807653455956, -7.810173558419192 ], [ 112.022730635835501, -7.810154654177227 ], [ 112.022714378592326, -7.81022052833254 ], [ 112.022576143596581, -7.810186597736612 ], [ 112.022583272262679, -7.810157713993967 ], [ 112.022447955603411, -7.810124499831884 ], [ 112.022458944961699, -7.810079970166639 ], [ 112.022279096894096, -7.810035824249547 ], [ 112.022273673599472, -7.810057799492697 ], [ 112.022144550223445, -7.810026105057107 ], [ 112.022161685847749, -7.809956673497953 ], [ 112.022079772674374, -7.809936567228261 ], [ 112.022074393369593, -7.809958362383371 ], [ 112.021444371076655, -7.809803717281924 ], [ 112.021434953191275, -7.80984187418151 ], [ 112.021283623195998, -7.809804727889232 ], [ 112.021303630074101, -7.809708369221703 ], [ 112.021320000208391, -7.809629517236617 ], [ 112.021344469535336, -7.809628963402272 ], [ 112.021512034310206, -7.809666715307332 ], [ 112.021952490587452, -7.80977252027668 ], [ 112.022332054671452, -7.809873487736938 ], [ 112.022332631803508, -7.809873631049129 ], [ 112.022991230352233, -7.81002595903146 ], [ 112.023449019144991, -7.810146054611384 ], [ 112.023449647087531, -7.810146207747567 ], [ 112.023467352969575, -7.810150185948708 ], [ 112.02358830249365, -7.810177363165175 ], [ 112.023679303646944, -7.810197810698225 ], [ 112.023685785128919, -7.810199267404457 ], [ 112.023636423189103, -7.810371077293107 ], [ 112.023627731782128, -7.810402843609157 ], [ 112.023524055460115, -7.810377395451782 ], [ 112.023509511793534, -7.810436327639298 ] ] ], [ [ [ 112.022427207986212, -7.809641284621669 ], [ 112.022418867961278, -7.809677359654153 ], [ 112.022591515224519, -7.809717059615682 ], [ 112.022598007386435, -7.809688978732527 ], [ 112.022709101212229, -7.809714524064598 ], [ 112.022818534854295, -7.809740948864706 ], [ 112.022830705784088, -7.809716524392795 ], [ 112.02307903925778, -7.809808276020789 ], [ 112.023190935016004, -7.80983762780616 ], [ 112.023197817382453, -7.809802209288682 ], [ 112.023119993435898, -7.80977988472287 ], [ 112.02315029954022, -7.80967424522297 ], [ 112.022851256512482, -7.809579563888856 ], [ 112.022890551716742, -7.809445563433821 ], [ 112.023540533889431, -7.809653274861842 ], [ 112.023709440974983, -7.809708539496409 ], [ 112.0237628468427, -7.809726012967872 ], [ 112.023780001670431, -7.809731625881362 ], [ 112.023784524314564, -7.809733105419117 ], [ 112.02380686797683, -7.809740416030728 ], [ 112.023815244355049, -7.809743156950545 ], [ 112.023814049733247, -7.809747525496409 ], [ 112.023813467398099, -7.809749714707408 ], [ 112.023799726600828, -7.809797563051761 ], [ 112.023784809455734, -7.809850209498769 ], [ 112.023776288961628, -7.809880277798804 ], [ 112.023748458646935, -7.80987075378226 ], [ 112.023672871989163, -7.809845828209889 ], [ 112.023654167741086, -7.809839660110461 ], [ 112.023392085043142, -7.809753233905935 ], [ 112.023393537341974, -7.809749285293956 ], [ 112.023350273393021, -7.809734477884909 ], [ 112.023297687426052, -7.809907068834861 ], [ 112.023423578034482, -7.80994335707067 ], [ 112.023432237729139, -7.809911970692128 ], [ 112.023572148613511, -7.809965649566298 ], [ 112.023561771051021, -7.810009237163443 ], [ 112.023725738781636, -7.810058681103536 ], [ 112.023695775879844, -7.810164428327717 ], [ 112.023689006756555, -7.810162907199627 ], [ 112.023457935597392, -7.810110986606267 ], [ 112.023000201291282, -7.809990905370204 ], [ 112.022999684959984, -7.809990778191476 ], [ 112.022341116409365, -7.809838456473917 ], [ 112.021961626770079, -7.809737508735251 ], [ 112.021961199360348, -7.809737400333143 ], [ 112.021520278523695, -7.809631485246632 ], [ 112.021316179568771, -7.809585500900467 ], [ 112.021319717157269, -7.809562271260386 ], [ 112.021346100505696, -7.809403987535984 ], [ 112.021354938869734, -7.809347527394451 ], [ 112.021480999199895, -7.809376514425407 ], [ 112.021473770145647, -7.809407781558922 ], [ 112.021580428499348, -7.809432306879195 ], [ 112.021588098199146, -7.809399133962621 ], [ 112.021664707140587, -7.809416749716246 ], [ 112.021652292578253, -7.809470446440907 ], [ 112.021706776427962, -7.809482973999435 ], [ 112.021714254063852, -7.809450632711813 ], [ 112.022000548373271, -7.809516464738994 ], [ 112.022010615147195, -7.809472924037135 ], [ 112.02207865917326, -7.809488570683548 ], [ 112.022068742280155, -7.80953146255173 ], [ 112.022242162569924, -7.809571339875179 ], [ 112.022236148726165, -7.80959735118145 ], [ 112.022427207986212, -7.809641284621669 ] ] ], [ [ [ 112.024067676747592, -7.809907727651195 ], [ 112.024041054754022, -7.810011167750489 ], [ 112.024008401260218, -7.810002632213947 ], [ 112.023973210179562, -7.810134809420421 ], [ 112.023938634463704, -7.810125320751087 ], [ 112.023911615573766, -7.810226675303185 ], [ 112.023785646855444, -7.810194109121685 ], [ 112.023727001086527, -7.810178947395404 ], [ 112.023727131477486, -7.810178492154557 ], [ 112.02372823655945, -7.810174595030307 ], [ 112.023785110565441, -7.80997386970588 ], [ 112.023832436303934, -7.809806843716025 ], [ 112.023850968395067, -7.809742313431457 ], [ 112.023875549827977, -7.809656710801169 ], [ 112.023875646085159, -7.80965639040208 ], [ 112.023956302204695, -7.809396416565104 ], [ 112.024003882384335, -7.809243050366086 ], [ 112.024017992579189, -7.809197570714212 ], [ 112.024109825551207, -7.808953062570084 ], [ 112.024112891815946, -7.808944899051202 ], [ 112.024114483065688, -7.808940662494557 ], [ 112.024288889242371, -7.809001123989826 ], [ 112.024214280409069, -7.809215998601078 ], [ 112.024294972451386, -7.809244519463967 ], [ 112.024264938970148, -7.809326430796355 ], [ 112.02435571275123, -7.809356362539231 ], [ 112.024433518468186, -7.809382017915309 ], [ 112.024390670842934, -7.809522827418702 ], [ 112.024239391945073, -7.809477249234449 ], [ 112.024185163189657, -7.809674081872197 ], [ 112.024137625259755, -7.809662710856758 ], [ 112.024107686149563, -7.809783388261327 ], [ 112.024150901096959, -7.809793334431044 ], [ 112.024116659971966, -7.809921201572212 ], [ 112.024067676747592, -7.809907727651195 ] ], [ [ 112.023958467672458, -7.809397084211499 ], [ 112.023877825954301, -7.809657012792691 ], [ 112.023877716203941, -7.809657378445613 ], [ 112.023865307238509, -7.809700592916611 ], [ 112.023877807763213, -7.809659970301928 ], [ 112.023891165187862, -7.809617812613766 ], [ 112.023919092603521, -7.809530542261587 ], [ 112.023933866789463, -7.809484371831787 ], [ 112.02396004270949, -7.809402574770055 ], [ 112.023971326712001, -7.80936664272816 ], [ 112.023976940698063, -7.809347786370028 ], [ 112.023985708319515, -7.809317540202839 ], [ 112.024012979179517, -7.809222848834144 ], [ 112.024018891091657, -7.809202323092696 ], [ 112.024006047853504, -7.809243718916766 ], [ 112.023958467672458, -7.809397084211499 ] ] ], [ [ [ 112.022286629641783, -7.809248081641093 ], [ 112.022664870503718, -7.809373442559228 ], [ 112.022703801864921, -7.809385883701027 ], [ 112.022670191505597, -7.809520465505368 ], [ 112.0226154416887, -7.809503368664442 ], [ 112.022601195017515, -7.809565140912638 ], [ 112.022233817297121, -7.809459782162703 ], [ 112.022286629641783, -7.809248081641093 ] ] ], [ [ [ 112.021662563211152, -7.809041244291183 ], [ 112.022225819846369, -7.809227927067335 ], [ 112.02218472060855, -7.80939959839737 ], [ 112.022172430844392, -7.809396417405885 ], [ 112.022169572761598, -7.809407416686276 ], [ 112.022141201784919, -7.809400044582744 ], [ 112.022095723287009, -7.809388227892875 ], [ 112.022084985257351, -7.809385437476179 ], [ 112.02208782267526, -7.809374516930927 ], [ 112.022036339611418, -7.809361190795844 ], [ 112.02205229468322, -7.80929371293687 ], [ 112.021575127763171, -7.809151246339079 ], [ 112.021609015695745, -7.809023267109564 ], [ 112.021662563211152, -7.809041244291183 ] ] ], [ [ [ 112.028558151179638, -7.813831001227487 ], [ 112.028502869846406, -7.814005743532195 ], [ 112.028259339654142, -7.813915882270194 ], [ 112.028334302195404, -7.813708726435022 ], [ 112.028570579309587, -7.813791718149135 ], [ 112.028559575148137, -7.81382698122249 ], [ 112.028558151179638, -7.813831001227487 ] ] ], [ [ [ 112.028757948159623, -7.813766096462198 ], [ 112.02854380850745, -7.813692395460227 ], [ 112.02861672195138, -7.813489216805524 ], [ 112.028818481955241, -7.813571282173922 ], [ 112.028757948159623, -7.813766096462198 ] ] ], [ [ [ 112.027899694672044, -7.813172698116066 ], [ 112.028202972531432, -7.813270675271913 ], [ 112.028167334683914, -7.81338321242356 ], [ 112.028116146600624, -7.813545205042496 ], [ 112.027812363644131, -7.813440651212926 ], [ 112.027899694672044, -7.813172698116066 ] ] ], [ [ [ 112.028314947170784, -7.812991914912027 ], [ 112.028328034047476, -7.812950542830045 ], [ 112.028571206889424, -7.813029880234931 ], [ 112.028515237766669, -7.813201112336265 ], [ 112.028493633149992, -7.813197575268182 ], [ 112.028474196310952, -7.813261974926801 ], [ 112.02847463292693, -7.813262137564567 ], [ 112.028472124522608, -7.81326883910712 ], [ 112.028363061850911, -7.81363018696372 ], [ 112.028137587417589, -7.813552584512323 ], [ 112.028182767035048, -7.813409763079631 ], [ 112.028232873790358, -7.813251367262213 ], [ 112.028263303378381, -7.813155172125171 ], [ 112.028268190934526, -7.813139719935481 ], [ 112.028314947170784, -7.812991914912027 ] ] ], [ [ [ 112.027261630008596, -7.812961515957948 ], [ 112.027162268412837, -7.813220125684167 ], [ 112.026538216092192, -7.813017363784097 ], [ 112.026627664948819, -7.81275845897966 ], [ 112.026793369289123, -7.81281548723669 ], [ 112.026807666818726, -7.812774772470077 ], [ 112.026970978298593, -7.812834199569843 ], [ 112.027009128008118, -7.812734798541998 ], [ 112.027147227578993, -7.812787108440348 ], [ 112.027101903285342, -7.812896097514408 ], [ 112.027261630008596, -7.812961515957948 ] ] ], [ [ [ 112.028681557770909, -7.812746257070622 ], [ 112.028589136467133, -7.81271202354598 ], [ 112.02850689706807, -7.812681561983482 ], [ 112.028471171242145, -7.812668410901821 ], [ 112.028429354976794, -7.812653520059172 ], [ 112.028399659401572, -7.812643082033297 ], [ 112.028372884735532, -7.812633671556377 ], [ 112.028298385303344, -7.812607485311541 ], [ 112.028174254090899, -7.812563853211736 ], [ 112.028115922223151, -7.812543349876762 ], [ 112.028039006582958, -7.812516314780956 ], [ 112.028134709768111, -7.812266512050563 ], [ 112.028467065589126, -7.812374822829519 ], [ 112.028512826468244, -7.812248362776597 ], [ 112.029369792546603, -7.812585118964519 ], [ 112.029250216341367, -7.812956888880544 ], [ 112.029214972274602, -7.812943834372114 ], [ 112.029126617485915, -7.81291110778824 ], [ 112.029062959963142, -7.812887528964618 ], [ 112.028999587469514, -7.812864055253785 ], [ 112.028969696242854, -7.812852983748328 ], [ 112.028888549690777, -7.812822926596361 ], [ 112.028823927286027, -7.812798991026803 ], [ 112.028798451214769, -7.812789553902965 ], [ 112.028736315970576, -7.812766539296437 ], [ 112.028681557770909, -7.812746257070622 ] ] ], [ [ [ 112.027071914247273, -7.812153203510548 ], [ 112.027029671842044, -7.812137205634037 ], [ 112.027153493564555, -7.811751062658469 ], [ 112.027427270222034, -7.811846594313985 ], [ 112.027418705790609, -7.8118767658677 ], [ 112.027652131785317, -7.811956601518171 ], [ 112.027620620478245, -7.812060710236796 ], [ 112.027538942205084, -7.812330566010205 ], [ 112.027413803213548, -7.812283821284997 ], [ 112.027071914247273, -7.812153203510548 ] ] ], [ [ [ 112.028332357845343, -7.811684914536802 ], [ 112.028424396452721, -7.811411216812636 ], [ 112.028669673035509, -7.811504537857286 ], [ 112.02857736669273, -7.811777349029287 ], [ 112.028334476684734, -7.811692835738558 ], [ 112.028330195217151, -7.811691345718956 ], [ 112.028331636666252, -7.811687057963465 ], [ 112.028332357845343, -7.811684914536802 ] ] ], [ [ [ 112.028215452061701, -7.811230439126618 ], [ 112.028243838328009, -7.811241392267639 ], [ 112.028220834757235, -7.811323988523782 ], [ 112.028215295131233, -7.811343880298411 ], [ 112.028350826235069, -7.811388131360297 ], [ 112.028402565966928, -7.811405024893499 ], [ 112.028310845165407, -7.811677776720098 ], [ 112.02831012398623, -7.811679920146722 ], [ 112.028308681632254, -7.8116842088088 ], [ 112.028304357846366, -7.811682843702136 ], [ 112.027990409696059, -7.811583736569316 ], [ 112.02798608409806, -7.811582371463549 ], [ 112.027987555497816, -7.811578091775758 ], [ 112.02798829029301, -7.811575952838473 ], [ 112.027989062007464, -7.811573706185142 ], [ 112.028007938018035, -7.811518784446212 ], [ 112.028061357584917, -7.811363351626038 ], [ 112.028082453280547, -7.811301972337513 ], [ 112.028099384213931, -7.81125270706339 ], [ 112.028118044976011, -7.811198408088564 ], [ 112.028215452061701, -7.811230439126618 ] ] ], [ [ [ 112.027965934765732, -7.81157126713295 ], [ 112.027964464270426, -7.811575545914073 ], [ 112.027960139579463, -7.811574180805795 ], [ 112.027862411546778, -7.811543329864429 ], [ 112.027929229560655, -7.811325192519344 ], [ 112.028002591273065, -7.811103187320603 ], [ 112.028112877036207, -7.811143710340576 ], [ 112.028096616970174, -7.811191024048298 ], [ 112.028050271653299, -7.811325874002674 ], [ 112.028038079070427, -7.81136135158914 ], [ 112.027974744226597, -7.811545632464775 ], [ 112.027967554742986, -7.811566553865511 ], [ 112.027966669558822, -7.811569127291277 ], [ 112.027965934765732, -7.81157126713295 ] ] ] ] } },
{ "type": "Feature", "properties": { "OBJECTID": 4, "Name": "Halte Imam Bonjol", "REMARK": "Halte", "type": "lines", "start": "612898.4698, 9136261.2602", "NAMZON": "AREA PUBLIK", "LUAS": 65342.248 }, "geometry": { "type": "MultiPolygon", "coordinates": [ [ [ [ 112.016303841277207, -7.812356169536362 ], [ 112.016363366247319, -7.811954787397296 ], [ 112.016378828613739, -7.811957036153282 ], [ 112.016383315710996, -7.811957688306481 ], [ 112.016404599914992, -7.811847880559078 ], [ 112.016400101931822, -7.811847226623309 ], [ 112.01637975588298, -7.811844270556811 ], [ 112.016408168569939, -7.811652681081649 ], [ 112.016433100105161, -7.811539587411578 ], [ 112.016449885573621, -7.811463449256364 ], [ 112.016590994536642, -7.811484261744397 ], [ 112.016580963512865, -7.811534376842784 ], [ 112.016521799491173, -7.81182996239697 ], [ 112.016515002787173, -7.811863920024615 ], [ 112.016465332652373, -7.811856703689068 ], [ 112.016431592342087, -7.811851801448609 ], [ 112.016427093454155, -7.811851148419722 ], [ 112.016405752110913, -7.811960951782811 ], [ 112.016410239208241, -7.811961603935718 ], [ 112.016443984981962, -7.811966511590192 ], [ 112.016415762322211, -7.8121502927097 ], [ 112.016382366740061, -7.812367751436773 ], [ 112.016303841277207, -7.812356169536362 ] ] ], [ [ [ 112.018848494632209, -7.811807038805535 ], [ 112.018903391311184, -7.811814106864137 ], [ 112.018903389797089, -7.811814118263536 ], [ 112.019038422385776, -7.811831507408441 ], [ 112.019038228049126, -7.811833008498685 ], [ 112.019423775381881, -7.811883969108692 ], [ 112.019423366219314, -7.811887047672045 ], [ 112.019830657917367, -7.81194373279016 ], [ 112.019829345565185, -7.811948815510378 ], [ 112.019732892947886, -7.812325448967295 ], [ 112.019659486270584, -7.812314774795468 ], [ 112.019603456459549, -7.812306628158384 ], [ 112.019339256042798, -7.812269220850621 ], [ 112.01912733271287, -7.812239214840472 ], [ 112.018728245671312, -7.812182708051335 ], [ 112.018743846628809, -7.812054565894162 ], [ 112.018775223316425, -7.811796841075414 ], [ 112.018848494632209, -7.811807038805535 ] ] ], [ [ [ 112.019519583448329, -7.811761870487371 ], [ 112.019077023503272, -7.811690675432847 ], [ 112.019078651112466, -7.811680612947765 ], [ 112.018947527382394, -7.811656448564631 ], [ 112.018947527019407, -7.811656448475057 ], [ 112.018795116549114, -7.811633440721438 ], [ 112.018800841422106, -7.811586419374203 ], [ 112.018939741050502, -7.811604076264635 ], [ 112.019165685961468, -7.811665282007692 ], [ 112.019527927003409, -7.811763408080666 ], [ 112.019519583448329, -7.811761870487371 ] ] ], [ [ [ 112.029396870531883, -7.811055487564201 ], [ 112.029508152845096, -7.811094558712559 ], [ 112.029338108351908, -7.811576243393658 ], [ 112.029338644063202, -7.811576432198497 ], [ 112.029337221722443, -7.811580445146157 ], [ 112.029395809769056, -7.811601611996876 ], [ 112.029705135636775, -7.811713366109689 ], [ 112.029704015285233, -7.811716886363909 ], [ 112.029624730864128, -7.811952694996306 ], [ 112.029623429877319, -7.811956563665046 ], [ 112.02972750065581, -7.811992493324602 ], [ 112.029669864667468, -7.812172379461652 ], [ 112.02963334223216, -7.8121594447659 ], [ 112.029564659319504, -7.812133487862074 ], [ 112.029143990250859, -7.81197450570751 ], [ 112.028978424298245, -7.811916897392903 ], [ 112.028980857397912, -7.811910558705601 ], [ 112.028983422392827, -7.811904381588696 ], [ 112.028995772969481, -7.811876052151671 ], [ 112.029030095824197, -7.811782164639058 ], [ 112.029208170422862, -7.81128412706718 ], [ 112.029329190974721, -7.81094565539785 ], [ 112.029332244354364, -7.810937083989955 ], [ 112.029333980160473, -7.81093523745524 ], [ 112.029335231911659, -7.810930890467898 ], [ 112.02942638529619, -7.81095611735639 ], [ 112.029396870531883, -7.811055487564201 ] ] ], [ [ [ 112.025214830681577, -7.813706308061825 ], [ 112.02520292984255, -7.813756066819591 ], [ 112.025272648135129, -7.813781754321277 ], [ 112.025272969628816, -7.813782379290482 ], [ 112.025273896512701, -7.813783879288152 ], [ 112.025275046099935, -7.813785217758126 ], [ 112.025276390197362, -7.813786362209592 ], [ 112.025299797885836, -7.813803333888574 ], [ 112.025317525585507, -7.813816186135526 ], [ 112.025324005969296, -7.813820885167778 ], [ 112.025328237701842, -7.813823914665017 ], [ 112.025336030041117, -7.813829493967201 ], [ 112.025029684767034, -7.814656407546685 ], [ 112.024668065212296, -7.814523169891226 ], [ 112.024656439875855, -7.814554731070753 ], [ 112.024611452328955, -7.814538250654684 ], [ 112.024611480700699, -7.814534996063793 ], [ 112.024611826720445, -7.814507302690796 ], [ 112.024615525697399, -7.814484502255878 ], [ 112.024618793122457, -7.814464360062843 ], [ 112.024621667375953, -7.814452202166866 ], [ 112.024628800959434, -7.814422033206707 ], [ 112.024641070858308, -7.814370139302712 ], [ 112.0246463364373, -7.81434786867823 ], [ 112.024661234640263, -7.814284861178891 ], [ 112.024667098946594, -7.81426005852625 ], [ 112.024680812644391, -7.814203709549575 ], [ 112.024694273133292, -7.814148402177941 ], [ 112.024703244994939, -7.814111537836522 ], [ 112.024710067268018, -7.814083504069719 ], [ 112.024711660847856, -7.814079104708294 ], [ 112.024712254500201, -7.814077466262605 ], [ 112.024713025622219, -7.814075339902421 ], [ 112.024714566959346, -7.814071087184246 ], [ 112.024757727784248, -7.814086170486937 ], [ 112.024765242944795, -7.814064838623801 ], [ 112.024722273640165, -7.814049821784465 ], [ 112.02472381588403, -7.814045569064061 ], [ 112.024724586099055, -7.814043442706083 ], [ 112.024732004515485, -7.814022974802146 ], [ 112.024747586340325, -7.813979983242279 ], [ 112.024756155990914, -7.813961530314263 ], [ 112.024786811505308, -7.813895522611698 ], [ 112.024789347483662, -7.813890060980558 ], [ 112.02479959876554, -7.813867988089712 ], [ 112.024817844662593, -7.813836364997535 ], [ 112.024847744847847, -7.813784544097386 ], [ 112.024918507941024, -7.81369285750046 ], [ 112.024965922321456, -7.813647101382175 ], [ 112.025214830681577, -7.813706308061825 ] ] ], [ [ [ 112.025457771332995, -7.815658066874629 ], [ 112.025371827448311, -7.815963229573232 ], [ 112.025190547820173, -7.815907754512624 ], [ 112.025274766255023, -7.815631488572803 ], [ 112.025281762700672, -7.815613536800757 ], [ 112.025457771332995, -7.815658066874629 ] ] ], [ [ [ 112.019237008294567, -7.81648494136961 ], [ 112.019247764948688, -7.816426966872502 ], [ 112.01958202374955, -7.81649618432589 ], [ 112.019663278156543, -7.816513010360964 ], [ 112.019654662781164, -7.816562009452271 ], [ 112.019237008294567, -7.81648494136961 ] ] ], [ [ [ 112.019605750571117, -7.814583733612013 ], [ 112.019649075280327, -7.81436933280299 ], [ 112.019654269015874, -7.814370376546365 ], [ 112.019657935093633, -7.814352405194191 ], [ 112.019282487283476, -7.814309902062485 ], [ 112.019128327747836, -7.814297107338734 ], [ 112.019136406226735, -7.814241903180807 ], [ 112.019222437462091, -7.814257117910638 ], [ 112.019590998544032, -7.814322298712113 ], [ 112.020077265459591, -7.814408296141401 ], [ 112.019995838346475, -7.814796126332629 ], [ 112.019978120945893, -7.814880506686312 ], [ 112.019555077203123, -7.81480485471618 ], [ 112.019605750571117, -7.814583733612013 ] ] ], [ [ [ 112.017703408034265, -7.813634453408751 ], [ 112.01770340821237, -7.813634452051678 ], [ 112.017759406826883, -7.813193671313686 ], [ 112.017773355511991, -7.813195433725873 ], [ 112.01777556111378, -7.813181585463719 ], [ 112.017777112418557, -7.813181831167845 ], [ 112.017801068252311, -7.813034716930496 ], [ 112.017801068343005, -7.813034716930277 ], [ 112.017872937839073, -7.812593362092774 ], [ 112.017803956052134, -7.812584480455096 ], [ 112.017805184682189, -7.812574989985977 ], [ 112.017606555718601, -7.812545096180136 ], [ 112.017370337476649, -7.812510617523804 ], [ 112.017369923789943, -7.812513406953199 ], [ 112.017331485524736, -7.812507737711636 ], [ 112.017391174746848, -7.812102369039152 ], [ 112.017542290215175, -7.812124415084758 ], [ 112.017660334834659, -7.812141636009708 ], [ 112.017677425210948, -7.812144205028209 ], [ 112.017753995321129, -7.812155713956526 ], [ 112.018079097162016, -7.812204580258506 ], [ 112.018211564385055, -7.812224491313018 ], [ 112.018261976675831, -7.812231816889987 ], [ 112.018281024274657, -7.812234439955091 ], [ 112.018312683357124, -7.812238622611411 ], [ 112.018324877288748, -7.812240400271224 ], [ 112.018330761029574, -7.812241433418352 ], [ 112.018336403046234, -7.812242638988605 ], [ 112.018341695617792, -7.812244099544184 ], [ 112.018346492090473, -7.812245923969511 ], [ 112.018350596021236, -7.812248258350363 ], [ 112.018353751221596, -7.812251294137755 ], [ 112.018355772326203, -7.812255257884599 ], [ 112.018356816634906, -7.812259943002987 ], [ 112.018357153017334, -7.812265151680419 ], [ 112.01835698425603, -7.812270734198153 ], [ 112.01835646153269, -7.812276578947625 ], [ 112.018355697098258, -7.812282601546816 ], [ 112.018354770621315, -7.812288744825016 ], [ 112.018352646085802, -7.812301232818085 ], [ 112.018342450177357, -7.812357901523733 ], [ 112.01833791608108, -7.812384268297934 ], [ 112.01828022035096, -7.812780798708521 ], [ 112.018271077034342, -7.812835095284094 ], [ 112.018250355080724, -7.812958167816419 ], [ 112.018154887495101, -7.813556741008482 ], [ 112.018130026193703, -7.813691707658085 ], [ 112.018060707739778, -7.814109724456176 ], [ 112.017636864691596, -7.814043098742085 ], [ 112.017703408034265, -7.813634453408751 ] ] ], [ [ [ 112.02203394040761, -7.810267751377193 ], [ 112.022012611697875, -7.810322650070992 ], [ 112.021836093023424, -7.810258466546863 ], [ 112.021853654530105, -7.810217991527183 ], [ 112.02203394040761, -7.810267751377193 ] ] ], [ [ [ 112.021981018166258, -7.81022930785498 ], [ 112.021861729309151, -7.810199381114688 ], [ 112.021900317657909, -7.810110444283858 ], [ 112.022069841335579, -7.810175344724719 ], [ 112.022042739421479, -7.8102451032914 ], [ 112.021981018166258, -7.81022930785498 ] ] ], [ [ [ 112.0222284249636, -7.815673723217428 ], [ 112.02220842872012, -7.815763807697013 ], [ 112.022075772419171, -7.815730029182534 ], [ 112.022081087543867, -7.815705323743148 ], [ 112.022095123501799, -7.815646073164483 ], [ 112.0222284249636, -7.815673723217428 ] ] ], [ [ [ 112.021184219479665, -7.814265255160944 ], [ 112.021283779492407, -7.814287857576035 ], [ 112.021256547558025, -7.814408395753256 ], [ 112.021186356584352, -7.814719105763415 ], [ 112.020997079893647, -7.814673348943719 ], [ 112.021084950213762, -7.814242630601155 ], [ 112.021184219479665, -7.814265255160944 ] ] ], [ [ [ 112.019391640223063, -7.812797840175625 ], [ 112.019391908841968, -7.812795856486061 ], [ 112.019166345314261, -7.81276446348725 ], [ 112.019167562694676, -7.81275944786647 ], [ 112.019252384632765, -7.812365497462087 ], [ 112.019256034317095, -7.812366005086463 ], [ 112.019272097287043, -7.812368240974341 ], [ 112.019320522066565, -7.812374979720107 ], [ 112.01937221550898, -7.812382174545865 ], [ 112.019380730534053, -7.812383359605351 ], [ 112.019580135082947, -7.812411111102254 ], [ 112.019640098609315, -7.812419456267553 ], [ 112.019723757423421, -7.812431098761534 ], [ 112.01968435304461, -7.812594609801581 ], [ 112.019683249458438, -7.812599140918433 ], [ 112.019627021026409, -7.812829538401901 ], [ 112.019391640223063, -7.812797840175625 ] ] ], [ [ [ 112.023944862970083, -7.81240216617638 ], [ 112.024124227943133, -7.812366312801709 ], [ 112.0241242286682, -7.812366312619058 ], [ 112.024331493574024, -7.812316246097377 ], [ 112.024446587604118, -7.812288444072383 ], [ 112.024445492951003, -7.812281660385346 ], [ 112.024532422303508, -7.812267709930422 ], [ 112.024556154702381, -7.812261977140963 ], [ 112.024556604503104, -7.81226382912343 ], [ 112.024684669379795, -7.812243277194415 ], [ 112.024685565356378, -7.812170497076167 ], [ 112.024689896461751, -7.812170550065651 ], [ 112.024689896606532, -7.812170535051884 ], [ 112.024713209901876, -7.812170821303091 ], [ 112.024729429751815, -7.812062775393972 ], [ 112.024763308093966, -7.812079997936168 ], [ 112.02476810461971, -7.812087417047437 ], [ 112.024774946658653, -7.812098001202264 ], [ 112.024785127102547, -7.812162942143558 ], [ 112.024797276910888, -7.812249656820271 ], [ 112.02482243120977, -7.812429186240663 ], [ 112.024822513169099, -7.81242969704103 ], [ 112.024822656337818, -7.812430391290906 ], [ 112.024825314950618, -7.81244175344381 ], [ 112.024848911142115, -7.812604508681506 ], [ 112.024849972673593, -7.812636683676192 ], [ 112.024280943660074, -7.812750342874219 ], [ 112.023792166299742, -7.812870951875865 ], [ 112.023772512019477, -7.812875801979611 ], [ 112.023676764255541, -7.812879469832765 ], [ 112.023657816813582, -7.812880002310096 ], [ 112.023645185813891, -7.812880118826644 ], [ 112.023638905388808, -7.812880056259279 ], [ 112.023626342262247, -7.812879741200857 ], [ 112.023613778772201, -7.812879276913039 ], [ 112.023550062340931, -7.812876482823321 ], [ 112.023516492940232, -7.81286247863713 ], [ 112.023484538718137, -7.812845118742383 ], [ 112.023472962557591, -7.812824427338924 ], [ 112.023464530685075, -7.812802274911299 ], [ 112.023459422910022, -7.812779134037817 ], [ 112.023457974908496, -7.812637739960918 ], [ 112.023460778488058, -7.812623361880365 ], [ 112.023497866534356, -7.812432120325834 ], [ 112.023502765425206, -7.812407470154208 ], [ 112.023505362775381, -7.812395178173855 ], [ 112.023506737219975, -7.812389050088643 ], [ 112.023509643439724, -7.812376973517497 ], [ 112.023515866934375, -7.812352915248566 ], [ 112.023558952699972, -7.812191648948875 ], [ 112.023559398437229, -7.812189971972451 ], [ 112.023572900047384, -7.812139211058661 ], [ 112.023673098195019, -7.812166616603854 ], [ 112.023725878805706, -7.811965958161324 ], [ 112.023809449009988, -7.811993753966614 ], [ 112.02384162543261, -7.811904657231574 ], [ 112.023896382601095, -7.811924626296871 ], [ 112.023932863625802, -7.811829776040131 ], [ 112.023946520607566, -7.811835745612288 ], [ 112.023957365029915, -7.811840485651107 ], [ 112.02402480045771, -7.811666070615196 ], [ 112.024026392008125, -7.811661954345581 ], [ 112.02403062773179, -7.811650999654624 ], [ 112.024041929106644, -7.811666486753207 ], [ 112.02407123442967, -7.811706645409021 ], [ 112.024071892138664, -7.811707475885005 ], [ 112.024111994132483, -7.811753655112478 ], [ 112.02410177421973, -7.811954212047786 ], [ 112.024131326048376, -7.811967712488933 ], [ 112.024097312922549, -7.812041760284542 ], [ 112.024092849461539, -7.81212935076295 ], [ 112.024057892796719, -7.812127579137185 ], [ 112.023960212146704, -7.812340232867969 ], [ 112.023944862970083, -7.81240216617638 ] ] ], [ [ [ 112.024747822509951, -7.811940254969215 ], [ 112.024695751381159, -7.811925689586597 ], [ 112.024719293675517, -7.811841984569319 ], [ 112.024655965490382, -7.811812223220032 ], [ 112.024693146768698, -7.811733537155763 ], [ 112.024635620842062, -7.811693660682048 ], [ 112.024685375158128, -7.811622275755316 ], [ 112.024635327749223, -7.811573456841939 ], [ 112.024696279974293, -7.811511310947319 ], [ 112.024655063150675, -7.811454882062074 ], [ 112.024725556163048, -7.811403672747177 ], [ 112.024694299901583, -7.811341156643196 ], [ 112.024772334582394, -7.81130235382609 ], [ 112.024751936441547, -7.81123554198 ], [ 112.024842116048347, -7.811208159345339 ], [ 112.024852137075683, -7.811114685965716 ], [ 112.024871447701358, -7.811116744912897 ], [ 112.02487167222948, -7.811115249175949 ], [ 112.024907280162509, -7.811120565499587 ], [ 112.024921760229148, -7.811122109421202 ], [ 112.024925759516023, -7.811107889813176 ], [ 112.024971290964899, -7.81112031206353 ], [ 112.024893471418793, -7.81136885810112 ], [ 112.024889861965605, -7.811380384683425 ], [ 112.025256685485047, -7.811491534086732 ], [ 112.025347229703954, -7.811518968989772 ], [ 112.025344458669835, -7.811519520174792 ], [ 112.025343729119882, -7.811519725439815 ], [ 112.025328272434876, -7.811522135237983 ], [ 112.025313214700589, -7.811526370098097 ], [ 112.025298773424822, -7.811532369800677 ], [ 112.025296226400883, -7.811533295777599 ], [ 112.025293846237801, -7.811534590354367 ], [ 112.025292341753101, -7.811535728150568 ], [ 112.025273580097036, -7.811548449152411 ], [ 112.025257308040139, -7.811564215638175 ], [ 112.02524401595872, -7.811582551596485 ], [ 112.025212109037412, -7.811729212469617 ], [ 112.025175093676012, -7.811899349183215 ], [ 112.025160285896717, -7.812008308399163 ], [ 112.024911473880195, -7.811977614285646 ], [ 112.024906944938607, -7.812015220332861 ], [ 112.024905475419629, -7.812027723929838 ], [ 112.024777753006177, -7.812014845341342 ], [ 112.024776798441493, -7.812014264302894 ], [ 112.024775351326923, -7.812013640142005 ], [ 112.024738693008203, -7.81200106969412 ], [ 112.024747822509951, -7.811940254969215 ] ] ], [ [ [ 112.027676136796757, -7.811022059019859 ], [ 112.027686234232419, -7.811025246616972 ], [ 112.027717679908747, -7.810933750322213 ], [ 112.0275567615776, -7.81088962221073 ], [ 112.027573078041698, -7.810834464177344 ], [ 112.027588850989062, -7.810781144492942 ], [ 112.027797494214852, -7.810843755969533 ], [ 112.027801710734806, -7.810845021857099 ], [ 112.027812860095111, -7.810848367338392 ], [ 112.027945111404577, -7.810888054676879 ], [ 112.027951920820797, -7.810890098391428 ], [ 112.027884524230529, -7.811093758242226 ], [ 112.027819725681724, -7.811289565001851 ], [ 112.027929229560655, -7.811325192519344 ], [ 112.027862411546778, -7.811543329864429 ], [ 112.027567562991067, -7.811450251852762 ], [ 112.027406082150947, -7.811398995547796 ], [ 112.027530656902698, -7.810977869402107 ], [ 112.027652417765808, -7.811017216344808 ], [ 112.027675412236874, -7.811024341644571 ], [ 112.027676136796757, -7.811022059019859 ] ] ], [ [ [ 112.018409459522886, -7.812283207294658 ], [ 112.018410882273841, -7.812277521364059 ], [ 112.018412557053765, -7.812272173081027 ], [ 112.018414590319878, -7.812267306897111 ], [ 112.018417124923332, -7.81226311601498 ], [ 112.018420350109324, -7.812259852313152 ], [ 112.018424305476941, -7.812257764413101 ], [ 112.01842892231231, -7.812256564873183 ], [ 112.018434023194899, -7.812256016257179 ], [ 112.018439473466259, -7.812255938004564 ], [ 112.018445172128111, -7.812256192886128 ], [ 112.018451042756027, -7.812256679790433 ], [ 112.018463094277109, -7.812258071599837 ], [ 112.018524552973247, -7.812266674704782 ], [ 112.018575055710997, -7.812273523393118 ], [ 112.01871911018587, -7.812292595991067 ], [ 112.018737572405229, -7.812295040465359 ], [ 112.018648456495882, -7.812828472540594 ], [ 112.018631723891176, -7.81292862999644 ], [ 112.018625853435296, -7.812963765678871 ], [ 112.018304411372569, -7.812910464806956 ], [ 112.018309477814384, -7.812880351526122 ], [ 112.018323328902525, -7.81279800643158 ], [ 112.018334483626049, -7.812731695149508 ], [ 112.018355431446224, -7.812607156903557 ], [ 112.018367308524915, -7.812536547862008 ], [ 112.018387942542731, -7.812413879818382 ], [ 112.018396140919478, -7.812364102217721 ], [ 112.018405000486894, -7.812307613094772 ], [ 112.018407074418832, -7.812295201195246 ], [ 112.018408208740141, -7.81228912615251 ], [ 112.018409459522886, -7.812283207294658 ] ] ], [ [ [ 112.021969327004314, -7.819765936886372 ], [ 112.02219242528119, -7.819814816353293 ], [ 112.022191182627068, -7.819824800581022 ], [ 112.022180585110178, -7.819909277698917 ], [ 112.021950364329939, -7.81986170156198 ], [ 112.021969327004314, -7.819765936886372 ] ] ], [ [ [ 112.025368294543924, -7.816715438547282 ], [ 112.025385366472946, -7.816650922604642 ], [ 112.025537117301212, -7.816701454206137 ], [ 112.025440833110522, -7.81703257107561 ], [ 112.025297584105246, -7.816982654625588 ], [ 112.025368294543924, -7.816715438547282 ] ] ], [ [ [ 112.024423966968584, -7.815318757250772 ], [ 112.024370508670657, -7.815506992437996 ], [ 112.024104651710275, -7.815431901506225 ], [ 112.024111748085261, -7.815406912271736 ], [ 112.02414006994627, -7.815417022897811 ], [ 112.024142245686903, -7.815417799045005 ], [ 112.024146066826916, -7.815407154668126 ], [ 112.024149887968989, -7.815396511195699 ], [ 112.024147391811098, -7.815395620059117 ], [ 112.024117339888434, -7.81538489228855 ], [ 112.024122532933362, -7.815368940143482 ], [ 112.024166993801572, -7.815232360312221 ], [ 112.024332704981774, -7.815292978181512 ], [ 112.024423966968584, -7.815318757250772 ] ] ], [ [ [ 112.020172230604871, -7.813965138559328 ], [ 112.020171137641739, -7.813969561120397 ], [ 112.020159435716863, -7.814016935088235 ], [ 112.020134553251424, -7.814135444014663 ], [ 112.020107915358338, -7.814262314060786 ], [ 112.019782294480336, -7.81421625542944 ], [ 112.019801369165833, -7.814091359916174 ], [ 112.019827093705103, -7.813922929253382 ], [ 112.020172230604871, -7.813965138559328 ] ] ], [ [ [ 112.02218878309975, -7.81269091866472 ], [ 112.022149010539934, -7.812684737258141 ], [ 112.022200907008184, -7.812337612304297 ], [ 112.022559565349184, -7.812408533299813 ], [ 112.022500646562875, -7.812740913245038 ], [ 112.02218878309975, -7.81269091866472 ] ] ], [ [ [ 112.022550737314162, -7.811030515653971 ], [ 112.022556843332893, -7.811015186272559 ], [ 112.022722848040374, -7.811077575177719 ], [ 112.02270005521919, -7.81117717754714 ], [ 112.02252176111071, -7.811113286273408 ], [ 112.022550737314162, -7.811030515653971 ] ] ], [ [ [ 112.026220801182333, -7.810555767493598 ], [ 112.026129647845664, -7.810809283273889 ], [ 112.026014729042288, -7.810779189898299 ], [ 112.02601321446835, -7.810778792915218 ], [ 112.025914712775688, -7.81075299817836 ], [ 112.025763558594505, -7.810713416641837 ], [ 112.025693683586553, -7.81069417637589 ], [ 112.02581202504706, -7.810357083875854 ], [ 112.025931616562161, -7.81039928615598 ], [ 112.025992533305271, -7.810420782959725 ], [ 112.026126646867908, -7.810475967292302 ], [ 112.0261104039201, -7.810519979764908 ], [ 112.026153564579786, -7.810534395503723 ], [ 112.026220801182333, -7.810555767493598 ] ] ], [ [ [ 112.024237695812445, -7.808443575934338 ], [ 112.024172245175592, -7.808619886339161 ], [ 112.024165204931151, -7.808638851066084 ], [ 112.023884153680996, -7.808545774673238 ], [ 112.024028712995005, -7.808111634987643 ], [ 112.024316270692822, -7.808206866173813 ], [ 112.024311152584886, -7.808222283618467 ], [ 112.024237695812445, -7.808443575934338 ] ] ] ] } },
{ "type": "Feature", "properties": { "OBJECTID": 5, "Name": "Halte Permata Hijau", "REMARK": "Halte", "type": "lines", "start": "613671.0252, 9133392.3318", "NAMZON": "AREA PERUMAHAN", "LUAS": 311671.155 }, "geometry": { "type": "MultiPolygon", "coordinates": [ [ [ [ 112.023990025327137, -7.838845121703009 ], [ 112.02356811218246, -7.838679363957481 ], [ 112.023727684697405, -7.838275459315343 ], [ 112.023756042140633, -7.838286600190322 ], [ 112.0238160884211, -7.838310190825492 ], [ 112.023854274273859, -7.838325192827194 ], [ 112.02422857709999, -7.83847224550728 ], [ 112.024897771281715, -7.838735153211617 ], [ 112.024901990860073, -7.838736810699364 ], [ 112.02483173962176, -7.838922003779405 ], [ 112.02475909113943, -7.839081573171648 ], [ 112.024712887897081, -7.839183055923431 ], [ 112.024699531086441, -7.839195627326231 ], [ 112.024695870879981, -7.83919907213039 ], [ 112.024691170277578, -7.839197278339135 ], [ 112.024686166470744, -7.839195369519416 ], [ 112.02465835049199, -7.839184755961522 ], [ 112.024017470046715, -7.838940205522788 ], [ 112.024045580954265, -7.838866947828627 ], [ 112.023990025327137, -7.838845121703009 ] ] ], [ [ [ 112.023900555548522, -7.837837893577851 ], [ 112.02397953598539, -7.837868922816206 ], [ 112.023979536255496, -7.837868922001559 ], [ 112.023984075104607, -7.837870705162349 ], [ 112.024017880495137, -7.837787779528112 ], [ 112.024425408369353, -7.837952986085686 ], [ 112.024396086697635, -7.838030802091756 ], [ 112.024231509537415, -7.838434514922693 ], [ 112.024227289961814, -7.838432856523057 ], [ 112.024006518583917, -7.838346121013793 ], [ 112.023876945586281, -7.83829521581304 ], [ 112.023854179147506, -7.838286272143997 ], [ 112.02374098246591, -7.838241800414441 ], [ 112.023900555548522, -7.837837893577851 ] ] ], [ [ [ 112.024674528439348, -7.838053975886349 ], [ 112.024763079627007, -7.837802836059936 ], [ 112.024794642992987, -7.837713319207012 ], [ 112.025227789861987, -7.837800442103456 ], [ 112.025232278762459, -7.837801344645538 ], [ 112.025230760183618, -7.837805652485757 ], [ 112.025076215131293, -7.838243957877827 ], [ 112.024994451146782, -7.838475848069049 ], [ 112.024914424547774, -7.838702812161018 ], [ 112.024910202246673, -7.838701153775574 ], [ 112.024256825166617, -7.838444460801804 ], [ 112.024252606500028, -7.838442803304669 ], [ 112.024258349346894, -7.838428714721169 ], [ 112.02441720164731, -7.838039036158731 ], [ 112.024446417565187, -7.837961502928499 ], [ 112.024674528439348, -7.838053975886349 ] ] ], [ [ [ 112.024913499791793, -7.837376229178086 ], [ 112.025328712154675, -7.837521815825583 ], [ 112.025324632049248, -7.837539419939143 ], [ 112.02524139205326, -7.837775499408588 ], [ 112.025239872565422, -7.837779806346611 ], [ 112.025235384572113, -7.83777890380236 ], [ 112.024802236152141, -7.837691784245635 ], [ 112.024913499791793, -7.837376229178086 ] ] ], [ [ [ 112.025769100027219, -7.837676229224852 ], [ 112.025493681042548, -7.838457350064039 ], [ 112.025503546559705, -7.838461071529747 ], [ 112.025501370582447, -7.838466807877682 ], [ 112.025507092703876, -7.838469055906779 ], [ 112.025498469242422, -7.838490883538446 ], [ 112.025397428300167, -7.838447513091475 ], [ 112.02536081784551, -7.838431798336717 ], [ 112.025318151397585, -7.838533064504259 ], [ 112.025294461536916, -7.838589292199087 ], [ 112.025289891644803, -7.838600139202307 ], [ 112.025015379786041, -7.838484653245197 ], [ 112.025095687314959, -7.838256889855679 ], [ 112.025220557846851, -7.837902737176786 ], [ 112.025257964842666, -7.837796646067555 ], [ 112.025346230770154, -7.837546326900446 ], [ 112.02534658153516, -7.837545123165427 ], [ 112.025350234392931, -7.837529362191661 ], [ 112.025769100027219, -7.837676229224852 ] ] ], [ [ [ 112.025528016111721, -7.838499912504075 ], [ 112.025600748966397, -7.838534785680034 ], [ 112.025526556548016, -7.838502939625258 ], [ 112.025528016111721, -7.838499912504075 ] ] ], [ [ [ 112.026134049011461, -7.838606059628839 ], [ 112.026092062280526, -7.838745674552585 ], [ 112.025840583525422, -7.838637731171173 ], [ 112.026134049011461, -7.838606059628839 ] ] ], [ [ [ 112.0274062512363, -7.838468757938978 ], [ 112.027673059511912, -7.838439962315291 ], [ 112.028414258645029, -7.838784788426763 ], [ 112.028448053709212, -7.838799264383268 ], [ 112.028418946068243, -7.838802637491433 ], [ 112.028380217475586, -7.838807123009248 ], [ 112.028361768586691, -7.838809115268424 ], [ 112.027539569013072, -7.838897851224222 ], [ 112.02749849629366, -7.838879197333524 ], [ 112.027456930552162, -7.838860319440019 ], [ 112.026750595938466, -7.838539519642519 ], [ 112.0274062512363, -7.838468757938978 ] ] ], [ [ [ 112.028662859665559, -7.835443228341506 ], [ 112.028894310659368, -7.834900513984274 ], [ 112.029231036217482, -7.83478847871828 ], [ 112.029014491448009, -7.835322736251741 ], [ 112.028662859665559, -7.835443228341506 ] ] ], [ [ [ 112.030754572994226, -7.83294258356664 ], [ 112.030916627278657, -7.832944371054714 ], [ 112.030917079243324, -7.833128149140077 ], [ 112.031019316720588, -7.833133642158826 ], [ 112.03101677268171, -7.833270045870806 ], [ 112.031191986605222, -7.833275678695257 ], [ 112.031193026639727, -7.833293651510634 ], [ 112.031197434614683, -7.833368221059422 ], [ 112.031199038649206, -7.83339536241541 ], [ 112.031144394709699, -7.833395056545996 ], [ 112.031067842084099, -7.833384911708319 ], [ 112.030894297171187, -7.833303798135831 ], [ 112.03089361624906, -7.833303506768851 ], [ 112.030864985683849, -7.833292337552901 ], [ 112.030827948783696, -7.833277888661528 ], [ 112.030773124043591, -7.833256503293033 ], [ 112.030754572994226, -7.83294258356664 ] ] ], [ [ [ 112.030525205422819, -7.832703804011025 ], [ 112.030088501558012, -7.832656810521586 ], [ 112.030091461880858, -7.832629453055833 ], [ 112.029954722248789, -7.832606013465962 ], [ 112.030029218643179, -7.832173833628572 ], [ 112.030071971188519, -7.832178795973202 ], [ 112.030075051124101, -7.832179153833792 ], [ 112.030122193744759, -7.83218725621203 ], [ 112.030338335929258, -7.832224402568386 ], [ 112.030522845973493, -7.832256030482514 ], [ 112.030565150716626, -7.832263281817538 ], [ 112.030582560390826, -7.83226626635431 ], [ 112.030586082610427, -7.832266870036698 ], [ 112.030586787544252, -7.832266968704101 ], [ 112.030630043631291, -7.832271622923321 ], [ 112.030654951126493, -7.832274303329757 ], [ 112.030694321770042, -7.832278540154665 ], [ 112.030784201396116, -7.832288212049005 ], [ 112.030789414043696, -7.832288772706272 ], [ 112.030803722064434, -7.832290312317734 ], [ 112.030804206497919, -7.832290364494037 ], [ 112.030898309949762, -7.832300490907697 ], [ 112.030910340950442, -7.832301784654661 ], [ 112.030916058809083, -7.8327132133648 ], [ 112.030695793066243, -7.832720931270401 ], [ 112.030696219887616, -7.832733118693115 ], [ 112.030525205422819, -7.832703804011025 ] ] ], [ [ [ 112.030091958019241, -7.831809859959193 ], [ 112.030178358103086, -7.831822375951274 ], [ 112.030930263987457, -7.831920186149888 ], [ 112.030930323993545, -7.832171414186782 ], [ 112.031142261215706, -7.83217225882002 ], [ 112.031148007407594, -7.832303459924809 ], [ 112.031148211882652, -7.832308052977249 ], [ 112.031124566362436, -7.832304807868717 ], [ 112.031111805966773, -7.832303057370726 ], [ 112.031033115192784, -7.832292260216478 ], [ 112.031032785876008, -7.832292220322923 ], [ 112.030930975037236, -7.832281264441012 ], [ 112.030804373731414, -7.832267640513473 ], [ 112.03069462236428, -7.832255830318063 ], [ 112.030655251722905, -7.832251593492884 ], [ 112.030589573812506, -7.832244525925346 ], [ 112.030522207054418, -7.832232978357077 ], [ 112.030342181906718, -7.832202119090943 ], [ 112.030126408106483, -7.832165036048824 ], [ 112.03007859588736, -7.832156819540964 ], [ 112.030077980764545, -7.832156730601859 ], [ 112.030033065402108, -7.832151517209031 ], [ 112.030091958019241, -7.831809859959193 ] ] ], [ [ [ 112.030108366553222, -7.831714668090153 ], [ 112.030408560904561, -7.831766126649277 ], [ 112.03046042196614, -7.831383466940935 ], [ 112.030695525242621, -7.831415153320393 ], [ 112.030687168451976, -7.831178547955798 ], [ 112.030844763326485, -7.831173012554267 ], [ 112.03084218473272, -7.831275319785395 ], [ 112.030888982809813, -7.831277598461791 ], [ 112.030885035458496, -7.831882380715387 ], [ 112.030182693301953, -7.831791017223406 ], [ 112.030097337342923, -7.831778652550595 ], [ 112.030108366553222, -7.831714668090153 ] ] ], [ [ [ 112.033455280017449, -7.832294225589322 ], [ 112.033715259168986, -7.83259819582774 ], [ 112.033654379889839, -7.83266977656075 ], [ 112.033547163143197, -7.832795838840068 ], [ 112.033543608252032, -7.832793389342476 ], [ 112.033541539637071, -7.832791963621924 ], [ 112.033515362619852, -7.832773922218147 ], [ 112.033383776094297, -7.832656323815902 ], [ 112.033312335151876, -7.83259247594795 ], [ 112.03327419600005, -7.832558391398481 ], [ 112.033222623393414, -7.832511104486321 ], [ 112.033211875459983, -7.832501249624298 ], [ 112.033455280017449, -7.832294225589322 ] ] ], [ [ [ 112.034043818248094, -7.832982349457355 ], [ 112.034028468880479, -7.832995404653769 ], [ 112.033942567361933, -7.832964510326177 ], [ 112.033922691249998, -7.832956569432828 ], [ 112.033591380186337, -7.832824220559115 ], [ 112.033584159281659, -7.832821335980521 ], [ 112.033573472800512, -7.832813971262676 ], [ 112.033569926084837, -7.832811527171834 ], [ 112.033565906956596, -7.832808756839197 ], [ 112.033730163351521, -7.832615621927718 ], [ 112.034043818248094, -7.832982349457355 ] ] ], [ [ [ 112.032282360014847, -7.834480525587629 ], [ 112.032256857781221, -7.834502215904414 ], [ 112.032246920541141, -7.834490597188974 ], [ 112.032002976490745, -7.834684050296851 ], [ 112.031980315999789, -7.834655634188704 ], [ 112.032038915859388, -7.834251472466262 ], [ 112.032058784890154, -7.834154128986195 ], [ 112.032075438598497, -7.834072539337435 ], [ 112.03207637064483, -7.834061371986041 ], [ 112.032076729629154, -7.834061305084299 ], [ 112.032078555429408, -7.834060619584913 ], [ 112.032080237187657, -7.834059631457416 ], [ 112.032130043707099, -7.834024267849741 ], [ 112.032141017187371, -7.834028477282206 ], [ 112.032141718008262, -7.834028745987668 ], [ 112.032152509927712, -7.834032885319618 ], [ 112.032155809777777, -7.834034150662447 ], [ 112.032159946014517, -7.834034018436481 ], [ 112.032168255667898, -7.834033752084522 ], [ 112.032214153280989, -7.834032279434116 ], [ 112.032225771197901, -7.834031907301579 ], [ 112.032233092361537, -7.834031672310671 ], [ 112.03231962773728, -7.834029632536583 ], [ 112.032409767088055, -7.834027507945615 ], [ 112.032477740531789, -7.834024179586352 ], [ 112.032476398544077, -7.834033500210984 ], [ 112.032475774255417, -7.834037791405431 ], [ 112.032475069701462, -7.83404263449283 ], [ 112.032473740863239, -7.834051770583484 ], [ 112.032413538883972, -7.834465652059548 ], [ 112.032282360014847, -7.834480525587629 ] ] ], [ [ [ 112.033823660427316, -7.835809210616033 ], [ 112.033799900665002, -7.835874497366221 ], [ 112.033799281789754, -7.835876198289318 ], [ 112.033681245720842, -7.836200537858987 ], [ 112.03367540107098, -7.836216597508738 ], [ 112.033648005551726, -7.836206181583549 ], [ 112.033502048433022, -7.836154891805124 ], [ 112.033490367725776, -7.83615078725589 ], [ 112.033488320787725, -7.836150067836115 ], [ 112.033496840962385, -7.836125561579694 ], [ 112.033512702478006, -7.836079939010378 ], [ 112.033536267359764, -7.836012160965828 ], [ 112.033539135633973, -7.836003911048024 ], [ 112.033578499875077, -7.835890689660115 ], [ 112.033602443870421, -7.835821819953803 ], [ 112.033606564845442, -7.835808875737357 ], [ 112.033606010234436, -7.835808686265185 ], [ 112.033584289640331, -7.835801268130176 ], [ 112.033606919661054, -7.835738379112035 ], [ 112.033823660427316, -7.835809210616033 ] ] ], [ [ [ 112.033399422032446, -7.843312699792586 ], [ 112.033388900035931, -7.843343501300878 ], [ 112.033342107158376, -7.843482721953269 ], [ 112.033313630799569, -7.843567446248707 ], [ 112.033420665582511, -7.843592241632867 ], [ 112.033407961226999, -7.843646775679933 ], [ 112.033344667342547, -7.843623449688994 ], [ 112.033238452494544, -7.843584305736427 ], [ 112.033135128970258, -7.84354622820487 ], [ 112.033032509903123, -7.843508409389729 ], [ 112.032966951284905, -7.843484248601968 ], [ 112.032885382023693, -7.843454187761063 ], [ 112.03297002955037, -7.843202339756992 ], [ 112.032970489230053, -7.843200441156561 ], [ 112.032970614117943, -7.843198492730076 ], [ 112.032970400724594, -7.843196550560118 ], [ 112.032969855548231, -7.843194675226873 ], [ 112.032968995047938, -7.843192920955114 ], [ 112.032967844747944, -7.843191340138599 ], [ 112.032966438323882, -7.843189980628884 ], [ 112.032964818503117, -7.843188883020095 ], [ 112.03296303343464, -7.843188079753148 ], [ 112.032865749200624, -7.843155033078845 ], [ 112.032783920764814, -7.843127236607236 ], [ 112.03276710158022, -7.843121523043986 ], [ 112.032762800792625, -7.84312006210333 ], [ 112.032763992635552, -7.843115689023276 ], [ 112.032794505008752, -7.843003710314243 ], [ 112.032853877495114, -7.842811474948474 ], [ 112.032861302422091, -7.842787432631286 ], [ 112.032861977247876, -7.842785245897642 ], [ 112.032866108823072, -7.842787233625125 ], [ 112.032998939441029, -7.842851140530577 ], [ 112.033068776710223, -7.842884741109182 ], [ 112.033218820173715, -7.842956929074234 ], [ 112.033311580268247, -7.843033627733712 ], [ 112.033339523444795, -7.843077968865999 ], [ 112.033340531720384, -7.843079331160414 ], [ 112.033341733675968, -7.843080527470668 ], [ 112.033343100224258, -7.843081531639972 ], [ 112.03340880485824, -7.843122612802662 ], [ 112.033409433447275, -7.843123006491052 ], [ 112.033411058078627, -7.843123848135495 ], [ 112.033412796316696, -7.843124418175175 ], [ 112.033414604589581, -7.843124701341923 ], [ 112.033416434813049, -7.843124691422827 ], [ 112.033418239823121, -7.843124387629271 ], [ 112.033419971569018, -7.843123797314503 ], [ 112.033421586559257, -7.84312293776929 ], [ 112.033423041311352, -7.843121829902035 ], [ 112.033427062935218, -7.84311821953585 ], [ 112.033491998936697, -7.84305992313896 ], [ 112.033493078197552, -7.843058811671153 ], [ 112.033589283681096, -7.842945126913294 ], [ 112.033590291482156, -7.842943725302078 ], [ 112.033657688281664, -7.842833005401091 ], [ 112.033658307581305, -7.84283184079708 ], [ 112.033658786142098, -7.842830611420428 ], [ 112.033737375999749, -7.842587773558891 ], [ 112.033737517223727, -7.842587300200734 ], [ 112.033765753060223, -7.842484961827314 ], [ 112.033794511519488, -7.84242862908658 ], [ 112.033811601701984, -7.842411503543725 ], [ 112.033959107344558, -7.842450981013155 ], [ 112.034033910798854, -7.842475641710731 ], [ 112.034036072937383, -7.842476354509702 ], [ 112.034017755995663, -7.842555316422656 ], [ 112.034008567458258, -7.842594926332674 ], [ 112.033834975254791, -7.843071637110024 ], [ 112.033697816149754, -7.843417647682682 ], [ 112.033399422032446, -7.843312699792586 ] ] ], [ [ [ 112.033320690405986, -7.844021389523721 ], [ 112.033227494632712, -7.843995509826199 ], [ 112.033226828503814, -7.843995340525895 ], [ 112.03258114695015, -7.843845762829155 ], [ 112.032576729330486, -7.843844739913268 ], [ 112.032578375556099, -7.843838157125667 ], [ 112.032599909452472, -7.843752068659114 ], [ 112.032684026909038, -7.84341577450273 ], [ 112.032704216304495, -7.843335058872965 ], [ 112.032755652446667, -7.843146296959357 ], [ 112.032756843382714, -7.843141923881521 ], [ 112.032761145077501, -7.843143384820004 ], [ 112.032780843557319, -7.843150076233151 ], [ 112.032886007723718, -7.843185799670629 ], [ 112.032944945232686, -7.843205820914657 ], [ 112.032860389532217, -7.843457398268872 ], [ 112.032859933430629, -7.84345927696325 ], [ 112.0328598039562, -7.843461204599368 ], [ 112.032860006414523, -7.84346312599457 ], [ 112.032860533413839, -7.843464985997421 ], [ 112.032861370304545, -7.843466728569823 ], [ 112.032862514367935, -7.843468354622855 ], [ 112.032863868068773, -7.843469665423497 ], [ 112.032865455264613, -7.843470773061232 ], [ 112.032867208637597, -7.843471595399034 ], [ 112.032887553975783, -7.843479093769061 ], [ 112.032961157403349, -7.843506218511105 ], [ 112.032995597057152, -7.843518910742335 ], [ 112.033029341347728, -7.843531346917173 ], [ 112.033133632564088, -7.843569781156179 ], [ 112.033232730343613, -7.843606302604046 ], [ 112.033339483513757, -7.843645644208352 ], [ 112.03340278979401, -7.843668974297686 ], [ 112.033320690405986, -7.844021389523721 ] ] ], [ [ [ 112.03321543570074, -7.844473199321971 ], [ 112.032893855359546, -7.844398702754383 ], [ 112.032892093727995, -7.844405745451951 ], [ 112.03271619352553, -7.844361993784366 ], [ 112.03270199272184, -7.844413454834714 ], [ 112.032613360799644, -7.84473464083382 ], [ 112.032432535158364, -7.844675884580251 ], [ 112.032320724128127, -7.844644101653956 ], [ 112.032285272811933, -7.844768121792849 ], [ 112.032147715639638, -7.844730375178311 ], [ 112.03208315617357, -7.844928870119134 ], [ 112.031967880255905, -7.844870319366342 ], [ 112.031966068023706, -7.844869536964134 ], [ 112.031965573311282, -7.844869368146099 ], [ 112.031910846001409, -7.844851668063175 ], [ 112.031906532662447, -7.844850273169182 ], [ 112.031907243871856, -7.844848126141495 ], [ 112.031920889260533, -7.844806962382862 ], [ 112.031951980952172, -7.844713162023895 ], [ 112.031953488902573, -7.844708612712342 ], [ 112.032000618872985, -7.844566429977148 ], [ 112.032176081649567, -7.844614795917856 ], [ 112.032177829294184, -7.844615132598624 ], [ 112.032179608909132, -7.844615193352921 ], [ 112.032181375137469, -7.844614974674316 ], [ 112.032183086274699, -7.844614482995991 ], [ 112.032184698818, -7.844613731086509 ], [ 112.032186172901291, -7.844612735323162 ], [ 112.03218747322002, -7.844611522925165 ], [ 112.032188567192875, -7.844610122009414 ], [ 112.032189426791021, -7.844608567917022 ], [ 112.032190033062008, -7.844606898680088 ], [ 112.032195926454619, -7.84458554082379 ], [ 112.032213761257211, -7.844520911561794 ], [ 112.032236699284681, -7.84443778796523 ], [ 112.032265006618942, -7.844335207078595 ], [ 112.032276831156153, -7.844292358322998 ], [ 112.032485072850974, -7.844343470976588 ], [ 112.032514871756987, -7.844222744666066 ], [ 112.03230992167245, -7.844172439734285 ], [ 112.032327527229668, -7.844108644908035 ], [ 112.032349386510049, -7.844029431953142 ], [ 112.032399785885431, -7.843846792809338 ], [ 112.032402521328763, -7.843836880894627 ], [ 112.032406942578206, -7.843837904707926 ], [ 112.032558251536742, -7.843872957009064 ], [ 112.033219310415205, -7.844026096583668 ], [ 112.033313500564091, -7.844052252214633 ], [ 112.03321543570074, -7.844473199321971 ] ] ], [ [ [ 112.031527123678131, -7.8452196002979 ], [ 112.031115709665698, -7.845158129965188 ], [ 112.031123297014204, -7.84510763342836 ], [ 112.031108288015105, -7.845103519361098 ], [ 112.03110828792417, -7.845103519270872 ], [ 112.030965948479974, -7.84507087323693 ], [ 112.030992557683447, -7.844906467871229 ], [ 112.030670898097938, -7.844854699772865 ], [ 112.030675477551583, -7.84483525347196 ], [ 112.030725888664563, -7.844842308412504 ], [ 112.030777668170842, -7.844575639014486 ], [ 112.031215555861706, -7.844680346548344 ], [ 112.031259222943135, -7.844690787817818 ], [ 112.031626481044455, -7.844792985422497 ], [ 112.031626796898351, -7.844793078708041 ], [ 112.031627111851947, -7.844793174709045 ], [ 112.031885870440874, -7.844876868549468 ], [ 112.031954588874783, -7.844899092609607 ], [ 112.031999803315145, -7.8449220580277 ], [ 112.031909834353911, -7.845208343013297 ], [ 112.031638954617904, -7.845128601394852 ], [ 112.031614338823957, -7.845247807653794 ], [ 112.031527123678131, -7.8452196002979 ] ] ], [ [ [ 112.030756283039665, -7.845022785657801 ], [ 112.030771277958905, -7.84522368485698 ], [ 112.030759819003706, -7.84529448518836 ], [ 112.030776766008174, -7.845297212651321 ], [ 112.03078233810875, -7.84537186649818 ], [ 112.030694118776736, -7.845378414210872 ], [ 112.030681683942646, -7.845465753323261 ], [ 112.030681590401727, -7.84546574007648 ], [ 112.030677455928995, -7.845494735332774 ], [ 112.030665673492692, -7.845577368505522 ], [ 112.030650635704859, -7.845682835777379 ], [ 112.030458677833138, -7.8456359267532 ], [ 112.030463833994105, -7.845618266175481 ], [ 112.030469567333455, -7.845588222670597 ], [ 112.030481822884894, -7.845524007763915 ], [ 112.030527799741535, -7.845283096905082 ], [ 112.030645424897045, -7.845299559656743 ], [ 112.030671408602757, -7.845131989256176 ], [ 112.030608982496503, -7.84511778444537 ], [ 112.030640281817369, -7.844984785156502 ], [ 112.030805636487386, -7.845011397072918 ], [ 112.030802092770472, -7.84503329230678 ], [ 112.030756283039665, -7.845022785657801 ] ] ], [ [ [ 112.030559752992346, -7.846320223298387 ], [ 112.030424402078864, -7.846301032495029 ], [ 112.030429196498488, -7.846264927383671 ], [ 112.030353547616016, -7.846241183451992 ], [ 112.030379734716902, -7.846156168946331 ], [ 112.030338602063807, -7.846143722629108 ], [ 112.030482058138318, -7.846172791273297 ], [ 112.030512313595196, -7.846024314483786 ], [ 112.030597846611471, -7.84605306013491 ], [ 112.030559752992346, -7.846320223298387 ] ] ], [ [ [ 112.029768154304676, -7.84544713866976 ], [ 112.029766327915155, -7.845447274188903 ], [ 112.029758075085496, -7.845336700756077 ], [ 112.029512134555617, -7.845286125693486 ], [ 112.029515010377395, -7.845271566883643 ], [ 112.029584761828076, -7.845285307155475 ], [ 112.02962256860863, -7.845093907112958 ], [ 112.029950377208621, -7.845166528651938 ], [ 112.029863176091581, -7.845609973180605 ], [ 112.029844943833041, -7.845702693759828 ], [ 112.029836302451869, -7.845746638989456 ], [ 112.029767689478788, -7.845726760396277 ], [ 112.029729844450543, -7.845715795229339 ], [ 112.029768154304676, -7.84544713866976 ] ] ], [ [ [ 112.029327083548509, -7.845190699478025 ], [ 112.028960007552143, -7.845078142380737 ], [ 112.029017846638382, -7.844792104764429 ], [ 112.028978033208276, -7.844784076499001 ], [ 112.029023583344085, -7.844636359419145 ], [ 112.029252302713161, -7.844706492462518 ], [ 112.029350150141283, -7.844736495207631 ], [ 112.029373602013521, -7.84474368678712 ], [ 112.029510659052448, -7.84478571283756 ], [ 112.029454385051551, -7.845070597353867 ], [ 112.029417126949411, -7.845063257759713 ], [ 112.02938824878099, -7.8452094546324 ], [ 112.029327083548509, -7.845190699478025 ] ] ], [ [ [ 112.029131399834071, -7.844286714957883 ], [ 112.028946103971037, -7.844244689641976 ], [ 112.028947460859087, -7.84423874030127 ], [ 112.028672333344119, -7.844172409022891 ], [ 112.028690125005468, -7.844058696080309 ], [ 112.028543838103985, -7.844035872326281 ], [ 112.028552813952459, -7.843978504683658 ], [ 112.028323418183476, -7.843942713726777 ], [ 112.028301469917167, -7.844082996132969 ], [ 112.028193267385831, -7.844056909096315 ], [ 112.028295620526421, -7.843634751590348 ], [ 112.028356872132761, -7.843649064196201 ], [ 112.028376330646026, -7.843653702467531 ], [ 112.028455005041295, -7.843672455176126 ], [ 112.028754480346691, -7.843743838341062 ], [ 112.02875992081465, -7.843745148213479 ], [ 112.028853346217431, -7.843767639847031 ], [ 112.029158586927821, -7.843841127673623 ], [ 112.029246885889066, -7.843862385455427 ], [ 112.029610681422966, -7.843949969868008 ], [ 112.029642108200676, -7.843957535355097 ], [ 112.029772259362332, -7.843988869903172 ], [ 112.030045143903521, -7.844048901543421 ], [ 112.030082933982172, -7.844057215660333 ], [ 112.030097664705551, -7.844060455424601 ], [ 112.030020893555019, -7.844462838164868 ], [ 112.029983683511233, -7.844456947379095 ], [ 112.029972332968271, -7.844532189473493 ], [ 112.029834261297651, -7.844490614643243 ], [ 112.029842376904995, -7.844463738020439 ], [ 112.029684505153043, -7.844416200798945 ], [ 112.029574188102217, -7.844781539107379 ], [ 112.029398112074063, -7.844727547151473 ], [ 112.029323646624078, -7.844704713560754 ], [ 112.029315161908116, -7.844702111489429 ], [ 112.029403017242998, -7.844387649357063 ], [ 112.029519060414827, -7.844419978059448 ], [ 112.02956908355003, -7.844240926042537 ], [ 112.029254393331939, -7.844153253217214 ], [ 112.029203531236817, -7.84433530361028 ], [ 112.029123308782573, -7.844312953923278 ], [ 112.029131399834071, -7.844286714957883 ] ] ], [ [ [ 112.028390732322947, -7.843242460571785 ], [ 112.028405505364049, -7.843245541989641 ], [ 112.028362998212728, -7.843448767921567 ], [ 112.028436253091314, -7.843464047334576 ], [ 112.028401951014004, -7.843628043862775 ], [ 112.028302881936682, -7.843604801739059 ], [ 112.028390732322947, -7.843242460571785 ] ] ], [ [ [ 112.029299106438458, -7.843393043735751 ], [ 112.029287838383041, -7.843449394661674 ], [ 112.029553665411612, -7.843502403016403 ], [ 112.029562819848891, -7.843456622926914 ], [ 112.029592434204147, -7.843463762698901 ], [ 112.029592435021087, -7.843463762968229 ], [ 112.029836844130074, -7.843519194900094 ], [ 112.029813906117653, -7.84362788613137 ], [ 112.030214184236257, -7.843694149515619 ], [ 112.030148477402193, -7.844039089861043 ], [ 112.029791378608252, -7.843960661284715 ], [ 112.029556479628241, -7.843904324280709 ], [ 112.029554275391206, -7.84390382771821 ], [ 112.028681063237116, -7.843693934539083 ], [ 112.028770647589596, -7.843265635967182 ], [ 112.029299106438458, -7.843393043735751 ] ] ], [ [ [ 112.030090204378723, -7.842982266799712 ], [ 112.030090205830291, -7.842982266977036 ], [ 112.030098683993643, -7.842910635483157 ], [ 112.030098691069909, -7.842910636279812 ], [ 112.030099482718811, -7.842903948956869 ], [ 112.030099485168265, -7.842903949222201 ], [ 112.030100268198368, -7.842897334545304 ], [ 112.030110949950497, -7.842898591963595 ], [ 112.030125700932757, -7.842795335624776 ], [ 112.030125704471217, -7.842795336158765 ], [ 112.030260467839966, -7.841852045296851 ], [ 112.030260388181148, -7.841852034005623 ], [ 112.030261026719899, -7.841847570163313 ], [ 112.030682375765949, -7.841924240345209 ], [ 112.030678467330418, -7.841950259234038 ], [ 112.030647025818482, -7.842159563906405 ], [ 112.030610017883774, -7.842405924549941 ], [ 112.03059445015424, -7.842509561299323 ], [ 112.030577346704177, -7.84262342085375 ], [ 112.030570303474363, -7.842670307872087 ], [ 112.030544746881645, -7.842840437639708 ], [ 112.030522396458849, -7.842989226090916 ], [ 112.030509142536744, -7.843077457610094 ], [ 112.030487078528523, -7.843224334319647 ], [ 112.030486942892864, -7.843225237263204 ], [ 112.030070610902115, -7.843147815663373 ], [ 112.030090204378723, -7.842982266799712 ] ] ], [ [ [ 112.029905678540828, -7.841633020095395 ], [ 112.029920223836896, -7.84153015487936 ], [ 112.029884651492694, -7.841515233565373 ], [ 112.029882401575179, -7.841520386035564 ], [ 112.029559146601528, -7.841380021688314 ], [ 112.029593987924244, -7.841202384323462 ], [ 112.029602348466099, -7.841160046036234 ], [ 112.029615503329723, -7.841093420470101 ], [ 112.029637857201024, -7.840980211024396 ], [ 112.029645049550055, -7.840943764276578 ], [ 112.029718946680134, -7.840974761683754 ], [ 112.0298429060187, -7.841026758491312 ], [ 112.029927825013729, -7.841062379434315 ], [ 112.030080506551784, -7.841126423343617 ], [ 112.030085523579189, -7.841128528319958 ], [ 112.029984402788443, -7.841644089581463 ], [ 112.029905678540828, -7.841633020095395 ] ] ], [ [ [ 112.028961153562321, -7.841121720078172 ], [ 112.028910302411148, -7.841115058639031 ], [ 112.02891986169152, -7.841075962399391 ], [ 112.028926015235669, -7.84105079451396 ], [ 112.028945439353592, -7.84097135246361 ], [ 112.029008479698135, -7.840726443138412 ], [ 112.029022190797861, -7.840673178134545 ], [ 112.029080792450515, -7.84069881816948 ], [ 112.029399449921428, -7.840838231829493 ], [ 112.029402121833527, -7.840839344971153 ], [ 112.029404973697893, -7.840840610520017 ], [ 112.029387699786795, -7.840917723867168 ], [ 112.029371484458807, -7.840990109027878 ], [ 112.02935772273274, -7.841051541081543 ], [ 112.029339755342249, -7.841131751051331 ], [ 112.029200516476308, -7.841108162212901 ], [ 112.029176708520239, -7.841184794999095 ], [ 112.029049445101123, -7.841151604453198 ], [ 112.029047192052246, -7.84116109265124 ], [ 112.028961153562321, -7.841121720078172 ] ] ], [ [ [ 112.028293138315561, -7.840816024877607 ], [ 112.028401252614827, -7.840395136558687 ], [ 112.028536124684877, -7.840455839332042 ], [ 112.02842777619621, -7.840877637612628 ], [ 112.028293138315561, -7.840816024877607 ] ] ], [ [ [ 112.027637533229964, -7.842590918833603 ], [ 112.027522174469823, -7.843086091989639 ], [ 112.027448053365006, -7.843404253376832 ], [ 112.027378899811708, -7.843388029415034 ], [ 112.027179473872437, -7.843341428255413 ], [ 112.027022000033043, -7.84330463168609 ], [ 112.027019572513581, -7.843304064204937 ], [ 112.027017583325545, -7.843303605993852 ], [ 112.027018126654696, -7.843301411446634 ], [ 112.027208985708512, -7.842482055613003 ], [ 112.027213337707792, -7.842483326560369 ], [ 112.027216572287628, -7.842484210428272 ], [ 112.027216650362931, -7.842483871984216 ], [ 112.027250639873571, -7.842492092549519 ], [ 112.027407092005575, -7.84252993164856 ], [ 112.027533577586695, -7.8425605225307 ], [ 112.027539989984277, -7.842562073338699 ], [ 112.027638900586254, -7.84258599532364 ], [ 112.027637533229964, -7.842590918833603 ] ] ], [ [ [ 112.027419557350868, -7.843526571093512 ], [ 112.027000380381324, -7.843429463178183 ], [ 112.027020643809692, -7.843347758708745 ], [ 112.027022661791165, -7.84333962032467 ], [ 112.027023206934217, -7.843337425773038 ], [ 112.027027621841498, -7.84333845689608 ], [ 112.027168981504715, -7.843371488782731 ], [ 112.027231905530599, -7.843386192178646 ], [ 112.027440884609661, -7.843435024905955 ], [ 112.027419557350868, -7.843526571093512 ] ] ], [ [ [ 112.026536122719847, -7.843321911165701 ], [ 112.026559024142401, -7.843223608814247 ], [ 112.026582124563689, -7.843229193199389 ], [ 112.026930649425879, -7.843312628029683 ], [ 112.026996791082709, -7.843330921402321 ], [ 112.026998765067802, -7.843331467379432 ], [ 112.027001163799937, -7.843332130799586 ], [ 112.027000619565939, -7.843334326253422 ], [ 112.026986123654282, -7.843392775477542 ], [ 112.026978293767726, -7.843424346507439 ], [ 112.026536122719847, -7.843321911165701 ] ] ], [ [ [ 112.026652182772395, -7.842823733196998 ], [ 112.026652169160272, -7.842823730064713 ], [ 112.026653008966647, -7.84282012579658 ], [ 112.026606292975316, -7.842809056188417 ], [ 112.026632120442002, -7.842671995594691 ], [ 112.026744911449185, -7.842693190610256 ], [ 112.026717061030496, -7.842840989440585 ], [ 112.026824280766846, -7.8428611371285 ], [ 112.026905077911721, -7.84243236008342 ], [ 112.027182157002173, -7.842497263793004 ], [ 112.02718152874283, -7.842499959596923 ], [ 112.026996181007448, -7.843295556398035 ], [ 112.026995666725256, -7.843297760823031 ], [ 112.026991293101446, -7.84329655142787 ], [ 112.026938865879742, -7.843282051206809 ], [ 112.02693832861668, -7.843281912332038 ], [ 112.026870992385824, -7.843265791569523 ], [ 112.026907022171287, -7.84309634897333 ], [ 112.02676893855778, -7.843054809241487 ], [ 112.026726576151944, -7.843231218659955 ], [ 112.026589568738359, -7.843198421099471 ], [ 112.026566207749156, -7.84319277380402 ], [ 112.026652182772395, -7.842823733196998 ] ] ], [ [ [ 112.02615184554125, -7.842701372260033 ], [ 112.026252566760022, -7.842278687612 ], [ 112.02638858069173, -7.842310733022765 ], [ 112.02648736504409, -7.84233400716281 ], [ 112.026494381721847, -7.842335659618525 ], [ 112.02652381511183, -7.842342593508746 ], [ 112.026443198964984, -7.842770410187785 ], [ 112.02615184554125, -7.842701372260033 ] ] ], [ [ [ 112.027233008286572, -7.84061126780541 ], [ 112.027298012857813, -7.840360635526214 ], [ 112.02728067541473, -7.840352701543644 ], [ 112.027284038443014, -7.84034539357443 ], [ 112.027245738072381, -7.840327030018437 ], [ 112.027276554082746, -7.840238622816415 ], [ 112.027297865585723, -7.840176068078955 ], [ 112.027166578882003, -7.840125326471369 ], [ 112.026498790806556, -7.839867228235532 ], [ 112.026513075360498, -7.839830221568702 ], [ 112.026622572479951, -7.839546550554062 ], [ 112.026805940408238, -7.839634469170794 ], [ 112.026808918723546, -7.839635897226974 ], [ 112.027301221759814, -7.839871940055436 ], [ 112.02732235329205, -7.839882072297061 ], [ 112.027330926852983, -7.839886182781335 ], [ 112.027382282870818, -7.839910806096439 ], [ 112.027861547243845, -7.840140594263427 ], [ 112.027865659690249, -7.840142566718115 ], [ 112.027812841963552, -7.840293259148626 ], [ 112.027767275342626, -7.840423262428249 ], [ 112.027723562234286, -7.840547975744635 ], [ 112.027717211743891, -7.840566095042556 ], [ 112.027656613191226, -7.840738984670829 ], [ 112.027656338776836, -7.84073988433521 ], [ 112.027611574943677, -7.840912477560122 ], [ 112.027582040845004, -7.841026351149969 ], [ 112.027575658827146, -7.84102386509378 ], [ 112.027404194100754, -7.840957075003894 ], [ 112.02742672635776, -7.840891557110456 ], [ 112.027169039140503, -7.840793773708833 ], [ 112.027233008286572, -7.84061126780541 ] ] ], [ [ [ 112.031152814944278, -7.842339636928215 ], [ 112.031157085971969, -7.842308077077245 ], [ 112.031503890773081, -7.84236060923247 ], [ 112.031511006345326, -7.84229379946748 ], [ 112.031532538580038, -7.842310772424812 ], [ 112.031561548813016, -7.842330735161072 ], [ 112.031592927088766, -7.842377556084082 ], [ 112.031593868790765, -7.842378772935166 ], [ 112.031594967964168, -7.842379851928548 ], [ 112.031596202788592, -7.842380771411608 ], [ 112.031597551457025, -7.842381515158272 ], [ 112.031671065233098, -7.842415793440851 ], [ 112.031672584915071, -7.842416373972564 ], [ 112.031674171161242, -7.842416730949429 ], [ 112.031786517294876, -7.842433684854535 ], [ 112.031787322902531, -7.842433776940026 ], [ 112.031856050248308, -7.84243917974016 ], [ 112.031854287831464, -7.842441309446522 ], [ 112.031806218675214, -7.842498982732856 ], [ 112.03174429396465, -7.842493391416143 ], [ 112.031705879099775, -7.842680136149702 ], [ 112.031727483503786, -7.842682954742167 ], [ 112.031714708907501, -7.842757645923824 ], [ 112.031827072826161, -7.842781778144299 ], [ 112.031850940887054, -7.842653908816807 ], [ 112.031869703941595, -7.842553386287483 ], [ 112.031953233965027, -7.842561796163617 ], [ 112.031943328378048, -7.842632173466819 ], [ 112.032060008556769, -7.842654859734093 ], [ 112.032097986473019, -7.842489236074987 ], [ 112.032098497090331, -7.842487028038525 ], [ 112.03238796317207, -7.842573725117927 ], [ 112.032392307092067, -7.842575025875254 ], [ 112.032391704806955, -7.842577207004052 ], [ 112.032385075115315, -7.842601191292139 ], [ 112.032358740629505, -7.842696463243747 ], [ 112.032336900849998, -7.842775477174652 ], [ 112.032296193158714, -7.842922746909074 ], [ 112.032288921616612, -7.842949054416353 ], [ 112.032219509778784, -7.843200180331035 ], [ 112.032199811866136, -7.843279057867252 ], [ 112.032182142782887, -7.843349826826416 ], [ 112.032167974464841, -7.843406575024359 ], [ 112.032154071078295, -7.843462260783629 ], [ 112.032122767117201, -7.843587638583189 ], [ 112.032114758805733, -7.843619710859704 ], [ 112.032088549723241, -7.843724685115554 ], [ 112.03208690621075, -7.84373126789553 ], [ 112.032082488590646, -7.843730244069739 ], [ 112.031931636167698, -7.843695298092467 ], [ 112.031927219455085, -7.843694274262687 ], [ 112.031928741368674, -7.843687663744077 ], [ 112.031948565791538, -7.843601582197821 ], [ 112.031978307801793, -7.843472437706514 ], [ 112.03199765839986, -7.843388411258957 ], [ 112.032001714448782, -7.843370797685717 ], [ 112.032028960888113, -7.843252489740294 ], [ 112.032067573212174, -7.843084823248944 ], [ 112.032121937692764, -7.842848760270836 ], [ 112.032153271531016, -7.842712703010007 ], [ 112.032162149950693, -7.842674148431916 ], [ 112.03216969760247, -7.842641376359739 ], [ 112.032169970321306, -7.842639424857303 ], [ 112.032169898350361, -7.842637455207088 ], [ 112.032169485469069, -7.842635528900363 ], [ 112.032168743606135, -7.842633701981913 ], [ 112.032168445861231, -7.842633227891366 ], [ 112.032167693764194, -7.842632032283136 ], [ 112.032166370530177, -7.842630569462344 ], [ 112.032164811198513, -7.84262935774469 ], [ 112.03216306574538, -7.842628434993256 ], [ 112.032161185027135, -7.84262782821601 ], [ 112.032159228042687, -7.842627556261094 ], [ 112.032157252857218, -7.84262762712596 ], [ 112.032155321139228, -7.842628038850578 ], [ 112.032153489090931, -7.842628779539704 ], [ 112.032151814699489, -7.842629825536284 ], [ 112.032150347771619, -7.842631145967929 ], [ 112.032149132647788, -7.842632700027035 ], [ 112.032148207306378, -7.842634441495072 ], [ 112.032147598822291, -7.842636316040516 ], [ 112.03213080303459, -7.842709247133346 ], [ 112.032117176701263, -7.842768416037394 ], [ 112.032093807835338, -7.842869912164152 ], [ 112.03207601245623, -7.842947214959747 ], [ 112.032046024551178, -7.843077400138203 ], [ 112.032005557317461, -7.843253094285274 ], [ 112.031975252680297, -7.843384682089861 ], [ 112.031953573438585, -7.843478821138439 ], [ 112.031925360520319, -7.843601327055763 ], [ 112.031906655999009, -7.843682547312229 ], [ 112.031905133178114, -7.84368915783303 ], [ 112.031900716467831, -7.843688134907385 ], [ 112.031875716269937, -7.843682343686078 ], [ 112.031856880278653, -7.843678221384077 ], [ 112.031550537627993, -7.84361177555255 ], [ 112.031415206261528, -7.843582406890871 ], [ 112.031410770656137, -7.84358144460222 ], [ 112.031412516126508, -7.84357132981317 ], [ 112.031429097231097, -7.843475257859728 ], [ 112.031450414871529, -7.843351733290369 ], [ 112.031536238012833, -7.84285445190733 ], [ 112.031536401868792, -7.842852488009765 ], [ 112.031536221992951, -7.842850526763246 ], [ 112.031535703060513, -7.842848625134746 ], [ 112.031534860636796, -7.84284684277787 ], [ 112.031533721157203, -7.842845233893044 ], [ 112.031532319204189, -7.842843846329821 ], [ 112.031530696602431, -7.842842722493451 ], [ 112.031528902412219, -7.842841896631716 ], [ 112.031526992924981, -7.84284139302602 ], [ 112.031525023507342, -7.842841228724675 ], [ 112.031523056750359, -7.842841408096475 ], [ 112.031521149776708, -7.842841924670496 ], [ 112.031519362409782, -7.842842763829441 ], [ 112.031517748095297, -7.842843899214195 ], [ 112.031516355726495, -7.842845297241428 ], [ 112.031515227823277, -7.842846914394775 ], [ 112.031514398731872, -7.842848702655849 ], [ 112.031513892819802, -7.842850613126263 ], [ 112.031428068766871, -7.843347903554568 ], [ 112.031406750212781, -7.843471428125854 ], [ 112.031390367624297, -7.843566353692386 ], [ 112.031388594438795, -7.843576631344933 ], [ 112.031384158833475, -7.843575669056006 ], [ 112.030983291904562, -7.843488675305831 ], [ 112.030982736543777, -7.843488553664755 ], [ 112.031055499125998, -7.843086292836784 ], [ 112.030948320833176, -7.843069766553352 ], [ 112.030921066255132, -7.843065563524761 ], [ 112.030927874955196, -7.843021053896348 ], [ 112.030989149520963, -7.842620439212091 ], [ 112.030996638348341, -7.842571475457002 ], [ 112.031042920434132, -7.842290783819296 ], [ 112.031112399086254, -7.842301308122204 ], [ 112.031034470800961, -7.842846783487681 ], [ 112.031034472434143, -7.842846783755003 ], [ 112.031023485965136, -7.842923684121073 ], [ 112.03102440159573, -7.842923816094752 ], [ 112.031006527660324, -7.843047121133181 ], [ 112.031030440698331, -7.843052310560592 ], [ 112.031078155725453, -7.842775835617968 ], [ 112.03115342235543, -7.842339718647315 ], [ 112.031152814944278, -7.842339636928215 ] ] ], [ [ [ 112.027344532373618, -7.84201091572589 ], [ 112.027340084184956, -7.842009991407337 ], [ 112.027440058508262, -7.841650009378824 ], [ 112.027495259877128, -7.84145122849587 ], [ 112.027518695286105, -7.841360872985095 ], [ 112.027689894888425, -7.841405295504701 ], [ 112.027615633732154, -7.841705283336657 ], [ 112.027543361907661, -7.842053867195149 ], [ 112.027347696592798, -7.842011587225906 ], [ 112.027344532373618, -7.84201091572589 ] ] ], [ [ [ 112.029300802060149, -7.840432733490978 ], [ 112.02934762873015, -7.840451755681238 ], [ 112.029392594286435, -7.840470022701373 ], [ 112.029414908656321, -7.840479087432913 ], [ 112.02947701558368, -7.840504317282313 ], [ 112.029495182836769, -7.840511697262201 ], [ 112.029567900881162, -7.840541237854871 ], [ 112.029573423413709, -7.840543480883514 ], [ 112.029663439901768, -7.840580049024307 ], [ 112.029721822797654, -7.840603765798759 ], [ 112.029758200897504, -7.84061854371608 ], [ 112.029762400675835, -7.840620250037228 ], [ 112.029760661425385, -7.840624426382782 ], [ 112.029645113527621, -7.840901912955601 ], [ 112.029644180335964, -7.840904153678554 ], [ 112.029640000392249, -7.840902400278206 ], [ 112.02955303596417, -7.840865921452862 ], [ 112.029105676144567, -7.840670199368646 ], [ 112.029101351659506, -7.840668307939109 ], [ 112.02910250467265, -7.840659560276044 ], [ 112.029122825978945, -7.840505298717142 ], [ 112.029140330230931, -7.840372427265001 ], [ 112.029140941013495, -7.840367792424264 ], [ 112.02914528241412, -7.840369556289073 ], [ 112.029160444630747, -7.840375715424719 ], [ 112.029272115402676, -7.840421079594556 ], [ 112.029300802060149, -7.840432733490978 ] ] ], [ [ [ 112.027971117074671, -7.840456320755233 ], [ 112.027904539757671, -7.840670135587783 ], [ 112.027814527867392, -7.840953202167858 ], [ 112.027641275528495, -7.840888258844596 ], [ 112.02767817246955, -7.840746001016857 ], [ 112.027746760689325, -7.84055031584793 ], [ 112.027802956808657, -7.840389987611196 ], [ 112.027886223725588, -7.840152424464373 ], [ 112.027890336169961, -7.840154396014379 ], [ 112.028050884943752, -7.840231352957313 ], [ 112.028032917573455, -7.840276569941272 ], [ 112.028018006647059, -7.840319940775856 ], [ 112.027980439339402, -7.840429206967646 ], [ 112.027971117074671, -7.840456320755233 ] ] ], [ [ [ 112.029618937141166, -7.840257917238223 ], [ 112.02962388584406, -7.840219693362768 ], [ 112.029630393929082, -7.840169427834682 ], [ 112.029632712532077, -7.840151523679424 ], [ 112.029636025316691, -7.840125936752542 ], [ 112.029642148003816, -7.840078646806488 ], [ 112.029642729220498, -7.840074162171846 ], [ 112.029647221965917, -7.840074772525175 ], [ 112.029700710314359, -7.840082039011922 ], [ 112.029735270521996, -7.840086733473189 ], [ 112.0297689969603, -7.840091315108675 ], [ 112.029830832091434, -7.840099715210574 ], [ 112.029849533418457, -7.840102256124483 ], [ 112.02985402979202, -7.840102866466657 ], [ 112.029853259869711, -7.840107326238948 ], [ 112.029814696475796, -7.840330622521398 ], [ 112.02979875872029, -7.840422907882603 ], [ 112.029769256470303, -7.840593737364368 ], [ 112.029768468661331, -7.840598300284361 ], [ 112.029764168111498, -7.84059655351071 ], [ 112.029731014744968, -7.84058308544979 ], [ 112.029672631849508, -7.840559367771837 ], [ 112.029588883258725, -7.840525347437402 ], [ 112.029584540039011, -7.840523582677633 ], [ 112.029585139922062, -7.840518943341416 ], [ 112.029592862955738, -7.840459301426447 ], [ 112.02960123482184, -7.840394641103267 ], [ 112.029607444728725, -7.840346673532912 ], [ 112.029609915526322, -7.840327591449796 ], [ 112.029618937141166, -7.840257917238223 ] ] ], [ [ [ 112.029517908563236, -7.840057205535485 ], [ 112.029528865525904, -7.840058693656243 ], [ 112.02957070194968, -7.84006437786955 ], [ 112.029609767602906, -7.840069684473365 ], [ 112.029615768213304, -7.840070500061958 ], [ 112.029620261865631, -7.840071110413367 ], [ 112.029619681555673, -7.840075595045791 ], [ 112.029612770258339, -7.84012896824497 ], [ 112.029603541278462, -7.840200251928084 ], [ 112.029589862003036, -7.840305901817998 ], [ 112.029577138648435, -7.84040417020189 ], [ 112.029563421105578, -7.840510120452896 ], [ 112.029562865698253, -7.840514405147442 ], [ 112.029562820313075, -7.840514758886938 ], [ 112.029561216118182, -7.840514107103639 ], [ 112.029558476186608, -7.840512994129055 ], [ 112.029488165801439, -7.840484431658262 ], [ 112.029425806490835, -7.840459099323129 ], [ 112.029368710978119, -7.84043590572902 ], [ 112.029364383193723, -7.840434147259945 ], [ 112.029365044814199, -7.840429533096635 ], [ 112.029419730804108, -7.84004843205825 ], [ 112.029420372808886, -7.840043955414821 ], [ 112.029424866460928, -7.840044565768371 ], [ 112.02945671214961, -7.840048892458002 ], [ 112.029517908563236, -7.840057205535485 ] ] ], [ [ [ 112.029363610170535, -7.840036244683457 ], [ 112.029393412710704, -7.84004029328795 ], [ 112.029397906362703, -7.840040903641814 ], [ 112.029397264357698, -7.84004538028524 ], [ 112.029343401358261, -7.840420740761656 ], [ 112.029342739737558, -7.840425354924982 ], [ 112.029338411046439, -7.840423596457843 ], [ 112.02927683886945, -7.840398584148206 ], [ 112.029148335419762, -7.840346382087602 ], [ 112.029143994019392, -7.840344618222758 ], [ 112.029144604801942, -7.84033998338202 ], [ 112.02918717409996, -7.840016840113676 ], [ 112.029187765300279, -7.840012356359044 ], [ 112.029192258044986, -7.840012966717403 ], [ 112.029222678425469, -7.840017098840193 ], [ 112.029264092061524, -7.840022725330856 ], [ 112.029315794917878, -7.840029749324789 ], [ 112.029363610170535, -7.840036244683457 ] ] ], [ [ [ 112.029737988845341, -7.839373742105939 ], [ 112.029895298999818, -7.83943675738014 ], [ 112.029943619238296, -7.839456113212588 ], [ 112.029959989564503, -7.839462670931002 ], [ 112.029964293674809, -7.839464395084889 ], [ 112.029963505857424, -7.839468953482832 ], [ 112.02996030722673, -7.839487474796237 ], [ 112.029946237551741, -7.839568947762944 ], [ 112.029865622494412, -7.840035737338697 ], [ 112.029863823319673, -7.840046156142541 ], [ 112.029861352586096, -7.840060464693123 ], [ 112.029858650241508, -7.840076111448272 ], [ 112.029857880317024, -7.84008057031617 ], [ 112.029853383943717, -7.840079959974008 ], [ 112.029845812868544, -7.840078931168072 ], [ 112.029798634505383, -7.840072522037301 ], [ 112.029676176349497, -7.840055886167849 ], [ 112.029650125323641, -7.840052347549777 ], [ 112.029645632578479, -7.840051737196466 ], [ 112.029646212888153, -7.840047252564042 ], [ 112.029648211958843, -7.84003181554538 ], [ 112.029733041263867, -7.839376633877361 ], [ 112.029733641160831, -7.839372000872025 ], [ 112.029737988845341, -7.839373742105939 ] ] ], [ [ [ 112.029527963631253, -7.839289610774344 ], [ 112.029633966690668, -7.83933207288301 ], [ 112.029687694960174, -7.839353595182003 ], [ 112.02970755958701, -7.839361552552028 ], [ 112.029711906364383, -7.839363293788459 ], [ 112.029711306467178, -7.839367926793779 ], [ 112.02962574105409, -7.840028794545848 ], [ 112.029623746439498, -7.84004419989891 ], [ 112.029623165224848, -7.840048685437966 ], [ 112.029618672479714, -7.840048075084354 ], [ 112.029577047450317, -7.840042420204816 ], [ 112.02947107600815, -7.840028024014631 ], [ 112.029439875382778, -7.840023785286835 ], [ 112.029428001183121, -7.840022172786653 ], [ 112.02942350753132, -7.840021562433072 ], [ 112.029424118688638, -7.840017081342943 ], [ 112.029426181149717, -7.840001970665237 ], [ 112.029441546639859, -7.839889367988495 ], [ 112.029522994257718, -7.839292492648021 ], [ 112.029523624117459, -7.839287872231337 ], [ 112.029527963631253, -7.839289610774344 ] ] ], [ [ [ 112.029296577740297, -7.83919692143926 ], [ 112.029334491273829, -7.839212108979853 ], [ 112.029457745225628, -7.839261482167645 ], [ 112.029497588853772, -7.839277442776602 ], [ 112.029501927460416, -7.839279181322123 ], [ 112.029501297600433, -7.839283801738809 ], [ 112.029446880973339, -7.839682579025761 ], [ 112.029417334010589, -7.839899108089664 ], [ 112.029414491127881, -7.839919943849847 ], [ 112.02940371024664, -7.839998949653472 ], [ 112.029401652243919, -7.840014029569953 ], [ 112.029401041084142, -7.840018509755679 ], [ 112.029396548339335, -7.840017899399598 ], [ 112.029384059018639, -7.840016203386008 ], [ 112.02933518953202, -7.84000956408981 ], [ 112.029195185017116, -7.839990545302019 ], [ 112.029191337332051, -7.839990022000617 ], [ 112.02919069136567, -7.839989934945914 ], [ 112.029191271678087, -7.839985449409014 ], [ 112.029266709409768, -7.839401916304269 ], [ 112.029270141396907, -7.839375372208696 ], [ 112.029286296537038, -7.83926631835877 ], [ 112.029295542839932, -7.839203907001919 ], [ 112.029296577740297, -7.83919692143926 ] ] ], [ [ [ 112.025801475256245, -7.839112723803858 ], [ 112.025793731653735, -7.839109011017607 ], [ 112.026027354927436, -7.839083796508397 ], [ 112.027703588869215, -7.839848183294492 ], [ 112.027935489451536, -7.83995393208792 ], [ 112.027878444516062, -7.840106132560727 ], [ 112.027878276926387, -7.840106582467095 ], [ 112.027877706795294, -7.840108200963731 ], [ 112.0278735925353, -7.840106228513563 ], [ 112.025801475256245, -7.839112723803858 ] ] ], [ [ [ 112.026563416875405, -7.839287378967484 ], [ 112.026523511937981, -7.839030248755607 ], [ 112.026678638090559, -7.83901350697769 ], [ 112.026717452958266, -7.839263607037974 ], [ 112.026563416875405, -7.839287378967484 ] ] ], [ [ [ 112.027587054979236, -7.838915466564562 ], [ 112.028025977793106, -7.838868094627494 ], [ 112.028351396289196, -7.83883297389717 ], [ 112.02836137557415, -7.838831896788157 ], [ 112.028366228303, -7.838831373038555 ], [ 112.028364922013608, -7.838836062938142 ], [ 112.028350495297033, -7.838887860895165 ], [ 112.028338931095334, -7.838929384874632 ], [ 112.028306334930548, -7.839023119976752 ], [ 112.028295634950823, -7.839053890087107 ], [ 112.028238906521068, -7.839196757087955 ], [ 112.027587054979236, -7.838915466564562 ] ] ], [ [ [ 112.024852817702751, -7.838930345533337 ], [ 112.024881976860144, -7.838853476487369 ], [ 112.024922837335694, -7.838745761690456 ], [ 112.024926963200116, -7.838747668122013 ], [ 112.025232159122524, -7.838888648349918 ], [ 112.025173997489262, -7.839017788526262 ], [ 112.025129518975419, -7.838999405868596 ], [ 112.02509441270395, -7.839073207129695 ], [ 112.025093316397871, -7.839075513360704 ], [ 112.025089985058841, -7.83908251626816 ], [ 112.025087303043009, -7.839088384354558 ], [ 112.02492025416467, -7.839016649631317 ], [ 112.024835165872275, -7.83898011089581 ], [ 112.02483099948067, -7.838978322137097 ], [ 112.024841354770246, -7.838955579667595 ], [ 112.024852536380948, -7.838931019107865 ], [ 112.024852817702751, -7.838930345533337 ] ] ], [ [ [ 112.026729749166307, -7.838985251266604 ], [ 112.025978187934442, -7.839066362347614 ], [ 112.026092062280526, -7.838745674552585 ], [ 112.026729749166307, -7.838985251266604 ] ] ], [ [ [ 112.029181520023968, -7.838507868324829 ], [ 112.029182024124083, -7.838503371216638 ], [ 112.029186549709422, -7.838503696604334 ], [ 112.029221241335648, -7.838506193965903 ], [ 112.029280143806815, -7.838510434678621 ], [ 112.029381207977721, -7.838517709791812 ], [ 112.029498891367723, -7.838526182416193 ], [ 112.029596119360406, -7.838533181959659 ], [ 112.029699735241124, -7.838540640686467 ], [ 112.029793164246968, -7.838547367290696 ], [ 112.0298592655666, -7.838552125739229 ], [ 112.029890040278559, -7.83855434049284 ], [ 112.029977547650304, -7.838560640175792 ], [ 112.030054223187634, -7.838566160488423 ], [ 112.030067685650977, -7.838567129666782 ], [ 112.03007221305036, -7.838567455040329 ], [ 112.030071695355758, -7.838571952181558 ], [ 112.030069036779594, -7.838595066631636 ], [ 112.030063999334843, -7.838638862860503 ], [ 112.030058098778369, -7.838690160656433 ], [ 112.030054447449231, -7.838721904803147 ], [ 112.030043064563145, -7.838820862696572 ], [ 112.030042911833021, -7.838822190759639 ], [ 112.030042547770762, -7.838825358026766 ], [ 112.030038024812114, -7.83882499556114 ], [ 112.029250920368696, -7.838761958615583 ], [ 112.029230692242507, -7.838760338480221 ], [ 112.029158459172365, -7.838754553024642 ], [ 112.029153936214016, -7.838754190549358 ], [ 112.029154293885554, -7.838751003400462 ], [ 112.029154440316589, -7.83874969434559 ], [ 112.029173178585154, -7.838582356012408 ], [ 112.029174328772825, -7.838572089833329 ], [ 112.029175802872317, -7.838558923289288 ], [ 112.029179576448868, -7.838525228006969 ], [ 112.029181520023968, -7.838507868324829 ] ] ], [ [ [ 112.029622896938633, -7.838512440544823 ], [ 112.029556154293871, -7.838507635691213 ], [ 112.029519841657091, -7.838505021126854 ], [ 112.029447529340374, -7.838499815643158 ], [ 112.029384469574069, -7.838495275801016 ], [ 112.029351817139656, -7.838492925412676 ], [ 112.029272042003953, -7.838487181915467 ], [ 112.029228703778813, -7.838484061736561 ], [ 112.029202299537531, -7.838482160942514 ], [ 112.029189146402032, -7.838481214495063 ], [ 112.02918461900083, -7.838480888207414 ], [ 112.029185152127639, -7.838476392837161 ], [ 112.02918597136518, -7.83846948467721 ], [ 112.029189976054724, -7.838435724616335 ], [ 112.029197701958665, -7.838370582909818 ], [ 112.029201962535097, -7.838334659753245 ], [ 112.029207611908745, -7.838287027283161 ], [ 112.029210034987045, -7.838266603155681 ], [ 112.029492525290848, -7.838284758301271 ], [ 112.02949294526708, -7.838284781694264 ], [ 112.029589669921378, -7.838291074315036 ], [ 112.029625928400151, -7.838293433056959 ], [ 112.029758164084924, -7.838302035556532 ], [ 112.029839765618348, -7.838307343996029 ], [ 112.0298975631151, -7.838311104365841 ], [ 112.02995853272823, -7.838315070415119 ], [ 112.029995730959172, -7.838317490136429 ], [ 112.030005837834835, -7.838318148261937 ], [ 112.030095652224148, -7.838323990979625 ], [ 112.030100183173019, -7.838324285594227 ], [ 112.030099665480904, -7.83832878363989 ], [ 112.030096142019332, -7.838359415036565 ], [ 112.03009130081341, -7.838401503239369 ], [ 112.030084068315773, -7.838464384495087 ], [ 112.030080208312754, -7.838497941611242 ], [ 112.030076515254862, -7.838530050341609 ], [ 112.030075316505872, -7.838540475817153 ], [ 112.030074798809068, -7.838544972053965 ], [ 112.03007027140994, -7.838544646680413 ], [ 112.030049574720607, -7.838543156156989 ], [ 112.0300173604208, -7.838540837309004 ], [ 112.029990574285208, -7.838538909462068 ], [ 112.029971029629721, -7.838537502037799 ], [ 112.029895349199876, -7.838532053438779 ], [ 112.029844059223123, -7.83852836127435 ], [ 112.029793077663996, -7.838524690960116 ], [ 112.029721979970788, -7.838519572997173 ], [ 112.029677942362156, -7.838516403023013 ], [ 112.029622896938633, -7.838512440544823 ] ] ], [ [ [ 112.030859389054086, -7.844125117191781 ], [ 112.030859865240814, -7.844126970991595 ], [ 112.030860647721212, -7.844128719128574 ], [ 112.030861714599112, -7.844130309199978 ], [ 112.030863035837967, -7.844131697867166 ], [ 112.030864573245253, -7.844132844524757 ], [ 112.030866281390701, -7.844133715820504 ], [ 112.030868113052222, -7.84413428745063 ], [ 112.031125905858019, -7.844191368015909 ], [ 112.03129817793014, -7.844229513180631 ], [ 112.031302605424429, -7.844230493577871 ], [ 112.031301703030977, -7.844234925638497 ], [ 112.031299375817554, -7.844246360497314 ], [ 112.031268588991665, -7.844400637747295 ], [ 112.031253909664301, -7.844464281578684 ], [ 112.031220914810234, -7.844607331339335 ], [ 112.031212298172292, -7.844644690530083 ], [ 112.031211790258737, -7.844646894037465 ], [ 112.031207379809516, -7.8446458394356 ], [ 112.030703970695527, -7.844525464977161 ], [ 112.03075064476019, -7.844216750730837 ], [ 112.030719455269576, -7.844211638442861 ], [ 112.030747203404104, -7.844053816989753 ], [ 112.030753746206116, -7.844016601258097 ], [ 112.030765565006462, -7.84394152533168 ], [ 112.030887753248777, -7.843960783306219 ], [ 112.030859403242559, -7.844121303216806 ], [ 112.030859233799376, -7.844123209245211 ], [ 112.030859389054086, -7.844125117191781 ] ] ], [ [ [ 112.031982475894495, -7.844549118640093 ], [ 112.031921105468527, -7.844734265482674 ], [ 112.031899522406079, -7.844799376034878 ], [ 112.031885676268331, -7.844841150768665 ], [ 112.031884964149626, -7.844843296894139 ], [ 112.03188065081082, -7.84484190199986 ], [ 112.031649070281347, -7.844767003953542 ], [ 112.031644697037663, -7.84476559021064 ], [ 112.03164503791001, -7.844763322898617 ], [ 112.031648613477685, -7.844739530601966 ], [ 112.031759394148565, -7.8442234267436 ], [ 112.031861471151345, -7.843711633876729 ], [ 112.031865901334669, -7.843712603408948 ], [ 112.031868722603917, -7.843713220543369 ], [ 112.031909032012749, -7.843722558454702 ], [ 112.032090523740891, -7.843764603180585 ], [ 112.03230327732679, -7.843813889729144 ], [ 112.032375996548765, -7.843830736198266 ], [ 112.032380417798137, -7.84383176001186 ], [ 112.032377682354266, -7.843841671926493 ], [ 112.032332023023258, -7.844007132651313 ], [ 112.032304138211998, -7.844108181320117 ], [ 112.032243096329552, -7.844329384792585 ], [ 112.032225755951799, -7.844392223899826 ], [ 112.032214457286145, -7.844433168465848 ], [ 112.032191823988015, -7.844515186113437 ], [ 112.032173989182027, -7.844579815374912 ], [ 112.032171182720816, -7.844589987031757 ], [ 112.032118831592214, -7.844575556954211 ], [ 112.031996260875459, -7.844541770799466 ], [ 112.03199437987027, -7.844541419069721 ], [ 112.031992466099169, -7.844541388489348 ], [ 112.031990573979726, -7.844541678924968 ], [ 112.031988758818628, -7.844542283005605 ], [ 112.031987070454036, -7.844543182520688 ], [ 112.031985558708499, -7.844544352928741 ], [ 112.031984265217389, -7.844545759759701 ], [ 112.03198322797715, -7.844547364030376 ], [ 112.031982475894495, -7.844549118640093 ] ] ], [ [ [ 112.031275919690557, -7.844469723816209 ], [ 112.031285851887333, -7.844426664459545 ], [ 112.03129072376052, -7.844405543357717 ], [ 112.031290793696684, -7.844405215786288 ], [ 112.031306391373874, -7.844327053761424 ], [ 112.031321604701347, -7.844250816379749 ], [ 112.031327045005881, -7.844224079245047 ], [ 112.031340767276475, -7.844156675370008 ], [ 112.031355698413023, -7.844083335537096 ], [ 112.031363575297945, -7.84404464504273 ], [ 112.031380211735808, -7.843962926101232 ], [ 112.031383470022703, -7.843946921639517 ], [ 112.031473687438762, -7.843970448852796 ], [ 112.031475491267301, -7.843970767310871 ], [ 112.031477323391996, -7.843970790858606 ], [ 112.031479134839302, -7.843970520520485 ], [ 112.031480879369951, -7.843969962740734 ], [ 112.031482511669481, -7.843969131196684 ], [ 112.031483987354903, -7.843968049512042 ], [ 112.031485269305492, -7.8439667440059 ], [ 112.031486324050746, -7.84396525003269 ], [ 112.031487122663847, -7.843963606553383 ], [ 112.031487646201185, -7.84396185521766 ], [ 112.031553397710468, -7.843652435793425 ], [ 112.031554950560022, -7.843645126987298 ], [ 112.031559382536187, -7.843646088378756 ], [ 112.031834883772106, -7.843705844734679 ], [ 112.031839315749181, -7.843706806123048 ], [ 112.031737188560214, -7.844218855061817 ], [ 112.031626367498745, -7.844735141709649 ], [ 112.03162626276648, -7.844735702706755 ], [ 112.031623086052761, -7.844756834126539 ], [ 112.03162274696075, -7.844759087867899 ], [ 112.031618346065088, -7.844757862311823 ], [ 112.031267473570395, -7.844660219909581 ], [ 112.031266909078212, -7.844660073872137 ], [ 112.031238249326563, -7.844653221656447 ], [ 112.031233839784193, -7.844652167052641 ], [ 112.031234347697648, -7.844649963545284 ], [ 112.031248472450343, -7.844588724116871 ], [ 112.031275919690557, -7.844469723816209 ] ] ], [ [ [ 112.031363633787677, -7.843930711478791 ], [ 112.03135774000981, -7.843959659222949 ], [ 112.031338770087061, -7.844052845597463 ], [ 112.031318191618411, -7.844153930596006 ], [ 112.031308019778152, -7.844203898500803 ], [ 112.03130711738477, -7.844208330561432 ], [ 112.031302689890708, -7.844207350164207 ], [ 112.030883617089287, -7.844114559349047 ], [ 112.030934267655127, -7.843827782023134 ], [ 112.030952449961404, -7.843724833463606 ], [ 112.030968620563726, -7.843633279194785 ], [ 112.030986129301994, -7.843534141702655 ], [ 112.030988083771831, -7.84352307947421 ], [ 112.030988248355527, -7.843522146613869 ], [ 112.030992683052958, -7.843523108909404 ], [ 112.03139361263004, -7.843610116058884 ], [ 112.031528364145046, -7.843639358624099 ], [ 112.031532795216393, -7.843640320922501 ], [ 112.031531295257395, -7.843647378170217 ], [ 112.031467928604116, -7.843945576035872 ], [ 112.031377612270688, -7.843922022834749 ], [ 112.031375798465874, -7.843921704400698 ], [ 112.031373957276216, -7.843921682683519 ], [ 112.031372135865823, -7.843921958472095 ], [ 112.031370384099517, -7.843922524408899 ], [ 112.031368747289605, -7.843923365912193 ], [ 112.031367268916554, -7.843924461169335 ], [ 112.031365986999077, -7.843925780241362 ], [ 112.031364936823863, -7.843927288673834 ], [ 112.031364145501627, -7.843928946605863 ], [ 112.031363633787677, -7.843930711478791 ] ] ], [ [ [ 112.032470187386366, -7.843308552749201 ], [ 112.032484458531215, -7.843250489267851 ], [ 112.032503903662914, -7.84317137267391 ], [ 112.032519909647974, -7.843106253175976 ], [ 112.032541349125708, -7.843019025375347 ], [ 112.032566136158636, -7.842918178750179 ], [ 112.032619699778778, -7.842700249517485 ], [ 112.032624141038724, -7.842682180073924 ], [ 112.032624442786883, -7.842680232117956 ], [ 112.032624399836337, -7.842678262396903 ], [ 112.032624015052946, -7.842676329691041 ], [ 112.032623280354429, -7.842674466579299 ], [ 112.03262227497828, -7.842672807625886 ], [ 112.032620972555861, -7.842671325762899 ], [ 112.032619433113467, -7.842670088674577 ], [ 112.03282223876009, -7.842766127176874 ], [ 112.032837190520638, -7.842773320429507 ], [ 112.032839903740296, -7.842774626086551 ], [ 112.032841322095607, -7.842775308157261 ], [ 112.032840647269722, -7.842777494890885 ], [ 112.032833221434657, -7.842801537210041 ], [ 112.032772780011982, -7.842997235506296 ], [ 112.032772674795083, -7.842997599341159 ], [ 112.032738129384555, -7.843124376110391 ], [ 112.032682275528614, -7.843329357870724 ], [ 112.03266226664465, -7.843409350425744 ], [ 112.03257814735673, -7.843745644584405 ], [ 112.032556286546935, -7.84383304073891 ], [ 112.032554640318736, -7.843839622622039 ], [ 112.032550222696941, -7.843838598801441 ], [ 112.032399275837264, -7.843803630623119 ], [ 112.032327056643311, -7.8437869005059 ], [ 112.032322628134366, -7.843785874900629 ], [ 112.032324637356666, -7.84377937623882 ], [ 112.032348052487038, -7.843703642390523 ], [ 112.032366064401572, -7.84364538613969 ], [ 112.032407178304339, -7.843512410661623 ], [ 112.032450853871282, -7.843371148936013 ], [ 112.03247000938596, -7.843309192610598 ], [ 112.032470187386366, -7.843308552749201 ] ] ], [ [ [ 112.032540044143971, -7.842929352635394 ], [ 112.03253952513198, -7.8429314657286 ], [ 112.032518470872233, -7.843017124320205 ], [ 112.032497681512652, -7.843101709619928 ], [ 112.032484732148902, -7.843154392179218 ], [ 112.032462974782817, -7.843242914078824 ], [ 112.032448243883707, -7.843302848123146 ], [ 112.032425495522588, -7.843376424201151 ], [ 112.032385051979148, -7.843507233758724 ], [ 112.032343878685225, -7.843640402022558 ], [ 112.032330100257028, -7.843684964018657 ], [ 112.032302495717289, -7.843774247305123 ], [ 112.032300486494648, -7.843780745966852 ], [ 112.032296057983572, -7.843779719456874 ], [ 112.032113412832089, -7.84373740813392 ], [ 112.032108995211857, -7.843736384308407 ], [ 112.032110638724021, -7.843729801528373 ], [ 112.032136770569693, -7.843625138581667 ], [ 112.032142729417245, -7.843601269896383 ], [ 112.032177340157304, -7.843462649611719 ], [ 112.032189760783524, -7.843412900482241 ], [ 112.032205028367002, -7.843351750490241 ], [ 112.03222093988839, -7.843288024940095 ], [ 112.03224144065274, -7.843205915751371 ], [ 112.032317242184675, -7.842931684327112 ], [ 112.032361896217907, -7.84277013588218 ], [ 112.032381544376335, -7.842699051851739 ], [ 112.032406796535341, -7.842607696882672 ], [ 112.032413426225745, -7.842583712594379 ], [ 112.032414028510757, -7.842581531465564 ], [ 112.032418373340064, -7.842582833124789 ], [ 112.03246411793215, -7.842596534155731 ], [ 112.03261585204072, -7.842668458648848 ], [ 112.032613876063536, -7.84266820844878 ], [ 112.032611899899905, -7.842668250376742 ], [ 112.032610751341039, -7.842668477489831 ], [ 112.032609961764607, -7.842668634082147 ], [ 112.032608119673782, -7.84266934766521 ], [ 112.032606429805099, -7.842670369282097 ], [ 112.032604943779134, -7.842671668055911 ], [ 112.032603705938598, -7.84267320408346 ], [ 112.032602755170942, -7.842674932048351 ], [ 112.032602118551026, -7.842676797618982 ], [ 112.032598788958566, -7.842690346758898 ], [ 112.032540044143971, -7.842929352635394 ] ] ], [ [ [ 112.033067495006705, -7.842690235230657 ], [ 112.033044458755668, -7.842768013061992 ], [ 112.033003508562572, -7.842797046829445 ], [ 112.032992499403775, -7.842792813119814 ], [ 112.032863761182085, -7.842743312621121 ], [ 112.032861985021356, -7.842742810503369 ], [ 112.032860152449857, -7.842742603364858 ], [ 112.032858308826434, -7.842742695616391 ], [ 112.032856505840869, -7.842743084417903 ], [ 112.032854789723373, -7.842743759707371 ], [ 112.032853205777016, -7.842744703285242 ], [ 112.032851796570682, -7.842745891532212 ], [ 112.032850599209254, -7.842747291798121 ], [ 112.032849645344626, -7.842748866924101 ], [ 112.032848961175901, -7.842750575242597 ], [ 112.032848747025184, -7.842751266744658 ], [ 112.032848072194895, -7.842753451669459 ], [ 112.032843941527091, -7.84275146393952 ], [ 112.032832028971839, -7.842745732913544 ], [ 112.03261578915486, -7.842643329498011 ], [ 112.032729560419213, -7.84225738413271 ], [ 112.032554806945456, -7.842216732166123 ], [ 112.032556465192116, -7.842216863762527 ], [ 112.032558392045814, -7.842216687197436 ], [ 112.032560120505437, -7.842216236175242 ], [ 112.032561755802277, -7.842215520386481 ], [ 112.032563258979593, -7.842214557110694 ], [ 112.032564591096403, -7.842213369958253 ], [ 112.032565720485138, -7.842211989757113 ], [ 112.032566617296609, -7.842210449139634 ], [ 112.032567260766754, -7.84220878704675 ], [ 112.032567634673029, -7.842207045121546 ], [ 112.03257799050381, -7.84212914736603 ], [ 112.032582971639556, -7.842091682219403 ], [ 112.032583990602717, -7.842084508575416 ], [ 112.032585532840898, -7.84207364090185 ], [ 112.032586169354133, -7.842069157940467 ], [ 112.032590626479063, -7.842070026106041 ], [ 112.032608750790814, -7.842073556829735 ], [ 112.032633498181539, -7.842078378196368 ], [ 112.032702962008557, -7.842091909792433 ], [ 112.032776524545554, -7.842106240778768 ], [ 112.032849973660959, -7.842120549419323 ], [ 112.032907265699663, -7.842131711411552 ], [ 112.032959412806576, -7.84214187035415 ], [ 112.033077234476281, -7.842164823066974 ], [ 112.03312333742565, -7.842173803888277 ], [ 112.033148010418529, -7.842178610934955 ], [ 112.033208175281047, -7.84219033200171 ], [ 112.03326671227606, -7.842201735080867 ], [ 112.033271166682042, -7.842202603245542 ], [ 112.033270127296788, -7.842207009415607 ], [ 112.033231758933653, -7.842369678434816 ], [ 112.033188388253762, -7.84239252016593 ], [ 112.033187237226642, -7.842393216680327 ], [ 112.033186177218568, -7.842394044112226 ], [ 112.033185222711779, -7.842394990668629 ], [ 112.033154112732348, -7.842429765069477 ], [ 112.033153870358205, -7.842430045129902 ], [ 112.03315269459506, -7.842431743801941 ], [ 112.033134731557652, -7.842464173340248 ], [ 112.033133992767887, -7.842465798586447 ], [ 112.033133782113907, -7.842466436719214 ], [ 112.033069766165966, -7.842682569222985 ], [ 112.033067495006705, -7.842690235230657 ] ] ], [ [ [ 112.033458162158169, -7.842215999115099 ], [ 112.033405185677964, -7.842205678572675 ], [ 112.033384653130724, -7.842201678975123 ], [ 112.033294595934493, -7.842184135382029 ], [ 112.033287494656548, -7.842182751863034 ], [ 112.033287028245709, -7.842182657139165 ], [ 112.033223095876778, -7.842170201895961 ], [ 112.033148863665431, -7.84215574058903 ], [ 112.033119907769944, -7.842150100227433 ], [ 112.033065978535419, -7.842139593858555 ], [ 112.032971813578342, -7.84212124991129 ], [ 112.032914108675755, -7.842110007542924 ], [ 112.032851600026177, -7.842097830022348 ], [ 112.032785326596411, -7.842084919197788 ], [ 112.032714803837166, -7.842071180387337 ], [ 112.032650106559075, -7.842058576795043 ], [ 112.032617091892448, -7.842052145035293 ], [ 112.032593809040421, -7.842047609490226 ], [ 112.032589351915732, -7.842046741324637 ], [ 112.032589989331413, -7.842042256552186 ], [ 112.032593861886383, -7.842014976987472 ], [ 112.032597413520534, -7.841989961972659 ], [ 112.032602055428967, -7.841957268472717 ], [ 112.032606269413307, -7.841927582313812 ], [ 112.032609350352004, -7.841905884056559 ], [ 112.032614452251252, -7.841869947083308 ], [ 112.032618709928144, -7.841839957836586 ], [ 112.032619347336777, -7.841835470350873 ], [ 112.03262379375866, -7.841836412705101 ], [ 112.032652031263325, -7.841842398545913 ], [ 112.032683098147828, -7.841848985215714 ], [ 112.03271414506888, -7.841855567409985 ], [ 112.032810789434478, -7.841876056052965 ], [ 112.032949124017435, -7.84190538259063 ], [ 112.032979616503638, -7.84191184764535 ], [ 112.033121622580254, -7.841941952865687 ], [ 112.033254967217133, -7.841970221611999 ], [ 112.033295079411531, -7.84197872511337 ], [ 112.033417934132189, -7.842004770255818 ], [ 112.033513059502781, -7.842024936865633 ], [ 112.033610962535633, -7.842045692646667 ], [ 112.033627549518428, -7.842049209010952 ], [ 112.033689332150757, -7.842062306182561 ], [ 112.033707873748256, -7.842066237395608 ], [ 112.033754788987451, -7.842076182977718 ], [ 112.033789611764249, -7.842083565273456 ], [ 112.033826870095751, -7.842091464340581 ], [ 112.033869381562255, -7.842100476507892 ], [ 112.033870243623639, -7.842100658892737 ], [ 112.033873819821054, -7.842101417059372 ], [ 112.033873015459548, -7.842105869682838 ], [ 112.033869774731798, -7.842123801426058 ], [ 112.033864358021319, -7.842153778144769 ], [ 112.03386073971069, -7.842173797310921 ], [ 112.033849429388724, -7.842236387397713 ], [ 112.033840487419212, -7.842285869343736 ], [ 112.033839683052761, -7.842290320158351 ], [ 112.033835232275479, -7.842289452895476 ], [ 112.033786396231932, -7.842279939832264 ], [ 112.033762815736679, -7.842275346298684 ], [ 112.033718928631174, -7.842266796945153 ], [ 112.033659936108606, -7.842255304608021 ], [ 112.033643455080863, -7.842252094584274 ], [ 112.033626626518014, -7.842248815772662 ], [ 112.033594727929056, -7.84224260203202 ], [ 112.033540748773575, -7.842232086805439 ], [ 112.033498222767989, -7.842223802699255 ], [ 112.033458162158169, -7.842215999115099 ] ] ], [ [ [ 112.032085803452375, -7.842049261993917 ], [ 112.032081387383542, -7.842048124205023 ], [ 112.031909154360818, -7.842003748606299 ], [ 112.031904723772556, -7.842002607233334 ], [ 112.031905265849645, -7.841998075664786 ], [ 112.031937540020451, -7.841728339207416 ], [ 112.031938077653834, -7.841723844730994 ], [ 112.031942556231613, -7.84172458713712 ], [ 112.032124004021497, -7.841754687395135 ], [ 112.032128478064905, -7.841755429810329 ], [ 112.032127827926828, -7.841759906474133 ], [ 112.03208645806329, -7.842044759995393 ], [ 112.032085803452375, -7.842049261993917 ] ] ], [ [ [ 112.032623995471582, -7.841802727996949 ], [ 112.032624499163546, -7.841799184149098 ], [ 112.032632449309901, -7.841743181967018 ], [ 112.032639261066848, -7.841695207494167 ], [ 112.032655336094592, -7.841581977212497 ], [ 112.032655651682347, -7.841579756992214 ], [ 112.032655973500582, -7.841577488822382 ], [ 112.032660419037256, -7.841578441127363 ], [ 112.032737308942217, -7.84159491016085 ], [ 112.032848195096122, -7.841618661388184 ], [ 112.032894713072963, -7.841628625233802 ], [ 112.032991784414506, -7.841649420296338 ], [ 112.033132711315844, -7.841679605047675 ], [ 112.033200793650195, -7.84169418546693 ], [ 112.03320365297148, -7.841694791647554 ], [ 112.033260494879258, -7.841706965843867 ], [ 112.033317796859976, -7.841719238389207 ], [ 112.033425940780447, -7.841742401077101 ], [ 112.033553536551466, -7.841769729681134 ], [ 112.033633270414782, -7.841786806566389 ], [ 112.033725185733488, -7.841806492626802 ], [ 112.033743474243906, -7.841810409990368 ], [ 112.033826091050585, -7.84182810471324 ], [ 112.033836871416767, -7.841830413455987 ], [ 112.033908422927183, -7.841845738618095 ], [ 112.033915155210821, -7.841847180011585 ], [ 112.033919591677545, -7.841848130515971 ], [ 112.033918787316651, -7.841852583139415 ], [ 112.033915184222138, -7.841872519061699 ], [ 112.033902745652185, -7.841941352413713 ], [ 112.033893996057316, -7.841989769385793 ], [ 112.033890598748869, -7.842008566138556 ], [ 112.03388233678676, -7.842054286743119 ], [ 112.033881578061354, -7.842058488730313 ], [ 112.033878647806077, -7.842074702218554 ], [ 112.033877843444614, -7.842079154842018 ], [ 112.033873405186071, -7.842078214290534 ], [ 112.033870101217801, -7.842077513338279 ], [ 112.033845791970521, -7.842072359952829 ], [ 112.033794409432247, -7.842061466664676 ], [ 112.033770375138303, -7.842056371386804 ], [ 112.033711175968776, -7.842043821389622 ], [ 112.033700997284669, -7.842041664014076 ], [ 112.033662617370325, -7.842033527112704 ], [ 112.032626978980929, -7.841813972567796 ], [ 112.032622533464036, -7.841813029306933 ], [ 112.032623169965674, -7.841808541823462 ], [ 112.032623995471582, -7.841802727996949 ] ] ], [ [ [ 112.032402545152351, -7.841547064225815 ], [ 112.032388663449467, -7.841629912376601 ], [ 112.032385667405649, -7.841647791060174 ], [ 112.032378683189705, -7.841689468479427 ], [ 112.0323633633502, -7.841780901292405 ], [ 112.032357704652043, -7.841814669927083 ], [ 112.032337453659039, -7.841935526566279 ], [ 112.032329222581737, -7.841984647705215 ], [ 112.032314398778809, -7.842073114613186 ], [ 112.032308769577085, -7.842106709526857 ], [ 112.032112304404876, -7.842056090523948 ], [ 112.032107887426761, -7.842054951833158 ], [ 112.032108542037491, -7.842050449834628 ], [ 112.032152509778669, -7.841747714988239 ], [ 112.03219053794696, -7.841485873580051 ], [ 112.032191188973442, -7.841481389678725 ], [ 112.032195638053949, -7.84148230851663 ], [ 112.032401666907006, -7.841524867391694 ], [ 112.03240611054423, -7.841525785336196 ], [ 112.032405363331819, -7.841530248671748 ], [ 112.032402545152351, -7.841547064225815 ] ] ], [ [ [ 112.031882571736247, -7.841996899461109 ], [ 112.031878142055064, -7.84199575808562 ], [ 112.031675448547631, -7.841943534312207 ], [ 112.031746629420041, -7.84141754451815 ], [ 112.03174970513362, -7.841394811617652 ], [ 112.031750313518074, -7.841390319681082 ], [ 112.031754764413378, -7.841391239423906 ], [ 112.031945751808067, -7.84143069071942 ], [ 112.031950209054841, -7.841431611348937 ], [ 112.031949669636631, -7.84143611758722 ], [ 112.031916969802808, -7.841709410363701 ], [ 112.031883113815823, -7.841992368796987 ], [ 112.031882571736247, -7.841996899461109 ] ] ], [ [ [ 112.032142311133441, -7.841660188513392 ], [ 112.032132378897742, -7.841728571636389 ], [ 112.032131728759708, -7.841733048300195 ], [ 112.032127254716542, -7.841732305885007 ], [ 112.031945245298488, -7.841702112039439 ], [ 112.031940766720936, -7.841701369633291 ], [ 112.031941304352074, -7.841696874252452 ], [ 112.03197195315019, -7.841440720740609 ], [ 112.031972492568158, -7.84143621450233 ], [ 112.031976949815032, -7.841437135131529 ], [ 112.032164497211511, -7.841475876643391 ], [ 112.032168946291918, -7.841476795481628 ], [ 112.032168294356026, -7.841481278480777 ], [ 112.032150190370857, -7.841605932036607 ], [ 112.032142311133441, -7.841660188513392 ] ] ], [ [ [ 112.031260319696202, -7.841495749878171 ], [ 112.031267338653549, -7.841448615106405 ], [ 112.031273406519432, -7.841407866062085 ], [ 112.03128220719536, -7.841348763255626 ], [ 112.031289077141224, -7.841302624615451 ], [ 112.031289743613513, -7.841298147911811 ], [ 112.031292411334576, -7.841298661420053 ], [ 112.031488700362956, -7.841336484655525 ], [ 112.031493160177718, -7.841337343783263 ], [ 112.031492549969869, -7.841341833011005 ], [ 112.031489511454069, -7.841364208574321 ], [ 112.031420903716622, -7.841869382258953 ], [ 112.031217296383446, -7.84181506946832 ], [ 112.03121405096563, -7.841814203746451 ], [ 112.031215532838971, -7.841803852645162 ], [ 112.031217879564892, -7.841787452472023 ], [ 112.031224122650784, -7.841743826942263 ], [ 112.031230016230907, -7.841702646916368 ], [ 112.031234161358142, -7.841673686272461 ], [ 112.031242563051876, -7.841614981483754 ], [ 112.031248945016017, -7.841572139746167 ], [ 112.03125481927367, -7.841532689923511 ], [ 112.031260319696202, -7.841495749878171 ] ] ], [ [ [ 112.031723604521019, -7.841384802136423 ], [ 112.031728056323175, -7.84138572187732 ], [ 112.031727447940725, -7.841390214718302 ], [ 112.031651631622907, -7.841950457215663 ], [ 112.031651534525338, -7.841952276242434 ], [ 112.031651731262968, -7.841954087313929 ], [ 112.031652217187414, -7.841955844316102 ], [ 112.031652979485401, -7.841957500250476 ], [ 112.03165399900395, -7.841959011751821 ], [ 112.031655249347864, -7.841960340899187 ], [ 112.031656696872872, -7.841961452502582 ], [ 112.031658304322619, -7.841962317711875 ], [ 112.03166003083065, -7.841962914921078 ], [ 112.031889456715604, -7.842022026370338 ], [ 112.03209237534503, -7.842074308267718 ], [ 112.032315076481723, -7.842131686804623 ], [ 112.032316922924693, -7.842132003346691 ], [ 112.032318797632044, -7.842132012316676 ], [ 112.03232064709124, -7.842131712941378 ], [ 112.032322422346851, -7.842131113480566 ], [ 112.03232407355874, -7.842130231240425 ], [ 112.032325557251141, -7.842129089842499 ], [ 112.032326831777709, -7.842127719234712 ], [ 112.032327862772334, -7.842126159295825 ], [ 112.032328622219779, -7.84212445079342 ], [ 112.032329088469112, -7.842122640810407 ], [ 112.032336944138706, -7.842075756317916 ], [ 112.032353502817116, -7.841976935878908 ], [ 112.03235723983434, -7.841954637287248 ], [ 112.032379500988895, -7.841821782206599 ], [ 112.032385864897805, -7.84178380448129 ], [ 112.032401318810713, -7.841691574545425 ], [ 112.03241274523009, -7.841623381304075 ], [ 112.032427582425285, -7.841534838391384 ], [ 112.032428329637455, -7.841530375055827 ], [ 112.0324327741817, -7.84153129299781 ], [ 112.032629289671831, -7.841571886261092 ], [ 112.032633738755933, -7.841572805998563 ], [ 112.032633101343023, -7.841577291675435 ], [ 112.032632876698585, -7.84157887676996 ], [ 112.032612983480973, -7.841718999391295 ], [ 112.032611923514509, -7.841726463454601 ], [ 112.032600115045909, -7.841809633018435 ], [ 112.032598599543945, -7.841820308889428 ], [ 112.032595320740484, -7.841843418526921 ], [ 112.032588952997514, -7.841888292463904 ], [ 112.032585873880578, -7.841909994334365 ], [ 112.032576047229711, -7.84197923639852 ], [ 112.032575832369716, -7.841980743688932 ], [ 112.032566620983246, -7.842045713573603 ], [ 112.032565662682288, -7.842052477366589 ], [ 112.032565478822917, -7.842053683409167 ], [ 112.032565393920237, -7.842054193710174 ], [ 112.032560507754567, -7.842088611633359 ], [ 112.032555095640276, -7.842129317468845 ], [ 112.032545157420529, -7.842204073150028 ], [ 112.032545067850251, -7.842206000688422 ], [ 112.032545307473058, -7.842207914757658 ], [ 112.032545870713449, -7.842209761106226 ], [ 112.032546741110181, -7.842211484604856 ], [ 112.032547891329727, -7.84221303467306 ], [ 112.032549290428605, -7.842214367974595 ], [ 112.032550895681808, -7.84221544481974 ], [ 112.032552661663601, -7.842216233665199 ], [ 112.032367639487788, -7.84217589621281 ], [ 112.031621179107319, -7.841976778098926 ], [ 112.030968601623329, -7.841775566511568 ], [ 112.031062346177094, -7.84125415391783 ], [ 112.030887181860734, -7.84121956361408 ], [ 112.030926705105301, -7.840933248561527 ], [ 112.030927325291316, -7.840928757500522 ], [ 112.030929550290423, -7.840929220543292 ], [ 112.030954024351615, -7.840934304971074 ], [ 112.03096977355618, -7.840937576592998 ], [ 112.030970239056259, -7.840937670417497 ], [ 112.031037212198811, -7.840951583752321 ], [ 112.031149507416387, -7.840974912361022 ], [ 112.031302140256088, -7.841006621998096 ], [ 112.031306589344069, -7.84100754627284 ], [ 112.031305947381966, -7.841012031960686 ], [ 112.031290188106269, -7.841122151162976 ], [ 112.031276313695187, -7.841219098294575 ], [ 112.03126949374014, -7.841266754429475 ], [ 112.031258733728066, -7.84134193720002 ], [ 112.031245412117784, -7.841435024720805 ], [ 112.031233056111617, -7.841521360188378 ], [ 112.031227180372639, -7.841562418978276 ], [ 112.03121793254725, -7.841627041652038 ], [ 112.031211876695835, -7.841669357122746 ], [ 112.031204606463447, -7.841720158125051 ], [ 112.031193472855279, -7.841797952871556 ], [ 112.031190183686746, -7.84182093681894 ], [ 112.031190072071411, -7.8418227540726 ], [ 112.031190255204862, -7.841824566082302 ], [ 112.031190726620409, -7.841826324929651 ], [ 112.031191475323197, -7.841827985420542 ], [ 112.031192482162567, -7.8418295050941 ], [ 112.031193224216878, -7.841830307306433 ], [ 112.031193719829659, -7.841830843318335 ], [ 112.031195157403417, -7.841831965800948 ], [ 112.031196757629658, -7.84183284459618 ], [ 112.031198477821448, -7.841833455389216 ], [ 112.031221138571297, -7.841839500207094 ], [ 112.031427481289057, -7.841894542491819 ], [ 112.031429373127494, -7.841894878824051 ], [ 112.031431295913947, -7.841894892202466 ], [ 112.031433192505901, -7.84189458095818 ], [ 112.031435009417578, -7.841893955170841 ], [ 112.031436694085741, -7.841893031248794 ], [ 112.031438197606192, -7.841891838253226 ], [ 112.031439477430084, -7.841890407943144 ], [ 112.031440497383983, -7.841888782914852 ], [ 112.031441226745059, -7.841887009369062 ], [ 112.031441645687366, -7.841885138906302 ], [ 112.031514824961818, -7.841346293312411 ], [ 112.031515435162746, -7.841341801371424 ], [ 112.031519886962059, -7.841342720210198 ], [ 112.031723604521019, -7.841384802136423 ] ] ], [ [ [ 112.032668085050673, -7.841492181370953 ], [ 112.032672734972891, -7.841459429968351 ], [ 112.032684738656059, -7.841374884302914 ], [ 112.032690732907994, -7.841332660327449 ], [ 112.032695284772046, -7.841300601950924 ], [ 112.032695921277309, -7.841296116276261 ], [ 112.032700372145584, -7.841297025155964 ], [ 112.032728582754061, -7.84130278495728 ], [ 112.03283411234105, -7.841324331698019 ], [ 112.032957263925354, -7.841349475473669 ], [ 112.033037868663129, -7.841365933534824 ], [ 112.033109993613195, -7.84138065961865 ], [ 112.033183662984811, -7.841395700255849 ], [ 112.033251640150297, -7.841409580005513 ], [ 112.03334330538182, -7.841428295429488 ], [ 112.033393535330902, -7.841438550379489 ], [ 112.033471847961593, -7.841454540062241 ], [ 112.033522528902438, -7.841464887948817 ], [ 112.033594743709102, -7.841479631812998 ], [ 112.033672552732995, -7.841495517779878 ], [ 112.033748525154152, -7.841511029288592 ], [ 112.033820555769012, -7.841525736482941 ], [ 112.033892513793262, -7.841540428467399 ], [ 112.033900057135, -7.841541968260951 ], [ 112.033963008158864, -7.841554821052359 ], [ 112.03396781110709, -7.841555801406989 ], [ 112.033972254719089, -7.841556708481508 ], [ 112.033971450356702, -7.841561160200587 ], [ 112.033967536800688, -7.841582817091173 ], [ 112.033955565279513, -7.841649060847989 ], [ 112.033945079025926, -7.841707091541824 ], [ 112.033934785132288, -7.841764055452709 ], [ 112.033924419652067, -7.841821412961817 ], [ 112.033923615293489, -7.841825866489694 ], [ 112.033919178826977, -7.841824915985351 ], [ 112.033845253463028, -7.84180908294283 ], [ 112.033830184544911, -7.841805855890829 ], [ 112.03374637536804, -7.841787905431524 ], [ 112.0337127157635, -7.841780695730722 ], [ 112.033676601541799, -7.841772961158555 ], [ 112.033669554364025, -7.841771446371611 ], [ 112.032663605155392, -7.841555997370144 ], [ 112.032659160525938, -7.841555045062925 ], [ 112.032659797931885, -7.841550556672808 ], [ 112.032660414819162, -7.841546206709251 ], [ 112.032668085050673, -7.841492181370953 ] ] ], [ [ [ 112.030753903670941, -7.841448076943507 ], [ 112.030752065456184, -7.841460312824585 ], [ 112.030285143746866, -7.841419594403417 ], [ 112.030307051243, -7.841315243027064 ], [ 112.030325147911114, -7.841229041841395 ], [ 112.030410997572332, -7.841265053821977 ], [ 112.030420940842021, -7.8412692250978 ], [ 112.030493218386127, -7.841299542575166 ], [ 112.030544389186375, -7.841321006769754 ], [ 112.030593218529333, -7.841341489060828 ], [ 112.030687656920136, -7.841381102162317 ], [ 112.030759253577557, -7.841411134554241 ], [ 112.030753903670941, -7.841448076943507 ] ] ], [ [ [ 112.031293076877432, -7.841275762582529 ], [ 112.031293744252196, -7.841271284067818 ], [ 112.031291802440705, -7.841270909871328 ], [ 112.031328189192237, -7.841016652438152 ], [ 112.031328831154113, -7.841012166750324 ], [ 112.031332223095305, -7.841012871126418 ], [ 112.031333279335215, -7.84101309102699 ], [ 112.031420420845208, -7.841031193016631 ], [ 112.031521608342459, -7.841052213513437 ], [ 112.031588957182592, -7.841066204519962 ], [ 112.031662807700783, -7.84108154526137 ], [ 112.031739003003153, -7.84109737405764 ], [ 112.031795217786112, -7.841109051668967 ], [ 112.031854698382773, -7.841121407724917 ], [ 112.031931934508535, -7.841137452803679 ], [ 112.032041476674948, -7.841160208174691 ], [ 112.032142704141847, -7.841181236555941 ], [ 112.03223583922663, -7.841200584438568 ], [ 112.032324089661898, -7.841218916853059 ], [ 112.032382357963755, -7.841231020755868 ], [ 112.032479490259391, -7.841251198988155 ], [ 112.032515886967005, -7.841258759330528 ], [ 112.032580446437919, -7.841272170945107 ], [ 112.032661325902097, -7.841288972088141 ], [ 112.032669223198681, -7.841290612331926 ], [ 112.032673671383918, -7.841291536593667 ], [ 112.032673034880659, -7.841296023172738 ], [ 112.032672216506242, -7.841301786334267 ], [ 112.032664091629954, -7.841359016242714 ], [ 112.032661396706928, -7.841377997580547 ], [ 112.032655819654636, -7.841417280263823 ], [ 112.032651216076303, -7.841449700535059 ], [ 112.03264569965414, -7.841488560705574 ], [ 112.032640137748544, -7.841527733916886 ], [ 112.03263756049904, -7.841545886517494 ], [ 112.032636923995355, -7.841550373096558 ], [ 112.032632474006789, -7.84154945426573 ], [ 112.032486210552904, -7.841519240818241 ], [ 112.032421389895106, -7.841505851540323 ], [ 112.032420977931267, -7.841505768439317 ], [ 112.032183995167429, -7.841456813419358 ], [ 112.031964998418289, -7.841411575664089 ], [ 112.031743055323318, -7.841365734524134 ], [ 112.031508056302073, -7.841317193893571 ], [ 112.031507354898096, -7.841317061757514 ], [ 112.03142513822047, -7.84130121511295 ], [ 112.031295618471788, -7.841276251980325 ], [ 112.031293076877432, -7.841275762582529 ] ] ], [ [ [ 112.032699105615137, -7.841273686994078 ], [ 112.032699652088425, -7.841269838251795 ], [ 112.032699743027308, -7.841269201317192 ], [ 112.032702202583721, -7.841251871122831 ], [ 112.032703607552378, -7.841241978750428 ], [ 112.032710642961774, -7.841204156746397 ], [ 112.032724921429633, -7.841127392557149 ], [ 112.032726429653863, -7.841119283447508 ], [ 112.03273978707881, -7.841047474120163 ], [ 112.032740629352247, -7.841042943624282 ], [ 112.032745260530078, -7.84101803991872 ], [ 112.032745891304799, -7.841014172881283 ], [ 112.032746618546966, -7.841009704168066 ], [ 112.032751059513757, -7.841010644726613 ], [ 112.032758715509132, -7.84101226656834 ], [ 112.032797454649454, -7.841020474134887 ], [ 112.032799190559885, -7.841020839785197 ], [ 112.032875839515427, -7.84103710499823 ], [ 112.032919517843837, -7.841046373984673 ], [ 112.032949605566643, -7.841052759549348 ], [ 112.033014860799184, -7.841066600801279 ], [ 112.033029054846352, -7.841069611163371 ], [ 112.033119131064623, -7.841088716732475 ], [ 112.033144407579954, -7.841094078525265 ], [ 112.033254222263409, -7.841117370130422 ], [ 112.033203220665641, -7.841376605189699 ], [ 112.032898635140313, -7.841314413842046 ], [ 112.032852192760629, -7.841304932767043 ], [ 112.032835607945771, -7.841301546598634 ], [ 112.032833884767172, -7.841301195388115 ], [ 112.032817078546898, -7.841297765445402 ], [ 112.032797524675232, -7.841293774265309 ], [ 112.032751073231424, -7.841284294105188 ], [ 112.032741272250604, -7.841282294050516 ], [ 112.032737260572532, -7.841281475440534 ], [ 112.032716740305048, -7.841277286749757 ], [ 112.03270355648317, -7.841274595873795 ], [ 112.032699105615137, -7.841273686994078 ] ] ], [ [ [ 112.030904455134205, -7.840928626272802 ], [ 112.030864824063272, -7.84121572572167 ], [ 112.030842349544486, -7.841212368360962 ], [ 112.030854654988914, -7.841125355607441 ], [ 112.030866630586871, -7.841040670734954 ], [ 112.030872789549562, -7.840997121382881 ], [ 112.030880716225738, -7.840941067709418 ], [ 112.030883102606325, -7.840924191714237 ], [ 112.030883567044071, -7.840920906626879 ], [ 112.030883737312934, -7.840919704235381 ], [ 112.030902850328062, -7.840923674882151 ], [ 112.030905075322693, -7.840924136116232 ], [ 112.030904455134205, -7.840928626272802 ] ] ], [ [ [ 112.033533080747361, -7.841153402537958 ], [ 112.033507669019215, -7.841148012160018 ], [ 112.033458297459006, -7.841137540765327 ], [ 112.033435051772713, -7.841132609938665 ], [ 112.033410798837195, -7.841127465426154 ], [ 112.033325322377124, -7.841109335357181 ], [ 112.033295289102924, -7.841102965062171 ], [ 112.033248387577601, -7.841093016666143 ], [ 112.033195918961113, -7.841081888089523 ], [ 112.033142415872987, -7.841070539556684 ], [ 112.033100160405297, -7.841061577319624 ], [ 112.033060469337926, -7.84105315776999 ], [ 112.033016718424705, -7.841043878123686 ], [ 112.032990714154337, -7.841038362547585 ], [ 112.032945112083027, -7.841028690394047 ], [ 112.03292984726599, -7.841025452028268 ], [ 112.032869895980582, -7.841012736417477 ], [ 112.032834382736837, -7.841005203782763 ], [ 112.032784768005868, -7.840994679540316 ], [ 112.032754693003483, -7.840988301167168 ], [ 112.032750252032486, -7.840987358799821 ], [ 112.032750979272379, -7.840982889182162 ], [ 112.032753464729481, -7.840967603817549 ], [ 112.03275980614093, -7.84092860957834 ], [ 112.03276824348147, -7.840876724929159 ], [ 112.032777017646836, -7.840822773758945 ], [ 112.032785196801626, -7.840772481521848 ], [ 112.03278935293487, -7.840746925085668 ], [ 112.032790079271763, -7.84074245727908 ], [ 112.032794526490662, -7.840743359836556 ], [ 112.032810010535698, -7.840746499089308 ], [ 112.032883469019339, -7.840761395605132 ], [ 112.032995261050587, -7.840784064722681 ], [ 112.033104159357933, -7.840806146704097 ], [ 112.033194516560044, -7.840824470156154 ], [ 112.033252802250971, -7.840836289007607 ], [ 112.033310809369681, -7.840848051555667 ], [ 112.03334506048617, -7.840854997566209 ], [ 112.033451797368244, -7.840876641590976 ], [ 112.033530254805342, -7.840892550427688 ], [ 112.033559698465339, -7.840898521496673 ], [ 112.033576214246125, -7.840901870726127 ], [ 112.03362801468738, -7.840912374134255 ], [ 112.033687455531009, -7.840924427949398 ], [ 112.033766337650107, -7.840940423426043 ], [ 112.033824868365201, -7.840952292240104 ], [ 112.03390592555624, -7.840968729132736 ], [ 112.033962654158756, -7.840980232443493 ], [ 112.034056209127471, -7.840999203553425 ], [ 112.034067828522495, -7.8410015590713 ], [ 112.034072408227047, -7.841002488421801 ], [ 112.034072226597232, -7.841003493677883 ], [ 112.034071603863808, -7.841006939236498 ], [ 112.0340585864313, -7.841078973846924 ], [ 112.034046328628335, -7.841146807372219 ], [ 112.034043226587173, -7.841163969114121 ], [ 112.03403242719088, -7.841223731636193 ], [ 112.034027039127139, -7.841253550011487 ], [ 112.0340262338608, -7.841258002637223 ], [ 112.034021796518019, -7.841257062083964 ], [ 112.033991231473834, -7.841250579190272 ], [ 112.033944577654665, -7.841240683628654 ], [ 112.033861347964162, -7.841223030213565 ], [ 112.033800206084166, -7.841210060810539 ], [ 112.033765404244107, -7.841202679359141 ], [ 112.033718362051843, -7.841192701517865 ], [ 112.033680439555354, -7.841184658449103 ], [ 112.033646674910841, -7.841177496024141 ], [ 112.033605163521017, -7.841168691192032 ], [ 112.033578553983773, -7.841163047807903 ], [ 112.033533080747361, -7.841153402537958 ] ] ], [ [ [ 112.03136051097475, -7.840729634196215 ], [ 112.031361010473574, -7.840725119915827 ], [ 112.031362794452889, -7.840725486359076 ], [ 112.031365471328854, -7.840726036021721 ], [ 112.031420926216811, -7.840737422519807 ], [ 112.031477048056843, -7.840748945752904 ], [ 112.031545320196201, -7.840762964357417 ], [ 112.031564475741718, -7.840766897788884 ], [ 112.031631297832888, -7.840780617854313 ], [ 112.03170229222809, -7.840795195930317 ], [ 112.03171950771781, -7.840798729831416 ], [ 112.031788302539837, -7.840812855644296 ], [ 112.031862885771318, -7.840828170140977 ], [ 112.031921913175111, -7.840840290344802 ], [ 112.031982308963748, -7.840852691174497 ], [ 112.032043726505833, -7.840865302029779 ], [ 112.032072804650412, -7.840871272292641 ], [ 112.032116295286301, -7.840880202669463 ], [ 112.032204030621912, -7.840898217120891 ], [ 112.032217980329875, -7.840901081594667 ], [ 112.032259447429624, -7.840909595456146 ], [ 112.032275145729642, -7.840912819218556 ], [ 112.032351727114005, -7.840928542950302 ], [ 112.03241059937082, -7.840940631807569 ], [ 112.032428391079563, -7.840944284553293 ], [ 112.032485160853781, -7.840955940814873 ], [ 112.032551447613628, -7.840969551699691 ], [ 112.032640495098377, -7.840987835068317 ], [ 112.032712380623863, -7.841002595281297 ], [ 112.032714379663815, -7.84100300641211 ], [ 112.032719957551436, -7.841004151295015 ], [ 112.032724402983732, -7.841005063805899 ], [ 112.032723676646015, -7.84100953161247 ], [ 112.032722927973538, -7.841014136945637 ], [ 112.032722190417005, -7.841018101017849 ], [ 112.032714865893851, -7.841057476619837 ], [ 112.032702084911122, -7.841126190512939 ], [ 112.032691185398107, -7.841184786568928 ], [ 112.032682449323133, -7.841231754619585 ], [ 112.032681257950131, -7.841238156311841 ], [ 112.032681191854977, -7.841238569793815 ], [ 112.032679959834596, -7.841247245297327 ], [ 112.032677494026714, -7.841264615301483 ], [ 112.032677413790566, -7.841265178951819 ], [ 112.032676856618764, -7.841269102787211 ], [ 112.032672407526789, -7.841268178527696 ], [ 112.03266531783504, -7.841266705429899 ], [ 112.032586585336531, -7.841250350328038 ], [ 112.032521144763663, -7.841236756372738 ], [ 112.032518355345957, -7.841236176243772 ], [ 112.032443086486225, -7.841220540678903 ], [ 112.032422473481901, -7.84121625814073 ], [ 112.032380465280156, -7.841207532183224 ], [ 112.031336174266997, -7.840990596431895 ], [ 112.031331714289067, -7.840989669470845 ], [ 112.031332214692895, -7.840985154283847 ], [ 112.03136051097475, -7.840729634196215 ] ] ], [ [ [ 112.030449657885754, -7.840911354321508 ], [ 112.0304539536357, -7.840913359763345 ], [ 112.030453291291821, -7.840918043569015 ], [ 112.030417119149803, -7.841173856976872 ], [ 112.03041195234043, -7.841210399163752 ], [ 112.030409842290865, -7.841225321838626 ], [ 112.030405518896146, -7.841223509105968 ], [ 112.029669260905933, -7.840914674077643 ], [ 112.029665080962033, -7.840912920677554 ], [ 112.029666528085258, -7.840909445972512 ], [ 112.029781660315663, -7.840632957083472 ], [ 112.029783399565929, -7.840628780737871 ], [ 112.029787599342242, -7.840630486154346 ], [ 112.030013961609356, -7.840722442143162 ], [ 112.030252494792961, -7.840819341630644 ], [ 112.030252890659995, -7.840819517928626 ], [ 112.030449657885754, -7.840911354321508 ] ] ], [ [ [ 112.030861999407136, -7.840244358902401 ], [ 112.030862622343605, -7.840239879592124 ], [ 112.03086711599785, -7.840240489929767 ], [ 112.030924420299741, -7.840248274192223 ], [ 112.03092378647608, -7.840252751720304 ], [ 112.030918053505843, -7.840293238566677 ], [ 112.030902667817898, -7.840401893500944 ], [ 112.030886025167106, -7.840519424780506 ], [ 112.030875055756127, -7.840596889915393 ], [ 112.030868796809614, -7.840641087077246 ], [ 112.030840148861358, -7.840843401883649 ], [ 112.0308322959919, -7.840898860267797 ], [ 112.030815086806101, -7.841019475198441 ], [ 112.030788856628988, -7.841203306777297 ], [ 112.030784342536066, -7.841235663518086 ], [ 112.030780038805929, -7.841268367945821 ], [ 112.030779027073748, -7.84127554428497 ], [ 112.030778467025769, -7.841279043953953 ], [ 112.030777844137631, -7.841282437959584 ], [ 112.030767488506001, -7.841355396673622 ], [ 112.030766681402895, -7.841362065132025 ], [ 112.030765632440875, -7.841369223473872 ], [ 112.030764853913936, -7.841374236772999 ], [ 112.030712410228872, -7.841352238497436 ], [ 112.03070808410655, -7.841350423966051 ], [ 112.030712843989804, -7.841316224319288 ], [ 112.030717885467467, -7.841279991750659 ], [ 112.030721608885401, -7.841253238020828 ], [ 112.0307565320919, -7.841002269030072 ], [ 112.030777049155844, -7.840854832650924 ], [ 112.030800560607787, -7.840685872780602 ], [ 112.030837193970171, -7.840422617573584 ], [ 112.030854591821679, -7.84029759222692 ], [ 112.030861999407136, -7.840244358902401 ] ] ], [ [ [ 112.03066963835046, -7.840213663373953 ], [ 112.030742644581792, -7.840223580748764 ], [ 112.030824273406921, -7.840234669936247 ], [ 112.030835663138973, -7.840236217558719 ], [ 112.03084015679319, -7.840236827896641 ], [ 112.030839532947311, -7.840241306304691 ], [ 112.030833628795449, -7.840283733551777 ], [ 112.030816731797259, -7.840405163505695 ], [ 112.030775244093007, -7.840703303236916 ], [ 112.030753574711582, -7.840859018787857 ], [ 112.030731689670205, -7.841016291374014 ], [ 112.030699497955808, -7.841247629564653 ], [ 112.030696079324841, -7.841272192946604 ], [ 112.030691009330326, -7.841308631792907 ], [ 112.030686456216372, -7.84134135130172 ], [ 112.030682130094263, -7.841339536770056 ], [ 112.030435781764012, -7.841236202757938 ], [ 112.030431458366877, -7.841234389121149 ], [ 112.030433763633184, -7.841218082205184 ], [ 112.030438931347589, -7.84118154001605 ], [ 112.030477575442873, -7.840908241728688 ], [ 112.030566160810309, -7.840281753560308 ], [ 112.030576924080492, -7.840205632899422 ], [ 112.030577557000967, -7.840201155373618 ], [ 112.0305820506548, -7.840201765714377 ], [ 112.03066963835046, -7.840213663373953 ] ] ], [ [ [ 112.032231458417002, -7.84088076422581 ], [ 112.032200096304123, -7.840874324751942 ], [ 112.032144841928542, -7.840862979473494 ], [ 112.03211254064145, -7.840856346939906 ], [ 112.032078998010448, -7.840849459686262 ], [ 112.032038153403235, -7.84084107270787 ], [ 112.031989049498705, -7.840830990280491 ], [ 112.031924764527758, -7.840817790429922 ], [ 112.031891172901183, -7.840810893331952 ], [ 112.031864133724227, -7.840805341328256 ], [ 112.031790109466328, -7.840790142131922 ], [ 112.031721288333131, -7.840776010956785 ], [ 112.031710187010049, -7.84077373188254 ], [ 112.03163489056152, -7.840758270779093 ], [ 112.031566629311925, -7.840744254875989 ], [ 112.031554459960404, -7.840741755926198 ], [ 112.031479112706137, -7.840726284969217 ], [ 112.031422691421582, -7.840714700064408 ], [ 112.031367970636637, -7.84070346461534 ], [ 112.031365134055036, -7.84070288188026 ], [ 112.031363509781599, -7.840702548509427 ], [ 112.031364010187374, -7.840698034226817 ], [ 112.031388247494206, -7.840479206460632 ], [ 112.031388915480093, -7.840473135260354 ], [ 112.031389446867124, -7.840468311590119 ], [ 112.03138994364933, -7.840463799125214 ], [ 112.031394412597493, -7.840464688078724 ], [ 112.031424062826702, -7.840470588254274 ], [ 112.031439451438544, -7.840473650918066 ], [ 112.031495514293226, -7.84048480710312 ], [ 112.031509805856658, -7.840487650868266 ], [ 112.031570198830082, -7.840499668298075 ], [ 112.031625032160917, -7.840510579665547 ], [ 112.031699369172628, -7.840525372951724 ], [ 112.031743118603984, -7.840534078442682 ], [ 112.031797733256724, -7.840544946005632 ], [ 112.031867524196343, -7.840558834220967 ], [ 112.031927527001173, -7.840570773868289 ], [ 112.031966071586652, -7.84057844386559 ], [ 112.032018199969812, -7.840588817346552 ], [ 112.032087620698533, -7.840602631363871 ], [ 112.03212006845898, -7.840609088085523 ], [ 112.032185489369454, -7.840622106954791 ], [ 112.03220229806908, -7.840625451000966 ], [ 112.032356614370102, -7.840656158560794 ], [ 112.0323889369146, -7.84066259024383 ], [ 112.032461257715283, -7.840676981342176 ], [ 112.032530085023922, -7.840690677354141 ], [ 112.032594703808201, -7.840703536232021 ], [ 112.03269266778814, -7.840723030458006 ], [ 112.032729459291772, -7.840730351052493 ], [ 112.032763386131705, -7.840737102553395 ], [ 112.032767836029009, -7.840737987920616 ], [ 112.03276710968963, -7.840742454822802 ], [ 112.032756334369466, -7.84080874447435 ], [ 112.032745440207066, -7.840875757953202 ], [ 112.032744468136016, -7.840881717750786 ], [ 112.032740262844527, -7.840907569148309 ], [ 112.032734687054671, -7.84094184405584 ], [ 112.032730914158279, -7.840965030876424 ], [ 112.032728762825926, -7.84097825786641 ], [ 112.032728035581343, -7.840982725675204 ], [ 112.032723590147015, -7.840981812259926 ], [ 112.032713725624461, -7.84097978703573 ], [ 112.032672236733987, -7.84097126784801 ], [ 112.032638989907966, -7.84096444141657 ], [ 112.032577797384263, -7.840951877130474 ], [ 112.032558619141668, -7.840947939280992 ], [ 112.032490659110692, -7.840933985202146 ], [ 112.032448620333042, -7.840925353382508 ], [ 112.032416544986091, -7.840918767349407 ], [ 112.032355477695646, -7.840906228950405 ], [ 112.032270276768429, -7.840888734691586 ], [ 112.032231458417002, -7.84088076422581 ] ] ], [ [ [ 112.031166863951782, -7.840132557893426 ], [ 112.031294225388052, -7.840161450677853 ], [ 112.031398051793246, -7.840184634475075 ], [ 112.031396665958908, -7.840197153236655 ], [ 112.031386078699228, -7.840292755585524 ], [ 112.031384189804925, -7.840309815768839 ], [ 112.03137690833853, -7.840375564152914 ], [ 112.031373397596624, -7.840407269967818 ], [ 112.031368769829513, -7.840449059186605 ], [ 112.031359879828116, -7.840529335594979 ], [ 112.031353246048553, -7.840589241646692 ], [ 112.031348951869646, -7.840628015615716 ], [ 112.031345299178852, -7.840661006959394 ], [ 112.031339840078658, -7.840710303093383 ], [ 112.031331363524146, -7.84078684775548 ], [ 112.031320502980478, -7.840884915318407 ], [ 112.031316229226789, -7.840923513779792 ], [ 112.031309915717401, -7.8409805221889 ], [ 112.031309834095367, -7.840981260395718 ], [ 112.031309415313331, -7.840985037375901 ], [ 112.031304956242451, -7.840984110412348 ], [ 112.031031955768356, -7.84092739071582 ], [ 112.031025803471309, -7.840926120597286 ], [ 112.030989092835611, -7.840918494864693 ], [ 112.030984639211908, -7.840917569693048 ], [ 112.030985206767369, -7.840913067907877 ], [ 112.031024231286267, -7.840603613576049 ], [ 112.031059715202119, -7.840322230266613 ], [ 112.031085040894467, -7.840121402319356 ], [ 112.031086025681233, -7.840113598378358 ], [ 112.031090465070065, -7.840114639350658 ], [ 112.031166863951782, -7.840132557893426 ] ] ], [ [ [ 112.030434706345034, -7.840181749650834 ], [ 112.03046204024325, -7.840185462346007 ], [ 112.030503278795493, -7.840191064719495 ], [ 112.030521154519434, -7.840193492761225 ], [ 112.030550596889796, -7.840197492419113 ], [ 112.030555090543601, -7.840198102760154 ], [ 112.030554457625115, -7.840202581190372 ], [ 112.030542141458369, -7.840289684411588 ], [ 112.030521173828731, -7.840437969334636 ], [ 112.030518443328134, -7.840457275445172 ], [ 112.030457927698905, -7.840885256929437 ], [ 112.030457265355054, -7.840889940735073 ], [ 112.030452968700601, -7.840887936199888 ], [ 112.030273770371224, -7.840804298809942 ], [ 112.030269454647893, -7.84080228437066 ], [ 112.030270051619922, -7.840797570879085 ], [ 112.030323434680355, -7.840376038181586 ], [ 112.030332883000867, -7.840301429311791 ], [ 112.030348937145405, -7.840174661722394 ], [ 112.030349504745686, -7.840170175312203 ], [ 112.03035399839915, -7.8401707856555 ], [ 112.03039117061455, -7.840175835438975 ], [ 112.030434706345034, -7.840181749650834 ] ] ], [ [ [ 112.030072636230571, -7.840411947598509 ], [ 112.030078046663419, -7.840374145862532 ], [ 112.030080679669069, -7.840355754359998 ], [ 112.03008603303951, -7.840318352517484 ], [ 112.030094051510716, -7.84026233389317 ], [ 112.030101482399743, -7.840210422775678 ], [ 112.030105754214347, -7.840180576395154 ], [ 112.0301089596461, -7.840158185048887 ], [ 112.030109540987382, -7.840154121873937 ], [ 112.030111771365185, -7.840150505067089 ], [ 112.030115196438388, -7.840146614916371 ], [ 112.030115434303411, -7.840146344817214 ], [ 112.030119042264374, -7.840143431897818 ], [ 112.030119749193332, -7.840142861288159 ], [ 112.030124591113832, -7.840140151558442 ], [ 112.030125671262056, -7.840139768155412 ], [ 112.030127103823759, -7.840139962719558 ], [ 112.030132959272024, -7.840140757853923 ], [ 112.030221915102388, -7.840152842191852 ], [ 112.030263509295892, -7.840158492558411 ], [ 112.030322544636647, -7.840166512342573 ], [ 112.030327037383131, -7.840167122688372 ], [ 112.030326469784839, -7.840171610002958 ], [ 112.030301453076547, -7.840369153243874 ], [ 112.030248363582714, -7.840788366288931 ], [ 112.030247775508656, -7.840793010118355 ], [ 112.030243428651843, -7.840791243566173 ], [ 112.030035042023897, -7.840706591259326 ], [ 112.030030712418551, -7.840704831897834 ], [ 112.030031373124615, -7.840700217736654 ], [ 112.030032443974434, -7.84069273465447 ], [ 112.030038968080589, -7.840647159412666 ], [ 112.030047021338177, -7.840590900127523 ], [ 112.030049340477348, -7.840574696281743 ], [ 112.030058576040673, -7.840510176744456 ], [ 112.030060642845555, -7.840495735327234 ], [ 112.030067715300135, -7.840446327618411 ], [ 112.030072636230571, -7.840411947598509 ] ] ], [ [ [ 112.031407143305884, -7.840308449955134 ], [ 112.031408971000616, -7.840291950662273 ], [ 112.031418560223258, -7.840205400386894 ], [ 112.031420331180286, -7.840189432127689 ], [ 112.031682257571262, -7.840241126665607 ], [ 112.031810082990233, -7.840265796315175 ], [ 112.03192851055978, -7.840288999371341 ], [ 112.032808739964054, -7.840458212042339 ], [ 112.032813195228627, -7.840459068454863 ], [ 112.032812305395979, -7.840464540568484 ], [ 112.032793026803972, -7.840583188947145 ], [ 112.032792443348796, -7.840586751983477 ], [ 112.032785068188218, -7.840632069748391 ], [ 112.032779425316065, -7.840666723772429 ], [ 112.032773711076132, -7.840701860027241 ], [ 112.032772194067292, -7.840711187412009 ], [ 112.032771467727969, -7.840715654314175 ], [ 112.032767017830949, -7.840714768946961 ], [ 112.031590699155714, -7.840480683141141 ], [ 112.031577512828505, -7.840478068203124 ], [ 112.03157518716452, -7.840477607218955 ], [ 112.031512728947789, -7.840465177910195 ], [ 112.031488877010972, -7.840460432050427 ], [ 112.031451553798803, -7.840453004113405 ], [ 112.03139691102821, -7.840442129336328 ], [ 112.031392429376325, -7.84044123770065 ], [ 112.031392924344559, -7.840436725240202 ], [ 112.031397764413427, -7.84039312575656 ], [ 112.031407143305884, -7.840308449955134 ] ] ], [ [ [ 112.029955323427998, -7.840116627335219 ], [ 112.030004081332862, -7.840123250549894 ], [ 112.03005649367779, -7.840130370391929 ], [ 112.030067015159574, -7.840131799871525 ], [ 112.03008490449173, -7.84013423061243 ], [ 112.030089397237845, -7.840134840960851 ], [ 112.03008875705423, -7.840139317599916 ], [ 112.030083922609222, -7.840173091446506 ], [ 112.030073746371841, -7.840244181187281 ], [ 112.030060851542615, -7.840334265888441 ], [ 112.030043581462351, -7.840454919855064 ], [ 112.030026941753519, -7.84057116594246 ], [ 112.030014597061566, -7.840657410936713 ], [ 112.030011857956325, -7.840676547036896 ], [ 112.0300097278283, -7.840691424539706 ], [ 112.030009068031177, -7.840696039603101 ], [ 112.030004738428218, -7.840694281145764 ], [ 112.02999860943666, -7.840691790890948 ], [ 112.029794267426254, -7.840608780936261 ], [ 112.029789967783188, -7.840607034160678 ], [ 112.029790755591904, -7.840602471240697 ], [ 112.029837645116885, -7.840330961637365 ], [ 112.029875739928372, -7.840110379762314 ], [ 112.029876509852656, -7.840105920894408 ], [ 112.029881006226248, -7.840106531236282 ], [ 112.029912498996183, -7.840110809914524 ], [ 112.029955323427998, -7.840116627335219 ] ] ], [ [ [ 112.030785426883028, -7.839800659480991 ], [ 112.030863712855634, -7.839832860599089 ], [ 112.030893095290423, -7.839844945901175 ], [ 112.030885385306718, -7.839902075304754 ], [ 112.030873578022025, -7.839989550807025 ], [ 112.030856339196333, -7.840117278172862 ], [ 112.030846153007246, -7.840192745334827 ], [ 112.030843831813669, -7.840209944048569 ], [ 112.030843227020469, -7.840214425123243 ], [ 112.03083873336648, -7.840213814785352 ], [ 112.030833613703123, -7.840213119155244 ], [ 112.030751582060574, -7.840201975785291 ], [ 112.030628209349246, -7.840185216726411 ], [ 112.030585216159281, -7.84017937627427 ], [ 112.03058072250569, -7.840178765933494 ], [ 112.030581356330828, -7.840174287501058 ], [ 112.030583731133305, -7.840157492932167 ], [ 112.030641845980682, -7.839746492388485 ], [ 112.030642499404109, -7.839741870105223 ], [ 112.030646827238044, -7.839743650267389 ], [ 112.030785426883028, -7.839800659480991 ] ] ], [ [ [ 112.030616532401353, -7.839731189131106 ], [ 112.030620860235061, -7.839732969293588 ], [ 112.030620206811363, -7.839737591576846 ], [ 112.030561259318972, -7.840154473795413 ], [ 112.030558889877142, -7.840171235792038 ], [ 112.030558256049545, -7.840175713320061 ], [ 112.030553763302947, -7.840175102976785 ], [ 112.03050597252988, -7.840168611315502 ], [ 112.030398980387616, -7.84015407677501 ], [ 112.030375227441311, -7.84015085003254 ], [ 112.03035684002576, -7.84014835269131 ], [ 112.030352346370307, -7.840147741443598 ], [ 112.030352913970532, -7.84014325503344 ], [ 112.030355002031186, -7.84012676686033 ], [ 112.030414977467643, -7.839653175864683 ], [ 112.030415566431259, -7.839648525702112 ], [ 112.030419910606369, -7.839650313062259 ], [ 112.030616532401353, -7.839731189131106 ] ] ], [ [ [ 112.030140037558368, -7.839941069790773 ], [ 112.0301496163802, -7.839874149985638 ], [ 112.030161015921053, -7.83979451228645 ], [ 112.030172001737952, -7.839717763414179 ], [ 112.030175274036893, -7.839694904318803 ], [ 112.030184480149984, -7.839630588347791 ], [ 112.030194242632177, -7.83956238200718 ], [ 112.030194904229859, -7.839557762417246 ], [ 112.030199230244321, -7.839559541684547 ], [ 112.030389499574014, -7.839637804257837 ], [ 112.030393843748939, -7.839639591618282 ], [ 112.030393255689788, -7.83964424087424 ], [ 112.030389962125824, -7.839670248309819 ], [ 112.030333900319775, -7.840112931106759 ], [ 112.030332531125524, -7.8401237477087 ], [ 112.030330446611686, -7.840140203313982 ], [ 112.030329879011219, -7.840144689724175 ], [ 112.030325385358012, -7.840144079380594 ], [ 112.030295576459054, -7.840140029955298 ], [ 112.030188005494509, -7.840125417186294 ], [ 112.030130184070742, -7.84011756173084 ], [ 112.03011956188449, -7.840116118932812 ], [ 112.030115068231638, -7.840115508586891 ], [ 112.030115709321905, -7.840111031945584 ], [ 112.030120270915688, -7.840079160762922 ], [ 112.030122715785012, -7.840062083843669 ], [ 112.030134088579075, -7.839982631616229 ], [ 112.030140037558368, -7.839941069790773 ] ] ], [ [ [ 112.030890952837439, -7.839694148082946 ], [ 112.030931337406571, -7.839722764583447 ], [ 112.03091611188465, -7.839833848399137 ], [ 112.030915318709106, -7.839832172640713 ], [ 112.030914261073889, -7.839830647663414 ], [ 112.030912968103777, -7.8398293149993 ], [ 112.030911474354127, -7.839828211644944 ], [ 112.030909819804165, -7.839827367348446 ], [ 112.030866823798164, -7.839809681733276 ], [ 112.030844466492823, -7.83980048513761 ], [ 112.030803302582939, -7.839783553839843 ], [ 112.030637637412028, -7.839715411423481 ], [ 112.030410429384659, -7.839621960062547 ], [ 112.030191274253383, -7.83953181080609 ], [ 112.030190061334963, -7.839531311819315 ], [ 112.030189631925452, -7.839531141029711 ], [ 112.030190222694387, -7.839526486340604 ], [ 112.030190368606654, -7.839525336465059 ], [ 112.03015848763944, -7.839512549962359 ], [ 112.030158373605374, -7.839513385925934 ], [ 112.030157745599993, -7.839518019904443 ], [ 112.03011146224172, -7.839498981995357 ], [ 112.029981246779272, -7.839446819624409 ], [ 112.029980860954595, -7.839446669529646 ], [ 112.029901154574006, -7.839414739410614 ], [ 112.029728477278255, -7.839345567328892 ], [ 112.029690026277365, -7.839330164984602 ], [ 112.029648578471054, -7.839313561656089 ], [ 112.029518581898472, -7.839261486320657 ], [ 112.029466766481775, -7.839240729888734 ], [ 112.029342811675775, -7.839191075331922 ], [ 112.029291674444679, -7.839170593971653 ], [ 112.029289912708705, -7.839170049293238 ], [ 112.029288070974403, -7.839169797842694 ], [ 112.029286211850106, -7.839169851224471 ], [ 112.029284387022983, -7.839170205694562 ], [ 112.029282645450465, -7.839170853898047 ], [ 112.029281032433303, -7.839171776731293 ], [ 112.029279593261123, -7.839172950568725 ], [ 112.029278365038792, -7.839174342760555 ], [ 112.02927738213927, -7.839175916141469 ], [ 112.029276669854852, -7.839177629046371 ], [ 112.029276248025084, -7.839179435301292 ], [ 112.029260080392092, -7.839288573292817 ], [ 112.029255300230872, -7.839320843858279 ], [ 112.029247681222571, -7.839372274282093 ], [ 112.029166769739419, -7.839998151278166 ], [ 112.029120373661627, -7.840350324050799 ], [ 112.02908095790788, -7.840649520495782 ], [ 112.029079729227973, -7.840658848077561 ], [ 112.029075404740865, -7.840656955743331 ], [ 112.028973517381885, -7.840612377984127 ], [ 112.029004522471269, -7.840378667693557 ], [ 112.029039456278184, -7.840115347010985 ], [ 112.02907617187843, -7.839838594941319 ], [ 112.029164082696155, -7.839260797947694 ], [ 112.029202010289126, -7.839011518318272 ], [ 112.029221079112972, -7.839018582282393 ], [ 112.029278652287587, -7.839036939722307 ], [ 112.029406891975185, -7.839076827845465 ], [ 112.029488981076511, -7.839085241828165 ], [ 112.029627365858346, -7.839152385128384 ], [ 112.029833502011911, -7.839252384943464 ], [ 112.030122670729398, -7.839362679191702 ], [ 112.030366212339345, -7.839455570736841 ], [ 112.030431923880158, -7.839480634271411 ], [ 112.030480575933097, -7.83949919062327 ], [ 112.030486174669107, -7.839467163151205 ], [ 112.030497819090513, -7.839392714416951 ], [ 112.030526701111398, -7.83920806056383 ], [ 112.03055052026555, -7.839059066833341 ], [ 112.030889463941179, -7.839089213833359 ], [ 112.030883978090799, -7.839200260245687 ], [ 112.030924291931456, -7.839200161577704 ], [ 112.030890952837439, -7.839694148082946 ] ] ], [ [ [ 112.029985812410771, -7.839473014953591 ], [ 112.029990115614325, -7.839474739109405 ], [ 112.030102913098261, -7.839519923962557 ], [ 112.030154602841037, -7.83954118528158 ], [ 112.030168948141423, -7.839547085907935 ], [ 112.0301732741557, -7.839548865175534 ], [ 112.030172612557777, -7.839553484765482 ], [ 112.03016229813791, -7.839625541670211 ], [ 112.030135056063102, -7.839815864938508 ], [ 112.030124149587351, -7.839892056493495 ], [ 112.030115894834367, -7.839949724454639 ], [ 112.030107496539259, -7.840008400291437 ], [ 112.030098523125559, -7.840071088640348 ], [ 112.030093242871828, -7.840107980210835 ], [ 112.03009260178132, -7.840112456852134 ], [ 112.030088108128496, -7.840111846505915 ], [ 112.030020549097614, -7.840102668169028 ], [ 112.029918803652521, -7.840088846920241 ], [ 112.029897317041375, -7.840085927537242 ], [ 112.029884856749803, -7.840084235085752 ], [ 112.029880360376467, -7.840083624743872 ], [ 112.029881130298463, -7.840079164971568 ], [ 112.02988383800826, -7.840063487452943 ], [ 112.029888558606302, -7.840036151551504 ], [ 112.029977677676413, -7.839520117178521 ], [ 112.029985025500579, -7.839477573349345 ], [ 112.029985812410771, -7.839473014953591 ] ] ], [ [ [ 112.031129424249173, -7.838800542354849 ], [ 112.031123436520673, -7.838843638173712 ], [ 112.031118700712867, -7.838879866377156 ], [ 112.031117627096407, -7.838886954234696 ], [ 112.031116999768642, -7.838890385332524 ], [ 112.031114721729892, -7.838906688564581 ], [ 112.031114095186325, -7.838911175119091 ], [ 112.03106516087739, -7.838907256665723 ], [ 112.031060638825338, -7.838906894209108 ], [ 112.031060958106735, -7.838903960392159 ], [ 112.031061128393745, -7.838902397136865 ], [ 112.031089080611778, -7.838645191138021 ], [ 112.031089569268516, -7.838640692259164 ], [ 112.031094095763336, -7.838641018528151 ], [ 112.031151421675489, -7.838645145258636 ], [ 112.031150786065083, -7.838649632739765 ], [ 112.031145122683, -7.838689640977891 ], [ 112.031129424249173, -7.838800542354849 ] ] ], [ [ [ 112.03009433054568, -7.838573581766246 ], [ 112.030094847333075, -7.838569084627223 ], [ 112.030099374734675, -7.838569410904887 ], [ 112.030102129637314, -7.838569609471544 ], [ 112.030136149999421, -7.838572057750278 ], [ 112.030194695977869, -7.838576272976281 ], [ 112.030303193943155, -7.838584083189187 ], [ 112.030304555519578, -7.838584181154038 ], [ 112.030395377483799, -7.838590719548208 ], [ 112.030543486351633, -7.838601381214988 ], [ 112.030620756956679, -7.838606944283318 ], [ 112.030663984516565, -7.838610055542556 ], [ 112.030784953474182, -7.838618763955342 ], [ 112.03085532366903, -7.838623829250054 ], [ 112.03094149849629, -7.83863003340809 ], [ 112.031051018780445, -7.838637916893972 ], [ 112.031062413934094, -7.838638737348547 ], [ 112.031066940428914, -7.838639063617832 ], [ 112.031066451771906, -7.838643562496714 ], [ 112.031038518135972, -7.838900585757397 ], [ 112.031038366480715, -7.838901980744905 ], [ 112.031038029476491, -7.838905083731859 ], [ 112.031033507424468, -7.838904721274931 ], [ 112.030445248888313, -7.838857609646747 ], [ 112.030380424355329, -7.838852417669885 ], [ 112.030069684613565, -7.838827531917237 ], [ 112.030065161654889, -7.83882716945191 ], [ 112.030065679353982, -7.838822674119488 ], [ 112.030078669434275, -7.838709733569691 ], [ 112.030083771701129, -7.838665374632684 ], [ 112.030087526049925, -7.838632742092902 ], [ 112.030091500586337, -7.83859818350303 ], [ 112.030093148659986, -7.838583857066689 ], [ 112.03009433054568, -7.838573581766246 ] ] ], [ [ [ 112.031257379320081, -7.837896621800476 ], [ 112.031254918924262, -7.837914003548193 ], [ 112.031247791791756, -7.837964351086082 ], [ 112.03119147450586, -7.838362196062254 ], [ 112.031185762107611, -7.838402554431139 ], [ 112.031180519483158, -7.838439586096226 ], [ 112.031172189786631, -7.838498433607397 ], [ 112.03116368267213, -7.838558526939752 ], [ 112.031155233512635, -7.838618215854267 ], [ 112.031154597904532, -7.838622704239814 ], [ 112.031096854724311, -7.83861854778046 ], [ 112.031092322788069, -7.838618221524769 ], [ 112.031092929370104, -7.838613731401463 ], [ 112.031104696700424, -7.838526624095236 ], [ 112.031121839524815, -7.838399720889914 ], [ 112.031137088669468, -7.83828683540978 ], [ 112.031187319982365, -7.837914993852213 ], [ 112.031190593374518, -7.837890760034205 ], [ 112.031191199057432, -7.83788627353075 ], [ 112.031195721182854, -7.837886670355175 ], [ 112.031258014031195, -7.837892137939232 ], [ 112.031257379320081, -7.837896621800476 ] ] ], [ [ [ 112.03093701326118, -7.837864821453518 ], [ 112.03099538239924, -7.837869085851378 ], [ 112.031016144262239, -7.837870908094989 ], [ 112.031034121187176, -7.837872486628964 ], [ 112.031147424698929, -7.837882431074359 ], [ 112.031164067209517, -7.837883891676515 ], [ 112.031168589337184, -7.83788428940565 ], [ 112.031167982744847, -7.837888775006911 ], [ 112.031166713477845, -7.837898175042 ], [ 112.031142427073107, -7.838077954585212 ], [ 112.031111401465608, -7.838307624888372 ], [ 112.031099366048096, -7.838396724384682 ], [ 112.03108222230982, -7.838523627592213 ], [ 112.031070271503012, -7.838612100117906 ], [ 112.031069664920693, -7.838616590241246 ], [ 112.031065132984466, -7.838616263985279 ], [ 112.030851568665355, -7.838600889673862 ], [ 112.030802859424469, -7.838597383954403 ], [ 112.030798332929947, -7.838597057682193 ], [ 112.030798832475455, -7.838592559681044 ], [ 112.030800306229338, -7.838579273755148 ], [ 112.030827764568016, -7.838331748973393 ], [ 112.030879526111875, -7.837865155676318 ], [ 112.030880024751937, -7.837860658581763 ], [ 112.030884550340346, -7.837860988474037 ], [ 112.03093701326118, -7.837864821453518 ] ] ], [ [ [ 112.030682765822036, -7.837849277045482 ], [ 112.030760812847319, -7.837852714626758 ], [ 112.030787188921124, -7.837853875580207 ], [ 112.030852870303505, -7.83785867470738 ], [ 112.0308573958919, -7.837859004599939 ], [ 112.030856897253813, -7.837863502598897 ], [ 112.030806273174392, -7.838319846028644 ], [ 112.030804735538055, -7.838333708226727 ], [ 112.030777664913003, -7.838577733761459 ], [ 112.030776200916719, -7.838590931030263 ], [ 112.030775702277921, -7.838595429029199 ], [ 112.030771175783386, -7.838595102756693 ], [ 112.030561834985107, -7.838580032698958 ], [ 112.030557299421176, -7.838579706446278 ], [ 112.03055796224865, -7.8385752198031 ], [ 112.03055978125478, -7.838562916137587 ], [ 112.030590974568639, -7.838351889152132 ], [ 112.030611566995319, -7.838212576997885 ], [ 112.030611632807663, -7.838212047750831 ], [ 112.030647530852576, -7.837852251967781 ], [ 112.030647980495658, -7.837847745044439 ], [ 112.030652517553932, -7.837847944674599 ], [ 112.030682765822036, -7.837849277045482 ] ] ], [ [ [ 112.030452564059544, -7.837839139080102 ], [ 112.030522770555578, -7.837842231402421 ], [ 112.030620757236761, -7.837846546360212 ], [ 112.030625294295049, -7.837846745990666 ], [ 112.030624844651726, -7.837851252914049 ], [ 112.03058909706769, -7.838209544278135 ], [ 112.030567764181114, -7.838353863307201 ], [ 112.030566025469952, -7.838365625932786 ], [ 112.030537090954539, -7.838561372632882 ], [ 112.030535285333883, -7.838573587632399 ], [ 112.030534621599188, -7.838578074277809 ], [ 112.030530086033011, -7.83857774712045 ], [ 112.030322797126203, -7.838562824768935 ], [ 112.030318264283125, -7.838562498506995 ], [ 112.030318889017011, -7.838558010148166 ], [ 112.030320469987316, -7.838546641331542 ], [ 112.030362602911609, -7.838243732822315 ], [ 112.030371370464266, -7.838180700391787 ], [ 112.030388843184681, -7.838055085180303 ], [ 112.030418459269569, -7.83784216367529 ], [ 112.030419085789475, -7.837837664459043 ], [ 112.030423635547322, -7.837837864965054 ], [ 112.030452564059544, -7.837839139080102 ] ] ], [ [ [ 112.031261677155243, -7.837865222465063 ], [ 112.03126107782397, -7.837869709857392 ], [ 112.031182923535965, -7.837862855731964 ], [ 112.031182403725097, -7.837862803643517 ], [ 112.031149444370186, -7.837859910584099 ], [ 112.031036139957678, -7.837849966140666 ], [ 112.031017013680568, -7.837848287315603 ], [ 112.030997204322489, -7.837846548660773 ], [ 112.030967113551071, -7.837844351301166 ], [ 112.030938538565366, -7.837842264186985 ], [ 112.030871204431946, -7.837837347020459 ], [ 112.030870786241223, -7.837837311866966 ], [ 112.030788681572361, -7.83783131387095 ], [ 112.03078835320926, -7.837831294777137 ], [ 112.030638262017533, -7.837824684389538 ], [ 112.030409820858466, -7.83781462801163 ], [ 112.030176736492237, -7.837804359470779 ], [ 112.030174864721857, -7.837804430975018 ], [ 112.030173030892385, -7.837804809889525 ], [ 112.03017128394994, -7.837805484337153 ], [ 112.030169672825096, -7.837806436109743 ], [ 112.030168240079774, -7.837807638875152 ], [ 112.030167026450926, -7.837809061783377 ], [ 112.03016606358149, -7.837810664058149 ], [ 112.03016537857313, -7.837812402220976 ], [ 112.030164989449105, -7.837814229197917 ], [ 112.030144922478726, -7.837971809362688 ], [ 112.03013561282566, -7.8380449183652 ], [ 112.030132882123979, -7.83806636252668 ], [ 112.030131759231026, -7.83807517885231 ], [ 112.030131187113568, -7.838079673413363 ], [ 112.030126653439893, -7.838079376092178 ], [ 112.030121866683814, -7.838079061301373 ], [ 112.030093651411889, -7.838077210210006 ], [ 112.030028028335465, -7.838072902829993 ], [ 112.029997303124091, -7.838070886933503 ], [ 112.029975041131848, -7.838069425554317 ], [ 112.029939329602968, -7.838067081782544 ], [ 112.029913718606281, -7.838065400673881 ], [ 112.029898175487233, -7.838064380501099 ], [ 112.02987037838632, -7.838062556409215 ], [ 112.029518751038808, -7.838039478577045 ], [ 112.029516831114279, -7.838039515828219 ], [ 112.029514944631075, -7.83803987497147 ], [ 112.029513146888419, -7.838040545923069 ], [ 112.029511487723909, -7.838041510472779 ], [ 112.029510016041471, -7.838042739559627 ], [ 112.029508773478412, -7.838044199618267 ], [ 112.029507795298898, -7.838045847150338 ], [ 112.029507110411856, -7.838047635959741 ], [ 112.029506738643462, -7.838049514446041 ], [ 112.029483683224655, -7.838257001527154 ], [ 112.029483183666983, -7.838261500433044 ], [ 112.029478653634172, -7.838261209427083 ], [ 112.02920076775932, -7.838243349619455 ], [ 112.029198858719226, -7.838243387747113 ], [ 112.029196983113565, -7.838243745053688 ], [ 112.02919519442554, -7.838244410555445 ], [ 112.029193543399685, -7.838245366039973 ], [ 112.029192076223595, -7.838246584261852 ], [ 112.029190835439351, -7.838248030749104 ], [ 112.029189854501709, -7.838249663816669 ], [ 112.029189163231109, -7.838251439075041 ], [ 112.029188780544487, -7.838253304021593 ], [ 112.029184958023535, -7.83828553516603 ], [ 112.029179925307318, -7.838327972040006 ], [ 112.029175129830406, -7.838368407755196 ], [ 112.029167855315038, -7.838429747982063 ], [ 112.029163438346089, -7.838466987453236 ], [ 112.029160707872364, -7.838490021586148 ], [ 112.02916065462432, -7.83849049744165 ], [ 112.029152463160528, -7.838563643506617 ], [ 112.029151360887539, -7.838573478159855 ], [ 112.029131698686868, -7.83874904445909 ], [ 112.029131207016874, -7.838753433006377 ], [ 112.029126630817103, -7.838753549099519 ], [ 112.028976981062371, -7.838757330686338 ], [ 112.028977155864922, -7.838752802727816 ], [ 112.028977602596868, -7.838741196106316 ], [ 112.028985925368133, -7.838652818366227 ], [ 112.029029291945875, -7.83819230606798 ], [ 112.029029934451074, -7.838181016419922 ], [ 112.029253765880696, -7.838198842006352 ], [ 112.029471074147153, -7.83821614799551 ], [ 112.02948653802423, -7.838121074562908 ], [ 112.02949456568507, -7.83807171607243 ], [ 112.029508711707351, -7.837984742236051 ], [ 112.029657493321679, -7.837986173890632 ], [ 112.029851907703502, -7.838003645086217 ], [ 112.029866040748587, -7.837895928388257 ], [ 112.030146841644296, -7.837913189163592 ], [ 112.030149714421569, -7.83788165855491 ], [ 112.030155233013403, -7.837821087762726 ], [ 112.030171375513447, -7.837643922015062 ], [ 112.030291447459831, -7.837653832966584 ], [ 112.030493305742297, -7.837670493405404 ], [ 112.030602426764489, -7.837679500403955 ], [ 112.030648761380306, -7.837683324899441 ], [ 112.03066944166099, -7.837683324953652 ], [ 112.030718933938118, -7.837683325061343 ], [ 112.030718933676752, -7.837689116971263 ], [ 112.030802691218739, -7.837696029831631 ], [ 112.030802691240083, -7.837689035043137 ], [ 112.030836954914605, -7.837689035316632 ], [ 112.030901676697809, -7.837689035218995 ], [ 112.030901676828549, -7.837704199637385 ], [ 112.030983681789493, -7.837710968424646 ], [ 112.031022243172018, -7.837714151674041 ], [ 112.031082448782641, -7.837719120633608 ], [ 112.031097243597358, -7.837719750076969 ], [ 112.031097218747291, -7.837720339819899 ], [ 112.031279010321839, -7.837735344154343 ], [ 112.031261677155243, -7.837865222465063 ] ] ], [ [ [ 112.030186167410704, -7.837827407276539 ], [ 112.030215358059706, -7.837828692524516 ], [ 112.030288473462249, -7.837831912531475 ], [ 112.030391783616835, -7.837836462335202 ], [ 112.030396334281647, -7.837836662839308 ], [ 112.030395708668408, -7.837841162053333 ], [ 112.030365429513822, -7.838058846050254 ], [ 112.030348896110482, -7.838177711081802 ], [ 112.030341142727579, -7.838233450496968 ], [ 112.030297794200521, -7.838545098682631 ], [ 112.03029622479967, -7.838556377933311 ], [ 112.030295600974696, -7.838560867194333 ], [ 112.030291068131646, -7.838560540932097 ], [ 112.030101960491919, -7.838546927918546 ], [ 112.030097433997511, -7.83854660163866 ], [ 112.030097950787095, -7.838542105404052 ], [ 112.030105056315733, -7.838480333278662 ], [ 112.030112130747469, -7.838418824415704 ], [ 112.03011729518083, -7.838373929909526 ], [ 112.030124058847406, -7.838315133259726 ], [ 112.030139423369192, -7.83819447038567 ], [ 112.030152335713439, -7.838093076764511 ], [ 112.030168490373612, -7.837966222102803 ], [ 112.030186167410704, -7.837827407276539 ] ] ], [ [ [ 112.029528079996311, -7.838062750946816 ], [ 112.029657481116729, -7.838071243744679 ], [ 112.029703045541737, -7.838074233632964 ], [ 112.029883528964334, -7.83808607899453 ], [ 112.029889767076497, -7.838086488821722 ], [ 112.029923814988322, -7.838088722707727 ], [ 112.030035983075365, -7.838096088102758 ], [ 112.030088483180748, -7.838099537619883 ], [ 112.030091013964565, -7.83809969603612 ], [ 112.030115497439908, -7.838101303015021 ], [ 112.030123791940909, -7.838101847091004 ], [ 112.030128325617071, -7.838102145316619 ], [ 112.030127752590417, -7.838106638975524 ], [ 112.030122702271143, -7.838146303842215 ], [ 112.030117342294417, -7.838188393313628 ], [ 112.030111093438165, -7.838237463468798 ], [ 112.030106443488165, -7.838273973641436 ], [ 112.03010347255983, -7.838297309534015 ], [ 112.030102899535137, -7.838301804097312 ], [ 112.030098365863438, -7.83830150858493 ], [ 112.030032357330569, -7.8382972148146 ], [ 112.029958058840748, -7.83829238237051 ], [ 112.029897113722967, -7.838288418069694 ], [ 112.02984290833507, -7.838284892207009 ], [ 112.02975292069506, -7.838279038099916 ], [ 112.029626690907733, -7.838270827003255 ], [ 112.029588120242195, -7.838268318351949 ], [ 112.029510362990109, -7.838263260036053 ], [ 112.029505832948416, -7.838262965412747 ], [ 112.029506333412797, -7.838258466504699 ], [ 112.029528079996311, -7.838062750946816 ] ] ], [ [ [ 112.031538588206615, -7.836448867083237 ], [ 112.031538657163892, -7.836448510572786 ], [ 112.031538790877704, -7.836447933225227 ], [ 112.031539056394195, -7.836446370641197 ], [ 112.031540048649447, -7.836442708927105 ], [ 112.031540625924606, -7.836441052424528 ], [ 112.031541319985976, -7.836439310620516 ], [ 112.031542038646094, -7.836437613977289 ], [ 112.031552675895554, -7.836412795059369 ], [ 112.031553345295009, -7.836411350870049 ], [ 112.031553938241203, -7.836410165532123 ], [ 112.031554691183942, -7.836408763646006 ], [ 112.031555525865002, -7.836407407685241 ], [ 112.031556254134784, -7.83640629889172 ], [ 112.031557166939749, -7.836404994291664 ], [ 112.031584503494884, -7.836368260354572 ], [ 112.031593519255068, -7.836344970258625 ], [ 112.031602365391862, -7.836315776521671 ], [ 112.031615946774991, -7.836262301070654 ], [ 112.031634658822597, -7.836261162717842 ], [ 112.031644524925156, -7.836260561542001 ], [ 112.031643790422606, -7.836263190681506 ], [ 112.031628589498965, -7.836323035408692 ], [ 112.031619269253468, -7.836353793145173 ], [ 112.03160855560688, -7.836381470219576 ], [ 112.031579016108282, -7.836421163388371 ], [ 112.031578287838556, -7.836422272181891 ], [ 112.03157769489242, -7.836423457519841 ], [ 112.031567058553534, -7.836448277340446 ], [ 112.031566274016271, -7.836450107999179 ], [ 112.031565754384701, -7.836451601564992 ], [ 112.031565448933918, -7.836453152489331 ], [ 112.03156528615429, -7.836454448922264 ], [ 112.031562610750001, -7.836475852249611 ], [ 112.031555018284394, -7.836526155706414 ], [ 112.031554924190331, -7.836526985290275 ], [ 112.031552497073307, -7.836558984198918 ], [ 112.031525280040043, -7.836558067726692 ], [ 112.031525366137174, -7.836556936990444 ], [ 112.031527793256302, -7.83652493808167 ], [ 112.031527887843239, -7.83652394027441 ], [ 112.031527981937359, -7.836523110690551 ], [ 112.031528060280948, -7.836522514485734 ], [ 112.031528112810861, -7.836522116412148 ], [ 112.03153565442571, -7.836472154950806 ], [ 112.03153828713755, -7.836451092694469 ], [ 112.031538409982915, -7.836449784601857 ], [ 112.031538588206615, -7.836448867083237 ] ] ], [ [ [ 112.033804439997269, -7.842388220568407 ], [ 112.033802883518263, -7.842388899991512 ], [ 112.033801447313238, -7.842389804319722 ], [ 112.033800161260331, -7.842390912678075 ], [ 112.033777181346096, -7.842413941357005 ], [ 112.033776036449325, -7.842415283613398 ], [ 112.033775115060763, -7.842416786307667 ], [ 112.033745024365885, -7.842475727046548 ], [ 112.033744464324883, -7.842477015410559 ], [ 112.033744197036185, -7.842477857177016 ], [ 112.033715722088289, -7.842581064379424 ], [ 112.033637616469107, -7.842822406044074 ], [ 112.033571366849827, -7.842931240124551 ], [ 112.033476251074759, -7.843043637927813 ], [ 112.033414229029802, -7.843099317919033 ], [ 112.033357341878244, -7.843063749257943 ], [ 112.03332981208186, -7.843020064625381 ], [ 112.033328880211741, -7.843018791680924 ], [ 112.033327464612853, -7.8430173896873 ], [ 112.033232227999349, -7.842938644076376 ], [ 112.033230636283534, -7.842937541877468 ], [ 112.033229917946542, -7.842937164688552 ], [ 112.03298165828781, -7.842817722114417 ], [ 112.032931495508663, -7.84279358774561 ], [ 112.032957481006875, -7.842803580234832 ], [ 112.033001149062571, -7.842820371272299 ], [ 112.033002919777502, -7.842820871593925 ], [ 112.033004748723798, -7.842821079645092 ], [ 112.03300658781933, -7.842820990117225 ], [ 112.033008388090821, -7.842820604034974 ], [ 112.03301010149859, -7.842819933273629 ], [ 112.03301168364203, -7.842818994221695 ], [ 112.033025926124552, -7.842808895797873 ], [ 112.033060790371223, -7.84278417566836 ], [ 112.033062230355441, -7.842782963830325 ], [ 112.03306344849581, -7.842781530953808 ], [ 112.033064411330969, -7.842779916010939 ], [ 112.033065093577775, -7.84277816428478 ], [ 112.033085472809503, -7.842709361198178 ], [ 112.033155176980202, -7.842474025662192 ], [ 112.033171880414415, -7.842443868403116 ], [ 112.033200782594875, -7.842411562153607 ], [ 112.033246908666271, -7.842387269301075 ], [ 112.033248534993859, -7.842386227036224 ], [ 112.03324996023953, -7.842384923887557 ], [ 112.033251142777118, -7.842383397942849 ], [ 112.033252048251697, -7.84238169360295 ], [ 112.033252649579666, -7.84237986158185 ], [ 112.033292396599592, -7.842211347531753 ], [ 112.033293435986835, -7.842206942266059 ], [ 112.033297889485951, -7.842207810432696 ], [ 112.033356229579312, -7.842219175091941 ], [ 112.033397887206689, -7.842227290408854 ], [ 112.033428146128657, -7.842233184407154 ], [ 112.033490571324592, -7.842245345762573 ], [ 112.033538032656836, -7.842254590910095 ], [ 112.033592077147205, -7.842265118638137 ], [ 112.033609978252613, -7.8422686064523 ], [ 112.033646929223636, -7.84227580445856 ], [ 112.033673514105431, -7.842280983017816 ], [ 112.033712752623003, -7.84228862670739 ], [ 112.033764926069253, -7.842298790002544 ], [ 112.033778643170947, -7.842301461442415 ], [ 112.033839647396306, -7.842313344957804 ], [ 112.033846755926049, -7.842314725735879 ], [ 112.033847178763125, -7.842314804286561 ], [ 112.033848908605691, -7.842314913995907 ], [ 112.033850796475122, -7.84231474385158 ], [ 112.033852691665203, -7.842314232723116 ], [ 112.033854470888258, -7.842313404428154 ], [ 112.033856079780676, -7.842312280806245 ], [ 112.033857470363159, -7.842310898151982 ], [ 112.033858600107209, -7.842309296364262 ], [ 112.033859436476348, -7.842307521648354 ], [ 112.033859954205397, -7.842305626522628 ], [ 112.033861967367116, -7.842294490888549 ], [ 112.0338719337892, -7.842239333907759 ], [ 112.033882125684485, -7.842182930083204 ], [ 112.033887992452179, -7.842150466010107 ], [ 112.033891679647724, -7.842130062296452 ], [ 112.03389807608616, -7.842094662985863 ], [ 112.033906001623919, -7.842050802693771 ], [ 112.033912635171887, -7.842014094105921 ], [ 112.033919388620518, -7.84197672499737 ], [ 112.033924773115999, -7.841946926528269 ], [ 112.033937941795415, -7.841874057672304 ], [ 112.033943842548268, -7.841841401778665 ], [ 112.033945129177198, -7.841834283551131 ], [ 112.033958192272095, -7.84176199830489 ], [ 112.033964810605838, -7.841725374769666 ], [ 112.033968975587939, -7.84170232897774 ], [ 112.033977744857253, -7.841653803426684 ], [ 112.033989609894746, -7.841588145995011 ], [ 112.033992933821409, -7.841569751888946 ], [ 112.033996527962486, -7.841549864827169 ], [ 112.033999336519273, -7.84153432090803 ], [ 112.034009854983196, -7.841476115581836 ], [ 112.034014259742207, -7.841451739704387 ], [ 112.034025446559923, -7.841389832756755 ], [ 112.034037885104723, -7.841320999404108 ], [ 112.034043483433933, -7.841290019237785 ], [ 112.0340464664677, -7.841273512587822 ], [ 112.03405359926245, -7.841234042485321 ], [ 112.034066008280561, -7.841165374713815 ], [ 112.034069024417022, -7.841148684385371 ], [ 112.03408004391801, -7.841087706687187 ], [ 112.034083710525124, -7.841067417885087 ], [ 112.034096676082498, -7.840995680051431 ], [ 112.034104588121181, -7.84095517880588 ], [ 112.034108330981525, -7.840936020340857 ], [ 112.034122971052085, -7.840861089411936 ], [ 112.034132742441528, -7.840811077247088 ], [ 112.034145255371271, -7.840747033516856 ], [ 112.034149421874318, -7.840725710640027 ], [ 112.034151262407519, -7.840716291113385 ], [ 112.034155715859683, -7.840717146611031 ], [ 112.034374558478888, -7.840759215441327 ], [ 112.034376785205268, -7.840759643188917 ], [ 112.03417194707319, -7.84182890145606 ], [ 112.034127140329602, -7.842032227315939 ], [ 112.034055781748151, -7.842391391972839 ], [ 112.034041204294866, -7.842454231565163 ], [ 112.034039042158682, -7.842453519670596 ], [ 112.033965917042408, -7.842429411974253 ], [ 112.033965297132625, -7.8424292271862 ], [ 112.033955019019928, -7.842426475858792 ], [ 112.033945117545713, -7.842423825805573 ], [ 112.03381113636361, -7.842387968072893 ], [ 112.033809466779715, -7.842387652912254 ], [ 112.033807768796379, -7.842387590154376 ], [ 112.033806080507844, -7.842387780610161 ], [ 112.033804439997269, -7.842388220568407 ] ] ], [ [ [ 112.033639302855377, -7.84119904925502 ], [ 112.033698135314268, -7.841211527824942 ], [ 112.033713664201898, -7.841214821586968 ], [ 112.033762357923848, -7.841225149906575 ], [ 112.033794309521426, -7.84123192696767 ], [ 112.033852681918972, -7.841244308062514 ], [ 112.033942532241099, -7.841263366066023 ], [ 112.03398479771765, -7.841272329997764 ], [ 112.034017772904448, -7.841279324301504 ], [ 112.034022211156667, -7.841280265756994 ], [ 112.034021405890243, -7.841284718382711 ], [ 112.034012965893069, -7.841331423433289 ], [ 112.034003207959373, -7.841385423150096 ], [ 112.033988656050383, -7.841465950409538 ], [ 112.033977081802405, -7.841529999069237 ], [ 112.033976277440075, -7.841534450788319 ], [ 112.033971832921353, -7.841533543716024 ], [ 112.033908748509489, -7.841520663216071 ], [ 112.033891123784059, -7.841517064392932 ], [ 112.033867472916597, -7.841512235883425 ], [ 112.033388563768995, -7.84141444894284 ], [ 112.033439461799276, -7.841156660296878 ], [ 112.033462805491325, -7.841161612588656 ], [ 112.033494123695007, -7.841168255565301 ], [ 112.033543496168491, -7.841178727857376 ], [ 112.03356933801922, -7.841184208523521 ], [ 112.033618225926475, -7.84119457798743 ], [ 112.033639302855377, -7.84119904925502 ] ] ], [ [ [ 112.032815027660789, -7.840589039948894 ], [ 112.032818000033515, -7.840570765186842 ], [ 112.032834567368852, -7.840468887783818 ], [ 112.032835467924016, -7.840463350525686 ], [ 112.032839923188703, -7.840464206937892 ], [ 112.034124546222841, -7.840711155402131 ], [ 112.034128999674934, -7.840712010900078 ], [ 112.034127171675479, -7.84072136437328 ], [ 112.034123400156034, -7.840740669424638 ], [ 112.034110099967407, -7.840808746085528 ], [ 112.034100401133742, -7.840858391782129 ], [ 112.034085024853979, -7.840937094139055 ], [ 112.034083950093816, -7.84094259655321 ], [ 112.034077457618949, -7.840975824588843 ], [ 112.034076590644901, -7.840980262895401 ], [ 112.03407214614775, -7.84097936215431 ], [ 112.033971114131106, -7.840958880032596 ], [ 112.03391539366983, -7.840947583168372 ], [ 112.033907402084225, -7.840945954936668 ], [ 112.032798159086198, -7.840721022610194 ], [ 112.032793710962849, -7.840720120959363 ], [ 112.032794437301931, -7.840715654057171 ], [ 112.032795954314722, -7.840706328481229 ], [ 112.032799471662187, -7.840684700602675 ], [ 112.032802458323914, -7.840666335363627 ], [ 112.032811510323214, -7.840610671445118 ], [ 112.032815027660789, -7.840589039948894 ] ] ] ] } },
{ "type": "Feature", "properties": { "OBJECTID": 5, "Name": "Halte Permata Hijau", "REMARK": "Halte", "type": "lines", "start": "613671.0252, 9133392.3318", "NAMZON": "AREA KOMERSIAL", "LUAS": 64767.924 }, "geometry": { "type": "MultiPolygon", "coordinates": [ [ [ [ 112.030834724719014, -7.835146774840338 ], [ 112.030802060193793, -7.834773396118387 ], [ 112.030802067810527, -7.834773395466661 ], [ 112.030799818086209, -7.834747673909585 ], [ 112.030779451706209, -7.834753686585839 ], [ 112.030774841153857, -7.834295805664369 ], [ 112.030945936110356, -7.834244258475511 ], [ 112.031245619962718, -7.834153968687595 ], [ 112.031245784368892, -7.834156281793109 ], [ 112.031246090673761, -7.834160606887219 ], [ 112.031257110530063, -7.83431599374361 ], [ 112.031257694404403, -7.834361988430991 ], [ 112.031258763729696, -7.834446412568371 ], [ 112.031259299434907, -7.834488679351804 ], [ 112.031262253281213, -7.834721596589943 ], [ 112.031265670974022, -7.834991155287573 ], [ 112.031266417157724, -7.835050031237571 ], [ 112.031267453568958, -7.835131759374808 ], [ 112.031267569341992, -7.835138633591841 ], [ 112.0312676958781, -7.835146196046558 ], [ 112.031267798787212, -7.835149316949932 ], [ 112.031267878153784, -7.835151716183321 ], [ 112.031268053537872, -7.835157015658385 ], [ 112.031268301178883, -7.835161456661511 ], [ 112.031268347657559, -7.835162284996955 ], [ 112.031268859612879, -7.835169465747438 ], [ 112.031269312863145, -7.835174903823259 ], [ 112.031269685735268, -7.835179374365811 ], [ 112.031237358843256, -7.835188319507409 ], [ 112.031226903448939, -7.835191213009809 ], [ 112.031134628794263, -7.835193310045846 ], [ 112.031063216865803, -7.83518814778645 ], [ 112.031028902857017, -7.835185667707197 ], [ 112.031016670530718, -7.835184783265051 ], [ 112.031015822464568, -7.83518475368516 ], [ 112.031014892945208, -7.835184793944918 ], [ 112.03100549894954, -7.835185587493919 ], [ 112.030964210708561, -7.835189076463765 ], [ 112.030963299510418, -7.835189190841104 ], [ 112.030924688561868, -7.835195626190672 ], [ 112.030922717250249, -7.83519615195942 ], [ 112.030922311326307, -7.835196309417209 ], [ 112.030879454228852, -7.83521387409733 ], [ 112.030833308907333, -7.83522607371314 ], [ 112.030834724719014, -7.835146774840338 ] ], [ [ 112.030832583942967, -7.834738000667091 ], [ 112.030827532759062, -7.834739491840295 ], [ 112.030832595053084, -7.834739051576695 ], [ 112.030832583942967, -7.834738000667091 ] ] ], [ [ [ 112.030775311163296, -7.833808397278249 ], [ 112.030768517965086, -7.833757862833216 ], [ 112.030802483648543, -7.833753322330711 ], [ 112.030801390550408, -7.833734824897627 ], [ 112.030795140325836, -7.833735105359211 ], [ 112.030792937430988, -7.833686288551896 ], [ 112.031215752712498, -7.833678137463732 ], [ 112.031217097435501, -7.833700883064904 ], [ 112.031217355760546, -7.833705244453401 ], [ 112.031222410125963, -7.833790760429133 ], [ 112.031234278075644, -7.833991544415686 ], [ 112.031237093476008, -7.83403846157975 ], [ 112.031239444076206, -7.834075613043158 ], [ 112.031239816842515, -7.834081516188595 ], [ 112.031243159307536, -7.834119270282327 ], [ 112.031243323738153, -7.834121593336468 ], [ 112.03094508269028, -7.834211448182113 ], [ 112.030404220767139, -7.834374400767911 ], [ 112.030404069676266, -7.834362745866652 ], [ 112.030404146793117, -7.834356854281098 ], [ 112.030404240636315, -7.834349650340107 ], [ 112.030404436149141, -7.834334736867745 ], [ 112.030404517764893, -7.834328461796781 ], [ 112.030414582774569, -7.83411624198384 ], [ 112.030424117718326, -7.833915205829333 ], [ 112.030775311163296, -7.833808397278249 ] ] ], [ [ [ 112.030787403390761, -7.833563652444646 ], [ 112.03077489631707, -7.833286493544481 ], [ 112.030774592573522, -7.833281353624035 ], [ 112.030864065919317, -7.833316257207795 ], [ 112.030885010951579, -7.833324428072433 ], [ 112.03098227879957, -7.833369890553242 ], [ 112.031026504011336, -7.833390561444698 ], [ 112.031059803443171, -7.83340612466068 ], [ 112.031061424744891, -7.833406736605263 ], [ 112.031063120699343, -7.833407095129462 ], [ 112.031142119241366, -7.833417565002004 ], [ 112.031143548820822, -7.833417662799924 ], [ 112.031153543447616, -7.833417718843333 ], [ 112.031200375799187, -7.833417980512382 ], [ 112.031201011701114, -7.833428727091186 ], [ 112.031201980743688, -7.833445122770459 ], [ 112.03120813659956, -7.833549265308914 ], [ 112.031212816212957, -7.833628442214346 ], [ 112.031214417446321, -7.833655549208581 ], [ 112.030791917806994, -7.83366369336989 ], [ 112.030787403390761, -7.833563652444646 ] ] ], [ [ [ 112.03074840456722, -7.832838201599901 ], [ 112.030754650303209, -7.832837834598601 ], [ 112.03075408015097, -7.8328251996973 ], [ 112.030754075072579, -7.832825199890595 ], [ 112.030750339395155, -7.832742395648052 ], [ 112.030696219887616, -7.832733118693115 ], [ 112.030695793066243, -7.832720931270401 ], [ 112.030916058809083, -7.8327132133648 ], [ 112.030910340950442, -7.832301784654661 ], [ 112.031008925866118, -7.832312392993162 ], [ 112.031030189227621, -7.83231468163069 ], [ 112.03112456717615, -7.832327631826836 ], [ 112.031149248768955, -7.832331018203858 ], [ 112.031149455964865, -7.83233561124965 ], [ 112.031151931641901, -7.832390443836635 ], [ 112.031152812221308, -7.832409962698295 ], [ 112.031154534020843, -7.832448115994402 ], [ 112.031158756466482, -7.83254166436529 ], [ 112.031161156386148, -7.832594823958543 ], [ 112.031165198529138, -7.832684386083216 ], [ 112.031169466050585, -7.832778925587155 ], [ 112.031171564821207, -7.832825427571324 ], [ 112.031176001165051, -7.832923704631722 ], [ 112.031178429920828, -7.832977521666645 ], [ 112.031181181924367, -7.833038496399841 ], [ 112.031185406310883, -7.833132084556191 ], [ 112.031191247950716, -7.833261504613538 ], [ 112.031191986605222, -7.833275678695257 ], [ 112.03101677268171, -7.833270045870806 ], [ 112.031019316720588, -7.833133642158826 ], [ 112.030917079243324, -7.833128149140077 ], [ 112.030916627278657, -7.832944371054714 ], [ 112.030754572994226, -7.83294258356664 ], [ 112.03074840456722, -7.832838201599901 ] ] ], [ [ [ 112.031106673924057, -7.831163813011298 ], [ 112.031107199037777, -7.831186174190888 ], [ 112.031108582837248, -7.831245106478733 ], [ 112.031111434494647, -7.83136654059678 ], [ 112.031112075217649, -7.831391791360603 ], [ 112.031112917261865, -7.831417034396679 ], [ 112.031117364804928, -7.831542758799937 ], [ 112.031118761578952, -7.831582255053799 ], [ 112.031123485040439, -7.831715804733055 ], [ 112.031126820469908, -7.831810092381557 ], [ 112.03112820728515, -7.831846274861606 ], [ 112.031129643862656, -7.831877245947831 ], [ 112.031129716551476, -7.831879144149102 ], [ 112.031129978286572, -7.831886368925808 ], [ 112.031130033781523, -7.831888282544258 ], [ 112.031130063163886, -7.831889904098697 ], [ 112.031130045342081, -7.831893351793941 ], [ 112.031130664177596, -7.831907488184596 ], [ 112.031130965886163, -7.831914371896942 ], [ 112.030885035458496, -7.831882380715387 ], [ 112.030888982809813, -7.831277598461791 ], [ 112.03084218473272, -7.831275319785395 ], [ 112.030844763326485, -7.831173012554267 ], [ 112.031106673924057, -7.831163813011298 ] ] ], [ [ [ 112.033427863333714, -7.833506240555051 ], [ 112.033018815236247, -7.833276599587554 ], [ 112.033113456558425, -7.83319613653245 ], [ 112.033522481285317, -7.833425764826546 ], [ 112.033427863333714, -7.833506240555051 ] ] ], [ [ [ 112.032935250868036, -7.833925223131264 ], [ 112.032944782168343, -7.833937175380179 ], [ 112.032924844148752, -7.833952986760981 ], [ 112.032481613095968, -7.833728497941329 ], [ 112.032531602806657, -7.833685797189368 ], [ 112.032619790082904, -7.833611780460714 ], [ 112.033044639505448, -7.833832184727821 ], [ 112.032935250868036, -7.833925223131264 ] ] ], [ [ [ 112.030802092770472, -7.84503329230678 ], [ 112.030805636487386, -7.845011397072918 ], [ 112.030640281817369, -7.844984785156502 ], [ 112.030608982496503, -7.84511778444537 ], [ 112.030671408602757, -7.845131989256176 ], [ 112.030645424897045, -7.845299559656743 ], [ 112.030527799741535, -7.845283096905082 ], [ 112.030481822884894, -7.845524007763915 ], [ 112.030469567333455, -7.845588222670597 ], [ 112.030463833994105, -7.845618266175481 ], [ 112.030458677833138, -7.8456359267532 ], [ 112.030650635704859, -7.845682835777379 ], [ 112.03060564791447, -7.845998356712571 ], [ 112.030605646553596, -7.845998356535025 ], [ 112.030605054463138, -7.846002509063425 ], [ 112.030276350561394, -7.84588846401583 ], [ 112.030264863510752, -7.845885395401168 ], [ 112.030251096791858, -7.845880667328898 ], [ 112.030249499194909, -7.845880125874291 ], [ 112.030239403586648, -7.845875645670166 ], [ 112.030235258463264, -7.845872953409162 ], [ 112.030230144056688, -7.845869632235427 ], [ 112.030221954968809, -7.845862234225856 ], [ 112.030215039945816, -7.845853639262407 ], [ 112.03020957365662, -7.845844063074093 ], [ 112.030205692737766, -7.845833745902309 ], [ 112.030203495780114, -7.845822947074448 ], [ 112.030206779703107, -7.845790071495365 ], [ 112.030212550980323, -7.845750377733397 ], [ 112.030224019095201, -7.845670963259055 ], [ 112.030244341570679, -7.84553024177755 ], [ 112.030258153235536, -7.845434597169426 ], [ 112.03026638959453, -7.845377566870093 ], [ 112.030276665412842, -7.845306410863219 ], [ 112.030286744148142, -7.84523661920466 ], [ 112.030299158416341, -7.845150655314922 ], [ 112.030314116893621, -7.845047076132623 ], [ 112.030327228514395, -7.844956282739784 ], [ 112.030346945426544, -7.844819747492926 ], [ 112.030360093603576, -7.844728701677138 ], [ 112.03036724198823, -7.844679202435892 ], [ 112.030379496506185, -7.844593195524673 ], [ 112.030381963506144, -7.844575164387745 ], [ 112.030385782963506, -7.844546150276882 ], [ 112.030386868396207, -7.844539066912805 ], [ 112.030390417841829, -7.844514212892165 ], [ 112.030390745952417, -7.844511916670081 ], [ 112.030637644622672, -7.844542156566119 ], [ 112.030777668170842, -7.844575639014486 ], [ 112.030725888664563, -7.844842308412504 ], [ 112.030675477551583, -7.84483525347196 ], [ 112.030670898097938, -7.844854699772865 ], [ 112.030992557683447, -7.844906467871229 ], [ 112.030965948479974, -7.84507087323693 ], [ 112.030802092770472, -7.84503329230678 ] ] ], [ [ [ 112.030776766008174, -7.845297212651321 ], [ 112.030759819003706, -7.84529448518836 ], [ 112.030771277958905, -7.84522368485698 ], [ 112.030776766008174, -7.845297212651321 ] ] ], [ [ [ 112.030163801318523, -7.846264082943637 ], [ 112.030168706863279, -7.846213355642425 ], [ 112.030178322628061, -7.846113911887214 ], [ 112.030185475639129, -7.846038281217623 ], [ 112.030187731304281, -7.846012873241317 ], [ 112.030190970039314, -7.845974535978331 ], [ 112.03019216888319, -7.845961940798997 ], [ 112.030192867543647, -7.845955797170072 ], [ 112.030193686377416, -7.845949837748753 ], [ 112.030194681838779, -7.845944152838854 ], [ 112.030195445762772, -7.845940941180995 ], [ 112.030195937682237, -7.845938869758628 ], [ 112.030197564975779, -7.84593415826725 ], [ 112.030199711219609, -7.845930250439653 ], [ 112.030202573063477, -7.845927448775281 ], [ 112.030206313461562, -7.84592599978202 ], [ 112.03021077037117, -7.845925658758583 ], [ 112.030215748040533, -7.845926119585597 ], [ 112.030221095350569, -7.84592715381459 ], [ 112.030226703042786, -7.845928589873232 ], [ 112.030232488269604, -7.845930300440956 ], [ 112.030238392760538, -7.845932194313944 ], [ 112.030250402038106, -7.845936291785575 ], [ 112.030354704440143, -7.845971345914831 ], [ 112.030512313595196, -7.846024314483786 ], [ 112.030482058138318, -7.846172791273297 ], [ 112.030338602063807, -7.846143722629108 ], [ 112.030379734716902, -7.846156168946331 ], [ 112.030353547616016, -7.846241183451992 ], [ 112.030429196498488, -7.846264927383671 ], [ 112.030424402078864, -7.846301032495029 ], [ 112.030163801318523, -7.846264082943637 ] ] ], [ [ [ 112.029703311409932, -7.846198791482108 ], [ 112.029711634616731, -7.846159257573913 ], [ 112.029785732275045, -7.845807309158421 ], [ 112.029843002774882, -7.845823893565508 ], [ 112.02991878317701, -7.84584583748421 ], [ 112.030004078709339, -7.845870409861833 ], [ 112.030034740988626, -7.845879049813329 ], [ 112.030071740543491, -7.84588928050227 ], [ 112.030083926138701, -7.845892790578628 ], [ 112.030089894887269, -7.845894629126966 ], [ 112.030095716045835, -7.845896567522696 ], [ 112.03010131627282, -7.84589865568846 ], [ 112.03010659415763, -7.845900962608439 ], [ 112.030111411159766, -7.84590357996819 ], [ 112.030115582568286, -7.845906633934285 ], [ 112.030118863910616, -7.845910290614067 ], [ 112.030121059632336, -7.845914692480183 ], [ 112.030122362569159, -7.845919697971102 ], [ 112.030123019007618, -7.845925140975061 ], [ 112.030123213660872, -7.845930896229933 ], [ 112.030123085062669, -7.845936869336928 ], [ 112.030122735535087, -7.845942993118454 ], [ 112.030121646222327, -7.845955503014224 ], [ 112.03011615805319, -7.846006308696325 ], [ 112.030112900096384, -7.846037945156011 ], [ 112.030106903310227, -7.846099514685577 ], [ 112.030096941694154, -7.846201792836921 ], [ 112.030091903798606, -7.846253888848469 ], [ 112.029703311409932, -7.846198791482108 ] ] ], [ [ [ 112.030269944592902, -7.841785227850579 ], [ 112.03026991973347, -7.841785224293716 ], [ 112.030273151797275, -7.841762638612709 ], [ 112.030214821589041, -7.841754567003569 ], [ 112.030218741723417, -7.841735894350082 ], [ 112.030270323604327, -7.841490189935653 ], [ 112.030285143746866, -7.841419594403417 ], [ 112.030752065456184, -7.841460312824585 ], [ 112.030708846945629, -7.841748024301604 ], [ 112.030692385118698, -7.841857611613062 ], [ 112.030682375765949, -7.841924240345209 ], [ 112.030261026719899, -7.841847570163313 ], [ 112.030269944592902, -7.841785227850579 ] ] ], [ [ [ 112.02869930841625, -7.840006792906241 ], [ 112.028687909307365, -7.840128672354706 ], [ 112.028681507433419, -7.840197117390085 ], [ 112.028652325718269, -7.840341703388097 ], [ 112.028632385864853, -7.840440495873584 ], [ 112.028629180216015, -7.840458031382702 ], [ 112.028274376578295, -7.840298343186184 ], [ 112.027902382363948, -7.840120029357321 ], [ 112.027898269919859, -7.840118057807397 ], [ 112.027899606500981, -7.840114251453977 ], [ 112.027994154248319, -7.83986199195719 ], [ 112.028058748980385, -7.839700333604253 ], [ 112.028090658454602, -7.83962683208896 ], [ 112.028094818540737, -7.839628631681252 ], [ 112.028095414136942, -7.839628889796295 ], [ 112.028096911211193, -7.839629502957253 ], [ 112.028241038794818, -7.839688492004079 ], [ 112.02838683215252, -7.839748081986704 ], [ 112.028504286191065, -7.839791536605875 ], [ 112.028502751789418, -7.839795667226262 ], [ 112.028503831792335, -7.839796109411302 ], [ 112.028464058302902, -7.839899138129181 ], [ 112.02869930841625, -7.840006792906241 ] ] ], [ [ [ 112.031157754776103, -7.842303135090966 ], [ 112.031113001541684, -7.842297091106167 ], [ 112.031112399086254, -7.842301308122204 ], [ 112.031042920434132, -7.842290783819296 ], [ 112.030996638348341, -7.842571475457002 ], [ 112.030989149520963, -7.842620439212091 ], [ 112.030927874955196, -7.843021053896348 ], [ 112.030921066255132, -7.843065563524761 ], [ 112.030948320833176, -7.843069766553352 ], [ 112.031055499125998, -7.843086292836784 ], [ 112.030982736543777, -7.843488553664755 ], [ 112.030535822220429, -7.843391567143583 ], [ 112.030537768206059, -7.843368211150331 ], [ 112.030537725257062, -7.843367712015405 ], [ 112.030537742774968, -7.843364512133244 ], [ 112.030537953149661, -7.843361179733598 ], [ 112.030538297529176, -7.843357755659458 ], [ 112.030539223507986, -7.843350743230419 ], [ 112.030543640907439, -7.843322205189586 ], [ 112.030546305352956, -7.843304434946688 ], [ 112.030556008400509, -7.843237159399829 ], [ 112.030563023175958, -7.843187554667952 ], [ 112.030576810271, -7.84309006781404 ], [ 112.030591388945084, -7.842986975233706 ], [ 112.030605054790797, -7.842890343353695 ], [ 112.030612731017499, -7.842836063862412 ], [ 112.030632529971413, -7.842696055438387 ], [ 112.030640025237034, -7.842643057953696 ], [ 112.030655697697085, -7.842532231710106 ], [ 112.030659891936239, -7.842502572734081 ], [ 112.030667542292079, -7.84244847147681 ], [ 112.030677743960013, -7.842376330736148 ], [ 112.030699219728305, -7.842224479344158 ], [ 112.030747179314005, -7.841885344484917 ], [ 112.030753219720424, -7.841842630203355 ], [ 112.030753282122959, -7.84184218959788 ], [ 112.030758050453983, -7.841808475604217 ], [ 112.030770554692822, -7.841720050564228 ], [ 112.030789939084812, -7.841582979806864 ], [ 112.030805550899501, -7.841472588737096 ], [ 112.030809707676212, -7.841443190325602 ], [ 112.030820304235604, -7.841368261194138 ], [ 112.03082607632102, -7.841327448660882 ], [ 112.030842349544486, -7.841212368360962 ], [ 112.030864824063272, -7.84121572572167 ], [ 112.030780831134848, -7.841824187502584 ], [ 112.030775532842995, -7.841860359199322 ], [ 112.030776750414347, -7.84186753460324 ], [ 112.030780963771846, -7.841872908303355 ], [ 112.031255826216281, -7.842006349523755 ], [ 112.031300868829817, -7.842025980888231 ], [ 112.031318905303138, -7.84204208875177 ], [ 112.031338769514306, -7.842068961068948 ], [ 112.031400282626478, -7.842199824702848 ], [ 112.031424343100454, -7.842225489282701 ], [ 112.031511006345326, -7.84229379946748 ], [ 112.031503890773081, -7.84236060923247 ], [ 112.031157085971969, -7.842308077077245 ], [ 112.031157754776103, -7.842303135090966 ] ] ], [ [ [ 112.030195975339325, -7.845402232741403 ], [ 112.030191560275156, -7.845433204571216 ], [ 112.030180699129446, -7.845509389683484 ], [ 112.030159502882938, -7.845658079438134 ], [ 112.030150750865488, -7.845720807943349 ], [ 112.030142400346492, -7.845784156802615 ], [ 112.03014051610748, -7.845796494995445 ], [ 112.030139422403195, -7.845802430670212 ], [ 112.030138156628468, -7.845808100866576 ], [ 112.030136641395373, -7.845813385486014 ], [ 112.030134769272678, -7.845818118378156 ], [ 112.030132396414899, -7.845822078312083 ], [ 112.03012933345471, -7.8458249736235 ], [ 112.030125426527746, -7.845826565922042 ], [ 112.030120828591421, -7.845827093600252 ], [ 112.030115730824804, -7.845826847413561 ], [ 112.030110276170831, -7.845826050403859 ], [ 112.030104570242415, -7.84582486691721 ], [ 112.030098694057529, -7.845823417947567 ], [ 112.030086637613678, -7.845820054071385 ], [ 112.030031401259222, -7.845803396888669 ], [ 112.029976502673506, -7.845787259817666 ], [ 112.02989528563559, -7.845763728388133 ], [ 112.029857935456178, -7.845752906144222 ], [ 112.029836302451869, -7.845746638989456 ], [ 112.029844943833041, -7.845702693759828 ], [ 112.029863176091581, -7.845609973180605 ], [ 112.029950377208621, -7.845166528651938 ], [ 112.029995996281428, -7.844934530848046 ], [ 112.030004536369404, -7.844937149048562 ], [ 112.030005579130531, -7.844937416014126 ], [ 112.030020050749599, -7.844940391415938 ], [ 112.030182611487263, -7.844973821611828 ], [ 112.030184170168965, -7.844974030335679 ], [ 112.030185742830014, -7.844974022868828 ], [ 112.030209840148729, -7.844972234637039 ], [ 112.030256002642233, -7.84496880785075 ], [ 112.030257783599197, -7.844968675968217 ], [ 112.030257490220365, -7.844970712536611 ], [ 112.03025712735419, -7.844973259368182 ], [ 112.030249216443551, -7.845028754069532 ], [ 112.030230323139762, -7.845161283430836 ], [ 112.030219259630144, -7.845238894405083 ], [ 112.030210894013308, -7.845297579205599 ], [ 112.030195975339325, -7.845402232741403 ] ] ], [ [ [ 112.030268873221559, -7.844891359770927 ], [ 112.030263346686127, -7.844929888944921 ], [ 112.030261728324774, -7.844941175550546 ], [ 112.030261072079824, -7.84494575895053 ], [ 112.030247576168335, -7.84494676061871 ], [ 112.030230456682958, -7.8449480316288 ], [ 112.030193987887031, -7.844950738282531 ], [ 112.030185639880429, -7.84495135744099 ], [ 112.030034979130306, -7.844920375331653 ], [ 112.030015792529326, -7.844916430172224 ], [ 112.030010686446388, -7.844915379973384 ], [ 112.029991571316501, -7.844909519075355 ], [ 112.029852396657276, -7.844866843573925 ], [ 112.029909523398089, -7.844550454178387 ], [ 112.029968335868361, -7.844558685207867 ], [ 112.029972332968271, -7.844532189473493 ], [ 112.029983683511233, -7.844456947379095 ], [ 112.030020893555019, -7.844462838164868 ], [ 112.030097664705551, -7.844060455424601 ], [ 112.03035675689496, -7.844117452807442 ], [ 112.030374413259636, -7.844121336583043 ], [ 112.030374135836254, -7.844123591077708 ], [ 112.030371031672502, -7.844148798541205 ], [ 112.030370940574699, -7.844153793878007 ], [ 112.030370559517706, -7.84415963555761 ], [ 112.030369248754923, -7.84417171368264 ], [ 112.03036756769373, -7.844184055900389 ], [ 112.030360351786683, -7.844233757897122 ], [ 112.030356068971656, -7.844264656145445 ], [ 112.03035027174576, -7.844307803048303 ], [ 112.030346683618376, -7.844334997803537 ], [ 112.030339697881317, -7.844387936157415 ], [ 112.030337885912033, -7.844400154789971 ], [ 112.030335787778498, -7.844412182385877 ], [ 112.03033047456664, -7.844452258501151 ], [ 112.030325486354783, -7.844489880128376 ], [ 112.030319637087857, -7.844533993983935 ], [ 112.030316193778518, -7.844559963799467 ], [ 112.030314496755523, -7.844572454381195 ], [ 112.030300022215002, -7.844672561213587 ], [ 112.030284931798391, -7.844778914576172 ], [ 112.030280614088142, -7.844810377268113 ], [ 112.030273973063998, -7.844861135124901 ], [ 112.030272207190791, -7.844873658434254 ], [ 112.030271228195829, -7.84487976838144 ], [ 112.030270136294703, -7.844885698625331 ], [ 112.030268873221559, -7.844891359770927 ] ] ], [ [ [ 112.03042977227166, -7.844234702214275 ], [ 112.030438683627153, -7.84416561162529 ], [ 112.030492391244749, -7.844174415824017 ], [ 112.030615442514019, -7.844194587935433 ], [ 112.030719455269576, -7.844211638442861 ], [ 112.03075064476019, -7.844216750730837 ], [ 112.030703970695527, -7.844525464977161 ], [ 112.03064417283494, -7.844511165995383 ], [ 112.030643189185199, -7.844510963100447 ], [ 112.030642406189529, -7.844510847442982 ], [ 112.030395221758965, -7.84448057297451 ], [ 112.030395541847156, -7.84447833375055 ], [ 112.030399095742396, -7.844453445351042 ], [ 112.030403566751701, -7.844424574352487 ], [ 112.030406256120372, -7.84440660959833 ], [ 112.030414813066727, -7.84434718360866 ], [ 112.030419126317483, -7.844317229500645 ], [ 112.03042977227166, -7.844234702214275 ] ] ], [ [ [ 112.030386574683277, -7.844030672134504 ], [ 112.030385727021297, -7.844036709406627 ], [ 112.030384756521372, -7.84404258508817 ], [ 112.030378577337629, -7.844087521869569 ], [ 112.030378314140677, -7.844089660563599 ], [ 112.030362482455075, -7.844086090677693 ], [ 112.030148477402193, -7.844039089861043 ], [ 112.030214184236257, -7.843694149515619 ], [ 112.030422861785055, -7.843728695021931 ], [ 112.030419563475434, -7.843754615643986 ], [ 112.03041536827638, -7.843787576660867 ], [ 112.030400370534892, -7.843905405987619 ], [ 112.030398834226503, -7.843917969434081 ], [ 112.030397429453743, -7.843930543411602 ], [ 112.030388056190716, -7.844018321360991 ], [ 112.030386574683277, -7.844030672134504 ] ] ], [ [ [ 112.030502765804272, -7.843668860142609 ], [ 112.030515683848094, -7.843568714611618 ], [ 112.030521039749914, -7.843527197649901 ], [ 112.030526584177693, -7.84348784179139 ], [ 112.030528530413321, -7.843473429610638 ], [ 112.030531368304551, -7.843451693964254 ], [ 112.030532381017423, -7.843444545659858 ], [ 112.030532943804445, -7.84344105231516 ], [ 112.030533573037602, -7.843437655580759 ], [ 112.030534302392269, -7.843434403308519 ], [ 112.030535176471886, -7.843431361412002 ], [ 112.030536258076935, -7.843428619274991 ], [ 112.030537630945787, -7.843426297884905 ], [ 112.030538633436635, -7.843425313230385 ], [ 112.030539302066146, -7.843424656793274 ], [ 112.030589946765403, -7.843435668039766 ], [ 112.030686879511549, -7.843456744303033 ], [ 112.030719762687212, -7.843463878355577 ], [ 112.030902297581292, -7.843503478230829 ], [ 112.030906066248761, -7.843504311017347 ], [ 112.030961641076118, -7.843516371932985 ], [ 112.030966075773435, -7.843517334228846 ], [ 112.030965955916116, -7.843518014646375 ], [ 112.030964132944263, -7.843528335832568 ], [ 112.030951144950834, -7.843601875300005 ], [ 112.030941764421826, -7.843654984123575 ], [ 112.030930229974558, -7.843720295233443 ], [ 112.030926896204633, -7.843739169604125 ], [ 112.030913188122312, -7.843816779821529 ], [ 112.030887753248777, -7.843960783306219 ], [ 112.030765565006462, -7.84394152533168 ], [ 112.030753746206116, -7.844016601258097 ], [ 112.030647878669271, -7.843995830891282 ], [ 112.030601179210223, -7.843986668585802 ], [ 112.030562200840947, -7.843979022174001 ], [ 112.030465208617173, -7.843959992746025 ], [ 112.030468455283497, -7.843934831963529 ], [ 112.030471612050007, -7.843910363282703 ], [ 112.030484921695603, -7.843807183367361 ], [ 112.030490150327793, -7.843766650726652 ], [ 112.030502765804272, -7.843668860142609 ] ] ], [ [ [ 112.031062346177094, -7.84125415391783 ], [ 112.030968601623329, -7.841775566511568 ], [ 112.030815930347529, -7.841735725237735 ], [ 112.030887181860734, -7.84121956361408 ], [ 112.031062346177094, -7.84125415391783 ] ] ], [ [ [ 112.030933511688346, -7.840187139346918 ], [ 112.030932888648309, -7.840190470947952 ], [ 112.030932164609553, -7.840193669846406 ], [ 112.030928230494823, -7.840221408101612 ], [ 112.030927595764268, -7.840225885631912 ], [ 112.030870187130631, -7.840218087154136 ], [ 112.030865694383536, -7.840217476814308 ], [ 112.030866299174278, -7.840212994835207 ], [ 112.030868624819306, -7.84019576264701 ], [ 112.030878796753527, -7.840120401337106 ], [ 112.030882413931437, -7.840093600837253 ], [ 112.030895894843169, -7.839993718016866 ], [ 112.030907983570046, -7.839904149901262 ], [ 112.030916733024711, -7.839839324953227 ], [ 112.030916829139116, -7.839837473369363 ], [ 112.030916620540765, -7.83983563157556 ], [ 112.03091611188465, -7.839833848399137 ], [ 112.030931337406571, -7.839722764583447 ], [ 112.030890952837439, -7.839694148082946 ], [ 112.030924291931456, -7.839200161577704 ], [ 112.030883978090799, -7.839200260245687 ], [ 112.030889463941179, -7.839089213833359 ], [ 112.03055052026555, -7.839059066833341 ], [ 112.030565858428602, -7.838963129977976 ], [ 112.030638083276614, -7.838950819559086 ], [ 112.030829882613205, -7.838966517643413 ], [ 112.031033424826404, -7.838983177235585 ], [ 112.031084208100197, -7.838987333550181 ], [ 112.031103088315319, -7.838988878209143 ], [ 112.031099602197983, -7.839011806564654 ], [ 112.03109341121862, -7.839054865799785 ], [ 112.031089919381017, -7.839079523421092 ], [ 112.031060013692937, -7.839290716386 ], [ 112.031040407891041, -7.839429175068293 ], [ 112.031030871972206, -7.839496516230465 ], [ 112.031005912059967, -7.839672782842908 ], [ 112.031000423354641, -7.839711543457414 ], [ 112.030991918847164, -7.839771601510474 ], [ 112.030972435144321, -7.83990919526748 ], [ 112.030956920201561, -7.840018759460959 ], [ 112.030941355365968, -7.840129058165829 ], [ 112.030938634819975, -7.840149084170914 ], [ 112.030934574876966, -7.840180235112285 ], [ 112.030933511688346, -7.840187139346918 ] ] ], [ [ [ 112.031132372604546, -7.831946477199589 ], [ 112.031142261215706, -7.83217225882002 ], [ 112.030930323993545, -7.832171414186782 ], [ 112.030930263987457, -7.831920186149888 ], [ 112.031132372604546, -7.831946477199589 ] ] ], [ [ [ 112.031595526248253, -7.834118852954381 ], [ 112.031595713065457, -7.834119953176838 ], [ 112.031595804176689, -7.834120491084025 ], [ 112.031595887918868, -7.834120982883785 ], [ 112.031598456557035, -7.834167115606909 ], [ 112.031601719773676, -7.834225719492346 ], [ 112.031612206919718, -7.834414077369018 ], [ 112.031622281291192, -7.834595010961164 ], [ 112.031624854233371, -7.834638465682914 ], [ 112.031625203107495, -7.834645344755213 ], [ 112.031634765903462, -7.834819244109468 ], [ 112.031634795360972, -7.834819789402876 ], [ 112.031634843758752, -7.83482066024128 ], [ 112.031637959868334, -7.834877338972424 ], [ 112.031648065661443, -7.835058122346549 ], [ 112.031648192808404, -7.835060403887982 ], [ 112.031649248949932, -7.835079379660535 ], [ 112.031649589611447, -7.835085500848386 ], [ 112.031649765708693, -7.835087772321374 ], [ 112.031468800915889, -7.835124475312185 ], [ 112.031468042248648, -7.835124656244345 ], [ 112.031339049694381, -7.835160179227194 ], [ 112.031331652249122, -7.835162225946074 ], [ 112.031323448029212, -7.834637414419141 ], [ 112.031313418241226, -7.834156833508511 ], [ 112.031313323582552, -7.834152273651748 ], [ 112.031325660817203, -7.834150469894515 ], [ 112.031361276333598, -7.834145263723051 ], [ 112.031380881006115, -7.834142398479178 ], [ 112.031401383088451, -7.834139713731282 ], [ 112.031419733690072, -7.834137311000163 ], [ 112.031445466237116, -7.834133941465844 ], [ 112.031594767040048, -7.834114391497598 ], [ 112.031595526248253, -7.834118852954381 ] ] ], [ [ [ 112.031309455893023, -7.834034864004757 ], [ 112.031308222702265, -7.834013218811893 ], [ 112.031304851786246, -7.833956162645237 ], [ 112.031298225432849, -7.833844011716685 ], [ 112.031293225886458, -7.83375940364824 ], [ 112.031290449292669, -7.833712408609392 ], [ 112.031289943009043, -7.833703844985334 ], [ 112.031288340865515, -7.833676738898744 ], [ 112.031316818382763, -7.833676189878168 ], [ 112.031318595556698, -7.833676014594302 ], [ 112.031320503404089, -7.83367550073741 ], [ 112.031322120473405, -7.833674760582403 ], [ 112.031323601810683, -7.8336737774704 ], [ 112.031324910289328, -7.833672575007133 ], [ 112.03132601514703, -7.833671183113773 ], [ 112.031326886539446, -7.833669636231329 ], [ 112.031327505514355, -7.833667972391796 ], [ 112.031327855847081, -7.833666232333862 ], [ 112.031327927668116, -7.833664459493827 ], [ 112.031323307759564, -7.83354247079461 ], [ 112.031335158554526, -7.833524694353573 ], [ 112.031354068219926, -7.833512876147105 ], [ 112.031394006943628, -7.833505775493493 ], [ 112.031563018675584, -7.833497892291447 ], [ 112.031575791473415, -7.833497296673694 ], [ 112.031605830328431, -7.834040859454443 ], [ 112.031605855950957, -7.834041320646176 ], [ 112.031606671333506, -7.834056076983633 ], [ 112.031607933766139, -7.83407891051052 ], [ 112.031608025863804, -7.834080586176225 ], [ 112.031608284045774, -7.834085255971568 ], [ 112.031608534622748, -7.834089783791518 ], [ 112.031377760430459, -7.834120002714595 ], [ 112.031312847610749, -7.834129491558445 ], [ 112.031312752961014, -7.834124935319361 ], [ 112.031312018849448, -7.834089758774065 ], [ 112.031311876108305, -7.834087035913064 ], [ 112.031311706751211, -7.834083816590307 ], [ 112.031311662995876, -7.834082989152577 ], [ 112.031311288064074, -7.834073257600486 ], [ 112.031311162159824, -7.83407000561225 ], [ 112.031311068191798, -7.834067569333231 ], [ 112.031310702738494, -7.834059478376821 ], [ 112.031310409235488, -7.834052984451008 ], [ 112.031309455893023, -7.834034864004757 ] ] ] ] } },
{ "type": "Feature", "properties": { "OBJECTID": 5, "Name": "Halte Permata Hijau", "REMARK": "Halte", "type": "lines", "start": "613671.0252, 9133392.3318", "NAMZON": "AREA PUBLIK", "LUAS": 43294.241 }, "geometry": { "type": "MultiPolygon", "coordinates": [ [ [ [ 112.031626317695711, -7.831928597168012 ], [ 112.031696463978875, -7.831938222197623 ], [ 112.031640289915273, -7.832345344471607 ], [ 112.031641247022435, -7.832366542379714 ], [ 112.031641237137976, -7.832366542856121 ], [ 112.031642913860509, -7.832403698186265 ], [ 112.031426537919756, -7.83240767325359 ], [ 112.031225694953307, -7.832415586277756 ], [ 112.031225114547667, -7.832402696085735 ], [ 112.031221931779498, -7.832332143686004 ], [ 112.031203353046692, -7.831920243610357 ], [ 112.031202272617946, -7.831891374432098 ], [ 112.03119906558571, -7.831800624566422 ], [ 112.031199535349785, -7.831800612564357 ], [ 112.031258927594465, -7.831798989466622 ], [ 112.031308308828045, -7.831797639565335 ], [ 112.031507770846801, -7.831792189942279 ], [ 112.031574312895515, -7.831790371136229 ], [ 112.031645313690476, -7.831788431079278 ], [ 112.031626317695711, -7.831928597168012 ] ] ], [ [ [ 112.031594812027762, -7.839119112179305 ], [ 112.031573651961722, -7.839117588954253 ], [ 112.031550014670941, -7.839411092148709 ], [ 112.031523745468306, -7.839408988316936 ], [ 112.03148380095125, -7.839690457709123 ], [ 112.031583434274111, -7.839702952452207 ], [ 112.031579386415643, -7.839735049930399 ], [ 112.031911425540471, -7.839771612344144 ], [ 112.031907409567467, -7.839807879935019 ], [ 112.032018165365344, -7.839829580363068 ], [ 112.032906103478481, -7.840000275400296 ], [ 112.033347087572679, -7.840071582690893 ], [ 112.033344972183784, -7.840084592080355 ], [ 112.033369040354941, -7.84008921607048 ], [ 112.033260408634675, -7.840453891627696 ], [ 112.03288981711097, -7.840378718190324 ], [ 112.032875443276623, -7.84037598049161 ], [ 112.032853899300335, -7.840372240191564 ], [ 112.032762932628131, -7.840356817716409 ], [ 112.031842073263149, -7.840200695556608 ], [ 112.03182078423599, -7.840196988944649 ], [ 112.031810403648308, -7.840194952298774 ], [ 112.031796574099673, -7.840191888541193 ], [ 112.031712695332075, -7.840172415654546 ], [ 112.031563597724642, -7.84013834236104 ], [ 112.031553312368914, -7.840135937376172 ], [ 112.031543172755988, -7.840133419885964 ], [ 112.031532903603363, -7.840130597018738 ], [ 112.031522561471576, -7.840127602490126 ], [ 112.031428717739772, -7.840099920107936 ], [ 112.031369611392137, -7.840082582412112 ], [ 112.031362766080704, -7.840080529861735 ], [ 112.031356049442593, -7.840078430870681 ], [ 112.031349498475706, -7.840076209377097 ], [ 112.03134643013901, -7.840075061041754 ], [ 112.031343352483361, -7.840073811434153 ], [ 112.03134027280673, -7.840072477720367 ], [ 112.031333916019548, -7.840069556634113 ], [ 112.031324266336355, -7.840064898984513 ], [ 112.03127880286587, -7.840042587018332 ], [ 112.031269254461506, -7.840037807022578 ], [ 112.031263144493096, -7.840034568783646 ], [ 112.031260309925543, -7.84003296042968 ], [ 112.031257597693781, -7.840031310172813 ], [ 112.031255058584776, -7.84002961698425 ], [ 112.031252671642918, -7.840027842025271 ], [ 112.031250261597549, -7.840025892569719 ], [ 112.03124782125316, -7.84002379305455 ], [ 112.03124537886552, -7.840021600389078 ], [ 112.031240378192905, -7.840016925022964 ], [ 112.031230303321053, -7.840007180143263 ], [ 112.031210170260778, -7.839987466950241 ], [ 112.031202921022398, -7.839980121813741 ], [ 112.031198376876603, -7.839975211084342 ], [ 112.031196330412314, -7.839972849226941 ], [ 112.031192111322724, -7.839967718831854 ], [ 112.031185826347411, -7.839959705680672 ], [ 112.031162770671116, -7.839929511077745 ], [ 112.031158705920333, -7.839924075514674 ], [ 112.031154786361739, -7.839918672155201 ], [ 112.031151086242744, -7.839913251074431 ], [ 112.031149357227662, -7.839910526671379 ], [ 112.031147640662695, -7.839907701847178 ], [ 112.031144195065636, -7.839901777285456 ], [ 112.03113910094801, -7.839892668677986 ], [ 112.03113241455651, -7.83988038221787 ], [ 112.031129222549495, -7.839874312327884 ], [ 112.031126203798863, -7.839868253771131 ], [ 112.03112484977801, -7.839865332190632 ], [ 112.031123564562876, -7.839862360698577 ], [ 112.031122332735322, -7.839859339332637 ], [ 112.031119906457377, -7.839853006190399 ], [ 112.031117589726662, -7.839846594095326 ], [ 112.031115378153217, -7.839840161845533 ], [ 112.031113322619632, -7.839833747302133 ], [ 112.031112983284686, -7.839832587761559 ], [ 112.031119009939729, -7.839814880736 ], [ 112.031119227646855, -7.839814159379979 ], [ 112.031119394567057, -7.839813439052723 ], [ 112.03111951339443, -7.839812708894573 ], [ 112.031119584137926, -7.839811972523205 ], [ 112.031119606804182, -7.839811232651851 ], [ 112.031119580495186, -7.839810492900414 ], [ 112.031119506126771, -7.839809756884324 ], [ 112.031119383705658, -7.839809027316796 ], [ 112.031119213240686, -7.839808307815493 ], [ 112.031118996550276, -7.839807600184854 ], [ 112.031118732736346, -7.839806908044739 ], [ 112.031118425435594, -7.839806235003882 ], [ 112.031118073747791, -7.839805583777788 ], [ 112.031117680398225, -7.839804956168637 ], [ 112.031117247209664, -7.839804355789616 ], [ 112.031116775095768, -7.83980378535178 ], [ 112.031116266781837, -7.839803246657258 ], [ 112.031115724088437, -7.839802742414886 ], [ 112.031115149740884, -7.839802274426829 ], [ 112.031114545559731, -7.839801845401871 ], [ 112.031113914268104, -7.839801456237796 ], [ 112.031113259498198, -7.839801108734527 ], [ 112.031112583070609, -7.839800805600876 ], [ 112.031111887703958, -7.839800545925771 ], [ 112.031111177034987, -7.839800333317979 ], [ 112.031110454689198, -7.839800166864215 ], [ 112.031109722484999, -7.839800048368883 ], [ 112.031108984050135, -7.839799977823055 ], [ 112.031108159579816, -7.839799958135407 ], [ 112.031107779748282, -7.839795611516579 ], [ 112.031106676118227, -7.839778719645975 ], [ 112.031106369575951, -7.839772091899546 ], [ 112.031106278270158, -7.839768896805912 ], [ 112.031106239427828, -7.839763066102884 ], [ 112.031128294609587, -7.839614914177387 ], [ 112.031128393912311, -7.839613989616667 ], [ 112.031129088747718, -7.839603350123211 ], [ 112.031129652079329, -7.839596396464706 ], [ 112.031129985682824, -7.839593017637924 ], [ 112.031130370106595, -7.839589651348571 ], [ 112.031131280035126, -7.839582754724469 ], [ 112.031133372327133, -7.83956873470417 ], [ 112.031173009947494, -7.839314215170649 ], [ 112.031176806078435, -7.839289379537917 ], [ 112.031178323247943, -7.839278629500805 ], [ 112.03118022173696, -7.839264357621658 ], [ 112.031199196417063, -7.839118598193706 ], [ 112.031202850198255, -7.839090096389265 ], [ 112.031206679805251, -7.839058965908774 ], [ 112.031207293440545, -7.83905476246944 ], [ 112.031209602796608, -7.839040129625081 ], [ 112.031211252246138, -7.839034851007336 ], [ 112.031215635690558, -7.839028276897247 ], [ 112.031228344688543, -7.839020485856357 ], [ 112.031237753191292, -7.839014499074352 ], [ 112.031312182670021, -7.838967135046602 ], [ 112.03131259284693, -7.838966861811793 ], [ 112.031439244778909, -7.838878299269054 ], [ 112.031505475429199, -7.83883059623401 ], [ 112.031506621746715, -7.838829831000563 ], [ 112.031508822833004, -7.83882869056304 ], [ 112.031510224156278, -7.838827987110133 ], [ 112.031532977333114, -7.838816756373912 ], [ 112.031533725609421, -7.838816404530832 ], [ 112.031540401739804, -7.838813111467073 ], [ 112.031562290625544, -7.838807419706985 ], [ 112.031586143174351, -7.83880471948123 ], [ 112.031592967787887, -7.838804636745023 ], [ 112.031617597927948, -7.838804337837091 ], [ 112.031594812027762, -7.839119112179305 ] ] ], [ [ [ 112.034916457205711, -7.841317741938117 ], [ 112.034786489179524, -7.841460840200712 ], [ 112.034726644267835, -7.841406790204409 ], [ 112.034709137518036, -7.841497951296878 ], [ 112.034714679463121, -7.841499081678968 ], [ 112.034666015807929, -7.841736323628025 ], [ 112.034624372654534, -7.841939339298133 ], [ 112.03462437238602, -7.841939340745873 ], [ 112.034608052452711, -7.84202432202737 ], [ 112.034495021410834, -7.841999388587031 ], [ 112.034493485999334, -7.84199904958441 ], [ 112.034189405740307, -7.841931971435556 ], [ 112.034188834060586, -7.841931851647475 ], [ 112.034184645382979, -7.841930978317595 ], [ 112.03418421708669, -7.841930892545289 ], [ 112.03418206653356, -7.841930462801532 ], [ 112.034182073708777, -7.841930430224831 ], [ 112.034202998532038, -7.841835481717721 ], [ 112.034203086359028, -7.841835054616017 ], [ 112.034407882326761, -7.840766016221285 ], [ 112.034410101882472, -7.840766478354215 ], [ 112.034751550599808, -7.840837596925258 ], [ 112.035261369970925, -7.840943783494342 ], [ 112.035261480677036, -7.840943806737094 ], [ 112.035259047531781, -7.840953800219612 ], [ 112.035258955948478, -7.840954174874302 ], [ 112.035222341264003, -7.841110112589723 ], [ 112.035161603707607, -7.841368802503613 ], [ 112.034916457205711, -7.841317741938117 ] ] ], [ [ [ 112.032581677041549, -7.844849456927685 ], [ 112.032285272811933, -7.844768121792849 ], [ 112.032320724128127, -7.844644101653956 ], [ 112.032432535158364, -7.844675884580251 ], [ 112.032613360799644, -7.84473464083382 ], [ 112.032581677041549, -7.844849456927685 ] ] ], [ [ [ 112.029999192773161, -7.843556015447358 ], [ 112.030049677356118, -7.843324686951838 ], [ 112.030070610902115, -7.843147815663373 ], [ 112.030486942892864, -7.843225237263204 ], [ 112.030475895699112, -7.843312034396552 ], [ 112.030471816180423, -7.843344089805568 ], [ 112.030446931487063, -7.843539596868326 ], [ 112.030429440669721, -7.843677018425719 ], [ 112.030426646821354, -7.843698962885369 ], [ 112.030422861785055, -7.843728695021931 ], [ 112.030214184236257, -7.843694149515619 ], [ 112.029813906117653, -7.84362788613137 ], [ 112.029836844130074, -7.843519194900094 ], [ 112.029999192773161, -7.843556015447358 ] ] ], [ [ [ 112.026286304171578, -7.840468652964247 ], [ 112.026219417211408, -7.840674380055541 ], [ 112.02614954482425, -7.840889286253211 ], [ 112.026137304923495, -7.840884272118458 ], [ 112.026004878512225, -7.840830023781334 ], [ 112.025925333704862, -7.840797436806987 ], [ 112.026027084244149, -7.840512312349775 ], [ 112.02607373976052, -7.84038157413105 ], [ 112.026286304171578, -7.840468652964247 ] ] ], [ [ [ 112.026282869925041, -7.83986536997375 ], [ 112.026291463420236, -7.839843572769596 ], [ 112.026442587007409, -7.83946025518104 ], [ 112.026510428986924, -7.839492783783993 ], [ 112.026622572479951, -7.839546550554062 ], [ 112.026513075360498, -7.839830221568702 ], [ 112.026498790806556, -7.839867228235532 ], [ 112.026481305804126, -7.839909868204863 ], [ 112.026463951169674, -7.83995219206417 ], [ 112.026282869925041, -7.83986536997375 ] ] ], [ [ [ 112.025660332889061, -7.839566884434949 ], [ 112.025338151311487, -7.83960165469971 ], [ 112.025316946243834, -7.839406263627284 ], [ 112.025206914692703, -7.839355433789086 ], [ 112.025140598609497, -7.83941785416317 ], [ 112.025105907900894, -7.839509302313161 ], [ 112.02507938379739, -7.839499296580104 ], [ 112.025044091404808, -7.839576814384019 ], [ 112.024959936462253, -7.83979612555663 ], [ 112.02493615834824, -7.839787052195438 ], [ 112.024823840925322, -7.840035711678315 ], [ 112.024682036233315, -7.839975003209565 ], [ 112.025087303043009, -7.839088384354558 ], [ 112.025089985058841, -7.83908251626816 ], [ 112.025093316397871, -7.839075513360704 ], [ 112.02509441270395, -7.839073207129695 ], [ 112.025129518975419, -7.838999405868596 ], [ 112.025173997489262, -7.839017788526262 ], [ 112.025232159122524, -7.838888648349918 ], [ 112.02573246147665, -7.839119774521569 ], [ 112.025984427353436, -7.839240583105505 ], [ 112.025975798882953, -7.839260699470837 ], [ 112.025813059179143, -7.839640111678028 ], [ 112.025660332889061, -7.839566884434949 ] ] ], [ [ [ 112.025275666323154, -7.838868883937292 ], [ 112.024939470120813, -7.838713576249517 ], [ 112.024935336992257, -7.838711666218027 ], [ 112.025015379786041, -7.838484653245197 ], [ 112.025289891644803, -7.838600139202307 ], [ 112.025275900626426, -7.838633345646747 ], [ 112.025347313150959, -7.838667017105443 ], [ 112.025343861869871, -7.83867429615476 ], [ 112.025357827257409, -7.838682122492457 ], [ 112.025321441983891, -7.838764710624885 ], [ 112.02527589656286, -7.838868091103198 ], [ 112.025275785039796, -7.838868474849588 ], [ 112.025275666323154, -7.838868883937292 ] ] ], [ [ [ 112.032485072850974, -7.844343470976588 ], [ 112.032276831156153, -7.844292358322998 ], [ 112.03230992167245, -7.844172439734285 ], [ 112.032514871756987, -7.844222744666066 ], [ 112.032485072850974, -7.844343470976588 ] ] ], [ [ [ 112.030615442514019, -7.844194587935433 ], [ 112.030492391244749, -7.844174415824017 ], [ 112.030438683627153, -7.84416561162529 ], [ 112.030439369828031, -7.844160302806805 ], [ 112.030465208617173, -7.843959992746025 ], [ 112.030562200840947, -7.843979022174001 ], [ 112.030601179210223, -7.843986668585802 ], [ 112.030647878669271, -7.843995830891282 ], [ 112.030753746206116, -7.844016601258097 ], [ 112.030747203404104, -7.844053816989753 ], [ 112.030719455269576, -7.844211638442861 ], [ 112.030615442514019, -7.844194587935433 ] ] ], [ [ [ 112.026870992385824, -7.843265791569523 ], [ 112.026726576151944, -7.843231218659955 ], [ 112.02676893855778, -7.843054809241487 ], [ 112.026907022171287, -7.84309634897333 ], [ 112.026870992385824, -7.843265791569523 ] ] ], [ [ [ 112.033277774658316, -7.841122365333119 ], [ 112.033288515022875, -7.841124643440559 ], [ 112.033414376748055, -7.841151339656209 ], [ 112.033439461799276, -7.841156660296878 ], [ 112.033388563768995, -7.84141444894284 ], [ 112.033203220665641, -7.841376605189699 ], [ 112.033254222263409, -7.841117370130422 ], [ 112.033271376355472, -7.84112100812357 ], [ 112.033277774658316, -7.841122365333119 ] ] ], [ [ [ 112.031101190859346, -7.839867504647094 ], [ 112.031102651738294, -7.839871097045995 ], [ 112.031104146742919, -7.839874551889428 ], [ 112.031105756979159, -7.839878026348008 ], [ 112.031109028210423, -7.839884594379892 ], [ 112.031112410662587, -7.839891026476415 ], [ 112.031119235537943, -7.839903567644373 ], [ 112.031124486338697, -7.839912955334422 ], [ 112.031128137779078, -7.839919233925137 ], [ 112.031130082007635, -7.839922434430917 ], [ 112.031132030450351, -7.839925504689841 ], [ 112.031132236191382, -7.839925817115602 ], [ 112.031136132923933, -7.839931527129679 ], [ 112.031136319503219, -7.83993179257247 ], [ 112.031140431987467, -7.839937460454943 ], [ 112.031144663259951, -7.839943119002339 ], [ 112.031167876348178, -7.839973520333171 ], [ 112.031174414243694, -7.839981853030187 ], [ 112.031178961730816, -7.839987384184051 ], [ 112.031181342003151, -7.839990134124986 ], [ 112.031181588465671, -7.839990409369739 ], [ 112.031186381779293, -7.839995589006527 ], [ 112.031186632747634, -7.839995852482801 ], [ 112.031194146565326, -7.840003463775774 ], [ 112.031214467820945, -7.840023361914889 ], [ 112.031224729969921, -7.84003328722049 ], [ 112.031230036992852, -7.840038249442359 ], [ 112.031232830240327, -7.840040756891502 ], [ 112.031235682303731, -7.840043209026979 ], [ 112.031238566734544, -7.840045546221785 ], [ 112.031238932939004, -7.840045831121943 ], [ 112.031241738753067, -7.84004791708038 ], [ 112.031242212095648, -7.840048249652479 ], [ 112.031245188169109, -7.840050234803362 ], [ 112.031245586948074, -7.840050488873445 ], [ 112.031248787847133, -7.840052433679272 ], [ 112.031252071994089, -7.840054300501111 ], [ 112.031252358979941, -7.840054458071961 ], [ 112.031258847638838, -7.840057895260649 ], [ 112.031268711147149, -7.840062833662992 ], [ 112.031314321725816, -7.840085218527856 ], [ 112.031324231104449, -7.840090000351688 ], [ 112.03133101192077, -7.840093116658908 ], [ 112.031334560084787, -7.840094652720076 ], [ 112.031338170654664, -7.840096118083612 ], [ 112.031341898954309, -7.840097512614019 ], [ 112.031349009072585, -7.840099923571112 ], [ 112.03135611146763, -7.84010214461873 ], [ 112.031363147381413, -7.840104254585314 ], [ 112.031422302742996, -7.840121606632369 ], [ 112.03151618459826, -7.840149299775049 ], [ 112.03152672912519, -7.840152352595347 ], [ 112.03153742029744, -7.840155291099211 ], [ 112.03154798462856, -7.840157915175246 ], [ 112.031558476891945, -7.840160369396502 ], [ 112.031707592655181, -7.84019444626404 ], [ 112.031791544023292, -7.840213935252852 ], [ 112.031805755608076, -7.84021708309001 ], [ 112.031816646151768, -7.840219219781621 ], [ 112.031838217368502, -7.840222977254233 ], [ 112.032758877167282, -7.84037906463323 ], [ 112.032850048902091, -7.840394521878136 ], [ 112.032871371485584, -7.84039822292675 ], [ 112.032885429552607, -7.840400900803783 ], [ 112.033253927704564, -7.840475650683603 ], [ 112.0332543868534, -7.840475743616756 ], [ 112.033244991469502, -7.840509837064308 ], [ 112.033243811869681, -7.840509611140186 ], [ 112.032829878733295, -7.840430038169712 ], [ 112.032752303596368, -7.840415124599146 ], [ 112.031934575899129, -7.840257926722694 ], [ 112.031414200285084, -7.840155970026146 ], [ 112.031178118256349, -7.840102678136197 ], [ 112.031080554238585, -7.840079795496185 ], [ 112.031058229338655, -7.840074559291889 ], [ 112.031060772758636, -7.840058846901122 ], [ 112.031062893617062, -7.840045745702025 ], [ 112.031083263293823, -7.839919903622802 ], [ 112.031101190859346, -7.839867504647094 ] ] ], [ [ [ 112.031044178187258, -7.839726164834564 ], [ 112.031047324013997, -7.839703897539015 ], [ 112.03105660640685, -7.839638202138164 ], [ 112.031058752062393, -7.839623016189395 ], [ 112.031066509499041, -7.839568225500527 ], [ 112.031070891888703, -7.839537272742135 ], [ 112.031075145021333, -7.839507234669163 ], [ 112.03108954201889, -7.839405554331123 ], [ 112.031094581408254, -7.839369961192177 ], [ 112.031103081429947, -7.839309929378054 ], [ 112.031109553387736, -7.839264219503357 ], [ 112.031119190904207, -7.839196154555951 ], [ 112.031125078054814, -7.839154570269806 ], [ 112.031131615988642, -7.839108398979179 ], [ 112.031135121176405, -7.839083639125628 ], [ 112.031142775201829, -7.839029582174632 ], [ 112.031144225571126, -7.839019327923408 ], [ 112.03116054805588, -7.839020453763345 ], [ 112.031192168000928, -7.839022637405856 ], [ 112.031191471311544, -7.839023681908146 ], [ 112.031190676635447, -7.839025080278677 ], [ 112.031190088988339, -7.839026577628612 ], [ 112.031187708841529, -7.83903419143971 ], [ 112.031187348887215, -7.839035708129459 ], [ 112.031185223542053, -7.839049563626217 ], [ 112.031184887785102, -7.839051330781205 ], [ 112.031184682013347, -7.839053216097023 ], [ 112.031184207175002, -7.839055959462057 ], [ 112.031180352654914, -7.839087286262775 ], [ 112.03117670865484, -7.839115709358694 ], [ 112.031157741093239, -7.839261416312815 ], [ 112.031155858634619, -7.839275568769239 ], [ 112.031154372671125, -7.839286100764654 ], [ 112.031150599725393, -7.839310776258171 ], [ 112.031110955840489, -7.839565335601136 ], [ 112.031108826097125, -7.839579616186183 ], [ 112.031107865416175, -7.839586896408794 ], [ 112.031107438367073, -7.839590631805976 ], [ 112.031107068486932, -7.8395943797251 ], [ 112.031106475231553, -7.839601704269242 ], [ 112.031105798731232, -7.839612055207733 ], [ 112.031083682859631, -7.839760609748695 ], [ 112.031083560099304, -7.839762321212601 ], [ 112.03108360809982, -7.839769293271748 ], [ 112.031083711384284, -7.839772933310905 ], [ 112.031084037084952, -7.839779975235033 ], [ 112.031085165225477, -7.839797245093524 ], [ 112.031086273159488, -7.839811096292437 ], [ 112.031086997949217, -7.839818149901404 ], [ 112.031087462224107, -7.839821799005443 ], [ 112.03108799233226, -7.839825296005675 ], [ 112.031088048482204, -7.839825631408175 ], [ 112.031088678970079, -7.839829009683593 ], [ 112.031088773510263, -7.839829466184418 ], [ 112.031089308908733, -7.839831796469405 ], [ 112.031061487038173, -7.839913532835651 ], [ 112.031061041535125, -7.839915298450437 ], [ 112.031042921363223, -7.840027247647607 ], [ 112.031036103176973, -7.840069369629651 ], [ 112.031027406943281, -7.84006370301882 ], [ 112.031019819170439, -7.840056628224987 ], [ 112.031013567114712, -7.840048355421763 ], [ 112.031008836406102, -7.840039132870457 ], [ 112.031005769205549, -7.840029235166884 ], [ 112.031004456940494, -7.840018959641609 ], [ 112.031004939359889, -7.840008610986999 ], [ 112.03101781612672, -7.839912747080669 ], [ 112.03102284821594, -7.839877133158043 ], [ 112.03103495195711, -7.839791464866159 ], [ 112.031036954094958, -7.839777294932857 ], [ 112.031044178187258, -7.839726164834564 ] ] ] ] } }
]
}
