{
"type": "FeatureCollection",
"name": "INTERSECT 400",
"crs": { "type": "name", "properties": { "name": "urn:ogc:def:crs:OGC:1.3:CRS84" } },
"features": [
{ "type": "Feature", "properties": { "OBJECTID": 1, "Name": "Halte Semeru", "REMARK": "Halte", "type": "lines", "start": "608654.7414, 9134550.954", "NAMZON": "AREA PERUMAHAN", "LUAS": 127303.141 }, "geometry": { "type": "MultiPolygon", "coordinates": [ [ [ [ 111.983800260446586, -7.826973377363264 ], [ 111.983796772144757, -7.82702161255999 ], [ 111.983685198745405, -7.827014330673057 ], [ 111.983689891636089, -7.826968852945663 ], [ 111.98369069198047, -7.826966414453866 ], [ 111.983800260446586, -7.826973377363264 ] ] ], [ [ [ 111.984388053841556, -7.827010730245881 ], [ 111.984412181468372, -7.827012263480543 ], [ 111.984407498378957, -7.827043361238843 ], [ 111.98440029687211, -7.827048213145201 ], [ 111.983992706029028, -7.827015990357329 ], [ 111.9839106794863, -7.827008563637064 ], [ 111.983834586496997, -7.82700167386247 ], [ 111.98383473920768, -7.826992152533617 ], [ 111.983834805051202, -7.826988130363765 ], [ 111.983835006000888, -7.826975585384372 ], [ 111.984388053841556, -7.827010730245881 ] ] ], [ [ [ 111.984726535586219, -7.827032239566141 ], [ 111.984703669603803, -7.827143859819949 ], [ 111.985222680693127, -7.827227003565971 ], [ 111.985205897645756, -7.827272906573079 ], [ 111.985125728463046, -7.827492180097484 ], [ 111.985103389924745, -7.827490768892983 ], [ 111.984631962156598, -7.827460994927471 ], [ 111.983715601378222, -7.82740311830887 ], [ 111.98372047761984, -7.827381298329176 ], [ 111.983732723425064, -7.827326503601875 ], [ 111.983730396371556, -7.827255406074094 ], [ 111.983793568449059, -7.827252334717655 ], [ 111.983820027871488, -7.827279552535892 ], [ 111.983896391065528, -7.82728523335339 ], [ 111.984340321845835, -7.827303704512074 ], [ 111.984420362570205, -7.827061980637371 ], [ 111.98442431692564, -7.827059316897316 ], [ 111.984425777980661, -7.827058146768629 ], [ 111.984427025377542, -7.827056751934612 ], [ 111.984428025648839, -7.827055170459526 ], [ 111.984428750785696, -7.827053447630494 ], [ 111.98442918184648, -7.827051627808869 ], [ 111.984433677322443, -7.827021771918452 ], [ 111.984434891690057, -7.827013706642306 ], [ 111.984726535586219, -7.827032239566141 ] ] ], [ [ [ 111.984523226180187, -7.826458556552295 ], [ 111.984507002051032, -7.826456238454796 ], [ 111.984507363457823, -7.826453722743715 ], [ 111.984382450032669, -7.826415658466956 ], [ 111.984384760902273, -7.826408116792408 ], [ 111.984377060567041, -7.826406619923966 ], [ 111.984401245902788, -7.826282892974197 ], [ 111.984446674687959, -7.826292045566814 ], [ 111.984459481251989, -7.826294619547448 ], [ 111.984514279806987, -7.826305632485232 ], [ 111.984521753780825, -7.826307134492185 ], [ 111.984525123730748, -7.82630780857088 ], [ 111.984525897629112, -7.826307927958961 ], [ 111.984577235312784, -7.826313917601197 ], [ 111.984756191459738, -7.826334795714557 ], [ 111.984825981321237, -7.826342938218977 ], [ 111.984840119823062, -7.826344587460736 ], [ 111.984920833119091, -7.826354004120217 ], [ 111.98496641833772, -7.826359322487138 ], [ 111.984968141085758, -7.826359523771464 ], [ 111.984920431389867, -7.826541781702583 ], [ 111.984911014246734, -7.826538906787921 ], [ 111.984904383708269, -7.826561352214734 ], [ 111.984663812942998, -7.826487989914707 ], [ 111.984660213643181, -7.826500300030634 ], [ 111.984523226180187, -7.826458556552295 ] ] ], [ [ [ 111.984431170183214, -7.826129806753546 ], [ 111.984472574443942, -7.82613834811058 ], [ 111.984479152019105, -7.826139704787715 ], [ 111.98453106305638, -7.826150413338601 ], [ 111.984542551356753, -7.826152783278205 ], [ 111.98454290521974, -7.826152850284922 ], [ 111.984544874574098, -7.826153017531573 ], [ 111.984550263568892, -7.826153004955676 ], [ 111.98455594640987, -7.82615299169398 ], [ 111.984561111392253, -7.826152979640709 ], [ 111.984548625034876, -7.826175937072194 ], [ 111.984548039372712, -7.826177190174826 ], [ 111.984547612570253, -7.826178505312643 ], [ 111.984547347384364, -7.826179897854621 ], [ 111.984536952984712, -7.826259136011907 ], [ 111.984536298112573, -7.826264133630583 ], [ 111.984535708270741, -7.826268630041367 ], [ 111.984531256664795, -7.826267706149983 ], [ 111.984409169141372, -7.826242359387196 ], [ 111.984431170183214, -7.826129806753546 ] ] ], [ [ [ 111.984464750373618, -7.825958017586255 ], [ 111.984607228685931, -7.826000498494524 ], [ 111.984611574143315, -7.826001794355324 ], [ 111.984610185749673, -7.826006099985398 ], [ 111.984578879379384, -7.82610319524012 ], [ 111.984570124033908, -7.826130347771673 ], [ 111.984565357195322, -7.826130358895885 ], [ 111.984560149587423, -7.826130371048647 ], [ 111.984545995087785, -7.826130404080041 ], [ 111.984522268087815, -7.826125509484663 ], [ 111.984505074202204, -7.826121962624055 ], [ 111.984475233297815, -7.826115807041544 ], [ 111.984468670240304, -7.8261144530437 ], [ 111.984447066504032, -7.826109996661801 ], [ 111.984435508660368, -7.826107612025514 ], [ 111.984464750373618, -7.825958017586255 ] ] ], [ [ [ 111.984540914808946, -7.825568376045813 ], [ 111.984599662100678, -7.82558810805811 ], [ 111.984600024238034, -7.825588222980517 ], [ 111.984759923282809, -7.825636050687449 ], [ 111.984760605724176, -7.82563623179019 ], [ 111.984852347089813, -7.825657566688045 ], [ 111.985097272281749, -7.825730840084973 ], [ 111.985093645987391, -7.825738798520681 ], [ 111.985093258308467, -7.825739779831594 ], [ 111.985028870787218, -7.825933906693098 ], [ 111.985028465546591, -7.825935520243863 ], [ 111.985028412818977, -7.82593585319843 ], [ 111.985012313807786, -7.826047899428416 ], [ 111.98501136791468, -7.826054485007134 ], [ 111.985010721835508, -7.826058976122679 ], [ 111.985006286356608, -7.826057967181762 ], [ 111.985001486093395, -7.826056874980156 ], [ 111.984967924192588, -7.826049244849373 ], [ 111.984935281300821, -7.826042893247997 ], [ 111.984684602784213, -7.825994161439332 ], [ 111.984643595947233, -7.825986189597006 ], [ 111.984642218587069, -7.825985921481489 ], [ 111.984629171782217, -7.825983385147778 ], [ 111.984628635538954, -7.825983281484977 ], [ 111.984628089179338, -7.825983118153157 ], [ 111.984469109193412, -7.825935718776984 ], [ 111.984540914808946, -7.825568376045813 ] ] ], [ [ [ 111.984814091426713, -7.82547184718406 ], [ 111.984766099243217, -7.825614291884297 ], [ 111.984689048985587, -7.825591254000427 ], [ 111.9846852870715, -7.825590119576074 ], [ 111.984727746647764, -7.825459510437409 ], [ 111.984814091426713, -7.82547184718406 ] ] ], [ [ [ 111.985406338134254, -7.825556465548786 ], [ 111.985460653614197, -7.825408551494718 ], [ 111.985462384586299, -7.825403837706155 ], [ 111.985464693930751, -7.825397548852888 ], [ 111.9855255425352, -7.825231842082887 ], [ 111.98556129821057, -7.82524506613068 ], [ 111.985707902893765, -7.82529695830606 ], [ 111.985706409224349, -7.825301228006862 ], [ 111.985704153411717, -7.825307679172112 ], [ 111.985695581501247, -7.825332192152508 ], [ 111.985695411332088, -7.825332720739024 ], [ 111.985693814226337, -7.82533812936283 ], [ 111.985679927922675, -7.825385142585104 ], [ 111.985653757811406, -7.825473741399705 ], [ 111.9856173158025, -7.82559711976817 ], [ 111.985587310487148, -7.825700884031907 ], [ 111.985549197173981, -7.825759098271087 ], [ 111.985537878094249, -7.825767375855275 ], [ 111.985489020081218, -7.825803105654309 ], [ 111.985481163179699, -7.825808851781722 ], [ 111.985478945009518, -7.825809708034442 ], [ 111.985344463961638, -7.825861649889276 ], [ 111.985292687637198, -7.825881647536334 ], [ 111.985283095502965, -7.825885352789185 ], [ 111.985281498367911, -7.825886117147355 ], [ 111.985281009327579, -7.825886417656818 ], [ 111.985226952049189, -7.825921478533176 ], [ 111.985183254346765, -7.825949820598012 ], [ 111.985182033046456, -7.825950739640808 ], [ 111.985158474124617, -7.825971460953117 ], [ 111.985104231603088, -7.826019181601991 ], [ 111.985055356010861, -7.826047453442189 ], [ 111.98505379409832, -7.82604854150452 ], [ 111.985052437730047, -7.826049875092798 ], [ 111.985051324003223, -7.826051417038656 ], [ 111.985050484554321, -7.826053122046571 ], [ 111.985046768459043, -7.82606262094188 ], [ 111.985045130378964, -7.826066805961749 ], [ 111.985042231166886, -7.826066147067826 ], [ 111.985037337438527, -7.82606503337846 ], [ 111.985032901959556, -7.826064024437856 ], [ 111.985033547129433, -7.826059532419997 ], [ 111.985038315888602, -7.826026344862273 ], [ 111.985050713382691, -7.825940053778243 ], [ 111.985103762785243, -7.825780097554584 ], [ 111.985114540706491, -7.82574759961538 ], [ 111.985121510868638, -7.825732298417715 ], [ 111.985123283863032, -7.825728407023547 ], [ 111.985123929875584, -7.82572659212636 ], [ 111.985124257357654, -7.825724693860589 ], [ 111.985124257369421, -7.825722767417568 ], [ 111.985123930044665, -7.825720869776274 ], [ 111.98512328367103, -7.825719054278886 ], [ 111.985122337421529, -7.825717375146693 ], [ 111.985121119523612, -7.825715880248714 ], [ 111.985119665451592, -7.825714613819362 ], [ 111.985118016100245, -7.825713611036061 ], [ 111.985116219609154, -7.825712902537125 ], [ 111.98503703286076, -7.825689212186792 ], [ 111.984950189826236, -7.825663231579688 ], [ 111.984996861474855, -7.825497960893205 ], [ 111.985406338134254, -7.825556465548786 ] ] ], [ [ [ 111.985618314844146, -7.82497919843812 ], [ 111.985812409873546, -7.825050078598765 ], [ 111.985770993607872, -7.825117327956993 ], [ 111.985770822869483, -7.825117614156764 ], [ 111.985769971063732, -7.825119462094908 ], [ 111.985729377257769, -7.825235547773187 ], [ 111.985719085564298, -7.825264979461453 ], [ 111.985716861277893, -7.825271338300904 ], [ 111.985715368515528, -7.825275607999583 ], [ 111.985569027979338, -7.825223810174462 ], [ 111.985533338845968, -7.825210610667714 ], [ 111.985618314844146, -7.82497919843812 ] ] ], [ [ [ 111.986386381599459, -7.825259682492949 ], [ 111.986334272854307, -7.825448748928997 ], [ 111.98601284990464, -7.825355194942407 ], [ 111.986084714756714, -7.825156512976779 ], [ 111.986242604382198, -7.825207177800445 ], [ 111.986386381599459, -7.825259682492949 ] ] ], [ [ [ 111.98635305936871, -7.825608505483305 ], [ 111.986356983700986, -7.825609979941114 ], [ 111.986267676176638, -7.825846361920259 ], [ 111.986186636396155, -7.825818803649101 ], [ 111.986219735040777, -7.825712303455339 ], [ 111.986185201939989, -7.825700861696633 ], [ 111.986003008032682, -7.825640499659732 ], [ 111.985919646481136, -7.82561288133382 ], [ 111.986002058547911, -7.825385029371292 ], [ 111.986393304803343, -7.825498906894236 ], [ 111.98635305936871, -7.825608505483305 ] ] ], [ [ [ 111.986847063976313, -7.826121627237887 ], [ 111.987003482160048, -7.826158259150393 ], [ 111.987115068426661, -7.825785283771243 ], [ 111.987229490882768, -7.825819327699397 ], [ 111.987231144832705, -7.825814205840163 ], [ 111.987240925636826, -7.825818445349817 ], [ 111.987189176796619, -7.826022377648195 ], [ 111.987142746986876, -7.826082861695134 ], [ 111.987141947150249, -7.826084052895672 ], [ 111.98714130533682, -7.826085335978614 ], [ 111.987140831473909, -7.826086690118775 ], [ 111.987092662954524, -7.826258541039863 ], [ 111.987091441583686, -7.826262897836949 ], [ 111.987087037659947, -7.826261811063753 ], [ 111.986891283109514, -7.826213494766399 ], [ 111.986618890912098, -7.826122122088336 ], [ 111.986640560106252, -7.82605365164287 ], [ 111.986847063976313, -7.826121627237887 ] ] ], [ [ [ 111.987266092150634, -7.825705982924276 ], [ 111.987524154303699, -7.825788856714527 ], [ 111.987472119417745, -7.826005086610358 ], [ 111.987620727916706, -7.826046173537197 ], [ 111.987519099983885, -7.826360890807046 ], [ 111.987517708899745, -7.826365196449419 ], [ 111.987513362532695, -7.82636390333557 ], [ 111.987501629427001, -7.82636041165174 ], [ 111.987272581628915, -7.826292264192501 ], [ 111.987271190539715, -7.82629194366088 ], [ 111.987120512727302, -7.826268368564893 ], [ 111.98711825815775, -7.826268015684669 ], [ 111.987113747204788, -7.826267309928385 ], [ 111.987114976669673, -7.826262924170471 ], [ 111.987162079404925, -7.826094875263781 ], [ 111.987208596914854, -7.826034276146746 ], [ 111.987209443720118, -7.826033003437283 ], [ 111.987210110712425, -7.826031628947617 ], [ 111.987210585252186, -7.826030177127064 ], [ 111.987265268923281, -7.825814679309169 ], [ 111.987265567741815, -7.825812937576863 ], [ 111.987265590791509, -7.825811170261307 ], [ 111.987265338174524, -7.825809420775031 ], [ 111.987264814525517, -7.825807731615509 ], [ 111.987264032641562, -7.825806145261156 ], [ 111.987263013471477, -7.825804699649119 ], [ 111.987261779771487, -7.825803429999049 ], [ 111.987260363356597, -7.825802366987142 ], [ 111.987258797847076, -7.825801537667781 ], [ 111.987238128637657, -7.825792578784091 ], [ 111.987266092150634, -7.825705982924276 ] ] ], [ [ [ 111.988129368393274, -7.825983213711622 ], [ 111.988095737225279, -7.826087361639654 ], [ 111.988095737860561, -7.826087361819062 ], [ 111.988044941196549, -7.826244666365437 ], [ 111.988197289847264, -7.826200656659043 ], [ 111.988281928076404, -7.826492032871479 ], [ 111.988340129075624, -7.82648645347172 ], [ 111.988340957399302, -7.826495046352781 ], [ 111.988346981665259, -7.826557540641249 ], [ 111.988347743174984, -7.826557598188002 ], [ 111.988347742735144, -7.826557603977394 ], [ 111.988365289116501, -7.826558929919825 ], [ 111.988365188834791, -7.8265602497217 ], [ 111.98841979268073, -7.826564536598579 ], [ 111.988411497868057, -7.826669609115194 ], [ 111.988479176753543, -7.826684932616391 ], [ 111.988477584240613, -7.8266919273956 ], [ 111.988474036825906, -7.826691883555629 ], [ 111.988432570587747, -7.826679125110341 ], [ 111.988421177388531, -7.826675171397243 ], [ 111.98841770732885, -7.826673967587999 ], [ 111.988378146095656, -7.826660237835324 ], [ 111.988358792542272, -7.826653520736083 ], [ 111.988357790583152, -7.826653223716343 ], [ 111.988340067780769, -7.826648848893402 ], [ 111.988337952478162, -7.826648326564914 ], [ 111.988311690429143, -7.826641845425315 ], [ 111.98831002644107, -7.826641563522863 ], [ 111.988308338555953, -7.826641532204175 ], [ 111.988306664862876, -7.826641750475606 ], [ 111.988305041628479, -7.826642213730002 ], [ 111.988295199060929, -7.826645860848706 ], [ 111.988293744694971, -7.826646399679793 ], [ 111.988288478171157, -7.826648352025008 ], [ 111.988281741874076, -7.826650847759458 ], [ 111.988234699947469, -7.82665509754582 ], [ 111.988157350099385, -7.826656707735114 ], [ 111.988155957314575, -7.826656823147097 ], [ 111.988045132841037, -7.826672875920443 ], [ 111.988043443197668, -7.826673253408321 ], [ 111.988041830333046, -7.826673883957507 ], [ 111.988040333209071, -7.826674752101351 ], [ 111.987964223620935, -7.826727020235467 ], [ 111.9878501539757, -7.826759971743214 ], [ 111.987820668609004, -7.826768489090804 ], [ 111.987818920691453, -7.826769154323882 ], [ 111.987817305842043, -7.826770097810585 ], [ 111.987815869343564, -7.826771292311948 ], [ 111.987744047153171, -7.826841813579817 ], [ 111.987743299020778, -7.826842622989798 ], [ 111.987742143867266, -7.826844285328284 ], [ 111.987723479940854, -7.826877396892346 ], [ 111.987722714762199, -7.826879055604429 ], [ 111.987722227345799, -7.826880815867047 ], [ 111.987722029371099, -7.826882630622376 ], [ 111.987721273315813, -7.826910507005294 ], [ 111.987721142251118, -7.826915317084727 ], [ 111.987716654187295, -7.826913550382872 ], [ 111.987633694040355, -7.826880909187942 ], [ 111.987630997935355, -7.826879848269463 ], [ 111.987629671885585, -7.826879418150704 ], [ 111.987628302694773, -7.826879154548549 ], [ 111.987602499651544, -7.826875799818675 ], [ 111.987541011264511, -7.826867807487274 ], [ 111.987526085744349, -7.82686586714571 ], [ 111.987496477839102, -7.826862018451373 ], [ 111.987495521633107, -7.826861894069105 ], [ 111.987465559006438, -7.82685799917237 ], [ 111.98746370410808, -7.826857910357657 ], [ 111.987461859901273, -7.826858125407278 ], [ 111.98746007534551, -7.826858637875611 ], [ 111.987458398476321, -7.826859434083738 ], [ 111.987456874589299, -7.826860492219232 ], [ 111.987455544432621, -7.826861785053756 ], [ 111.987418204831144, -7.826904542683302 ], [ 111.987408788019465, -7.826905669941406 ], [ 111.987406012663996, -7.826906002937672 ], [ 111.987396298461007, -7.826907166164448 ], [ 111.987391662590639, -7.826907721483598 ], [ 111.987392227618287, -7.826903099414523 ], [ 111.987399753587368, -7.826841526110687 ], [ 111.987410756822356, -7.826763410734029 ], [ 111.987410914714303, -7.8267622906768 ], [ 111.987411285869683, -7.826761227099673 ], [ 111.987443006951025, -7.826670290832008 ], [ 111.987535890563578, -7.826382658280577 ], [ 111.987652587140147, -7.826021278612062 ], [ 111.987652688842118, -7.826020946447207 ], [ 111.987679164524522, -7.825929414672224 ], [ 111.987715502569088, -7.825850305953965 ], [ 111.988129368393274, -7.825983213711622 ] ] ], [ [ [ 111.9884581545424, -7.826777268257037 ], [ 111.988465104214853, -7.826784307088796 ], [ 111.988462490208633, -7.826786873752256 ], [ 111.988469000348289, -7.826788548972957 ], [ 111.988463850034933, -7.826808452855712 ], [ 111.988463858837505, -7.826808455096171 ], [ 111.98842787311294, -7.826947513231314 ], [ 111.988510352694831, -7.826956237039187 ], [ 111.988509893792312, -7.826960551533455 ], [ 111.988516271426803, -7.826961288159668 ], [ 111.988515821985899, -7.826962779820478 ], [ 111.988515271247365, -7.826964608064425 ], [ 111.988501248992918, -7.827011148644459 ], [ 111.988500937385524, -7.827012464419315 ], [ 111.988500813535936, -7.827013404414783 ], [ 111.988489643559248, -7.827139218140927 ], [ 111.988487350106993, -7.82715123347274 ], [ 111.988477717619787, -7.827201703473773 ], [ 111.988477471249681, -7.827202992867216 ], [ 111.98847009906433, -7.827241620360682 ], [ 111.988466929440591, -7.827258225931058 ], [ 111.988461932226002, -7.827284408296294 ], [ 111.988459392413148, -7.827297717543673 ], [ 111.988459336069042, -7.827298054124518 ], [ 111.988450833345198, -7.827354179607148 ], [ 111.988445428622498, -7.827389861276167 ], [ 111.988445303586673, -7.827390682793749 ], [ 111.988444760618009, -7.827394269236041 ], [ 111.988444082790636, -7.827398742338072 ], [ 111.988439580349521, -7.827398190331321 ], [ 111.988263619557927, -7.827376621282859 ], [ 111.9882553168501, -7.827375603350267 ], [ 111.988219664740399, -7.827371232543735 ], [ 111.988170938046466, -7.827365259861821 ], [ 111.988091604608073, -7.827356096579861 ], [ 111.988042328064907, -7.827350404640255 ], [ 111.988012836349114, -7.827346998886815 ], [ 111.987877034591691, -7.827332634380487 ], [ 111.987872508743493, -7.827332155681363 ], [ 111.987873374355075, -7.827327700228397 ], [ 111.987873971134235, -7.827324624664618 ], [ 111.987874155730708, -7.827323676387026 ], [ 111.987874884240398, -7.827319925808081 ], [ 111.987877342351666, -7.82731042712759 ], [ 111.987888282062855, -7.827268150942133 ], [ 111.987893814829206, -7.827246768957473 ], [ 111.987904041820116, -7.827207246629221 ], [ 111.987907253091649, -7.8271948375298 ], [ 111.987907420186147, -7.827194159718514 ], [ 111.987912171057545, -7.827175811222777 ], [ 111.987922440343667, -7.827136149512699 ], [ 111.987927588441067, -7.827116255315841 ], [ 111.987927666586117, -7.827115933154822 ], [ 111.987936224815655, -7.827078341175715 ], [ 111.987936931269317, -7.827075238222079 ], [ 111.987947616941909, -7.827028303899082 ], [ 111.987947875754713, -7.827026520656428 ], [ 111.987947846117876, -7.827024719096221 ], [ 111.987944246513592, -7.826987377175831 ], [ 111.987943418195712, -7.826978784293278 ], [ 111.987943115748649, -7.826977058439868 ], [ 111.987942548634592, -7.826975400134319 ], [ 111.987941731456004, -7.826973848232958 ], [ 111.987940683350146, -7.826972441581635 ], [ 111.987939429789932, -7.826971213584672 ], [ 111.987938001679254, -7.826970193111538 ], [ 111.987936431725245, -7.826969404505308 ], [ 111.987934723583308, -7.826968859515054 ], [ 111.987953131030778, -7.826971649089057 ], [ 111.987957226227849, -7.826931753119117 ], [ 111.987970362209708, -7.82680345844647 ], [ 111.987896794595656, -7.826795967473203 ], [ 111.987880726195755, -7.826794737991117 ], [ 111.987862183914203, -7.82696308455378 ], [ 111.987790557483279, -7.826957673736602 ], [ 111.987747992376057, -7.826928887634622 ], [ 111.987743537655021, -7.826925874546915 ], [ 111.98774368282983, -7.82692050911286 ], [ 111.987744619257938, -7.826886038994157 ], [ 111.987761097517833, -7.82685680351846 ], [ 111.987829732839415, -7.8267894118114 ], [ 111.987870230920876, -7.826777712205208 ], [ 111.987972295433934, -7.82674822926822 ], [ 111.987973995336873, -7.826747586757796 ], [ 111.987975570370168, -7.826746681349963 ], [ 111.988051011721097, -7.82669487242149 ], [ 111.988158523378857, -7.82667929951947 ], [ 111.988217178527123, -7.826678077710556 ], [ 111.988235567607447, -7.826677695471957 ], [ 111.988236353820298, -7.826677652026328 ], [ 111.988255038207171, -7.826675963999079 ], [ 111.988285295379683, -7.826673230469354 ], [ 111.988286267309235, -7.826673099763047 ], [ 111.988288197855539, -7.826672577000688 ], [ 111.988291108399395, -7.826671498429826 ], [ 111.988296374923465, -7.826669546084552 ], [ 111.988309638197478, -7.826664631982156 ], [ 111.98833250451294, -7.826670275432714 ], [ 111.988334036314797, -7.8266706535146 ], [ 111.98833461981566, -7.826670797761214 ], [ 111.988337094474744, -7.826671408786628 ], [ 111.988351834438262, -7.826675047154302 ], [ 111.988413725509133, -7.826696526226432 ], [ 111.988417195571117, -7.826697730940129 ], [ 111.988425309322523, -7.826700546421064 ], [ 111.988425693253461, -7.826700672142047 ], [ 111.988468917505642, -7.826713970936901 ], [ 111.988470316793212, -7.826714305915966 ], [ 111.988472119271734, -7.826714472630317 ], [ 111.988472450398831, -7.826714476717965 ], [ 111.9884581545424, -7.826777268257037 ] ] ], [ [ [ 111.988672223822363, -7.826979300860581 ], [ 111.988671859816989, -7.82698243493865 ], [ 111.98882213142403, -7.827000855577677 ], [ 111.988767325626824, -7.827445482258661 ], [ 111.988717302729114, -7.827439107185641 ], [ 111.988527196651063, -7.827405719723927 ], [ 111.988526120702886, -7.82740558477161 ], [ 111.988471208183938, -7.827401326954264 ], [ 111.988466675380124, -7.827400975802961 ], [ 111.98846735409073, -7.827396492750116 ], [ 111.988467847052988, -7.827393238351687 ], [ 111.988467968507933, -7.827392436739991 ], [ 111.98847108257182, -7.827371881643594 ], [ 111.988476588220138, -7.827335539502354 ], [ 111.988478400208152, -7.827323575042531 ], [ 111.988481722347871, -7.827301644721325 ], [ 111.988483902024313, -7.827290225677038 ], [ 111.988497946728913, -7.827216644324868 ], [ 111.98849838470862, -7.827214304436428 ], [ 111.98849883166173, -7.827211923827483 ], [ 111.988499991120008, -7.827205931054862 ], [ 111.988509624500793, -7.827155456529383 ], [ 111.988512038883883, -7.827142802384893 ], [ 111.988512178851565, -7.827141774621715 ], [ 111.988523296697508, -7.827016548898992 ], [ 111.988537536726824, -7.826969286071189 ], [ 111.98853915031134, -7.826963930703815 ], [ 111.988672223822363, -7.826979300860581 ] ] ], [ [ [ 111.988743883862867, -7.827635659691312 ], [ 111.989086857867306, -7.827614279333551 ], [ 111.989086858339761, -7.827614287381905 ], [ 111.989117099519873, -7.827612402722547 ], [ 111.989569685119207, -7.827584196408115 ], [ 111.989581179888859, -7.827767616317263 ], [ 111.989540289646911, -7.827763697277069 ], [ 111.989554492486178, -7.827681105588716 ], [ 111.989453683055416, -7.827670573901052 ], [ 111.989444388696455, -7.827738614424067 ], [ 111.989295456302088, -7.827733162720362 ], [ 111.98929018829304, -7.82779678740639 ], [ 111.98928891886581, -7.827814215173413 ], [ 111.989169646315474, -7.827805007399011 ], [ 111.989171154031752, -7.827791323422159 ], [ 111.989174367992746, -7.827748917009044 ], [ 111.989177444756393, -7.827708327921901 ], [ 111.989096858986457, -7.827704257016679 ], [ 111.989086620229841, -7.82770374017459 ], [ 111.989081959872934, -7.827762379111215 ], [ 111.988917550291745, -7.827747210168407 ], [ 111.988922264263749, -7.827711304009657 ], [ 111.988835677132641, -7.827702174163515 ], [ 111.988834187643675, -7.827715130934234 ], [ 111.988830023728383, -7.82774584526665 ], [ 111.988414112000314, -7.827722425709624 ], [ 111.988407359785782, -7.828075360089445 ], [ 111.988310755289177, -7.828081189413965 ], [ 111.988309139420409, -7.827861133944082 ], [ 111.988282220953224, -7.827860932920038 ], [ 111.988140980617359, -7.827859875515568 ], [ 111.98808234225082, -7.827859436756724 ], [ 111.98806123390959, -7.827860888977326 ], [ 111.988060696024021, -7.827825820868254 ], [ 111.987982711460589, -7.827827200099557 ], [ 111.987981882241741, -7.827874061593594 ], [ 111.987797957367604, -7.827869809203422 ], [ 111.987800391955702, -7.827849164351489 ], [ 111.987693661551063, -7.827839225849775 ], [ 111.987686498342271, -7.827886521835422 ], [ 111.987559301846574, -7.827879641174518 ], [ 111.987568579732553, -7.827743219258419 ], [ 111.987509235323373, -7.827741048273501 ], [ 111.987515441480326, -7.827596175293305 ], [ 111.987479447946058, -7.827596259555596 ], [ 111.987496036866773, -7.827507680383765 ], [ 111.987319031293097, -7.827476502884979 ], [ 111.987331741979915, -7.827397860750291 ], [ 111.987331803545175, -7.827397430096244 ], [ 111.987345494989938, -7.827285415717689 ], [ 111.987346043991295, -7.827280920306704 ], [ 111.987350517040866, -7.827281701215711 ], [ 111.987611202441059, -7.82732723060469 ], [ 111.987611956357014, -7.827327336467082 ], [ 111.987857394484706, -7.82735329058328 ], [ 111.987857834469338, -7.827353341105584 ], [ 111.988010336242397, -7.827369471750355 ], [ 111.988168250159674, -7.827387710554337 ], [ 111.98845174788967, -7.82742245668273 ], [ 111.988452262287737, -7.827422526023089 ], [ 111.988452703153811, -7.827422565689481 ], [ 111.988523815681091, -7.827428085215064 ], [ 111.988713645944088, -7.827461423579744 ], [ 111.988714163082221, -7.827461501053244 ], [ 111.988764559427793, -7.827467923775215 ], [ 111.988743883862867, -7.827635659691312 ] ] ], [ [ [ 111.989626254779566, -7.828486864872005 ], [ 111.989588479163899, -7.828489219166022 ], [ 111.989588914149806, -7.828402163789374 ], [ 111.989620928123699, -7.828401869039912 ], [ 111.989626254779566, -7.828486864872005 ] ] ], [ [ [ 111.987667388418558, -7.828610469969624 ], [ 111.98766415679934, -7.828658613155544 ], [ 111.987372823197006, -7.828639165398515 ], [ 111.987355526943247, -7.828635273345042 ], [ 111.987361574743332, -7.828598418028596 ], [ 111.987391414068597, -7.828416578923235 ], [ 111.987739762416709, -7.828466703639773 ], [ 111.987742554033161, -7.828429366649519 ], [ 111.987850552655885, -7.828436293102824 ], [ 111.98784780167523, -7.82854094148177 ], [ 111.987847180693009, -7.828564547719949 ], [ 111.987729672029616, -7.828529971523596 ], [ 111.987709230127749, -7.828608559546316 ], [ 111.987667388418558, -7.828610469969624 ] ] ], [ [ [ 111.987070963782955, -7.829600570873409 ], [ 111.987046045842249, -7.829687464937931 ], [ 111.986989811469016, -7.829910901886285 ], [ 111.987097489400711, -7.829937852471662 ], [ 111.987151275195515, -7.829724145707208 ], [ 111.987188430437755, -7.829735503421534 ], [ 111.987208078227184, -7.829740785439511 ], [ 111.987260057295686, -7.829754759336531 ], [ 111.987280997688813, -7.829677299926218 ], [ 111.987398031351717, -7.829708763361889 ], [ 111.987378032083654, -7.82978647833519 ], [ 111.987329380456089, -7.829957355447061 ], [ 111.987283470118641, -7.830128073289631 ], [ 111.987225397094491, -7.830110572814635 ], [ 111.987093791794138, -7.83007078830471 ], [ 111.986854560725789, -7.829998470851907 ], [ 111.986200427437268, -7.829810394944772 ], [ 111.986288836956405, -7.829502093125602 ], [ 111.986369358078861, -7.829221300890302 ], [ 111.986465911699952, -7.829248835717355 ], [ 111.986450159403461, -7.829303766209426 ], [ 111.986319061975635, -7.829760929907795 ], [ 111.986403536181143, -7.829785019963806 ], [ 111.986468962535199, -7.829556863930679 ], [ 111.986488121490183, -7.829490053883718 ], [ 111.986590338312169, -7.829519203405019 ], [ 111.986586321754274, -7.829533209803378 ], [ 111.986574114656307, -7.829575778357371 ], [ 111.986587773336339, -7.829579673450829 ], [ 111.986694849229707, -7.829610209828505 ], [ 111.986690802988505, -7.829624319402273 ], [ 111.986681200133432, -7.82965780407338 ], [ 111.986858645052067, -7.829708407012171 ], [ 111.986904760448752, -7.829547593478874 ], [ 111.987070963782955, -7.829600570873409 ] ] ], [ [ [ 111.987658744538621, -7.830236617405939 ], [ 111.987605614902193, -7.830222217422467 ], [ 111.987605220127364, -7.830222109815137 ], [ 111.987427021758862, -7.830171333533841 ], [ 111.987406779785431, -7.830165233504427 ], [ 111.987446086609751, -7.829992977302174 ], [ 111.987487845935121, -7.829814620385054 ], [ 111.987495336433639, -7.829782283852427 ], [ 111.987512503786448, -7.829786432983278 ], [ 111.98761582668655, -7.829814595625252 ], [ 111.987586617166059, -7.829940338547158 ], [ 111.987700729417654, -7.829966698684879 ], [ 111.987722274928345, -7.829873948413756 ], [ 111.987765557049684, -7.829884902449745 ], [ 111.987658744538621, -7.830236617405939 ] ] ], [ [ [ 111.987523067714861, -7.830683376799473 ], [ 111.987507388710753, -7.830679955685607 ], [ 111.987496826172205, -7.830676765693743 ], [ 111.98749697513702, -7.830673053795572 ], [ 111.987500437226061, -7.830586517725584 ], [ 111.987518565331968, -7.830523382963809 ], [ 111.987546125151979, -7.830440000288893 ], [ 111.987554192097434, -7.830415593373879 ], [ 111.987567972905353, -7.83037390022505 ], [ 111.987599890368173, -7.830277332474779 ], [ 111.987608550758594, -7.830251130679796 ], [ 111.987609971789311, -7.830246829488447 ], [ 111.987614354228853, -7.830248017597434 ], [ 111.987652169791204, -7.830258266885612 ], [ 111.987523067714861, -7.830683376799473 ] ] ], [ [ [ 111.987386493440113, -7.830643444089958 ], [ 111.987382870732532, -7.830654746579227 ], [ 111.987356125049644, -7.830649412553832 ], [ 111.987167339257596, -7.830587652219905 ], [ 111.987166632260312, -7.830587445855579 ], [ 111.98709462160646, -7.830568955086292 ], [ 111.987018286909048, -7.830549039090922 ], [ 111.98701736044265, -7.830548837762207 ], [ 111.987016642809124, -7.830548736336705 ], [ 111.986982082042232, -7.830544988770368 ], [ 111.986977539801828, -7.830544496537707 ], [ 111.986978584141966, -7.830540061468866 ], [ 111.98704150962088, -7.830272917523388 ], [ 111.987084907091685, -7.830136564067773 ], [ 111.987096551402814, -7.830099975121495 ], [ 111.987097923440487, -7.830095664097187 ], [ 111.987102263543051, -7.830096976218261 ], [ 111.987218829149768, -7.830132213174392 ], [ 111.987420628082646, -7.830193026848982 ], [ 111.987583745611389, -7.83023950169792 ], [ 111.987588110041898, -7.830240745019768 ], [ 111.987586689004573, -7.830245043497793 ], [ 111.987577665699305, -7.830272343219045 ], [ 111.987524606492059, -7.830432875821655 ], [ 111.987496961117571, -7.830516517363693 ], [ 111.987496829709414, -7.830516944563564 ], [ 111.987478265309619, -7.830581598888751 ], [ 111.987477995084731, -7.830582773474973 ], [ 111.987477836241496, -7.830584259829579 ], [ 111.987474469184804, -7.830668403453407 ], [ 111.987474405438562, -7.830669994407723 ], [ 111.987386493440113, -7.830643444089958 ] ] ], [ [ [ 111.987343163306051, -7.830778629787811 ], [ 111.986950353289487, -7.830653422021848 ], [ 111.986953114136156, -7.830626667149515 ], [ 111.986953232062334, -7.830625520957359 ], [ 111.986953575925597, -7.83062442036238 ], [ 111.986970250470804, -7.830570999005131 ], [ 111.986971623209087, -7.830566599344921 ], [ 111.986976217158158, -7.830567096883189 ], [ 111.987013358848699, -7.83057112420919 ], [ 111.987088924897876, -7.830590841220297 ], [ 111.98716062156204, -7.830609251326252 ], [ 111.987349702347544, -7.830671107745588 ], [ 111.987351012787158, -7.830671451074746 ], [ 111.987375924017087, -7.830676419642717 ], [ 111.987343163306051, -7.830778629787811 ] ] ], [ [ [ 111.986797711779047, -7.830604767582784 ], [ 111.986811850042386, -7.83060745388721 ], [ 111.986873545386217, -7.830618751475337 ], [ 111.986887368551436, -7.830621999500073 ], [ 111.986916264441604, -7.830628790181828 ], [ 111.986918892413939, -7.830629408089452 ], [ 111.986925323501808, -7.830630918815 ], [ 111.986929773630877, -7.830631964776495 ], [ 111.986929306345687, -7.830636500695531 ], [ 111.986928285987702, -7.830646388079814 ], [ 111.986797711779047, -7.830604767582784 ] ] ], [ [ [ 111.986518197210856, -7.830381837649715 ], [ 111.986454361976627, -7.830362718139138 ], [ 111.986423743920597, -7.830489400545901 ], [ 111.986107126160633, -7.830413148130821 ], [ 111.985973842904116, -7.830381048543113 ], [ 111.985973457249798, -7.830380962619317 ], [ 111.98585116568232, -7.830355972360582 ], [ 111.985676031498812, -7.830307319905029 ], [ 111.985674101577544, -7.83030695992975 ], [ 111.98567213707851, -7.830306937388793 ], [ 111.985670198768915, -7.830307253044519 ], [ 111.985668344671737, -7.83030789771701 ], [ 111.985666629158828, -7.830308852286073 ], [ 111.985644272163825, -7.830323961545376 ], [ 111.985599128641667, -7.830352020374409 ], [ 111.985534864278733, -7.8303539749211 ], [ 111.985438174881835, -7.830342860205235 ], [ 111.985334916992869, -7.830323089110854 ], [ 111.985217916267786, -7.830299894260286 ], [ 111.985213463806005, -7.830299011083167 ], [ 111.985214543627151, -7.830294614824172 ], [ 111.985216206481923, -7.830287845779334 ], [ 111.985249482417814, -7.830157399425082 ], [ 111.985249602721865, -7.830156877286085 ], [ 111.985260039969702, -7.830105969492823 ], [ 111.98526026059028, -7.830104138404738 ], [ 111.985260180983573, -7.830102295356046 ], [ 111.985259801266452, -7.830100490090331 ], [ 111.985259132434862, -7.830098770516805 ], [ 111.985258191826915, -7.830097181816634 ], [ 111.985257004938987, -7.83009576734305 ], [ 111.985255602692064, -7.830094563201121 ], [ 111.985254023258378, -7.83009360367012 ], [ 111.985252308412527, -7.830092912167694 ], [ 111.985181903336297, -7.830071011203991 ], [ 111.985181181846414, -7.830070812105431 ], [ 111.985042485034469, -7.830037493914645 ], [ 111.984882295095218, -7.829999011816565 ], [ 111.984780421288534, -7.829973827924675 ], [ 111.984773705082659, -7.829972167694089 ], [ 111.984774912871771, -7.829967807314175 ], [ 111.984777790722475, -7.829957426744245 ], [ 111.984777926436607, -7.829956900951599 ], [ 111.984898164271286, -7.82945695696542 ], [ 111.984899223216019, -7.829452552615773 ], [ 111.985189909952936, -7.829539055570266 ], [ 111.985727745246436, -7.829687509568948 ], [ 111.985930507631423, -7.829752447781853 ], [ 111.986176594046427, -7.829827074157526 ], [ 111.986848130717178, -7.830020153393671 ], [ 111.987071882827635, -7.830087792274118 ], [ 111.987076222930071, -7.830089104395482 ], [ 111.98707485179699, -7.830093414513198 ], [ 111.987063204778138, -7.83013000979645 ], [ 111.987019767695116, -7.830266490868429 ], [ 111.987019536573996, -7.830267325296291 ], [ 111.986952720153795, -7.830550985147636 ], [ 111.986952628569597, -7.83055137788576 ], [ 111.98695250794411, -7.830551762551976 ], [ 111.986935737982805, -7.830605490734755 ], [ 111.98693438684252, -7.830609818894155 ], [ 111.986929962122943, -7.830608779204243 ], [ 111.986878471670266, -7.830596679023996 ], [ 111.986877918161213, -7.830596563647636 ], [ 111.986816018671519, -7.830585229455787 ], [ 111.986734366021338, -7.830569714160769 ], [ 111.986532935759939, -7.83051570064049 ], [ 111.986479422125257, -7.830502811185224 ], [ 111.986518197210856, -7.830381837649715 ] ] ], [ [ [ 111.986315375433151, -7.830937775399823 ], [ 111.985945528263173, -7.830848881210617 ], [ 111.985941215896901, -7.830869708967068 ], [ 111.985337711752862, -7.830745149841969 ], [ 111.985278613738046, -7.830732238779579 ], [ 111.985128731756049, -7.83069949486833 ], [ 111.985124297229106, -7.830698526632159 ], [ 111.985135442439343, -7.83065672030514 ], [ 111.98513556908371, -7.830656194533611 ], [ 111.98516763980227, -7.830507636106134 ], [ 111.985187762808494, -7.830403650732544 ], [ 111.985206984883078, -7.830325390446001 ], [ 111.98520806470431, -7.830320994187008 ], [ 111.985212516259395, -7.830321877366273 ], [ 111.985330568629067, -7.830345279588683 ], [ 111.985434414489561, -7.830365163267998 ], [ 111.985435155724446, -7.830365273685457 ], [ 111.985533087071943, -7.830376531112415 ], [ 111.985534571901269, -7.830376598187858 ], [ 111.985602876441902, -7.830374527474397 ], [ 111.985604361684977, -7.830374384720169 ], [ 111.985605814728032, -7.830374047588096 ], [ 111.985607212009739, -7.830373524273165 ], [ 111.985608527245816, -7.830372822072267 ], [ 111.98565644922266, -7.830343036515908 ], [ 111.985656812353511, -7.830342800514514 ], [ 111.985675004012364, -7.830330506542227 ], [ 111.985683882467626, -7.830332972979357 ], [ 111.985698139000334, -7.830336933630016 ], [ 111.985796560717944, -7.830364275189718 ], [ 111.985834088372044, -7.830374699679648 ], [ 111.985845461654833, -7.830377859407126 ], [ 111.985846227551548, -7.830378043929703 ], [ 111.985875670300231, -7.830384061022721 ], [ 111.985968712397636, -7.83040307353218 ], [ 111.986063808814251, -7.830425976608567 ], [ 111.986079270126837, -7.830429700180066 ], [ 111.98611484348713, -7.830438266986238 ], [ 111.986180557247934, -7.830454093727826 ], [ 111.986224600850491, -7.830464701012371 ], [ 111.986284176549788, -7.830479047969761 ], [ 111.986340945479554, -7.83049272044575 ], [ 111.986367183798706, -7.830499038938841 ], [ 111.986386571698759, -7.83050370839433 ], [ 111.986401501243606, -7.830507303863341 ], [ 111.986418431366275, -7.830511381268047 ], [ 111.986315375433151, -7.830937775399823 ] ] ], [ [ [ 111.985846930731768, -7.831325084678276 ], [ 111.985460172836568, -7.831245450148073 ], [ 111.985459886627865, -7.831246811084271 ], [ 111.985436907134329, -7.831242005907417 ], [ 111.985430874781485, -7.831264634087794 ], [ 111.985336266092773, -7.831239552652918 ], [ 111.985338684592563, -7.83119619014355 ], [ 111.98503852736728, -7.831110145504256 ], [ 111.985068227562962, -7.830984444928878 ], [ 111.984837094994944, -7.83091319546791 ], [ 111.984761166394833, -7.831257735750109 ], [ 111.984985727746633, -7.831367739261578 ], [ 111.984891559348455, -7.831617978937719 ], [ 111.984787025592382, -7.831568698166826 ], [ 111.984636158939907, -7.831497575885234 ], [ 111.984643382246432, -7.83148035126951 ], [ 111.984644153115156, -7.831478017840396 ], [ 111.984644553738192, -7.831475594832608 ], [ 111.984644572456986, -7.831473138348263 ], [ 111.984641394349538, -7.831427886123127 ], [ 111.984641185435962, -7.831426207078529 ], [ 111.984640679116936, -7.831424173286231 ], [ 111.984631250334033, -7.831394762335428 ], [ 111.984630402825701, -7.831392653367502 ], [ 111.98462926089401, -7.831390687083159 ], [ 111.984627848215084, -7.831388904126621 ], [ 111.984626194805131, -7.831387341509536 ], [ 111.984468256754951, -7.831260593125966 ], [ 111.98448329583384, -7.831169069158465 ], [ 111.984532587945878, -7.830869096447296 ], [ 111.984558148801753, -7.83082057270622 ], [ 111.984559025699554, -7.830818589949812 ], [ 111.984559207655451, -7.830818058622604 ], [ 111.9845785202032, -7.830758188884406 ], [ 111.984578755040104, -7.830757389721469 ], [ 111.984614600471545, -7.830622261471688 ], [ 111.984620628297421, -7.830623528073662 ], [ 111.984936307477383, -7.830689862673577 ], [ 111.985105734224163, -7.830726876948874 ], [ 111.985271820802978, -7.830763160939886 ], [ 111.985331098488203, -7.830776110473466 ], [ 111.985934797197544, -7.830900709834533 ], [ 111.985846930731768, -7.831325084678276 ] ] ], [ [ [ 111.984709597565441, -7.831968765001932 ], [ 111.984703139926964, -7.831966014430822 ], [ 111.984703979411691, -7.831964320275556 ], [ 111.98470918704642, -7.831953862813304 ], [ 111.984718909784235, -7.831957786546416 ], [ 111.984709597565441, -7.831968765001932 ] ] ], [ [ [ 111.984547712173494, -7.831934234208174 ], [ 111.984670300085597, -7.831986448115335 ], [ 111.98465776018935, -7.832025280300806 ], [ 111.984652605399376, -7.832022714290722 ], [ 111.984547712173494, -7.831934234208174 ] ] ], [ [ [ 111.984408761770482, -7.831817025931919 ], [ 111.984415046025546, -7.831799828336037 ], [ 111.984470515720417, -7.831822113382578 ], [ 111.984479180732208, -7.831825594209992 ], [ 111.984478965152874, -7.831826869964281 ], [ 111.984476151345831, -7.831854875074922 ], [ 111.984476108580537, -7.831857519737592 ], [ 111.984476507429576, -7.831860134427189 ], [ 111.984480727105094, -7.831877730577056 ], [ 111.984408761770482, -7.831817025931919 ] ] ], [ [ [ 111.985579016223639, -7.829156199963204 ], [ 111.985600609887186, -7.829162667386786 ], [ 111.985609880995014, -7.829121164078584 ], [ 111.985633519044157, -7.829012806379944 ], [ 111.985766130665979, -7.829050401444124 ], [ 111.985718374698337, -7.829281574902189 ], [ 111.985713232045399, -7.829302293916345 ], [ 111.985641649971569, -7.829590700412095 ], [ 111.985634504349022, -7.829633618894017 ], [ 111.985633604220041, -7.829638062668436 ], [ 111.985392260173995, -7.829571448999172 ], [ 111.985486591955947, -7.829128989764361 ], [ 111.985578909132741, -7.82915655547479 ], [ 111.985579016223639, -7.829156199963204 ] ] ], [ [ [ 111.984810641329645, -7.830004594002317 ], [ 111.984876912259978, -7.830020976791454 ], [ 111.984899524298555, -7.830026408462736 ], [ 111.984977395997248, -7.830045114762252 ], [ 111.985052746784689, -7.830063216442915 ], [ 111.985075073885739, -7.830068580032889 ], [ 111.98508238073984, -7.830070335652879 ], [ 111.985086704772442, -7.830071371980967 ], [ 111.98514133648402, -7.830084497918704 ], [ 111.985157516465875, -7.830088385358956 ], [ 111.985175508639955, -7.830092707214854 ], [ 111.985212329446171, -7.830104160852546 ], [ 111.985222561835656, -7.830107344065827 ], [ 111.985225246543749, -7.830108178916137 ], [ 111.985235772092139, -7.830111453696331 ], [ 111.985227442021127, -7.830152084919181 ], [ 111.985194207417351, -7.830282369282399 ], [ 111.985188732000225, -7.830304682682491 ], [ 111.985188623256846, -7.830305107115678 ], [ 111.985165673005767, -7.830398544359989 ], [ 111.985165552761046, -7.830399091822974 ], [ 111.98514542439473, -7.830503114290456 ], [ 111.985113460419413, -7.83065117231626 ], [ 111.98510212730902, -7.830693682730939 ], [ 111.985097693689113, -7.830692714492372 ], [ 111.984942977029448, -7.830658913670914 ], [ 111.984628466598764, -7.830592825063178 ], [ 111.984622729139318, -7.830591619284686 ], [ 111.984652440752129, -7.830479617244373 ], [ 111.984652565632032, -7.830479112279004 ], [ 111.984747672277095, -7.83006609418771 ], [ 111.984766453810735, -7.829998329079677 ], [ 111.984767662506911, -7.829993968697652 ], [ 111.98477525442523, -7.829995845756098 ], [ 111.984810641329645, -7.830004594002317 ] ] ], [ [ [ 111.985926765606223, -7.829722755856695 ], [ 111.985925714855981, -7.829727169232807 ], [ 111.985921384559418, -7.829725782007809 ], [ 111.985822844237433, -7.829694219747721 ], [ 111.985823830547105, -7.82968978572042 ], [ 111.985833549101173, -7.82964800261736 ], [ 111.985898885839219, -7.829359216372074 ], [ 111.985966797030045, -7.829061817521011 ], [ 111.986070807629645, -7.829085554483454 ], [ 111.986041676644035, -7.829215962234417 ], [ 111.98600344289639, -7.829391225817399 ], [ 111.985979018186811, -7.829503189315835 ], [ 111.985926765606223, -7.829722755856695 ] ] ], [ [ [ 111.98510479448386, -7.82864571781625 ], [ 111.985291279853442, -7.828688852369799 ], [ 111.985295539875906, -7.828677317226015 ], [ 111.98532547181695, -7.828548026412292 ], [ 111.985373662976912, -7.828306289083144 ], [ 111.985460096801162, -7.828299904441755 ], [ 111.985507877806995, -7.828296673413022 ], [ 111.985416165114984, -7.828715535321736 ], [ 111.985391255552798, -7.828823467973841 ], [ 111.985267790475305, -7.828793286066523 ], [ 111.985172510613069, -7.829201008245589 ], [ 111.985306486884511, -7.82923371791935 ], [ 111.985248508288834, -7.829473305665909 ], [ 111.985237134431429, -7.829523937985801 ], [ 111.985236188014539, -7.829528369205942 ], [ 111.985196175777432, -7.829517325492365 ], [ 111.984904519757634, -7.829430532672172 ], [ 111.984904921243128, -7.829428863959667 ], [ 111.984905615914442, -7.829426139993249 ], [ 111.98510479448386, -7.82864571781625 ] ] ], [ [ [ 111.985983582920966, -7.828266353888151 ], [ 111.98606528399209, -7.828262543351345 ], [ 111.98610342125383, -7.828260764710109 ], [ 111.986135286404775, -7.828259113783835 ], [ 111.986186576207842, -7.828256208211537 ], [ 111.986199078251289, -7.828255758418715 ], [ 111.986205109332801, -7.828255723515125 ], [ 111.986234825551932, -7.828254294669884 ], [ 111.986239484891826, -7.828254070329035 ], [ 111.986145456946431, -7.828744818433097 ], [ 111.98613663096414, -7.828790886463879 ], [ 111.986131403940234, -7.828814284608002 ], [ 111.98611989444025, -7.828865808121618 ], [ 111.986039461560054, -7.828850499623167 ], [ 111.986050695727059, -7.828791802792013 ], [ 111.985969119601492, -7.828776276269222 ], [ 111.985949287668703, -7.828772499592806 ], [ 111.985982867448342, -7.828597047014005 ], [ 111.986005592248659, -7.828464904164722 ], [ 111.985945807648093, -7.828450686048322 ], [ 111.985955033024666, -7.828393951107091 ], [ 111.985915424583695, -7.828387582425061 ], [ 111.985944643098392, -7.828268168763145 ], [ 111.985983582920966, -7.828266353888151 ] ] ], [ [ [ 111.985507766828661, -7.827956832923074 ], [ 111.985380976841626, -7.827908368433875 ], [ 111.985449753382738, -7.827695071753264 ], [ 111.9854614682543, -7.827662606889289 ], [ 111.985271607848205, -7.827593658670456 ], [ 111.985191679013724, -7.82756463216397 ], [ 111.985218269740116, -7.827494793034909 ], [ 111.985233819445654, -7.827453949593707 ], [ 111.98549262075575, -7.827541382573953 ], [ 111.985510115277279, -7.827489883977226 ], [ 111.985671619922016, -7.827544447317496 ], [ 111.985690139430105, -7.82748993184535 ], [ 111.985842344191838, -7.827541352237391 ], [ 111.985609587927243, -7.8282265049852 ], [ 111.985540199600209, -7.828231133213156 ], [ 111.985567224285248, -7.828142967428398 ], [ 111.985592686338208, -7.828069871341088 ], [ 111.985523944070138, -7.828046058153856 ], [ 111.985549471891602, -7.827972773792835 ], [ 111.985507766828661, -7.827956832923074 ] ] ], [ [ [ 111.986770223627417, -7.827706232316969 ], [ 111.986701727399904, -7.827996374514706 ], [ 111.986668999791235, -7.827989164056806 ], [ 111.986592674693199, -7.827972347391062 ], [ 111.986573574686986, -7.828053785596047 ], [ 111.986548522705647, -7.828177377962217 ], [ 111.986535529251171, -7.828177890415893 ], [ 111.986403360053018, -7.828183809726685 ], [ 111.986262110084979, -7.828190304647408 ], [ 111.986217759077661, -7.828192342932384 ], [ 111.986314680224524, -7.827851722118271 ], [ 111.986151184906134, -7.827799574922077 ], [ 111.986154715549517, -7.82779066885614 ], [ 111.986154959881191, -7.827790052366061 ], [ 111.986155274123476, -7.827789468272115 ], [ 111.98616148314153, -7.827777937610874 ], [ 111.986219155831606, -7.827670831868472 ], [ 111.98621963775588, -7.827669818681233 ], [ 111.986286449310654, -7.827509332735149 ], [ 111.986286641328988, -7.827508839370235 ], [ 111.986286946483503, -7.827507861869143 ], [ 111.986341647623803, -7.827299544356391 ], [ 111.986341959184031, -7.827297819778696 ], [ 111.986342000411767, -7.827296067795673 ], [ 111.98634176959311, -7.827294330919692 ], [ 111.986341272265321, -7.827292649837292 ], [ 111.986340520316389, -7.827291066124531 ], [ 111.986339532879171, -7.827289616818473 ], [ 111.986338331805115, -7.827288338045345 ], [ 111.986336947091118, -7.827287258676847 ], [ 111.986293973849854, -7.827258834243482 ], [ 111.98635161689765, -7.827104442999009 ], [ 111.986536140407722, -7.827153958816579 ], [ 111.98653657962133, -7.827154067225833 ], [ 111.986651823106726, -7.827180120312181 ], [ 111.986653722857113, -7.827180383580934 ], [ 111.986655639988896, -7.827180324830954 ], [ 111.986657520083938, -7.827179943285032 ], [ 111.986659308755918, -7.827179251732496 ], [ 111.986660954354278, -7.827178269287184 ], [ 111.986662410691238, -7.827177024094581 ], [ 111.986663635223877, -7.827175551527069 ], [ 111.986664593588642, -7.827173894173363 ], [ 111.986665257783315, -7.827172100033905 ], [ 111.986741322388326, -7.826897000757765 ], [ 111.986836116746233, -7.826610611042251 ], [ 111.986837538697259, -7.826606315277759 ], [ 111.986841880569344, -7.826607624688807 ], [ 111.987025698568132, -7.826663042482782 ], [ 111.987030040441184, -7.826664351891775 ], [ 111.987028805452283, -7.826668703294066 ], [ 111.986960009526683, -7.826911141898241 ], [ 111.986959749198917, -7.826912282997056 ], [ 111.986959581498638, -7.826914246008579 ], [ 111.986959675975612, -7.826954405317116 ], [ 111.986907249747432, -7.827152685579509 ], [ 111.986872999311899, -7.827283435446428 ], [ 111.986872799229275, -7.827284355722703 ], [ 111.986872642991713, -7.82728579413638 ], [ 111.986869985363796, -7.827345811279379 ], [ 111.986810492314646, -7.827509446587214 ], [ 111.98681004350064, -7.827511040343355 ], [ 111.986801485437553, -7.827552989869222 ], [ 111.986801266600537, -7.827554034096592 ], [ 111.986800177267185, -7.827559389982807 ], [ 111.986799398148463, -7.827563221173991 ], [ 111.986798931982264, -7.827565534899234 ], [ 111.986770223627417, -7.827706232316969 ] ] ], [ [ [ 111.985324850335118, -7.827213162256888 ], [ 111.98537225882464, -7.827087681700599 ], [ 111.985662471861659, -7.827192908303487 ], [ 111.985590426070601, -7.827413970866429 ], [ 111.985286230751598, -7.827315377443972 ], [ 111.985324850335118, -7.827213162256888 ] ] ], [ [ [ 111.986982258567082, -7.826915775710873 ], [ 111.987050544472396, -7.826675133596977 ], [ 111.987051779461069, -7.826670782194619 ], [ 111.987056133017987, -7.826672046354323 ], [ 111.987222346849819, -7.826720296915377 ], [ 111.987222691707927, -7.82672039107381 ], [ 111.987333185406442, -7.826748736078231 ], [ 111.987382946619249, -7.826765788459833 ], [ 111.98738731523575, -7.826767285019811 ], [ 111.987386672976058, -7.826771846672671 ], [ 111.987377273635971, -7.826838585054197 ], [ 111.987367405644449, -7.826919297113212 ], [ 111.987324982336247, -7.827266362110503 ], [ 111.987309322631049, -7.827394478188837 ], [ 111.987263585940497, -7.827677454699511 ], [ 111.987263463350473, -7.827678545732254 ], [ 111.987259311572728, -7.82774452476973 ], [ 111.98694904781884, -7.827736302375795 ], [ 111.986980141505541, -7.827489273351294 ], [ 111.986848716537978, -7.827470646535811 ], [ 111.986891894086426, -7.827351885747172 ], [ 111.9868924038269, -7.827349975296968 ], [ 111.986892560064419, -7.827348536883297 ], [ 111.986895240929471, -7.827287989688557 ], [ 111.986929180346067, -7.827158425355245 ], [ 111.986981977823163, -7.826958739638656 ], [ 111.9869821851035, -7.826957794925866 ], [ 111.986982352801547, -7.826955831009925 ], [ 111.986982258567082, -7.826915775710873 ] ] ], [ [ [ 111.983817874772214, -7.8272594330051 ], [ 111.983822622444549, -7.827032353020061 ], [ 111.98382271707591, -7.827027844197779 ], [ 111.983822811652132, -7.827023311860321 ], [ 111.983908629104391, -7.827031081580422 ], [ 111.983990785370835, -7.827038519755591 ], [ 111.984395644028439, -7.827070527332058 ], [ 111.984330665353824, -7.827278839749114 ], [ 111.983897505995159, -7.827262932847178 ], [ 111.983817874772214, -7.8272594330051 ] ] ], [ [ [ 111.986804440098126, -7.826596336311364 ], [ 111.986811486562473, -7.826598460621446 ], [ 111.986815828434416, -7.826599770032783 ], [ 111.986814406483177, -7.826604065797227 ], [ 111.986719703064395, -7.826890180349292 ], [ 111.986719540175059, -7.826890718867839 ], [ 111.986646277742153, -7.827155682844009 ], [ 111.986541811717061, -7.827132068226037 ], [ 111.986696117190306, -7.826564316797576 ], [ 111.986804440098126, -7.826596336311364 ] ] ], [ [ [ 111.985796187847967, -7.826237019751653 ], [ 111.985796643585033, -7.826237213139884 ], [ 111.985869785059592, -7.826266409173581 ], [ 111.985874574554643, -7.82626832080629 ], [ 111.985912615458744, -7.826283505072189 ], [ 111.985998754537448, -7.826324777448233 ], [ 111.985999632429909, -7.826325153449517 ], [ 111.986240326220951, -7.826416495715946 ], [ 111.986413001900445, -7.826480593459641 ], [ 111.986361058442697, -7.826652861061797 ], [ 111.986281745500932, -7.826623039215868 ], [ 111.986267296085401, -7.826617606603533 ], [ 111.986141706548992, -7.826570387612519 ], [ 111.986126871347665, -7.826564810282957 ], [ 111.985935164764228, -7.826492732766855 ], [ 111.985639091760831, -7.826381416873011 ], [ 111.985651639224869, -7.826348206618857 ], [ 111.985675957195028, -7.826283840988489 ], [ 111.98570545443296, -7.826204314905704 ], [ 111.985706479134649, -7.826201553990457 ], [ 111.985708056286441, -7.826197302183076 ], [ 111.985796187847967, -7.826237019751653 ] ] ], [ [ [ 111.9862483137601, -7.826395334112847 ], [ 111.986226943567857, -7.826387225179796 ], [ 111.986353869989628, -7.826061053102522 ], [ 111.986596275646875, -7.826136829500859 ], [ 111.986597697238537, -7.82613816564166 ], [ 111.986599326805745, -7.826139238106105 ], [ 111.986601117113565, -7.826140015349559 ], [ 111.986884494651378, -7.826235073229427 ], [ 111.986885384964694, -7.826235331623472 ], [ 111.987096674408164, -7.826287482547891 ], [ 111.987097228773649, -7.826287578929582 ], [ 111.987097606274574, -7.826287670298475 ], [ 111.987111561924209, -7.826289854410834 ], [ 111.987266829632929, -7.826314148645466 ], [ 111.987494678539917, -7.826381939852882 ], [ 111.987506411644077, -7.826385430632405 ], [ 111.987510758011382, -7.82638672374627 ], [ 111.987509367834036, -7.826391029386524 ], [ 111.987421507407262, -7.826663110214827 ], [ 111.987394335657342, -7.826741001149549 ], [ 111.987392845634488, -7.82674527265488 ], [ 111.987388556892213, -7.826743803040965 ], [ 111.987340129048249, -7.826727206990899 ], [ 111.987339268664613, -7.826726949432364 ], [ 111.987228512710615, -7.826698538114544 ], [ 111.987047186239124, -7.826645903855544 ], [ 111.986833621343408, -7.826581515848192 ], [ 111.986810942684443, -7.826574675309616 ], [ 111.986671158903192, -7.826533355835397 ], [ 111.986670529096031, -7.826533189083851 ], [ 111.986532793656551, -7.826500933518685 ], [ 111.9862483137601, -7.826395334112847 ] ] ], [ [ [ 111.984635619197263, -7.826297963707819 ], [ 111.984663038212489, -7.826299320579247 ], [ 111.984888037465282, -7.826320835520882 ], [ 111.984889976543414, -7.826320854509401 ], [ 111.984891890361553, -7.826320544343127 ], [ 111.984893722708946, -7.826319913293191 ], [ 111.984895421025911, -7.826318979570987 ], [ 111.98489693459004, -7.826317771332317 ], [ 111.984898219949216, -7.826316323047134 ], [ 111.984972518448728, -7.826331526766197 ], [ 111.984971106742535, -7.826337104084802 ], [ 111.98492255412016, -7.826331439916708 ], [ 111.984912385466302, -7.826330253524127 ], [ 111.984791309632683, -7.826316127634956 ], [ 111.984707160830865, -7.826306311068623 ], [ 111.984635619197263, -7.826297963707819 ] ] ], [ [ [ 111.984569558178364, -7.826184873767781 ], [ 111.984572161649169, -7.826180087761274 ], [ 111.984585757846077, -7.826155090955037 ], [ 111.984586455273728, -7.826153541841759 ], [ 111.984586621888965, -7.826153044014531 ], [ 111.984591418448574, -7.82615294418622 ], [ 111.984596795570368, -7.826152896364542 ], [ 111.984606783621274, -7.826152873054889 ], [ 111.984608752169137, -7.826152696618387 ], [ 111.984609627820504, -7.826152504643813 ], [ 111.984616373120147, -7.826150744249622 ], [ 111.984627043962064, -7.826147959015135 ], [ 111.984667111505715, -7.826137499791499 ], [ 111.984686673052266, -7.826132393831227 ], [ 111.984733122332074, -7.826126023121403 ], [ 111.98476984693005, -7.826120987438431 ], [ 111.984791956393579, -7.826117954818692 ], [ 111.984797870913823, -7.82611773028003 ], [ 111.9848616247629, -7.826115310428191 ], [ 111.984891726969209, -7.826114168404205 ], [ 111.984912326222158, -7.826113386820718 ], [ 111.984912759680739, -7.826113362293557 ], [ 111.984930519782495, -7.826112008499757 ], [ 111.984933124040751, -7.826111809775752 ], [ 111.984937978915127, -7.826111439381857 ], [ 111.984929442021524, -7.826139303197092 ], [ 111.984905597194285, -7.826217121139629 ], [ 111.984889805942473, -7.826268655535687 ], [ 111.984887194916482, -7.826277175966812 ], [ 111.984886283174006, -7.826280151872174 ], [ 111.984880983719918, -7.826297446156428 ], [ 111.98479418841103, -7.826289147093578 ], [ 111.984697350138134, -7.826279887429454 ], [ 111.984664942504594, -7.826276788506878 ], [ 111.984664422740693, -7.826276750829319 ], [ 111.984647256039295, -7.826275901836938 ], [ 111.984637778345416, -7.826275433753884 ], [ 111.984562742280971, -7.826271722521444 ], [ 111.984558198901425, -7.826271497971582 ], [ 111.984558788738738, -7.826266999751955 ], [ 111.984559474792974, -7.826261763290061 ], [ 111.984569558178364, -7.826184873767781 ] ] ], [ [ [ 111.984948849630356, -7.826075964737916 ], [ 111.984945093750298, -7.826088220438396 ], [ 111.984940238876234, -7.826088590832353 ], [ 111.984935987913076, -7.826088914594751 ], [ 111.984911247455514, -7.826090800211154 ], [ 111.984790534842517, -7.826095381670236 ], [ 111.984789421352161, -7.826095479234826 ], [ 111.984682913136496, -7.826110085711717 ], [ 111.984682462554389, -7.826110156404721 ], [ 111.98468158690315, -7.826110348379451 ], [ 111.984648667093438, -7.826118941356014 ], [ 111.984606087059262, -7.826130056728953 ], [ 111.984605284909833, -7.826130265716239 ], [ 111.9846048024216, -7.826130266842248 ], [ 111.984598725972191, -7.826130281023146 ], [ 111.984593958226696, -7.8261302921498 ], [ 111.984602801813253, -7.82610286808196 ], [ 111.984632222774295, -7.826011620770814 ], [ 111.984633620166989, -7.826007285273373 ], [ 111.984638102482819, -7.826008156635207 ], [ 111.984647871935039, -7.82601005575624 ], [ 111.984673813111925, -7.826015098931242 ], [ 111.984919876846277, -7.826062931658076 ], [ 111.984942670424402, -7.826067362626887 ], [ 111.984946538463319, -7.826068114225254 ], [ 111.984951015336321, -7.826068984691858 ], [ 111.984949666946733, -7.826073330928764 ], [ 111.984948849630356, -7.826075964737916 ] ] ], [ [ [ 111.986098353793977, -7.826198318366771 ], [ 111.98605787843556, -7.826186506107168 ], [ 111.986021819871908, -7.826309380738617 ], [ 111.986008142843588, -7.8263041905073 ], [ 111.985922090931993, -7.826262959532944 ], [ 111.985921393687235, -7.826262654559543 ], [ 111.985805299268264, -7.826216314075978 ], [ 111.985715941138054, -7.826176043148194 ], [ 111.985717498315921, -7.826171782343161 ], [ 111.985850136051255, -7.825805063954957 ], [ 111.986182407570311, -7.825911891451863 ], [ 111.986098353793977, -7.826198318366771 ] ] ], [ [ [ 111.98511657971531, -7.82603817752504 ], [ 111.985118291870506, -7.826036957968883 ], [ 111.985156578966425, -7.826003279724563 ], [ 111.9851963123416, -7.825968323753711 ], [ 111.985220226318233, -7.825952812955093 ], [ 111.985239004874856, -7.82594063341779 ], [ 111.985292382985349, -7.825906012775951 ], [ 111.985377891259063, -7.825872986673006 ], [ 111.985468511815526, -7.825837985088956 ], [ 111.985490750593797, -7.825829396199615 ], [ 111.985492347726051, -7.825828630936299 ], [ 111.985493361036347, -7.825827970142034 ], [ 111.985564266901193, -7.825776116157913 ], [ 111.985565312380672, -7.825775250886479 ], [ 111.985566246031354, -7.825774268299913 ], [ 111.985567056090773, -7.825773180183391 ], [ 111.985599498722749, -7.825723628284244 ], [ 111.985762791947096, -7.825783165497626 ], [ 111.985588970352239, -7.826231067036271 ], [ 111.985587330557038, -7.826235291856706 ], [ 111.985578921479458, -7.826232609959255 ], [ 111.985451319511, -7.826191908263132 ], [ 111.985295882613087, -7.826133000170958 ], [ 111.985294856103494, -7.826132675163419 ], [ 111.985193264814427, -7.826105735090425 ], [ 111.985156087157961, -7.826095876755273 ], [ 111.985137365379686, -7.826090911719486 ], [ 111.985097787381164, -7.826080416835986 ], [ 111.985067307092237, -7.826072332728226 ], [ 111.985068964997211, -7.826068093395993 ], [ 111.985070164930235, -7.826065026374214 ], [ 111.98511657971531, -7.82603817752504 ] ] ], [ [ [ 111.988293149639432, -7.828685083088545 ], [ 111.988343992604399, -7.828450591153576 ], [ 111.988550636299038, -7.828481268186572 ], [ 111.988444684079312, -7.828907825206334 ], [ 111.988266219954028, -7.828866056181282 ], [ 111.988293149639432, -7.828685083088545 ] ] ], [ [ [ 111.988706638658115, -7.828942668552429 ], [ 111.988600641935179, -7.828916671306803 ], [ 111.988492581643854, -7.828890168769601 ], [ 111.988481565899008, -7.828887466820041 ], [ 111.988519055241809, -7.828734680028189 ], [ 111.988562702056427, -7.828565073546424 ], [ 111.988574315821438, -7.828520209998211 ], [ 111.98870488981396, -7.828548197285244 ], [ 111.9887882527877, -7.828117513810588 ], [ 111.988796806850118, -7.828117042445924 ], [ 111.988860824947963, -7.828113136258073 ], [ 111.988821842573202, -7.828570462466493 ], [ 111.988821589390085, -7.828575016876392 ], [ 111.988820953203032, -7.828574838385883 ], [ 111.988715799332482, -7.828553547656621 ], [ 111.988713986201347, -7.828563100902863 ], [ 111.988709067295275, -7.828589026227138 ], [ 111.988699691715823, -7.828638438347113 ], [ 111.988692886218274, -7.828674303282356 ], [ 111.988685904240626, -7.82871109657879 ], [ 111.988683091382953, -7.828725919582083 ], [ 111.988747775086182, -7.828741555716223 ], [ 111.988753679925438, -7.82874298353824 ], [ 111.988706638658115, -7.828942668552429 ] ] ], [ [ [ 111.98734879172298, -7.827258445054253 ], [ 111.987349340726439, -7.827253950547699 ], [ 111.987358192515643, -7.827181531801894 ], [ 111.987513728958561, -7.827195783357876 ], [ 111.987522840888971, -7.827090949137135 ], [ 111.987370899842091, -7.827077574603991 ], [ 111.987388272428845, -7.82693545570699 ], [ 111.987388837454404, -7.826930832733491 ], [ 111.987393473325042, -7.826930277414291 ], [ 111.987405958351658, -7.826928782106318 ], [ 111.987408715575, -7.826928451865768 ], [ 111.98742523987562, -7.826926473179998 ], [ 111.987426873431488, -7.826926155518247 ], [ 111.987428442946381, -7.826925601949443 ], [ 111.987429913986645, -7.826924825216266 ], [ 111.987431254847891, -7.826923841672708 ], [ 111.987432437466282, -7.82692267309086 ], [ 111.987468652774126, -7.826881203290603 ], [ 111.987491634372816, -7.826884190198098 ], [ 111.987492590578867, -7.826884314580384 ], [ 111.987623980886355, -7.826901394715979 ], [ 111.987625372512184, -7.826901942257465 ], [ 111.987627088215646, -7.826902617469669 ], [ 111.987725516929572, -7.826941344552 ], [ 111.987726710660965, -7.826941814775227 ], [ 111.987727773470453, -7.826942533119571 ], [ 111.987780328999676, -7.826978076361884 ], [ 111.98778204354781, -7.826979031045738 ], [ 111.987783897035442, -7.826979676088327 ], [ 111.987785835001816, -7.82697999262406 ], [ 111.98785010394927, -7.826984848164841 ], [ 111.987860443984118, -7.826985629800887 ], [ 111.987877980044431, -7.826986955333529 ], [ 111.987921759719342, -7.82699039185412 ], [ 111.987925102737805, -7.827025071726447 ], [ 111.987914821008459, -7.82707023241541 ], [ 111.987914114554641, -7.827073335369028 ], [ 111.987913761775843, -7.827074884583698 ], [ 111.987905593126158, -7.827110765368303 ], [ 111.987900486369682, -7.827130499383666 ], [ 111.987900310214371, -7.827131180833907 ], [ 111.987885299114595, -7.827189187400364 ], [ 111.987885103915744, -7.827189869799632 ], [ 111.98787564013773, -7.827226514244829 ], [ 111.987870589104247, -7.827246033779037 ], [ 111.987859554121158, -7.827288677386928 ], [ 111.987852843074322, -7.827314611426396 ], [ 111.987852690484246, -7.827315286490414 ], [ 111.987851711970308, -7.827320324662325 ], [ 111.987851525589704, -7.827321285606142 ], [ 111.987850744207478, -7.827325306734234 ], [ 111.987849878595668, -7.827329762187185 ], [ 111.987845352747485, -7.827329283487758 ], [ 111.987614729540809, -7.82730489190577 ], [ 111.987353263865401, -7.827259225965384 ], [ 111.98734879172298, -7.827258445054253 ] ] ] ] } },
{ "type": "Feature", "properties": { "OBJECTID": 1, "Name": "Halte Semeru", "REMARK": "Halte", "type": "lines", "start": "608654.7414, 9134550.954", "NAMZON": "AREA KOMERSIAL", "LUAS": 67082.059 }, "geometry": { "type": "MultiPolygon", "coordinates": [ [ [ [ 111.983662089887233, -7.827958366010214 ], [ 111.983685900429833, -7.827872375631341 ], [ 111.983682793056587, -7.827872178204664 ], [ 111.983562381316545, -7.827864526221857 ], [ 111.983614141108603, -7.827714140917764 ], [ 111.983642396460283, -7.827702750615519 ], [ 111.983663341147448, -7.827696083128129 ], [ 111.983678474895441, -7.827669620285594 ], [ 111.983689357453997, -7.827613999372043 ], [ 111.983693983974447, -7.827584696690886 ], [ 111.983696765935775, -7.827578667579754 ], [ 111.983707232347172, -7.827555981682721 ], [ 111.98372486077443, -7.827529387305344 ], [ 111.983705980820034, -7.827446163747641 ], [ 111.983708610560441, -7.827434395455644 ], [ 111.984573701707632, -7.8274890335903 ], [ 111.984626981485917, -7.827492398531909 ], [ 111.984688900248599, -7.827496309475623 ], [ 111.984750819916144, -7.827500219503571 ], [ 111.985091597156426, -7.827521742521507 ], [ 111.98511297328902, -7.827523092663681 ], [ 111.98498995484772, -7.827821228813097 ], [ 111.984850472432569, -7.828202756863853 ], [ 111.984840706492221, -7.82822014478602 ], [ 111.984828581595451, -7.828235988017344 ], [ 111.984814340967134, -7.828249970342445 ], [ 111.984796175840103, -7.828263112567337 ], [ 111.984776156160862, -7.828273226556658 ], [ 111.98475478559439, -7.828280058797251 ], [ 111.984732600644548, -7.828283436193997 ], [ 111.983878694603632, -7.828354291596331 ], [ 111.983886567317924, -7.828335924988352 ], [ 111.983861240019522, -7.828333211075086 ], [ 111.983848515137225, -7.828331847929714 ], [ 111.983866272550017, -7.828277105462458 ], [ 111.98383460112106, -7.828278614674982 ], [ 111.983814410757077, -7.828264303886646 ], [ 111.983755356432994, -7.828254391560715 ], [ 111.983713579269207, -7.828244438027387 ], [ 111.983683334591248, -7.828240201651794 ], [ 111.983660291643062, -7.828237383814806 ], [ 111.983637235225117, -7.828228821950018 ], [ 111.98362425333417, -7.828218802158072 ], [ 111.983589591277493, -7.828172937761278 ], [ 111.983587149274726, -7.8281634360495 ], [ 111.983578868617315, -7.828131216822321 ], [ 111.983569671356193, -7.82805697160522 ], [ 111.983545587049719, -7.827967796183374 ], [ 111.983662089887233, -7.827958366010214 ] ], [ [ 111.984057115357956, -7.827926028112643 ], [ 111.984258841677317, -7.827908784632232 ], [ 111.983915201125669, -7.827886947303419 ], [ 111.984057115357956, -7.827926028112643 ] ] ], [ [ [ 111.986015693805896, -7.825124314261821 ], [ 111.986005232351971, -7.825152090631303 ], [ 111.985978576942799, -7.8252228633095 ], [ 111.985967526235498, -7.825252711910109 ], [ 111.985949993903873, -7.825300806314893 ], [ 111.98594545672303, -7.825312478677719 ], [ 111.985929553759149, -7.825353458621465 ], [ 111.985927892333123, -7.825357738663529 ], [ 111.985838267204258, -7.825321868430414 ], [ 111.985736665277898, -7.825283372549608 ], [ 111.985738158942709, -7.825279101039906 ], [ 111.985740381423469, -7.825272745822343 ], [ 111.98574774524846, -7.825251688789667 ], [ 111.985750719065109, -7.825243184692436 ], [ 111.985765735891206, -7.825200241490508 ], [ 111.98579095521076, -7.825128120048983 ], [ 111.985834132391275, -7.825058011280633 ], [ 111.986015693805896, -7.825124314261821 ] ] ], [ [ [ 111.986242604382198, -7.825207177800445 ], [ 111.986084714756714, -7.825156512976779 ], [ 111.986086949203269, -7.825150335430217 ], [ 111.986242604382198, -7.825207177800445 ] ] ], [ [ [ 111.986247109035105, -7.825900799647107 ], [ 111.986247110305868, -7.825900800096346 ], [ 111.986241546400606, -7.825915526780714 ], [ 111.986485840424876, -7.826013038696652 ], [ 111.986528931510861, -7.826029034223398 ], [ 111.986538219960323, -7.826031834515921 ], [ 111.986541763044428, -7.826021130226163 ], [ 111.986619027445641, -7.826046563654938 ], [ 111.986593920924562, -7.826125896795482 ], [ 111.986593496411714, -7.826127797097335 ], [ 111.986593403942379, -7.826129741844369 ], [ 111.986593648824197, -7.826131674044886 ], [ 111.986594221851703, -7.826133535836714 ], [ 111.986595106568274, -7.826135271183479 ], [ 111.986596275646875, -7.826136829500859 ], [ 111.986353869989628, -7.826061053102522 ], [ 111.986251988714614, -7.826029204706209 ], [ 111.98627914200425, -7.825942993081618 ], [ 111.986182407570311, -7.825911891451863 ], [ 111.985850136051255, -7.825805063954957 ], [ 111.985855792156016, -7.825789428465211 ], [ 111.985919646481136, -7.82561288133382 ], [ 111.986003008032682, -7.825640499659732 ], [ 111.986185201939989, -7.825700861696633 ], [ 111.986219735040777, -7.825712303455339 ], [ 111.986186636396155, -7.825818803649101 ], [ 111.986267676176638, -7.825846361920259 ], [ 111.986247109035105, -7.825900799647107 ] ] ], [ [ [ 111.987693770123002, -7.825843326840602 ], [ 111.987658200275547, -7.825920763106554 ], [ 111.987657844981953, -7.825921629480302 ], [ 111.987657614472326, -7.825922337286243 ], [ 111.987630952561972, -7.826014511643559 ], [ 111.987620727916706, -7.826046173537197 ], [ 111.987472119417745, -7.826005086610358 ], [ 111.987524154303699, -7.825788856714527 ], [ 111.987693770123002, -7.825843326840602 ] ] ], [ [ [ 111.989595971120877, -7.828003636789437 ], [ 111.98878846652201, -7.828052363435521 ], [ 111.988407359785782, -7.828075360089445 ], [ 111.988414112000314, -7.827722425709624 ], [ 111.988830023728383, -7.82774584526665 ], [ 111.988834187643675, -7.827715130934234 ], [ 111.988835677132641, -7.827702174163515 ], [ 111.988922264263749, -7.827711304009657 ], [ 111.988917550291745, -7.827747210168407 ], [ 111.989081959872934, -7.827762379111215 ], [ 111.989086620229841, -7.82770374017459 ], [ 111.989096858986457, -7.827704257016679 ], [ 111.989177444756393, -7.827708327921901 ], [ 111.989174367992746, -7.827748917009044 ], [ 111.989171154031752, -7.827791323422159 ], [ 111.989169646315474, -7.827805007399011 ], [ 111.98928891886581, -7.827814215173413 ], [ 111.98929018829304, -7.82779678740639 ], [ 111.989295456302088, -7.827733162720362 ], [ 111.989444388696455, -7.827738614424067 ], [ 111.989453683055416, -7.827670573901052 ], [ 111.989554492486178, -7.827681105588716 ], [ 111.989540289646911, -7.827763697277069 ], [ 111.989581179888859, -7.827767616317263 ], [ 111.989595971120877, -7.828003636789437 ] ] ], [ [ [ 111.989620928123699, -7.828401869039912 ], [ 111.989588914149806, -7.828402163789374 ], [ 111.989590585608326, -7.82806770089555 ], [ 111.989599949386303, -7.828067117014237 ], [ 111.989620928123699, -7.828401869039912 ] ] ], [ [ [ 111.988067591890371, -7.82858177964638 ], [ 111.987932641411561, -7.828589694499593 ], [ 111.987847180693009, -7.828564547719949 ], [ 111.98784780167523, -7.82854094148177 ], [ 111.987850552655885, -7.828436293102824 ], [ 111.987742554033161, -7.828429366649519 ], [ 111.987739762416709, -7.828466703639773 ], [ 111.987391414068597, -7.828416578923235 ], [ 111.987361574743332, -7.828598418028596 ], [ 111.987355526943247, -7.828635273345042 ], [ 111.986958997639618, -7.828546044868294 ], [ 111.986932219645354, -7.828545052056015 ], [ 111.986614534470874, -7.82853327434402 ], [ 111.986593416352818, -7.828551411495535 ], [ 111.986537404376961, -7.828860990590869 ], [ 111.986159799590425, -7.828790440671803 ], [ 111.986167793255362, -7.82874872581381 ], [ 111.986262783407142, -7.828252949524262 ], [ 111.986267443653915, -7.828252725180986 ], [ 111.986303139571518, -7.828251009209763 ], [ 111.98630935846198, -7.828250619327828 ], [ 111.986321989032376, -7.828250059794469 ], [ 111.986360224500928, -7.828248778338713 ], [ 111.986385623871854, -7.828247819029944 ], [ 111.986448832199002, -7.828245087241924 ], [ 111.98652818290644, -7.828241467522036 ], [ 111.986579756964801, -7.828239114750544 ], [ 111.986641067810297, -7.828236317730989 ], [ 111.986679851732106, -7.828234548378724 ], [ 111.986684064930387, -7.828234355827385 ], [ 111.986745807431902, -7.828231539694317 ], [ 111.986771988028465, -7.828230345191219 ], [ 111.986779698926057, -7.828229993415783 ], [ 111.986800446617721, -7.828229046773816 ], [ 111.986862616238, -7.828226210631486 ], [ 111.986923880827177, -7.828223416392763 ], [ 111.986935848450614, -7.828222870150038 ], [ 111.98704612524719, -7.828217839408508 ], [ 111.987111162301488, -7.828214872612387 ], [ 111.987199490738334, -7.828210842850819 ], [ 111.987249956276855, -7.828208396722891 ], [ 111.987427282401555, -7.828198002120978 ], [ 111.98758335001591, -7.82818885378542 ], [ 111.987667193335696, -7.82818393904033 ], [ 111.987736140382822, -7.828179897571738 ], [ 111.987826124654134, -7.828174622921466 ], [ 111.987963250658183, -7.828166584229391 ], [ 111.988012561500256, -7.828163693926384 ], [ 111.98811310744307, -7.828157800263551 ], [ 111.988151348777151, -7.828155558126052 ], [ 111.988331426996453, -7.82814500204387 ], [ 111.988424256824985, -7.828139560515581 ], [ 111.988493901718158, -7.828135320123275 ], [ 111.988519406351131, -7.828133626946062 ], [ 111.988557871481575, -7.82813091122962 ], [ 111.988570521518469, -7.828130151704538 ], [ 111.98857670261647, -7.828129892116424 ], [ 111.988582712644615, -7.82812977763838 ], [ 111.988588467424108, -7.828129879013362 ], [ 111.98859384928349, -7.828130294195921 ], [ 111.988598698919645, -7.828131158319817 ], [ 111.988602803624715, -7.828132650961231 ], [ 111.988605880086197, -7.828135009745497 ], [ 111.988607696546282, -7.828138412484545 ], [ 111.988613319327783, -7.828144847003633 ], [ 111.988617929027967, -7.828152039098097 ], [ 111.988621424601774, -7.828159829824749 ], [ 111.988623730372652, -7.828168049327743 ], [ 111.988624795130121, -7.828176518649508 ], [ 111.988577862829359, -7.828371656817614 ], [ 111.988550636299038, -7.828481268186572 ], [ 111.988343992604399, -7.828450591153576 ], [ 111.988293149639432, -7.828685083088545 ], [ 111.988140801023306, -7.828646780087426 ], [ 111.988057385839113, -7.828625807577473 ], [ 111.988067591890371, -7.82858177964638 ] ] ], [ [ [ 111.983892202175923, -7.831022318176534 ], [ 111.984079535484568, -7.830711274690805 ], [ 111.984079535484341, -7.830711274600379 ], [ 111.984103702286845, -7.830552443739608 ], [ 111.984134117251983, -7.830352547601656 ], [ 111.98419121043014, -7.830361186449409 ], [ 111.984198740653369, -7.830325374837274 ], [ 111.984162716496556, -7.830307850050539 ], [ 111.984099645841894, -7.83033203138983 ], [ 111.984099380076842, -7.830332443889056 ], [ 111.984099076882003, -7.830332249600799 ], [ 111.98409873835115, -7.830332379363055 ], [ 111.984098560869541, -7.830331918968437 ], [ 111.98404171402828, -7.830295493890597 ], [ 111.983976181886632, -7.830312165928346 ], [ 111.983975882086582, -7.830312529396174 ], [ 111.98397561492996, -7.830312310242252 ], [ 111.983975287536055, -7.830312393490535 ], [ 111.983975173576169, -7.830311948142116 ], [ 111.983922949537529, -7.830269103172577 ], [ 111.983855961022627, -7.83027800742618 ], [ 111.983855614983611, -7.830278338803992 ], [ 111.983855371419097, -7.830278085859565 ], [ 111.983855016641371, -7.830278132994319 ], [ 111.983854952113646, -7.830277650448719 ], [ 111.983808138184017, -7.830229034583437 ], [ 111.983740534602788, -7.830230061913801 ], [ 111.983740153905671, -7.830230349236027 ], [ 111.983739942659668, -7.830230070891993 ], [ 111.983739594132516, -7.830230076227231 ], [ 111.98373958685292, -7.830229602049721 ], [ 111.98369879153708, -7.830175846885266 ], [ 111.983631546556325, -7.83016898109265 ], [ 111.983631136997104, -7.830169220728015 ], [ 111.983630960800411, -7.830168921228847 ], [ 111.983630605373662, -7.830168884976158 ], [ 111.983630655028705, -7.830168401531041 ], [ 111.983596448570054, -7.830110260400178 ], [ 111.983530450123197, -7.830095590128834 ], [ 111.983530009980015, -7.830095782623989 ], [ 111.983529868467116, -7.830095460794806 ], [ 111.983529537712727, -7.83009538731225 ], [ 111.983529638326232, -7.830094937393209 ], [ 111.983502480904306, -7.830033181250945 ], [ 111.983437792890712, -7.830010609669154 ], [ 111.983454402162096, -7.829963272584407 ], [ 111.983356623659915, -7.829915705630603 ], [ 111.983378668335845, -7.829870641376973 ], [ 111.983287150303468, -7.829812000208724 ], [ 111.98329450526326, -7.829800585205431 ], [ 111.983188700641279, -7.829773841879039 ], [ 111.983192164260615, -7.829760214601387 ], [ 111.983375426622885, -7.829804457509627 ], [ 111.984019889253645, -7.829960041618688 ], [ 111.984390990628654, -7.830049631494393 ], [ 111.984701627104442, -7.830124623578175 ], [ 111.984621749694981, -7.83047152006965 ], [ 111.98462162481502, -7.830472025035014 ], [ 111.98459009359712, -7.830590868838461 ], [ 111.984587771508686, -7.83059962374803 ], [ 111.984548174573803, -7.830748890717192 ], [ 111.984529410364132, -7.830807061552897 ], [ 111.984503291496949, -7.830856643877988 ], [ 111.984502414598808, -7.83085862663432 ], [ 111.984501691850838, -7.830861368754714 ], [ 111.984451971412426, -7.83116394994618 ], [ 111.984449952355433, -7.831176230533323 ], [ 111.984443091478269, -7.831174379802136 ], [ 111.984070436029626, -7.83107382204527 ], [ 111.983902561480235, -7.831028522765111 ], [ 111.983892202175923, -7.831022318176534 ] ] ], [ [ [ 111.985700582724846, -7.828705383743825 ], [ 111.985554542761491, -7.828715145332595 ], [ 111.985546419822683, -7.828715688251957 ], [ 111.985539593724098, -7.82874528967819 ], [ 111.985416165114984, -7.828715535321736 ], [ 111.985507877806995, -7.828296673413022 ], [ 111.985515671737843, -7.8282961469108 ], [ 111.985579747000983, -7.828291815997011 ], [ 111.985611439200909, -7.828289506182194 ], [ 111.98565610966665, -7.828286006553452 ], [ 111.985668708712694, -7.82828515226791 ], [ 111.985674868858538, -7.828284849358043 ], [ 111.985782518465172, -7.828277566713401 ], [ 111.985794943446351, -7.828276741772807 ], [ 111.985845108030801, -7.828273958256504 ], [ 111.985907413123442, -7.828270095405344 ], [ 111.985926175250199, -7.828269030444226 ], [ 111.985944643098392, -7.828268168763145 ], [ 111.985915424583695, -7.828387582425061 ], [ 111.985891245181975, -7.828491627034813 ], [ 111.985830141210428, -7.828754563729393 ], [ 111.985814936813114, -7.828819989775813 ], [ 111.985775089099988, -7.829018222484371 ], [ 111.985766130665979, -7.829050401444124 ], [ 111.985633519044157, -7.829012806379944 ], [ 111.985700582724846, -7.828705383743825 ] ] ], [ [ [ 111.985955330256132, -7.826793130076662 ], [ 111.985936040530319, -7.826783887626391 ], [ 111.985935011606983, -7.826783423976724 ], [ 111.985920632606778, -7.826828255689493 ], [ 111.98592023470664, -7.826828128823022 ], [ 111.985920097130972, -7.826828556308287 ], [ 111.985899177180798, -7.826821860751358 ], [ 111.985889514646217, -7.826847444963321 ], [ 111.985889004314629, -7.8268472532404 ], [ 111.985861317474573, -7.826920295153373 ], [ 111.985787803699296, -7.82689070752839 ], [ 111.985491701991833, -7.826771533009709 ], [ 111.98550670471586, -7.826731825905007 ], [ 111.985622640629757, -7.826424963969369 ], [ 111.985639091760831, -7.826381416873011 ], [ 111.985935164764228, -7.826492732766855 ], [ 111.986126871347665, -7.826564810282957 ], [ 111.986141706548992, -7.826570387612519 ], [ 111.986267296085401, -7.826617606603533 ], [ 111.986281745500932, -7.826623039215868 ], [ 111.986361058442697, -7.826652861061797 ], [ 111.986324641726171, -7.826764170659124 ], [ 111.986280788029177, -7.826898213381103 ], [ 111.986227232648332, -7.827061906198243 ], [ 111.986044023263872, -7.826993830007123 ], [ 111.985915168506125, -7.826941968959266 ], [ 111.985955330256132, -7.826793130076662 ] ] ], [ [ [ 111.985373662976912, -7.828306289083144 ], [ 111.98532547181695, -7.828548026412292 ], [ 111.985295539875906, -7.828677317226015 ], [ 111.985291279853442, -7.828688852369799 ], [ 111.98510479448386, -7.82864571781625 ], [ 111.985187887550765, -7.828320148459248 ], [ 111.985228898396841, -7.828316983923362 ], [ 111.985373662976912, -7.828306289083144 ] ] ], [ [ [ 111.988764958317731, -7.828118798445971 ], [ 111.9887882527877, -7.828117513810588 ], [ 111.98870488981396, -7.828548197285244 ], [ 111.988574315821438, -7.828520209998211 ], [ 111.988675093627492, -7.828130921374776 ], [ 111.988679446476894, -7.828128029650426 ], [ 111.988684378143446, -7.828125987640095 ], [ 111.988689783641021, -7.828124503458192 ], [ 111.988695528365753, -7.828123417335686 ], [ 111.988701508641313, -7.828122608321691 ], [ 111.988707651708211, -7.828121989761231 ], [ 111.988713903001013, -7.828121498471948 ], [ 111.988726586572042, -7.828120729819317 ], [ 111.988764958317731, -7.828118798445971 ] ] ], [ [ [ 111.986657968110833, -7.82816860582023 ], [ 111.986653320936739, -7.828170531375243 ], [ 111.98664803497357, -7.82817194289775 ], [ 111.986642386185309, -7.828172948274135 ], [ 111.986636483687363, -7.828173667538707 ], [ 111.986630404779902, -7.828174190049471 ], [ 111.986624209476048, -7.828174581689693 ], [ 111.986611619723732, -7.828175142040751 ], [ 111.986567146842432, -7.828176645222893 ], [ 111.986548522705647, -7.828177377962217 ], [ 111.986573574686986, -7.828053785596047 ], [ 111.986592674693199, -7.827972347391062 ], [ 111.986668999791235, -7.827989164056806 ], [ 111.986701727399904, -7.827996374514706 ], [ 111.986686140035317, -7.828062405631855 ], [ 111.9866842472874, -7.82807090449256 ], [ 111.986666215516138, -7.828151889793297 ], [ 111.986664187256224, -7.828160999463099 ], [ 111.986663442363934, -7.828164344893744 ], [ 111.986662181481179, -7.828165787700303 ], [ 111.986657968110833, -7.82816860582023 ] ] ], [ [ [ 111.986025203823488, -7.828201333677813 ], [ 111.986020517177849, -7.828201516476136 ], [ 111.986057726479586, -7.828035318614061 ], [ 111.986151184906134, -7.827799574922077 ], [ 111.986314680224524, -7.827851722118271 ], [ 111.986217759077661, -7.828192342932384 ], [ 111.986176860426824, -7.828194223909393 ], [ 111.986138896718245, -7.828196138720133 ], [ 111.986087867195266, -7.828199036441814 ], [ 111.986075265725887, -7.828199629364008 ], [ 111.986069105291008, -7.828199808372903 ], [ 111.986063111407219, -7.828199848614078 ], [ 111.986025203823488, -7.828201333677813 ] ] ], [ [ [ 111.9860363132251, -7.828027832032272 ], [ 111.986036194249351, -7.828028147053089 ], [ 111.986035792086682, -7.828029525444681 ], [ 111.985997079425516, -7.828202434999741 ], [ 111.985992391875016, -7.828202618704339 ], [ 111.985985361001653, -7.8282028938078 ], [ 111.985980906525384, -7.828203073349689 ], [ 111.985969144358819, -7.82820382891357 ], [ 111.985902075880901, -7.828208404746786 ], [ 111.98589597643776, -7.828208680384932 ], [ 111.985890063466456, -7.828208803642389 ], [ 111.985884422044762, -7.828208700156797 ], [ 111.985879165303885, -7.828208269271647 ], [ 111.985853153955617, -7.828210090095948 ], [ 111.985848436820206, -7.828210420386234 ], [ 111.985875452891719, -7.82808852016205 ], [ 111.986012159074278, -7.827767571874984 ], [ 111.986124748086439, -7.827792460956791 ], [ 111.986129231610519, -7.827793451682306 ], [ 111.9861275429231, -7.827797710987387 ], [ 111.9860363132251, -7.828027832032272 ] ] ], [ [ [ 111.985221726280813, -7.828252493787272 ], [ 111.98502260516041, -7.828262083681352 ], [ 111.985009617785465, -7.828258623803472 ], [ 111.984997412564709, -7.82825300412085 ], [ 111.984986347220214, -7.828245389309411 ], [ 111.984976748776248, -7.828236002905038 ], [ 111.984968896312395, -7.828225121012649 ], [ 111.984963021849453, -7.828213063259944 ], [ 111.984959296717633, -7.828200181071453 ], [ 111.984957830643324, -7.828186854957439 ], [ 111.984963212130978, -7.828164709099548 ], [ 111.984977383669801, -7.828127487518761 ], [ 111.985015687013885, -7.828026882975199 ], [ 111.985053929951206, -7.827926437751259 ], [ 111.985088448363243, -7.827835774529611 ], [ 111.985110807123476, -7.827777046300951 ], [ 111.985212415708801, -7.827810787640408 ], [ 111.985333955374088, -7.827851146258902 ], [ 111.985363543870207, -7.827762534035444 ], [ 111.985144078904497, -7.82768965732355 ], [ 111.985191679013724, -7.82756463216397 ], [ 111.985271607848205, -7.827593658670456 ], [ 111.9854614682543, -7.827662606889289 ], [ 111.985449753382738, -7.827695071753264 ], [ 111.985380976841626, -7.827908368433875 ], [ 111.985507766828661, -7.827956832923074 ], [ 111.985549471891602, -7.827972773792835 ], [ 111.985523944070138, -7.828046058153856 ], [ 111.985592686338208, -7.828069871341088 ], [ 111.985567224285248, -7.828142967428398 ], [ 111.985540199600209, -7.828231133213156 ], [ 111.985537491896366, -7.828231314095521 ], [ 111.985472165125401, -7.828235672345568 ], [ 111.985396606020473, -7.828240712918373 ], [ 111.985346523458588, -7.828244054224854 ], [ 111.985253692528971, -7.8282502475741 ], [ 111.985221726280813, -7.828252493787272 ] ] ], [ [ [ 111.985994974961926, -7.827750079609591 ], [ 111.985912392957758, -7.827943961495745 ], [ 111.985854174754436, -7.8280806407312 ], [ 111.985853947564706, -7.828081219194919 ], [ 111.985853540015043, -7.82808262111429 ], [ 111.985824850236028, -7.82821207183902 ], [ 111.985820133100532, -7.828212402128995 ], [ 111.985787949213616, -7.828214655224095 ], [ 111.985782025221951, -7.828215492103485 ], [ 111.985775938442174, -7.828216139432318 ], [ 111.985769740714233, -7.828216658590867 ], [ 111.985757160646344, -7.828217482988512 ], [ 111.985693781048937, -7.828221052578164 ], [ 111.98568882173538, -7.828221372579455 ], [ 111.985956930162374, -7.827559656955472 ], [ 111.986205161420813, -7.827645621863462 ], [ 111.986198914325229, -7.827660629254401 ], [ 111.986140962605845, -7.827768253886988 ], [ 111.986138733099921, -7.827772393262458 ], [ 111.9861341334245, -7.827771375675565 ], [ 111.986007863362616, -7.827743462496808 ], [ 111.98600591646391, -7.827743205666642 ], [ 111.986003954944479, -7.827743288033021 ], [ 111.986002036839736, -7.827743705842559 ], [ 111.98600022016808, -7.827744448106428 ], [ 111.98599855929244, -7.827745492086748 ], [ 111.985997103113036, -7.827746806014049 ], [ 111.9859958968852, -7.827748350891943 ], [ 111.985994974961926, -7.827750079609591 ] ] ], [ [ [ 111.987221005515892, -7.828144694745665 ], [ 111.987217264675138, -7.828146360421937 ], [ 111.987213304713691, -7.828147407979055 ], [ 111.987178678217546, -7.828149173075542 ], [ 111.987166163159003, -7.828149869837484 ], [ 111.987115090168246, -7.828151627294061 ], [ 111.987111177980751, -7.828151779350076 ], [ 111.987089660945244, -7.828152613848697 ], [ 111.986975830833103, -7.828157671002782 ], [ 111.98686530940391, -7.828162799070788 ], [ 111.986824097943796, -7.828164710688064 ], [ 111.986792279062954, -7.828166361556951 ], [ 111.986747430516402, -7.828168938294102 ], [ 111.986734773736686, -7.828169534982922 ], [ 111.986728582461538, -7.828169711360203 ], [ 111.986722552284903, -7.828169744460147 ], [ 111.986716766474828, -7.82816956173333 ], [ 111.986711333631717, -7.828169064342547 ], [ 111.986706407624254, -7.828168119880627 ], [ 111.986702188459901, -7.828166546993222 ], [ 111.986698946757471, -7.828164108990253 ], [ 111.986696931677685, -7.828160700374697 ], [ 111.986695856954142, -7.828156460194453 ], [ 111.986695468258844, -7.828151610630528 ], [ 111.986695567291193, -7.828146673100123 ], [ 111.9866955909594, -7.828146324838106 ], [ 111.986696380634243, -7.828141582858422 ], [ 111.986707901111515, -7.828072398453108 ], [ 111.986708807663931, -7.828067606456199 ], [ 111.986708871245838, -7.828067261718589 ], [ 111.986711002800206, -7.82805772581916 ], [ 111.986711571838754, -7.82805519117167 ], [ 111.986715888832379, -7.828036664619805 ], [ 111.986723314564117, -7.828005305938269 ], [ 111.986735929942057, -7.827952026135815 ], [ 111.98674483290992, -7.827914427029691 ], [ 111.986759661038903, -7.827851817348308 ], [ 111.986761750728775, -7.827842991526522 ], [ 111.986763476728541, -7.827835704995766 ], [ 111.986781066252107, -7.827761428906397 ], [ 111.986782752739799, -7.827754309788124 ], [ 111.986785603393699, -7.82774203177495 ], [ 111.986786915559776, -7.827736173407247 ], [ 111.986787154343048, -7.827735126419883 ], [ 111.986786693645286, -7.827735138350832 ], [ 111.986792333933607, -7.827711245416429 ], [ 111.986792408415667, -7.827710907888763 ], [ 111.986793150799116, -7.827707267618832 ], [ 111.986807232778872, -7.82763822012087 ], [ 111.986831526156564, -7.827519121842003 ], [ 111.986831641900181, -7.827518589764715 ], [ 111.986832095575451, -7.827516363798666 ], [ 111.986848716537978, -7.827470646535811 ], [ 111.986980141505541, -7.827489273351294 ], [ 111.98694904781884, -7.827736302375795 ], [ 111.987259311572728, -7.82774452476973 ], [ 111.987258714515718, -7.827754035372402 ], [ 111.98725398227414, -7.827829253643819 ], [ 111.987234126265179, -7.828125054126482 ], [ 111.98723337116472, -7.828129069766057 ], [ 111.987231979893153, -7.82813291324358 ], [ 111.987229989400731, -7.828136484984941 ], [ 111.98722870536136, -7.828138106924821 ], [ 111.987227451163562, -7.828139691713073 ], [ 111.98722443119641, -7.828142451874553 ], [ 111.987221005515892, -7.828144694745665 ] ] ], [ [ [ 111.988060696024021, -7.827825820868254 ], [ 111.98806123390959, -7.827860888977326 ], [ 111.98808234225082, -7.827859436756724 ], [ 111.988140980617359, -7.827859875515568 ], [ 111.988282220953224, -7.827860932920038 ], [ 111.988309139420409, -7.827861133944082 ], [ 111.988310755289177, -7.828081189413965 ], [ 111.987268000023349, -7.828144108114334 ], [ 111.987265181608365, -7.828142333883333 ], [ 111.987262678724349, -7.828140138352561 ], [ 111.987260554984559, -7.828137575639121 ], [ 111.987259011675576, -7.828135007949382 ], [ 111.987257851549387, -7.828132247623009 ], [ 111.987257096504436, -7.828129350683568 ], [ 111.987256762097047, -7.828126375882805 ], [ 111.987276608445654, -7.827830716515161 ], [ 111.987286058948158, -7.827680508826913 ], [ 111.987319031293097, -7.827476502884979 ], [ 111.987496036866773, -7.827507680383765 ], [ 111.987479447946058, -7.827596259555596 ], [ 111.987515441480326, -7.827596175293305 ], [ 111.987509235323373, -7.827741048273501 ], [ 111.987568579732553, -7.827743219258419 ], [ 111.987559301846574, -7.827879641174518 ], [ 111.987686498342271, -7.827886521835422 ], [ 111.987693661551063, -7.827839225849775 ], [ 111.987800391955702, -7.827849164351489 ], [ 111.987797957367604, -7.827869809203422 ], [ 111.987981882241741, -7.827874061593594 ], [ 111.987982711460589, -7.827827200099557 ], [ 111.988060696024021, -7.827825820868254 ] ] ], [ [ [ 111.987522840888971, -7.827090949137135 ], [ 111.987513728958561, -7.827195783357876 ], [ 111.987358192515643, -7.827181531801894 ], [ 111.987370899842091, -7.827077574603991 ], [ 111.987522840888971, -7.827090949137135 ] ] ], [ [ [ 111.987933024264038, -7.826968594878212 ], [ 111.987879727229043, -7.826964410069496 ], [ 111.987862183914203, -7.82696308455378 ], [ 111.987880726195755, -7.826794737991117 ], [ 111.987896794595656, -7.826795967473203 ], [ 111.987970362209708, -7.82680345844647 ], [ 111.987957226227849, -7.826931753119117 ], [ 111.987953131030778, -7.826971649089057 ], [ 111.987934723583308, -7.826968859515054 ], [ 111.987933024264038, -7.826968594878212 ] ] ], [ [ [ 111.984990656891355, -7.826352252016652 ], [ 111.985042039888384, -7.82614923870963 ], [ 111.985048600583923, -7.826123317707656 ], [ 111.985050281880376, -7.826115907377582 ], [ 111.985050458632671, -7.826115478263489 ], [ 111.985050624363765, -7.826114990386971 ], [ 111.985050886533614, -7.826114245426221 ], [ 111.98505106110683, -7.826113660754676 ], [ 111.985057332441116, -7.826097763358513 ], [ 111.985059003051802, -7.826093527614362 ], [ 111.985076260119001, -7.826098103549556 ], [ 111.985085446766604, -7.826100539445247 ], [ 111.985176628995248, -7.826124719101502 ], [ 111.98528846417922, -7.826154375687576 ], [ 111.985443636931507, -7.826213184006466 ], [ 111.985444123442562, -7.826213351094671 ], [ 111.985571000229967, -7.826253821142565 ], [ 111.985579133392179, -7.826256415050238 ], [ 111.985577494503701, -7.826260639868537 ], [ 111.985418407423239, -7.826693792727946 ], [ 111.984920431389867, -7.826541781702583 ], [ 111.984968141085758, -7.826359523771464 ], [ 111.984978347842116, -7.826360714595758 ], [ 111.98498015824417, -7.826360780010362 ], [ 111.984981957087811, -7.826360557842144 ], [ 111.984983696314075, -7.826360051821044 ], [ 111.984985333331096, -7.826359276517421 ], [ 111.984986824650633, -7.826358251025923 ], [ 111.984988134056962, -7.826357001659664 ], [ 111.984989226254001, -7.826355560156234 ], [ 111.984990075025635, -7.826353962754163 ], [ 111.984990656891355, -7.826352252016652 ] ] ], [ [ [ 111.984992067579427, -7.826108655881089 ], [ 111.985000260120572, -7.826111047973448 ], [ 111.98500163234965, -7.826111448147016 ], [ 111.985010570034618, -7.826114073652155 ], [ 111.985019025794472, -7.826116553764066 ], [ 111.9850263788924, -7.826118721707451 ], [ 111.98502008058864, -7.826143606520438 ], [ 111.985019727436125, -7.826145001076713 ], [ 111.984977389773022, -7.826312279000318 ], [ 111.984972518448728, -7.826331526766197 ], [ 111.984898219949216, -7.826316323047134 ], [ 111.984899239114171, -7.826314678216884 ], [ 111.984899962266496, -7.82631288394176 ], [ 111.984903334731897, -7.826301879967813 ], [ 111.984920917966477, -7.826244496939536 ], [ 111.984953718210747, -7.826137452127206 ], [ 111.984962254197839, -7.826109589218195 ], [ 111.984967109981142, -7.826109219726264 ], [ 111.984975623693614, -7.826108570364381 ], [ 111.984988430081771, -7.826107594428761 ], [ 111.984992067579427, -7.826108655881089 ] ] ], [ [ [ 111.984970522895154, -7.826082608755657 ], [ 111.984971957696075, -7.8260779837515 ], [ 111.984973301582627, -7.826073651091592 ], [ 111.984977735247782, -7.826074660037043 ], [ 111.985009982315447, -7.826081999295666 ], [ 111.985013846119244, -7.826082878428376 ], [ 111.985017677256479, -7.826083750401826 ], [ 111.985036799367293, -7.826088102207099 ], [ 111.985035132439307, -7.826092361457849 ], [ 111.985033269885392, -7.826097123125829 ], [ 111.985007868266806, -7.826089735327599 ], [ 111.985007057753933, -7.826089472220927 ], [ 111.9849928136084, -7.826085314332285 ], [ 111.984991484234584, -7.826085011737444 ], [ 111.984990128030688, -7.826084870194387 ], [ 111.984988764955688, -7.826084892369778 ], [ 111.984974223907713, -7.82608600078465 ], [ 111.984969369031617, -7.82608637027451 ], [ 111.984970522895154, -7.826082608755657 ] ] ], [ [ [ 111.985727703290522, -7.82530900251226 ], [ 111.985729196955504, -7.825304731002551 ], [ 111.985830025487019, -7.825342932941905 ], [ 111.985919733059461, -7.825378764093004 ], [ 111.985918095973787, -7.825382981672307 ], [ 111.985762791947096, -7.825783165497626 ], [ 111.985599498722749, -7.825723628284244 ], [ 111.985607225308229, -7.825711826374683 ], [ 111.985608038999189, -7.82571035386549 ], [ 111.985608625712942, -7.825708777876735 ], [ 111.985612279100138, -7.82569614164593 ], [ 111.985639083529961, -7.825603446076705 ], [ 111.985666516935623, -7.825510568150849 ], [ 111.985712829516331, -7.8253537750477 ], [ 111.985715190531849, -7.825345778864737 ], [ 111.985717081868742, -7.82533937558144 ], [ 111.985725448378801, -7.825315450962167 ], [ 111.985727703290522, -7.82530900251226 ] ] ] ] } },
{ "type": "Feature", "properties": { "OBJECTID": 1, "Name": "Halte Semeru", "REMARK": "Halte", "type": "lines", "start": "608654.7414, 9134550.954", "NAMZON": "AREA PUBLIK", "LUAS": 36438.078 }, "geometry": { "type": "MultiPolygon", "coordinates": [ [ [ [ 111.984846425200558, -7.827039858061792 ], [ 111.98488825186827, -7.826929513333496 ], [ 111.984888252957646, -7.826929513783178 ], [ 111.9850104896841, -7.826607037581002 ], [ 111.984660213643181, -7.826500300030634 ], [ 111.984663812942998, -7.826487989914707 ], [ 111.984904383708269, -7.826561352214734 ], [ 111.984911014246734, -7.826538906787921 ], [ 111.984920431389867, -7.826541781702583 ], [ 111.985418407423239, -7.826693792727946 ], [ 111.985413202232266, -7.826707964692875 ], [ 111.985355993790847, -7.826863730475186 ], [ 111.985246628796233, -7.827161505557688 ], [ 111.985222680693127, -7.827227003565971 ], [ 111.984703669603803, -7.827143859819949 ], [ 111.984726535586219, -7.827032239566141 ], [ 111.984846425200558, -7.827039858061792 ] ] ], [ [ [ 111.984734323351205, -7.831939615026 ], [ 111.984707945918004, -7.831928970284408 ], [ 111.984706148847224, -7.831928412828763 ], [ 111.984704284469316, -7.831928159419892 ], [ 111.984702403592308, -7.831928218079007 ], [ 111.984700558810516, -7.831928585065508 ], [ 111.984698799079879, -7.831929252125176 ], [ 111.984697175142571, -7.83193019924197 ], [ 111.984695730474627, -7.831931401894613 ], [ 111.984694505809998, -7.831932826523969 ], [ 111.984693533705212, -7.831934433258951 ], [ 111.984683153782541, -7.83195533815178 ], [ 111.984682267351118, -7.831957123764413 ], [ 111.984535927841662, -7.831894791929208 ], [ 111.984514187963711, -7.831881154099992 ], [ 111.984508004597743, -7.831855370485699 ], [ 111.984510337172594, -7.831832153664014 ], [ 111.984542312795654, -7.831749583829623 ], [ 111.98454245789631, -7.831749192775629 ], [ 111.984604306579556, -7.83157353131508 ], [ 111.984636158939907, -7.831497575885234 ], [ 111.984787025592382, -7.831568698166826 ], [ 111.984891559348455, -7.831617978937719 ], [ 111.984937907727996, -7.831639828491646 ], [ 111.984890184975825, -7.831755864931504 ], [ 111.984734323351205, -7.831939615026 ] ] ], [ [ [ 111.984259346172678, -7.831690989857664 ], [ 111.983985362614575, -7.83164953319629 ], [ 111.984015807474208, -7.831550178943139 ], [ 111.984038111761322, -7.831477391449156 ], [ 111.98410722701351, -7.8312518390052 ], [ 111.984118233784741, -7.831215919067466 ], [ 111.984306602030955, -7.831263616918033 ], [ 111.984445979543452, -7.831298908999719 ], [ 111.98444706476397, -7.831292172960095 ], [ 111.984447142532048, -7.831291688906707 ], [ 111.984448200049258, -7.83128512839181 ], [ 111.984602467109255, -7.831408929667401 ], [ 111.984609862127371, -7.831431998056083 ], [ 111.984612643330351, -7.831471603023258 ], [ 111.984574842041809, -7.831561744812809 ], [ 111.98457453373365, -7.8315625405296 ], [ 111.98451261296492, -7.831738407461856 ], [ 111.984505019770495, -7.831758016121656 ], [ 111.984479953112597, -7.831822745250547 ], [ 111.984479320291541, -7.831824774467592 ], [ 111.984479180732208, -7.831825594209992 ], [ 111.984470515720417, -7.831822113382578 ], [ 111.984415046025546, -7.831799828336037 ], [ 111.984408761770482, -7.831817025931919 ], [ 111.984259346172678, -7.831690989857664 ] ] ], [ [ [ 111.983226523479516, -7.829625031517217 ], [ 111.983186916781634, -7.82958390013305 ], [ 111.98322319414946, -7.829549160731325 ], [ 111.983157538806978, -7.829462647616979 ], [ 111.983174295113429, -7.829450001488515 ], [ 111.983252472827871, -7.829438498318988 ], [ 111.983492651526745, -7.829403158277426 ], [ 111.983498878588335, -7.829386131359319 ], [ 111.983590469482039, -7.829135677258003 ], [ 111.983606717008541, -7.829089107161037 ], [ 111.98373498629384, -7.828721436115782 ], [ 111.983739878107755, -7.828707413220961 ], [ 111.983803541473023, -7.828540958385926 ], [ 111.983848626473659, -7.828426873790589 ], [ 111.983989185749962, -7.828416590794776 ], [ 111.983955231772882, -7.828539210800582 ], [ 111.983865777394584, -7.828886085238371 ], [ 111.983724302781297, -7.829442706099803 ], [ 111.983723870775279, -7.829445284743119 ], [ 111.983723870559743, -7.829447899460994 ], [ 111.983724301967143, -7.829450478803582 ], [ 111.983725153039629, -7.829452951348548 ], [ 111.98374864852623, -7.82950637931433 ], [ 111.983749474927038, -7.829507999940367 ], [ 111.983779097779561, -7.829558350293748 ], [ 111.983780131687496, -7.82955989265432 ], [ 111.98381543664388, -7.829606412134953 ], [ 111.98381595785051, -7.829607063015585 ], [ 111.983816643470078, -7.829607822949129 ], [ 111.983857163842416, -7.829649903960498 ], [ 111.983858483595142, -7.829651126388909 ], [ 111.983903707502691, -7.829688227463643 ], [ 111.983905209247283, -7.82968932013326 ], [ 111.983954427902646, -7.829720857755193 ], [ 111.983955103632013, -7.829721267695766 ], [ 111.983956048028048, -7.829721767452829 ], [ 111.984008628358339, -7.829747345147146 ], [ 111.984010268823653, -7.829748033210877 ], [ 111.984065564321028, -7.829767326889171 ], [ 111.984067352199773, -7.829767836435276 ], [ 111.984124453355861, -7.829780528049744 ], [ 111.984125187416907, -7.829780673759335 ], [ 111.984126289710744, -7.82978082494061 ], [ 111.984184486946972, -7.829786767819774 ], [ 111.984186242983824, -7.82978684873826 ], [ 111.984244841381098, -7.829785959487195 ], [ 111.984246696669857, -7.829785822205296 ], [ 111.984304685011807, -7.829778114037724 ], [ 111.98430538129179, -7.829778005689373 ], [ 111.984306511680089, -7.82977776156722 ], [ 111.984363197305356, -7.829763340110346 ], [ 111.984364853982854, -7.82976282071623 ], [ 111.98441957518321, -7.8297418412693 ], [ 111.984421269372447, -7.829741074877125 ], [ 111.984473042985769, -7.829713910554027 ], [ 111.984473619963794, -7.829713592655391 ], [ 111.984474635147322, -7.82971295265998 ], [ 111.984522866085101, -7.829679934065023 ], [ 111.984524224963138, -7.829678891698687 ], [ 111.984568360829613, -7.829640377374108 ], [ 111.984570035592867, -7.829638676747156 ], [ 111.984571436819252, -7.82963674341502 ], [ 111.984572530153329, -7.829634623584016 ], [ 111.984573292122946, -7.829632363435073 ], [ 111.984815541436461, -7.828681304442235 ], [ 111.984899034489374, -7.828376116488973 ], [ 111.98490274828832, -7.828362542222061 ], [ 111.984908446676741, -7.828341714288153 ], [ 111.985154473690628, -7.828322727262974 ], [ 111.984874106279705, -7.829421267235078 ], [ 111.984871206055075, -7.829433318345643 ], [ 111.984747122198669, -7.829949253549088 ], [ 111.984739976160242, -7.829975041157716 ], [ 111.984716983966834, -7.83005799520102 ], [ 111.984716813230179, -7.830058669402495 ], [ 111.984701627104442, -7.830124623578175 ], [ 111.984390990628654, -7.830049631494393 ], [ 111.984019889253645, -7.829960041618688 ], [ 111.983375426622885, -7.829804457509627 ], [ 111.983192164260615, -7.829760214601387 ], [ 111.983226523479516, -7.829625031517217 ] ] ], [ [ [ 111.985873457698773, -7.827056718198338 ], [ 111.985912218553736, -7.826952901438156 ], [ 111.985915168506125, -7.826941968959266 ], [ 111.986044023263872, -7.826993830007123 ], [ 111.986002509910307, -7.827120002292435 ], [ 111.98600181643414, -7.827119757907544 ], [ 111.985943185801347, -7.827294690198459 ], [ 111.985662471861659, -7.827192908303487 ], [ 111.98537225882464, -7.827087681700599 ], [ 111.98537866011705, -7.827070740280563 ], [ 111.985405272957365, -7.827000299646023 ], [ 111.985491701991833, -7.826771533009709 ], [ 111.985787803699296, -7.82689070752839 ], [ 111.985861317474573, -7.826920295153373 ], [ 111.985782240677437, -7.827128911126241 ], [ 111.985769262289665, -7.827163149918131 ], [ 111.985795324473173, -7.827174189664854 ], [ 111.985873457698773, -7.827056718198338 ] ] ], [ [ [ 111.983896533906886, -7.828893916428492 ], [ 111.983985903767191, -7.828547365971585 ], [ 111.984022796721817, -7.828414131006994 ], [ 111.984031099265536, -7.828413523754967 ], [ 111.984073214995291, -7.828410442672768 ], [ 111.984163394731908, -7.828402968754404 ], [ 111.984266528526319, -7.828394420871447 ], [ 111.984382343438469, -7.82838482135794 ], [ 111.984553866429337, -7.828370604884372 ], [ 111.984624030179518, -7.828364789292313 ], [ 111.984661420680055, -7.828361690241366 ], [ 111.984733827765936, -7.82835568941201 ], [ 111.984767089758577, -7.828352932822192 ], [ 111.984809392953395, -7.828349358313996 ], [ 111.984874834225081, -7.828344308004819 ], [ 111.984869144825709, -7.828365102453452 ], [ 111.984853146823653, -7.828423625892305 ], [ 111.984784845152689, -7.828673241643727 ], [ 111.984543741553352, -7.829619797492168 ], [ 111.98450413295572, -7.829654362437985 ], [ 111.984457438636227, -7.829686329205267 ], [ 111.984407312726503, -7.829712627754922 ], [ 111.984354448194424, -7.829732897408062 ], [ 111.9842995672238, -7.829746859721115 ], [ 111.984243425757327, -7.829754322093287 ], [ 111.984186794461493, -7.829755182333044 ], [ 111.984130450565871, -7.829749429581729 ], [ 111.984075168787285, -7.829737141621457 ], [ 111.984021707731827, -7.82971848762011 ], [ 111.98397080353763, -7.829693724528428 ], [ 111.98392315353702, -7.829663191691544 ], [ 111.983879414436217, -7.82962730813983 ], [ 111.983840185072651, -7.829586568106913 ], [ 111.983806005484638, -7.829541531082958 ], [ 111.983777345104301, -7.82949281460671 ], [ 111.983756411802773, -7.829445215166744 ], [ 111.983896533906886, -7.828893916428492 ] ] ], [ [ [ 111.985125479807976, -7.827738508501413 ], [ 111.985129053781634, -7.827729120277307 ], [ 111.985144078904497, -7.82768965732355 ], [ 111.985363543870207, -7.827762534035444 ], [ 111.985333955374088, -7.827851146258902 ], [ 111.985212415708801, -7.827810787640408 ], [ 111.985110807123476, -7.827777046300951 ], [ 111.985118249834528, -7.8277575003962 ], [ 111.985125479807976, -7.827738508501413 ] ] ], [ [ [ 111.98367127808541, -7.827217766645107 ], [ 111.983683100090786, -7.827142359959512 ], [ 111.983684254170029, -7.82712321312124 ], [ 111.983684812547935, -7.827058879453348 ], [ 111.983685198745405, -7.827014330673057 ], [ 111.983796772144757, -7.82702161255999 ], [ 111.983792307841696, -7.827083345139634 ], [ 111.983793568449059, -7.827252334717655 ], [ 111.983730396371556, -7.827255406074094 ], [ 111.983730138497791, -7.827247541720563 ], [ 111.98367127808541, -7.827217766645107 ] ] ] ] } },
{ "type": "Feature", "properties": { "OBJECTID": 2, "Name": "Halte Ahmad Dahlan", "REMARK": "Halte", "type": "lines", "start": "610536.0432, 9137432.3223", "NAMZON": "AREA PERUMAHAN", "LUAS": 217175.64 }, "geometry": { "type": "MultiPolygon", "coordinates": [ [ [ [ 111.998765798591592, -7.801841605383808 ], [ 111.998819365156422, -7.801409476851789 ], [ 111.999403310944757, -7.801482629523859 ], [ 111.999297976835265, -7.801909324513682 ], [ 111.998907475842287, -7.801818929732121 ], [ 111.998898548805073, -7.801848863039852 ], [ 111.999123759456793, -7.801901686449647 ], [ 111.999116658465141, -7.801944810186958 ], [ 111.999109830521959, -7.801980326113683 ], [ 111.999110779550776, -7.801980507472432 ], [ 111.999107675604719, -7.801999357708234 ], [ 111.999268213572648, -7.802029893890221 ], [ 111.999261583896029, -7.802056750099498 ], [ 111.999062246347606, -7.802006471560933 ], [ 111.998939709883373, -7.801963300263133 ], [ 111.99893697749053, -7.801974875174531 ], [ 111.998840540494186, -7.801950550978125 ], [ 111.998865065139327, -7.801853843999885 ], [ 111.998765798591592, -7.801841605383808 ] ] ], [ [ [ 111.998848857288152, -7.801171559753621 ], [ 111.998924362075186, -7.801194959324195 ], [ 111.998997911668781, -7.800958909640069 ], [ 111.999089164989357, -7.800970160343629 ], [ 111.999102233062899, -7.800918629584572 ], [ 111.999102282971251, -7.800918642219227 ], [ 111.999141646559764, -7.800763495329986 ], [ 111.999563252751784, -7.800869887341099 ], [ 111.999411297922549, -7.801451726167599 ], [ 111.998823259383684, -7.801378061590468 ], [ 111.998848857288152, -7.801171559753621 ] ] ], [ [ [ 112.000020815365275, -7.800985352375552 ], [ 111.999996464673984, -7.80108132864676 ], [ 112.000008775320822, -7.801082829673752 ], [ 112.000095000015534, -7.801093343245704 ], [ 112.000185032079656, -7.801104321089992 ], [ 112.000243097909831, -7.800857543828559 ], [ 112.000367813012843, -7.800383723505006 ], [ 112.00046075236763, -7.800404238800165 ], [ 112.000544110976563, -7.800422638649064 ], [ 112.000657842362841, -7.800447743569615 ], [ 112.000780012722061, -7.800473806192917 ], [ 112.000775478343513, -7.800493647451673 ], [ 112.00074576252635, -7.800623670771893 ], [ 112.000676303537418, -7.800927607794672 ], [ 112.000460832820011, -7.800866225227033 ], [ 112.00040375726347, -7.801081728513963 ], [ 112.000628945576082, -7.801134832482341 ], [ 112.000529016628093, -7.801572099386947 ], [ 112.000527175612376, -7.801580090763077 ], [ 112.000525863764551, -7.801585603653685 ], [ 112.000141297811581, -7.801541103953827 ], [ 112.000223232372363, -7.801247509488997 ], [ 112.000201627636827, -7.801243253652506 ], [ 112.000116818910584, -7.801538271245338 ], [ 111.999985369437852, -7.801523060040791 ], [ 111.999924852082401, -7.801516057131446 ], [ 111.999900153097983, -7.801512963549663 ], [ 111.99993377940504, -7.801318691130643 ], [ 111.999959544930789, -7.801151934682364 ], [ 111.99994225873813, -7.801147668627872 ], [ 111.999884800484921, -7.80151104082746 ], [ 111.999443059069506, -7.801455704817761 ], [ 111.999539834740929, -7.80108514722962 ], [ 111.999583146175127, -7.800919305329021 ], [ 111.999594024365777, -7.800877652516011 ], [ 112.000020815365275, -7.800985352375552 ] ] ], [ [ [ 112.000026007256295, -7.800779294218788 ], [ 112.000028914899914, -7.800761814114693 ], [ 112.00001151759048, -7.800758218235186 ], [ 112.00001293605736, -7.80075139240324 ], [ 111.999947544489359, -7.800736816536642 ], [ 111.999648229802787, -7.800670098700371 ], [ 111.999758165708116, -7.800249151198077 ], [ 112.000006906702296, -7.800304057631892 ], [ 112.000253701470001, -7.800358534384046 ], [ 112.000340844641855, -7.80037777097376 ], [ 112.000230712820652, -7.800813161734775 ], [ 112.000026007256295, -7.800779294218788 ] ] ], [ [ [ 111.999505024733338, -7.800638177922187 ], [ 111.999573008271227, -7.800334830249921 ], [ 111.999695402896123, -7.8003638817445 ], [ 111.999617234506303, -7.800663189773744 ], [ 111.999505024733338, -7.800638177922187 ] ] ], [ [ [ 111.999702836149822, -7.799755527571432 ], [ 111.999841274329398, -7.799786385838136 ], [ 111.999734943576371, -7.800211848546623 ], [ 111.999733845801288, -7.800216240340836 ], [ 111.999605469715846, -7.800189984722718 ], [ 111.999702836149822, -7.799755527571432 ] ] ], [ [ [ 112.000178659885819, -7.799861589830478 ], [ 112.000184244925421, -7.799828014125327 ], [ 112.000258452625587, -7.799381897152927 ], [ 112.001066130521366, -7.799515522992369 ], [ 112.001060551811577, -7.799538658375239 ], [ 112.001071667381254, -7.799541324576462 ], [ 112.001031656061741, -7.799707259136641 ], [ 112.001120072090927, -7.799728463889099 ], [ 112.001066163037095, -7.800052554812813 ], [ 112.001218364361335, -7.800084012922047 ], [ 112.001216445463669, -7.800094969134411 ], [ 112.001476782565149, -7.800151731189569 ], [ 112.001490412624278, -7.800089557975779 ], [ 112.001494400839931, -7.800089178282738 ], [ 112.001494865719067, -7.800069245279261 ], [ 112.001513779907754, -7.799982968596896 ], [ 112.001553201089777, -7.799983883061056 ], [ 112.00157421013688, -7.799850243147515 ], [ 112.001623908510155, -7.799857699250929 ], [ 112.001615681393957, -7.799912235952071 ], [ 112.001708455339497, -7.799926155362368 ], [ 112.001698757808413, -7.799995016288206 ], [ 112.001785651013307, -7.800008314686115 ], [ 112.001779145146713, -7.800047216050741 ], [ 112.001670528131584, -7.800029525597712 ], [ 112.001659240168067, -7.800075616739601 ], [ 112.001641593621144, -7.800071961189556 ], [ 112.001589717427166, -7.800061240736596 ], [ 112.001557127456053, -7.800218104417022 ], [ 112.001546835263525, -7.800267640888681 ], [ 112.001542183957, -7.800287109802569 ], [ 112.001468309188795, -7.800277736535485 ], [ 112.00139903277362, -7.800268947490766 ], [ 112.001384532839381, -7.800382612581351 ], [ 112.001356160882111, -7.80056205894002 ], [ 112.001127024359661, -7.800515464808925 ], [ 112.000802379645137, -7.800446207978505 ], [ 112.000801001395729, -7.800445912775491 ], [ 112.000664592187903, -7.800416812376391 ], [ 112.000565658844891, -7.800394973644994 ], [ 112.000561225514772, -7.800393995583012 ], [ 112.000562338659847, -7.800387298358575 ], [ 112.000568742219926, -7.800348801520821 ], [ 112.000589471088205, -7.800224187143419 ], [ 112.000594934934014, -7.80019133526763 ], [ 112.000609170825356, -7.800105754266397 ], [ 112.000624856930273, -7.80001144841555 ], [ 112.000675202858972, -7.799708780281466 ], [ 112.000652839525827, -7.799705065292267 ], [ 112.000604271953634, -7.799997044282202 ], [ 112.000589028408811, -7.800088682826209 ], [ 112.000569318830173, -7.800207174514212 ], [ 112.000562451226713, -7.80024845899865 ], [ 112.000547571574259, -7.800337911578548 ], [ 112.000540170193929, -7.800382407147845 ], [ 112.000539056137342, -7.800389102565564 ], [ 112.000534622807294, -7.800388124503288 ], [ 112.00013692238133, -7.800300337110859 ], [ 112.000176411354971, -7.800072788597613 ], [ 112.000162960584973, -7.80006707724816 ], [ 112.000125948846076, -7.800297914747514 ], [ 111.999766002610997, -7.800218460735166 ], [ 111.999841814486047, -7.799915113842495 ], [ 111.999872259860211, -7.799793292594695 ], [ 112.000178659885819, -7.799861589830478 ] ] ], [ [ [ 112.001168166717932, -7.799110899492159 ], [ 112.001765635965114, -7.799212007826003 ], [ 112.001748000736285, -7.799380802633368 ], [ 112.001739725925646, -7.799380982299613 ], [ 112.001626314648362, -7.799383965767278 ], [ 112.001629478609132, -7.799503607139656 ], [ 112.001631493561561, -7.799503554436991 ], [ 112.001644054816538, -7.799503223538577 ], [ 112.001644903219699, -7.799690964021126 ], [ 112.001633759175377, -7.799689291871923 ], [ 112.00162338132624, -7.799758090192941 ], [ 112.001624232279084, -7.799758217512817 ], [ 112.001617741050822, -7.799805183644693 ], [ 112.001582133640682, -7.799799841211629 ], [ 112.001601157570207, -7.799678828697931 ], [ 112.001601153124824, -7.799678827984917 ], [ 112.001609035575811, -7.799628690613977 ], [ 112.001539080583129, -7.799616364602049 ], [ 112.001188856860495, -7.79955465532756 ], [ 112.001216944822545, -7.799438169882726 ], [ 112.001114543978204, -7.799413588909742 ], [ 112.001168166717932, -7.799110899492159 ] ] ], [ [ [ 112.001221469622706, -7.798810015195391 ], [ 112.001244893945085, -7.798810889601349 ], [ 112.001259690772969, -7.798727100753475 ], [ 112.001237007115819, -7.798722309083832 ], [ 112.001250338914247, -7.798647053668534 ], [ 112.001749531409885, -7.79873501137302 ], [ 112.00175781610757, -7.798682311161207 ], [ 112.00182804825198, -7.798235554782055 ], [ 112.001870868246058, -7.798242250057214 ], [ 112.001868260537094, -7.798259872270998 ], [ 112.001946039363432, -7.798275482266293 ], [ 112.001884927306079, -7.798608729369745 ], [ 112.001782684096639, -7.798597485062699 ], [ 112.001757320282664, -7.798828706545448 ], [ 112.001930160839748, -7.798862756292444 ], [ 112.001889998099713, -7.799149355773713 ], [ 112.001871099553014, -7.799146992908829 ], [ 112.001864852454901, -7.799196690746415 ], [ 112.001173689330685, -7.799079725454534 ], [ 112.001221469622706, -7.798810015195391 ] ] ], [ [ [ 112.002690440362201, -7.79858895835825 ], [ 112.002681228949712, -7.798588341284637 ], [ 112.002691211605367, -7.798480097189605 ], [ 112.00269476229262, -7.798457744841889 ], [ 112.002705752105143, -7.798388568824123 ], [ 112.002721615824029, -7.79839064423152 ], [ 112.002690440362201, -7.79858895835825 ] ] ], [ [ [ 112.004132554005267, -7.799349337328615 ], [ 112.004114961793078, -7.799542010074827 ], [ 112.004056128608283, -7.799534119433003 ], [ 112.003683086344608, -7.799469039554245 ], [ 112.003683235737626, -7.799467416653511 ], [ 112.003683503617609, -7.799464520939563 ], [ 112.003697791054563, -7.799309854403475 ], [ 112.004132554005267, -7.799349337328615 ] ] ], [ [ [ 112.004579493618309, -7.799881147077164 ], [ 112.004569642711004, -7.799996662848101 ], [ 112.00456915045676, -7.799996619393381 ], [ 112.004569163956702, -7.800002276916604 ], [ 112.004565518793541, -7.800045021587229 ], [ 112.004552474212431, -7.800046911772836 ], [ 112.004550468625879, -7.800212031846152 ], [ 112.004416088802373, -7.800207564515985 ], [ 112.004408203673236, -7.800309118978716 ], [ 112.00417560440053, -7.80028938996039 ], [ 112.004194528462648, -7.800042000826991 ], [ 112.004346145809947, -7.800056972978774 ], [ 112.004361357276778, -7.799862645101262 ], [ 112.004579493618309, -7.799881147077164 ] ] ], [ [ [ 112.004503133783714, -7.80077657332338 ], [ 112.004573932287073, -7.800778446741686 ], [ 112.004500092812592, -7.801240158211909 ], [ 112.004466694854841, -7.801233176603136 ], [ 112.004382076234563, -7.801215487823272 ], [ 112.004272861684797, -7.801192656923923 ], [ 112.004149093554915, -7.801166784562227 ], [ 112.004112076089299, -7.801158974010374 ], [ 112.004069056438695, -7.801149448426468 ], [ 112.004014351320905, -7.801137119696418 ], [ 112.003994615195026, -7.801132671503362 ], [ 112.003898245636606, -7.801110953228182 ], [ 112.003864993383786, -7.801103458412253 ], [ 112.003782363172377, -7.801084835940427 ], [ 112.003879964927506, -7.800523113875661 ], [ 112.003909854505238, -7.800289541018476 ], [ 112.00395404285284, -7.800293289076668 ], [ 112.00398064330335, -7.800295545841735 ], [ 112.004028458079063, -7.800299601840271 ], [ 112.004096302560029, -7.800305356770178 ], [ 112.004152771597774, -7.80031014651775 ], [ 112.004182460587458, -7.800312664557987 ], [ 112.004318627570484, -7.800324213921312 ], [ 112.004345122801155, -7.800326460963948 ], [ 112.004476623869976, -7.800337615258294 ], [ 112.004477057423657, -7.800337643171114 ], [ 112.004540314475591, -7.800340577643589 ], [ 112.004503133783714, -7.80077657332338 ] ] ], [ [ [ 112.004684366136885, -7.800781368937836 ], [ 112.004789422667471, -7.800661241615289 ], [ 112.004837658373134, -7.80070319837391 ], [ 112.00483311271239, -7.80088020708584 ], [ 112.004818543493499, -7.80129534750843 ], [ 112.004809632637858, -7.801305281208525 ], [ 112.004804508938363, -7.801304210771978 ], [ 112.004768580429229, -7.801296701583381 ], [ 112.004767055290344, -7.801296418500315 ], [ 112.00470855047972, -7.801284155865257 ], [ 112.004686226804665, -7.801279238119494 ], [ 112.004660627146663, -7.801273799058386 ], [ 112.004718008438857, -7.800789138434876 ], [ 112.004674196611717, -7.800781099842695 ], [ 112.004684366136885, -7.800781368937836 ] ] ], [ [ [ 112.004935156580245, -7.800788004980827 ], [ 112.00520878885888, -7.8007952452147 ], [ 112.005259806574415, -7.801103377336316 ], [ 112.005229971858455, -7.801102138588289 ], [ 112.005174788172368, -7.801103595551233 ], [ 112.005175694981077, -7.801137745541698 ], [ 112.005169118671489, -7.801140939324668 ], [ 112.005073164237118, -7.801141167214294 ], [ 112.005071941772087, -7.80114117011748 ], [ 112.005044588541907, -7.801138525407278 ], [ 112.005048496459622, -7.801267736427503 ], [ 112.005179056157317, -7.801264325965841 ], [ 112.005179798537426, -7.801292280103371 ], [ 112.005234982245895, -7.801290822232236 ], [ 112.005291555720177, -7.801290303467701 ], [ 112.005321060394593, -7.801429308929606 ], [ 112.005282053032488, -7.801473912099934 ], [ 112.005280117241767, -7.801546678280813 ], [ 112.005343475368775, -7.801534912582777 ], [ 112.005369868088707, -7.801659256495171 ], [ 112.005385514853131, -7.801751670953253 ], [ 112.005453239859406, -7.802103644922955 ], [ 112.005454097541289, -7.802108105337263 ], [ 112.00544729932551, -7.802108763634647 ], [ 112.005309754714261, -7.802122098824737 ], [ 112.005200876866098, -7.802120365920798 ], [ 112.005125190536717, -7.802114709423361 ], [ 112.004773280582043, -7.802074257972428 ], [ 112.004773598092413, -7.802069742308511 ], [ 112.004824538574539, -7.801322576487783 ], [ 112.004838178010274, -7.801307372304824 ], [ 112.004839356831738, -7.801305802130244 ], [ 112.004840245930879, -7.801304052662178 ], [ 112.004840819133577, -7.801302176419656 ], [ 112.004841058436241, -7.801300229520023 ], [ 112.004855774503596, -7.800880892199766 ], [ 112.004859842246617, -7.80072249451913 ], [ 112.004935156580245, -7.800788004980827 ] ] ], [ [ [ 112.005658846028453, -7.802676822038476 ], [ 112.005566658974345, -7.80240431688918 ], [ 112.005493508180308, -7.802135959451001 ], [ 112.005561024743969, -7.802116697478064 ], [ 112.00564698476424, -7.80209108417774 ], [ 112.005715631943858, -7.802351798101491 ], [ 112.005807068239804, -7.802636388564208 ], [ 112.005658846028453, -7.802676822038476 ] ] ], [ [ [ 112.005250815633559, -7.802788128178413 ], [ 112.005184326150527, -7.802782703330535 ], [ 112.005166879924516, -7.802719093548707 ], [ 112.005156067261197, -7.802873999987446 ], [ 112.004998897336364, -7.802863179292629 ], [ 112.004999097348772, -7.802946932560153 ], [ 112.005146802982324, -7.80296181675022 ], [ 112.005146214896598, -7.802970107837027 ], [ 112.005114219216978, -7.80342119380139 ], [ 112.005114178853773, -7.803421190912655 ], [ 112.00510863987779, -7.803506350810427 ], [ 112.005152258832794, -7.803504794709423 ], [ 112.005154980980606, -7.803660945365377 ], [ 112.004658156415701, -7.803684464829825 ], [ 112.004679309691653, -7.803338138558841 ], [ 112.004744983764354, -7.802455132315061 ], [ 112.005132519859728, -7.802474275793942 ], [ 112.005138252184764, -7.802362988471402 ], [ 112.005059064423946, -7.802360783445938 ], [ 112.005076692614679, -7.802131893905146 ], [ 112.005122819243482, -7.80213719735173 ], [ 112.005123270066349, -7.802137240597911 ], [ 112.005199515136525, -7.802142938276113 ], [ 112.005200181765474, -7.802142968347572 ], [ 112.005310137032694, -7.802144717684301 ], [ 112.005311311317357, -7.802144665150935 ], [ 112.005452233283165, -7.802131002671293 ], [ 112.005459100404508, -7.802130336974638 ], [ 112.005460307155715, -7.802134764000082 ], [ 112.005536154293978, -7.802413077323318 ], [ 112.005536431251173, -7.802413986520607 ], [ 112.00562817747182, -7.802685188093829 ], [ 112.005250815633559, -7.802788128178413 ] ] ], [ [ [ 112.005179699126231, -7.804408820577998 ], [ 112.005175661960294, -7.804412801631401 ], [ 112.005062591583197, -7.804415469435759 ], [ 112.005028949102524, -7.804143348814218 ], [ 112.00498097403937, -7.804149444676546 ], [ 112.004968726881486, -7.804044781596478 ], [ 112.004944717469172, -7.80403885583207 ], [ 112.00493867494437, -7.803976222200015 ], [ 112.004979827668407, -7.803974754234461 ], [ 112.005098149677735, -7.803970532549022 ], [ 112.005172342821069, -7.803967885377411 ], [ 112.005203260121789, -7.804407980032188 ], [ 112.005179699126231, -7.804408820577998 ] ] ], [ [ [ 112.00502045402105, -7.804604828260647 ], [ 112.005092749669402, -7.804884604100821 ], [ 112.005042653006925, -7.804897479284257 ], [ 112.005060775504489, -7.805034260309577 ], [ 112.005018660609252, -7.805039810008405 ], [ 112.005019388612212, -7.805061695910341 ], [ 112.005019419340854, -7.805062619693317 ], [ 112.004908735910675, -7.805033296719363 ], [ 112.004921582121241, -7.804694307038588 ], [ 112.004838071014419, -7.804690676968227 ], [ 112.004838930815694, -7.804648558382296 ], [ 112.004588098808824, -7.804643981692426 ], [ 112.004587806502968, -7.804640442451326 ], [ 112.004586150315248, -7.804628198606407 ], [ 112.004585408100965, -7.804622341477707 ], [ 112.004584595715599, -7.804615961755633 ], [ 112.004582194886993, -7.804597603929819 ], [ 112.004579721523356, -7.804579252607229 ], [ 112.004579201998638, -7.804575504982571 ], [ 112.004578017314856, -7.804567026964747 ], [ 112.004576460042756, -7.804554810017654 ], [ 112.004576205856736, -7.804553182649004 ], [ 112.004575704189321, -7.804550836846947 ], [ 112.004559047197944, -7.804483893482415 ], [ 112.004557942124691, -7.804480271154932 ], [ 112.004551402266117, -7.80446229035543 ], [ 112.004540551786462, -7.804432452778097 ], [ 112.00453924927929, -7.804430081744741 ], [ 112.004568512791153, -7.804394810972286 ], [ 112.004569748421829, -7.804393101380477 ], [ 112.004570746091403, -7.804391242218541 ], [ 112.004571486837435, -7.80438926789978 ], [ 112.004599168300231, -7.804297219922845 ], [ 112.004599602850945, -7.804295384708825 ], [ 112.004599714431592, -7.804294639194294 ], [ 112.004637759057033, -7.803991490052666 ], [ 112.004638329515785, -7.803986943942056 ], [ 112.004651512674926, -7.803986471274674 ], [ 112.00466397219823, -7.803986022936072 ], [ 112.004694288580438, -7.803984941598626 ], [ 112.004733994951053, -7.803983525026357 ], [ 112.00476012913505, -7.803982591994179 ], [ 112.004825538956609, -7.803980258777901 ], [ 112.00490562726327, -7.803977401389824 ], [ 112.004876961688495, -7.804553506621114 ], [ 112.005059935500469, -7.804559053835995 ], [ 112.005073737616854, -7.804562173739097 ], [ 112.00502045402105, -7.804604828260647 ] ] ], [ [ [ 112.003346474001816, -7.80556762380567 ], [ 112.003321530253231, -7.805524891839136 ], [ 112.003320424639242, -7.805523321659052 ], [ 112.00330833776141, -7.805508925585663 ], [ 112.003300913559784, -7.805477189585921 ], [ 112.003306893797912, -7.805106134164659 ], [ 112.003314442296713, -7.804803625338431 ], [ 112.003314285141798, -7.804801613355825 ], [ 112.003305889006, -7.804752099481814 ], [ 112.0033053920898, -7.804750222160563 ], [ 112.003304579846329, -7.804748457736442 ], [ 112.003303476884298, -7.804746857703554 ], [ 112.003294997450752, -7.804736570937388 ], [ 112.003435180407266, -7.804740781387043 ], [ 112.003463670405225, -7.804311924760757 ], [ 112.003640578021717, -7.804338386546577 ], [ 112.003600302594407, -7.80503120800825 ], [ 112.003618120779308, -7.805459506148302 ], [ 112.003451331763671, -7.805549398753757 ], [ 112.003456163829654, -7.805569381924137 ], [ 112.003346474001816, -7.80556762380567 ] ] ], [ [ [ 112.002933621067299, -7.80556100630584 ], [ 112.00292177750903, -7.805735362077026 ], [ 112.002893049304447, -7.806158284904962 ], [ 112.00274253087187, -7.806165897267158 ], [ 112.00274160595302, -7.806165942872619 ], [ 112.002742569553391, -7.806010161656504 ], [ 112.002727213281375, -7.806010198062842 ], [ 112.002727524797336, -7.805738355668517 ], [ 112.002751516846018, -7.805737341903911 ], [ 112.002751332036269, -7.805659809220308 ], [ 112.00250648140215, -7.805653824366372 ], [ 112.002510324557122, -7.805600065009448 ], [ 112.002516196783276, -7.805517915321853 ], [ 112.002520878968909, -7.80545242533378 ], [ 112.002528704795409, -7.805342943676728 ], [ 112.002529138684736, -7.805336640583231 ], [ 112.002531758897817, -7.805296770735922 ], [ 112.002532043362876, -7.805292459550454 ], [ 112.002538884401289, -7.805187203008782 ], [ 112.002543136885635, -7.805121781870991 ], [ 112.002554434256922, -7.804947975286034 ], [ 112.002559220346427, -7.8048743307141 ], [ 112.002564459610142, -7.804793722769272 ], [ 112.00256784253736, -7.80474168382294 ], [ 112.002575248722778, -7.804627739799256 ], [ 112.002582505303295, -7.804516092476605 ], [ 112.002584976177658, -7.804477869948936 ], [ 112.002591897465024, -7.804370896608262 ], [ 112.002593157364473, -7.804351965720108 ], [ 112.002593373252651, -7.804348941700376 ], [ 112.002594516626914, -7.804331346930869 ], [ 112.002881547023335, -7.804357273997167 ], [ 112.002889416865784, -7.804216068468546 ], [ 112.003237206415378, -7.80427763320057 ], [ 112.003241675619051, -7.804278423926476 ], [ 112.003241093221831, -7.804282913990789 ], [ 112.00319229340225, -7.804659338374763 ], [ 112.003192200055679, -7.804660886074847 ], [ 112.003192320730932, -7.804662432362957 ], [ 112.003192651731482, -7.804663948306114 ], [ 112.003193187544895, -7.804665404071211 ], [ 112.003204272400907, -7.804690119354473 ], [ 112.003204992970197, -7.804691470672038 ], [ 112.003205889213518, -7.804692712137002 ], [ 112.003206944757437, -7.804693822986359 ], [ 112.003208142315103, -7.804694779745924 ], [ 112.003262078030843, -7.804732242632006 ], [ 112.00328404651431, -7.804758891094052 ], [ 112.003291748177958, -7.804804307741977 ], [ 112.003284225950381, -7.805105670595524 ], [ 112.003278221390048, -7.80547832420331 ], [ 112.003278397721587, -7.805480391310536 ], [ 112.003278516996787, -7.805480969862406 ], [ 112.003286872089149, -7.805516686761585 ], [ 112.003287406623329, -7.80551836592342 ], [ 112.003288195745782, -7.805519941376461 ], [ 112.003289220323481, -7.805521376084434 ], [ 112.003302422210595, -7.805537099024766 ], [ 112.003319991719195, -7.805567199340985 ], [ 112.002933621067299, -7.80556100630584 ] ] ], [ [ [ 112.00289112990049, -7.806186541445949 ], [ 112.002844404822937, -7.806183384715184 ], [ 112.002891506142262, -7.806181002595742 ], [ 112.00289112990049, -7.806186541445949 ] ] ], [ [ [ 112.001986316549306, -7.806125411621075 ], [ 112.002070703161422, -7.804883149207189 ], [ 112.0020713426848, -7.804883252149876 ], [ 112.002099146758596, -7.804467765444168 ], [ 112.002028117985972, -7.804466019014843 ], [ 112.002018815900072, -7.804590476107616 ], [ 112.001949679620253, -7.804577238927227 ], [ 112.001906123402705, -7.804856657127146 ], [ 112.001758095327702, -7.80483282958119 ], [ 112.001712947613441, -7.805121483965267 ], [ 112.001810869968637, -7.805146935099723 ], [ 112.001807395767671, -7.805163476450265 ], [ 112.001333558006593, -7.80506449410239 ], [ 112.001333075216905, -7.805064776522931 ], [ 112.001332818253189, -7.805064339568026 ], [ 112.000924344932244, -7.8049790111094 ], [ 112.000920090203735, -7.804976548816464 ], [ 112.000956239406804, -7.80480443735051 ], [ 112.001113511988393, -7.804900445856256 ], [ 112.001139535775039, -7.804744841308824 ], [ 112.001091512135744, -7.804730597134713 ], [ 112.001100882821433, -7.804634855517779 ], [ 112.001172900728648, -7.804649042906034 ], [ 112.001184687181635, -7.804560474937019 ], [ 112.001244690857163, -7.804567512287778 ], [ 112.001256454515115, -7.804469371886159 ], [ 112.000903676933021, -7.804446277293237 ], [ 112.000922531339043, -7.804302654416904 ], [ 112.000879351600958, -7.804307541916828 ], [ 112.000862726927707, -7.80437937038331 ], [ 112.000805110597639, -7.804367541986932 ], [ 112.000790941531861, -7.804463294957809 ], [ 112.000735725703962, -7.80445145996983 ], [ 112.00073380656562, -7.804462492719905 ], [ 112.000601664819982, -7.804447987429281 ], [ 112.000650195184306, -7.804008273028919 ], [ 112.000666758707183, -7.804010227759061 ], [ 112.000917378061402, -7.804039073188821 ], [ 112.001210848539912, -7.804071287354116 ], [ 112.001620131220747, -7.804153097393261 ], [ 112.001624578891736, -7.804153986770675 ], [ 112.001623570051464, -7.804158397350278 ], [ 112.001570225559433, -7.80439170194237 ], [ 112.001528176668074, -7.804413333254757 ], [ 112.001527661322186, -7.804413615752494 ], [ 112.001489086199953, -7.804436176731263 ], [ 112.001487542539948, -7.804437261179371 ], [ 112.001486200782338, -7.804438586632269 ], [ 112.001485098021021, -7.804440115920526 ], [ 112.00148426498663, -7.804441805558757 ], [ 112.001483725152582, -7.804443611174336 ], [ 112.001387746019958, -7.804900588136499 ], [ 112.001409616672291, -7.804906749795513 ], [ 112.001416065921447, -7.804876044509172 ], [ 112.001549390655683, -7.804906353763826 ], [ 112.001583426753811, -7.80468946958864 ], [ 112.001461063567106, -7.804661800645559 ], [ 112.001504886465725, -7.804453147129581 ], [ 112.001538843805704, -7.804433287760689 ], [ 112.001585303831533, -7.804409386737627 ], [ 112.001586970004098, -7.804408337271885 ], [ 112.001588428759689, -7.804407016063842 ], [ 112.001589635755892, -7.804405463013426 ], [ 112.001590555734097, -7.804403724329983 ], [ 112.001591158894314, -7.804401853445443 ], [ 112.001645807493475, -7.80416284152542 ], [ 112.001646816333505, -7.804158430945777 ], [ 112.001651264004579, -7.804159320322847 ], [ 112.001654935011231, -7.804160054168016 ], [ 112.001655404977754, -7.804160138071718 ], [ 112.001969397665889, -7.804222909004933 ], [ 112.002531445467469, -7.804322986623625 ], [ 112.00253114975969, -7.804327527560977 ], [ 112.002531001001074, -7.804329798936225 ], [ 112.002521951033103, -7.804469039230594 ], [ 112.002516042514813, -7.804559940266992 ], [ 112.002509411371534, -7.804661947602259 ], [ 112.002505733641954, -7.804718530197556 ], [ 112.002499340474898, -7.804816887595196 ], [ 112.002490394600244, -7.804954522279216 ], [ 112.002479524989795, -7.805121748126796 ], [ 112.00246870524181, -7.805288205995005 ], [ 112.002468467123265, -7.805291796240311 ], [ 112.002465790469145, -7.805332340021759 ], [ 112.002464922679934, -7.805344942591159 ], [ 112.002457968333673, -7.805442235899682 ], [ 112.002448011573591, -7.805581517230964 ], [ 112.002446133425906, -7.805607785412338 ], [ 112.002418329526975, -7.805607572741735 ], [ 112.002183175352314, -7.805605773027406 ], [ 112.002175747799001, -7.805605716462633 ], [ 112.002175016342633, -7.805701437601988 ], [ 112.002191332995935, -7.805701398941577 ], [ 112.002190828672397, -7.805892838042574 ], [ 112.002246250204763, -7.805894620492987 ], [ 112.002246408560822, -7.8059610866496 ], [ 112.002420557432444, -7.805965569626062 ], [ 112.002418843391112, -7.805989537453971 ], [ 112.002413944432945, -7.806058065934684 ], [ 112.0024070983429, -7.80615384017944 ], [ 112.001986316549306, -7.806125411621075 ] ] ], [ [ [ 112.001921393365535, -7.804940770731005 ], [ 112.001893983008245, -7.804934537475634 ], [ 112.001906123402705, -7.804856657127146 ], [ 112.00193940059799, -7.804862013697361 ], [ 112.001921393365535, -7.804940770731005 ] ] ], [ [ [ 112.000680227647152, -7.803736160585089 ], [ 112.000851060892302, -7.803778940537399 ], [ 112.000870073776795, -7.803702320178422 ], [ 112.001009293883612, -7.803723527996541 ], [ 112.001035437236311, -7.80361817510975 ], [ 112.00111943021011, -7.803622762613114 ], [ 112.001142974668639, -7.803433662036833 ], [ 112.001375287339954, -7.803459854446957 ], [ 112.001608605185069, -7.803507141982005 ], [ 112.001650196827796, -7.803515571386107 ], [ 112.001686402607788, -7.803522909228506 ], [ 112.001686793647124, -7.803522981561508 ], [ 112.001708470066276, -7.803526439428438 ], [ 112.001794100679817, -7.803540099779612 ], [ 112.001794840979642, -7.803540218315877 ], [ 112.001795373522327, -7.803540302975744 ], [ 112.001799359887087, -7.803540939299599 ], [ 112.001798037111968, -7.803545284599293 ], [ 112.001776290462288, -7.803616703744712 ], [ 112.001763801455738, -7.803657719362732 ], [ 112.001745545305212, -7.803717672021238 ], [ 112.001729090661982, -7.803771713582702 ], [ 112.001728820244722, -7.803772786876762 ], [ 112.001715797311419, -7.803837901386991 ], [ 112.001693642828087, -7.803948679569727 ], [ 112.001654699206483, -7.804113952319661 ], [ 112.00165007393305, -7.804131410626822 ], [ 112.001648913568658, -7.804135789910164 ], [ 112.001644459551855, -7.804134901452455 ], [ 112.001640525425202, -7.804134115773244 ], [ 112.001275124247755, -7.804061076164352 ], [ 112.001306464102839, -7.803837246022161 ], [ 112.001307869745872, -7.803828849585452 ], [ 112.001171364446506, -7.803806724686553 ], [ 112.001134092100159, -7.803799366715208 ], [ 112.001132804786991, -7.8038079473755 ], [ 112.001130888993131, -7.803820717033825 ], [ 112.001100849589292, -7.80402094480556 ], [ 112.001098558847758, -7.804036213386761 ], [ 112.000919918307275, -7.804016604754365 ], [ 112.00066939058739, -7.803987769960821 ], [ 112.000652675771448, -7.80398579740111 ], [ 112.000680227647152, -7.803736160585089 ] ] ], [ [ [ 112.000164046484471, -7.803286801520272 ], [ 112.00027710032073, -7.802772023735455 ], [ 112.00028404893547, -7.802740387522342 ], [ 112.000695009791002, -7.802796654474996 ], [ 112.000692514131728, -7.802807749595335 ], [ 112.000690540748352, -7.802816519095001 ], [ 112.000642405755073, -7.803026520421342 ], [ 112.000709631002053, -7.803043590825804 ], [ 112.00068691758257, -7.803157022098706 ], [ 112.000683187431221, -7.803175651328575 ], [ 112.000631275623647, -7.803176430717788 ], [ 112.000588977965052, -7.803379820612115 ], [ 112.000164046484471, -7.803286801520272 ] ] ], [ [ [ 111.999705576960793, -7.80318644028593 ], [ 111.999725278306045, -7.803096927299722 ], [ 111.999634267890769, -7.803084259170402 ], [ 111.999693735586263, -7.802659340622061 ], [ 111.999938607265264, -7.80269309012556 ], [ 112.000252505439434, -7.802736068368296 ], [ 112.00024555951066, -7.802767691008373 ], [ 112.000133038913518, -7.803280013828079 ], [ 111.999705576960793, -7.80318644028593 ] ] ], [ [ [ 111.999920293008472, -7.802210877654081 ], [ 111.999927540297023, -7.802177949482826 ], [ 111.999934846310012, -7.802179548797433 ], [ 111.999937211481708, -7.80216959619271 ], [ 111.999937279626835, -7.802169612311415 ], [ 111.999957777225561, -7.80208341651933 ], [ 111.999979880371541, -7.801990469068301 ], [ 111.999979880371342, -7.80199046897787 ], [ 111.999848428822119, -7.801974440836272 ], [ 111.999883186567757, -7.801831851535656 ], [ 111.999820179984582, -7.801823026644377 ], [ 111.999816988191029, -7.801742271261472 ], [ 111.999732951014067, -7.801718540380056 ], [ 111.999703504969531, -7.801948934011774 ], [ 111.99933746326893, -7.801881784512966 ], [ 111.999435017664368, -7.801486601067441 ], [ 111.999465729305058, -7.801490857140983 ], [ 111.999520023179727, -7.801497664988513 ], [ 111.999594219034009, -7.801506968174521 ], [ 111.999626464613499, -7.80151101168934 ], [ 111.999674426581734, -7.801517026816536 ], [ 111.999721886893852, -7.801522978004215 ], [ 111.999767006758972, -7.801528636253538 ], [ 111.999877006049061, -7.801542430317059 ], [ 111.999920995468173, -7.801547888627885 ], [ 111.999964714718601, -7.801552999366712 ], [ 112.000005608128433, -7.801557727873274 ], [ 112.000052357063751, -7.801563134427737 ], [ 112.000073252798131, -7.80156555052523 ], [ 111.999981723592839, -7.801953170526043 ], [ 112.000004777352984, -7.801960773859693 ], [ 112.00009638460817, -7.801568225430962 ], [ 112.000106117202165, -7.80156935015264 ], [ 112.000166822329135, -7.801576369775109 ], [ 112.00021937236194, -7.801582447254029 ], [ 112.000228928975105, -7.801583552491246 ], [ 112.000282333521852, -7.801589727429763 ], [ 112.000324927803646, -7.8015946526678 ], [ 112.000358290224113, -7.801598509885785 ], [ 112.000372230089411, -7.801600122092428 ], [ 112.000455618909257, -7.801609764259109 ], [ 112.000495730380393, -7.801614403218057 ], [ 112.000496109645667, -7.801614482815676 ], [ 112.000501041583789, -7.801615762682022 ], [ 112.000505821371419, -7.801617510498478 ], [ 112.000509860560371, -7.801619775591039 ], [ 112.000512881202127, -7.801622753069386 ], [ 112.000514661533543, -7.80162662072616 ], [ 112.000515254117872, -7.80163021895754 ], [ 112.000264934767841, -7.802682859390422 ], [ 112.000262705221701, -7.802686113374493 ], [ 112.000261559622984, -7.802687171552771 ], [ 111.999753191845372, -7.802618073436142 ], [ 111.999859620464051, -7.802202432356167 ], [ 111.999920293008472, -7.802210877654081 ] ] ], [ [ [ 112.000933109730738, -7.8021066970516 ], [ 112.000889113311061, -7.802101332570581 ], [ 112.000879252888424, -7.802144429016134 ], [ 112.000875519685138, -7.802143579451422 ], [ 112.000871384850996, -7.802160969846002 ], [ 112.000871369425283, -7.802160966174325 ], [ 112.000867119743219, -7.802178837002494 ], [ 112.000867122011698, -7.802178837539782 ], [ 112.000849974942966, -7.802250942818014 ], [ 112.00084997503366, -7.802250942817801 ], [ 112.000829615891433, -7.802336555036306 ], [ 112.000829615891661, -7.802336555126737 ], [ 112.00091981265119, -7.802348946550075 ], [ 112.000845648598769, -7.802769238541932 ], [ 112.000823658777435, -7.802766304126827 ], [ 112.000297758177879, -7.802692267460642 ], [ 112.000297114529914, -7.802690841791294 ], [ 112.000296524553605, -7.80268719652321 ], [ 112.00044824122898, -7.80204919823696 ], [ 112.000685961194165, -7.802077436826985 ], [ 112.000687363761983, -7.802061639445952 ], [ 112.00045072124243, -7.802038767910673 ], [ 112.000547000054596, -7.801633897286947 ], [ 112.00054922682159, -7.801630621602417 ], [ 112.000552704212808, -7.801627361049611 ], [ 112.000556931550378, -7.801625226548166 ], [ 112.000561790402969, -7.801623992270516 ], [ 112.000567110600144, -7.801623412613932 ], [ 112.000572390214074, -7.801623309687984 ], [ 112.000572758429158, -7.801623318766119 ], [ 112.000591821764004, -7.801625523010885 ], [ 112.00069741894697, -7.801637734561314 ], [ 112.000795557774865, -7.801649110845311 ], [ 112.000850626951092, -7.801655494314371 ], [ 112.000903179748008, -7.801661586170191 ], [ 112.000953258423024, -7.80166723256065 ], [ 112.000975003994796, -7.801669684588257 ], [ 112.001046169670545, -7.801677708579499 ], [ 112.000964277171192, -7.802105058689423 ], [ 112.000933724727588, -7.802101680531922 ], [ 112.000933109730738, -7.8021066970516 ] ] ], [ [ [ 112.001208025428298, -7.802388541700408 ], [ 112.001208025427871, -7.802388541519513 ], [ 112.001522415057067, -7.802431732833506 ], [ 112.001564217576203, -7.802437475694374 ], [ 112.001564317713814, -7.80243675914883 ], [ 112.001593584861723, -7.802440827550286 ], [ 112.001599624328989, -7.802411979395538 ], [ 112.002019257274469, -7.802499356745442 ], [ 112.002127045040197, -7.802513170693352 ], [ 112.002376856404439, -7.802603894655855 ], [ 112.002378998188718, -7.802588169689345 ], [ 112.002390160112398, -7.802513549502761 ], [ 112.002445189154798, -7.802524738076944 ], [ 112.002442234118035, -7.802542077568256 ], [ 112.002501579039347, -7.802552895042346 ], [ 112.002736429270797, -7.802595708682292 ], [ 112.002752736031525, -7.802629250605618 ], [ 112.002760810000154, -7.802646376743723 ], [ 112.002765924162716, -7.80265790152794 ], [ 112.002768330391291, -7.802663723969874 ], [ 112.00277054504906, -7.802669454613948 ], [ 112.002772655517347, -7.802675228013142 ], [ 112.00248838957053, -7.802669487378977 ], [ 112.002481043929194, -7.802719785645801 ], [ 112.002442696098271, -7.802982352844875 ], [ 112.001856034799417, -7.802904067509786 ], [ 112.001851622315854, -7.802903477416163 ], [ 112.001890679539258, -7.802685411015162 ], [ 112.001706592033969, -7.802646028427255 ], [ 112.001592925371455, -7.802621332522034 ], [ 112.001554580265477, -7.802824312242385 ], [ 112.001551064141154, -7.802842925593114 ], [ 112.001547296343716, -7.802862867242686 ], [ 112.000858942280033, -7.802771012339956 ], [ 112.000937102211708, -7.802351321824486 ], [ 112.001208025428298, -7.802388541700408 ] ] ], [ [ [ 112.001298615132612, -7.802142026001406 ], [ 112.000982587281186, -7.802107083221493 ], [ 112.000993859254407, -7.802046556715434 ], [ 112.001056704099625, -7.801678896500881 ], [ 112.0010819375631, -7.801681741839074 ], [ 112.001094022266159, -7.801683104264877 ], [ 112.001134113510645, -7.801687624729048 ], [ 112.001168664950526, -7.801691520672168 ], [ 112.001222857436161, -7.801697631218707 ], [ 112.00125429471926, -7.801701175463785 ], [ 112.001308326643851, -7.801707267385902 ], [ 112.001338157412263, -7.801710630922041 ], [ 112.001470974863906, -7.801725606921248 ], [ 112.001558243810365, -7.80173544589186 ], [ 112.001627119009228, -7.801743212014389 ], [ 112.001716007177109, -7.801753234335957 ], [ 112.001748801521913, -7.801756931797293 ], [ 112.00184616675736, -7.801767906285975 ], [ 112.001823729418874, -7.80207414328894 ], [ 112.001716948981738, -7.802068549839006 ], [ 112.001706702635801, -7.802188187494818 ], [ 112.001298615132612, -7.802142026001406 ] ] ], [ [ [ 112.003836429977298, -7.802541433408354 ], [ 112.003408140568666, -7.802445140538303 ], [ 112.00342640409157, -7.802247278613474 ], [ 112.003564183998023, -7.802253058580925 ], [ 112.003587838521895, -7.801965299868766 ], [ 112.004739738473063, -7.802097714393451 ], [ 112.004678789007343, -7.802917199512493 ], [ 112.004500823523145, -7.802910818026475 ], [ 112.004498031008623, -7.802947198082223 ], [ 112.004414521150366, -7.802943567881209 ], [ 112.004411387366844, -7.803239346261288 ], [ 112.004654166718765, -7.803248263644257 ], [ 112.004647640772973, -7.803336005142405 ], [ 112.004611029861721, -7.803935407473824 ], [ 112.004584970429505, -7.80392852514743 ], [ 112.00458070084602, -7.803927397513923 ], [ 112.004531278152982, -7.803915532990129 ], [ 112.004407110743614, -7.803885723872815 ], [ 112.004393136005135, -7.803943619711569 ], [ 112.004366898781271, -7.803935199359503 ], [ 112.004266520294593, -7.804142674924896 ], [ 112.004225500215895, -7.804106256875763 ], [ 112.004162273357764, -7.804050121614592 ], [ 112.004137781826017, -7.804028376672145 ], [ 112.004179042623193, -7.803918283870365 ], [ 112.004239918332445, -7.803771302585671 ], [ 112.004162298896276, -7.803739328937786 ], [ 112.00423460374671, -7.803497598756874 ], [ 112.004201167228416, -7.803486144757332 ], [ 112.00421101642705, -7.803334720558779 ], [ 112.004211205087913, -7.803334732773019 ], [ 112.004216938589494, -7.803253903170976 ], [ 112.004214055260022, -7.803253681284301 ], [ 112.004248834003405, -7.802804245122425 ], [ 112.004248834093005, -7.802804244669988 ], [ 112.004271657623619, -7.802482480149257 ], [ 112.003850770623515, -7.802433415078933 ], [ 112.003846577035389, -7.802432926234832 ], [ 112.003836429977298, -7.802541433408354 ] ] ], [ [ [ 112.003813494851784, -7.802786689219783 ], [ 112.003785817075538, -7.803158185098956 ], [ 112.003956916393918, -7.803308590282226 ], [ 112.003956050662254, -7.803309569843631 ], [ 112.004127030989011, -7.80346074866644 ], [ 112.003984854265923, -7.803412044598338 ], [ 112.003748379725863, -7.803358764096886 ], [ 112.003737795632773, -7.803355022258263 ], [ 112.003743825458855, -7.803334473790143 ], [ 112.003660621747329, -7.803310189174485 ], [ 112.003652979882759, -7.803336230447542 ], [ 112.003585925041733, -7.80331688729671 ], [ 112.003617488942794, -7.803208061127773 ], [ 112.003348317719613, -7.803130413019391 ], [ 112.003377753229884, -7.80277435436644 ], [ 112.003392129608358, -7.802618605563639 ], [ 112.003819505152023, -7.802722418333001 ], [ 112.003813494851784, -7.802786689219783 ] ] ], [ [ [ 112.003030629356303, -7.801428308566554 ], [ 112.003031748540224, -7.801416591218185 ], [ 112.00308033078305, -7.801417648281914 ], [ 112.003075110521849, -7.801240580579639 ], [ 112.002912015395609, -7.801216145945065 ], [ 112.002927368356168, -7.801196143373357 ], [ 112.002938963876204, -7.801169189215437 ], [ 112.002988476528131, -7.800939977142483 ], [ 112.003504694102531, -7.801055130013334 ], [ 112.003452491896581, -7.801620224652486 ], [ 112.003425942569095, -7.801907629367539 ], [ 112.003402382191211, -7.801905123888957 ], [ 112.003363266682143, -7.80190096310375 ], [ 112.002792064721419, -7.801840203552015 ], [ 112.002795395663625, -7.801800224391215 ], [ 112.002806022927146, -7.801655767222369 ], [ 112.002772414442731, -7.801653308127656 ], [ 112.002777369533831, -7.801526127247105 ], [ 112.002740995705594, -7.801526596913415 ], [ 112.00272560115279, -7.801470905147498 ], [ 112.002657428499077, -7.801489648179036 ], [ 112.002640321504742, -7.801408717832965 ], [ 112.002640121769119, -7.80134047637274 ], [ 112.002715594308938, -7.801339047636716 ], [ 112.002714474694912, -7.80128020085949 ], [ 112.002782457759935, -7.801274775094639 ], [ 112.002782629529491, -7.801346875871206 ], [ 112.002731430866433, -7.801336342770073 ], [ 112.002739798743789, -7.801356371073857 ], [ 112.002739799015629, -7.801356370982765 ], [ 112.002756660092459, -7.801396727382298 ], [ 112.002782755326564, -7.801399679123092 ], [ 112.002782782711932, -7.801411174073991 ], [ 112.002908575731766, -7.801413911170509 ], [ 112.00294229801915, -7.801417725626207 ], [ 112.002942242502158, -7.801418213697553 ], [ 112.003030629356303, -7.801428308566554 ] ] ], [ [ [ 112.001539319537329, -7.801091088025067 ], [ 112.001448985616889, -7.801072503393328 ], [ 112.001450877910997, -7.801063355037665 ], [ 112.001276374132033, -7.801025492717375 ], [ 112.001140640247741, -7.80100199583656 ], [ 112.001140640157061, -7.801001995836775 ], [ 112.001124268463201, -7.80107355102485 ], [ 112.000693438835611, -7.800995053149774 ], [ 112.000806519290151, -7.80050026864619 ], [ 112.000811053671541, -7.800480429196151 ], [ 112.001120534065748, -7.800546450561718 ], [ 112.001558228328179, -7.800635457375407 ], [ 112.001558798096241, -7.800635561845422 ], [ 112.001687622302242, -7.800655908729138 ], [ 112.001671390997615, -7.80097299416631 ], [ 112.001734976450066, -7.800972843669087 ], [ 112.001738379376235, -7.80109492099528 ], [ 112.001541419592556, -7.801113027430287 ], [ 112.001539319537329, -7.801091088025067 ] ] ], [ [ [ 112.001399694991136, -7.801243233244462 ], [ 112.001488375146764, -7.801253038479743 ], [ 112.001486012532567, -7.801296720477169 ], [ 112.001550803524538, -7.801298959366012 ], [ 112.001553339770041, -7.801356385572107 ], [ 112.001634954561524, -7.801370550239556 ], [ 112.00164242097209, -7.801483002050604 ], [ 112.001748025095978, -7.801494716791031 ], [ 112.001752567089753, -7.801387021899406 ], [ 112.001896974452563, -7.801382987262443 ], [ 112.001896581500944, -7.801741003143679 ], [ 112.001862934263642, -7.801737507592006 ], [ 112.001272237861556, -7.8016708924869 ], [ 112.001175812415127, -7.801660018743065 ], [ 112.000906843867867, -7.801629687297085 ], [ 112.000557611498735, -7.801589276551872 ], [ 112.000558090982224, -7.801587261252076 ], [ 112.000560763873182, -7.80157556698051 ], [ 112.00063970469823, -7.801230163836606 ], [ 112.000668715105107, -7.801103229910735 ], [ 112.000804351778058, -7.801125803025203 ], [ 112.000800806442996, -7.801148544261972 ], [ 112.000784257713349, -7.801252677884338 ], [ 112.001164521567233, -7.801311838969367 ], [ 112.001171565754433, -7.801247211628461 ], [ 112.001241173000182, -7.801256618538067 ], [ 112.001245674456456, -7.801225810843893 ], [ 112.001399694991136, -7.801243233244462 ] ] ], [ [ [ 112.001806922930641, -7.803513356179281 ], [ 112.001806611247233, -7.803514618596919 ], [ 112.001806106445144, -7.803516662899186 ], [ 112.001805523500352, -7.803519024841353 ], [ 112.001801030903422, -7.803518308317511 ], [ 112.001690684657703, -7.803500704381786 ], [ 112.00160067650036, -7.803482462580926 ], [ 112.001536599607803, -7.803469475615374 ], [ 112.001472164326358, -7.803456416229078 ], [ 112.001379802588502, -7.803437696984211 ], [ 112.001150105155816, -7.803404928607148 ], [ 112.001159400921452, -7.803278079295586 ], [ 112.000769514481206, -7.80319504434026 ], [ 112.000858933434913, -7.802819153366693 ], [ 112.001116577521955, -7.802854789795046 ], [ 112.001115232817241, -7.802866311797603 ], [ 112.001083613945809, -7.803137200998524 ], [ 112.001297706937848, -7.80316253848145 ], [ 112.00132330697231, -7.802883384373462 ], [ 112.001934862675554, -7.80296797417843 ], [ 112.001929344465282, -7.802994329668229 ], [ 112.001927162830484, -7.803004751152478 ], [ 112.001920491487809, -7.80303661735037 ], [ 112.001905568841266, -7.803107897336527 ], [ 112.001897347125933, -7.803147169059169 ], [ 112.001880226994828, -7.803216502489088 ], [ 112.001857871999064, -7.803307030060816 ], [ 112.001834532552337, -7.80340154849879 ], [ 112.001817279464291, -7.803471418569615 ], [ 112.001806922930641, -7.803513356179281 ] ] ], [ [ [ 112.00443755953944, -7.804414608747417 ], [ 112.004371121718307, -7.804428542751761 ], [ 112.004321056227255, -7.804420198870073 ], [ 112.004276692782184, -7.804412805567306 ], [ 112.004200959475369, -7.804400183153197 ], [ 112.00415184750409, -7.804391997975576 ], [ 112.004060271066962, -7.804378300693123 ], [ 112.003872350815982, -7.804350192027087 ], [ 112.003763595475107, -7.804333925259977 ], [ 112.003725470913551, -7.804328222847478 ], [ 112.003514586505275, -7.804296680117371 ], [ 112.003402123414546, -7.804279857685017 ], [ 112.003360784616888, -7.804273674470209 ], [ 112.003305956528465, -7.804265473805772 ], [ 112.003256136230348, -7.804258020074319 ], [ 112.002634455126895, -7.804147972336948 ], [ 112.002618812009047, -7.804145202965714 ], [ 112.002619810849936, -7.804140786982167 ], [ 112.002659335525777, -7.803966054288818 ], [ 112.002660291290567, -7.803961829241953 ], [ 112.002740764259912, -7.803976891718081 ], [ 112.00273794954154, -7.803997928185542 ], [ 112.002906001496584, -7.804020294327686 ], [ 112.002907630274919, -7.804008124080743 ], [ 112.002926564317377, -7.803866624611509 ], [ 112.002932486013279, -7.803788895658957 ], [ 112.003012412656048, -7.80380114751024 ], [ 112.003013169776693, -7.803798430617956 ], [ 112.003042471269964, -7.803799593886833 ], [ 112.003042791311287, -7.803791567220855 ], [ 112.003221525517048, -7.803818556687134 ], [ 112.003365676531558, -7.803929568186794 ], [ 112.003413420304724, -7.803768665497032 ], [ 112.003550741516861, -7.803835535269957 ], [ 112.00349338452375, -7.804001259673709 ], [ 112.003734292590508, -7.804115879908093 ], [ 112.003693584501619, -7.804199970837823 ], [ 112.003794747275052, -7.804240529620088 ], [ 112.003842611128235, -7.804130022317818 ], [ 112.004081067576422, -7.804225449831907 ], [ 112.004069110444732, -7.804256675591644 ], [ 112.004163065941341, -7.804302049382038 ], [ 112.004230710124361, -7.804192451077559 ], [ 112.004334635564092, -7.80428934910038 ], [ 112.004403179142329, -7.804355950420198 ], [ 112.004443396051286, -7.804413383859019 ], [ 112.00443755953944, -7.804414608747417 ] ] ], [ [ [ 112.001715838938679, -7.803953290255452 ], [ 112.001731371277856, -7.803875627170539 ], [ 112.001750945548636, -7.803777753170364 ], [ 112.00182062716685, -7.803548911234122 ], [ 112.001821957142965, -7.803544543306591 ], [ 112.001826476050468, -7.803545264289979 ], [ 112.001834025103875, -7.803546469203614 ], [ 112.001966710920783, -7.803573710255455 ], [ 112.001967154580711, -7.803573791507884 ], [ 112.001995926143692, -7.80357825637086 ], [ 112.001998919958723, -7.803578716870748 ], [ 112.002059825218865, -7.803588158674203 ], [ 112.002148457829023, -7.803601900474581 ], [ 112.002177511530689, -7.803606405355739 ], [ 112.002211164831849, -7.803611621978533 ], [ 112.002244761889727, -7.803616831496337 ], [ 112.002304567607325, -7.803626103121808 ], [ 112.00234067584779, -7.803631701013865 ], [ 112.00240704711814, -7.803641991737047 ], [ 112.002460020570169, -7.803650204160468 ], [ 112.002553768920308, -7.80366774773081 ], [ 112.002598904731116, -7.803676193962752 ], [ 112.002649684788807, -7.80368569675367 ], [ 112.002653815674492, -7.80368646929552 ], [ 112.002672965826847, -7.803690054291481 ], [ 112.002671966984821, -7.803694469370631 ], [ 112.00266758302385, -7.80371384540667 ], [ 112.002667489960515, -7.803714371100815 ], [ 112.002643802401366, -7.803819146618382 ], [ 112.002635725398108, -7.803854802094824 ], [ 112.002615845197667, -7.803942562599347 ], [ 112.002591728656512, -7.804049238434897 ], [ 112.002110372109797, -7.803960910911872 ], [ 112.002056539806262, -7.804215458122852 ], [ 112.001973618011334, -7.804200694354448 ], [ 112.001675638604723, -7.804141132410715 ], [ 112.001671184583515, -7.804140242144455 ], [ 112.001672344945504, -7.804135861956657 ], [ 112.001673216788959, -7.804132570481068 ], [ 112.001676695145548, -7.804119426306391 ], [ 112.001687188833415, -7.804074903512404 ], [ 112.001707803565154, -7.803987419852352 ], [ 112.001715757303984, -7.803953664882695 ], [ 112.001715838938679, -7.803953290255452 ] ] ], [ [ [ 112.002156937450081, -7.803085254747112 ], [ 112.002164697115163, -7.803051518322484 ], [ 112.002176971233126, -7.802996451987024 ], [ 112.002510347793063, -7.803035665154227 ], [ 112.002364299749701, -7.803612481988939 ], [ 112.001971011099755, -7.803551508078094 ], [ 112.001838349788613, -7.803524272395276 ], [ 112.001837930623097, -7.803524194702433 ], [ 112.001832480898145, -7.803523324883426 ], [ 112.001827988301145, -7.803522608359879 ], [ 112.001829076047784, -7.803518202115417 ], [ 112.001901039938218, -7.803226771844658 ], [ 112.002116180590818, -7.803261699706849 ], [ 112.002126698534511, -7.803216723731905 ], [ 112.002134977011607, -7.803180732239674 ], [ 112.002156937450081, -7.803085254747112 ] ] ], [ [ [ 112.002999675745812, -7.802465350678804 ], [ 112.003100668873941, -7.802462712729979 ], [ 112.003096293188051, -7.802296063874072 ], [ 112.002990023284227, -7.802298839135647 ], [ 112.00298817509028, -7.802228451763706 ], [ 112.003066888387423, -7.802226396634091 ], [ 112.00306519386514, -7.802161893118143 ], [ 112.003403733755817, -7.802147566567081 ], [ 112.003369612184315, -7.802517234432385 ], [ 112.00336084250246, -7.802516416821257 ], [ 112.003199290191105, -7.802482390847179 ], [ 112.003198619399484, -7.802485560654041 ], [ 112.00316306388288, -7.802634570119223 ], [ 112.003149328295294, -7.802661983381948 ], [ 112.003116271284327, -7.802681662547489 ], [ 112.003080324928519, -7.802615345452917 ], [ 112.00305240977039, -7.802570649601139 ], [ 112.003132036573263, -7.802548138612645 ], [ 112.003112853871386, -7.802480652145399 ], [ 112.003012120022845, -7.802509129939531 ], [ 112.002999675745812, -7.802465350678804 ] ] ], [ [ [ 112.003422971499418, -7.801939147639257 ], [ 112.003414962023427, -7.802025915887118 ], [ 112.003412244464243, -7.802055357892073 ], [ 112.002829341344921, -7.80201195051289 ], [ 112.002831767705331, -7.801876261327504 ], [ 112.003360354569708, -7.801932487566839 ], [ 112.003399469174866, -7.80193664835409 ], [ 112.003422971499418, -7.801939147639257 ] ] ], [ [ [ 112.004705272205825, -7.802061888582968 ], [ 112.004704360597586, -7.802061807539881 ], [ 112.004698297145524, -7.802061406803118 ], [ 112.004692109872693, -7.802060802863706 ], [ 112.004679518871114, -7.802059335927347 ], [ 112.004643446808373, -7.802054781846914 ], [ 112.00462234368851, -7.802052116851467 ], [ 112.004565591419237, -7.802045405957257 ], [ 112.004486451639252, -7.802036305334824 ], [ 112.004434916715297, -7.802030379744429 ], [ 112.004340684121487, -7.802019544045899 ], [ 112.004279648831698, -7.802012524918381 ], [ 112.004171154354381, -7.802000048929226 ], [ 112.004096868631038, -7.801991506503569 ], [ 112.004093756268134, -7.80199114759476 ], [ 112.004127921061155, -7.801790393569486 ], [ 112.003953377238787, -7.801744660997729 ], [ 112.004040739791577, -7.801454626645826 ], [ 112.003875054850965, -7.801403331566015 ], [ 112.003825046289037, -7.801562822401147 ], [ 112.003748695753075, -7.801542902557638 ], [ 112.00374555977379, -7.801542526517626 ], [ 112.003742413007615, -7.801455864321722 ], [ 112.003760555946386, -7.801247807051896 ], [ 112.003653980170839, -7.801238564209708 ], [ 112.00365447802497, -7.80123284974834 ], [ 112.003654711073636, -7.801230179320013 ], [ 112.00352146482561, -7.801218622852073 ], [ 112.003535920153141, -7.801062148506946 ], [ 112.003924660425923, -7.801149795502586 ], [ 112.003915710287657, -7.801225019130117 ], [ 112.003901343800393, -7.801329325774314 ], [ 112.004025415464284, -7.801346322319205 ], [ 112.004094958627263, -7.801355848285875 ], [ 112.004101552602975, -7.801307972051121 ], [ 112.004032009445865, -7.801298445180122 ], [ 112.004039781013404, -7.801242015676884 ], [ 112.004049580308745, -7.801177960641461 ], [ 112.004099039961616, -7.80118911339131 ], [ 112.004458530003419, -7.801264245941132 ], [ 112.004350011585743, -7.801677207208757 ], [ 112.004484448990027, -7.801705603751795 ], [ 112.004500931114578, -7.801573951190062 ], [ 112.004773631589387, -7.801616135763158 ], [ 112.004742034528675, -7.802066114520139 ], [ 112.004705272205825, -7.802061888582968 ] ] ], [ [ [ 112.002502006841468, -7.7993019837131 ], [ 112.002536146067115, -7.798940887944976 ], [ 112.002647745630469, -7.798951391779343 ], [ 112.00278940686168, -7.798966335669531 ], [ 112.002750664255018, -7.799334538491318 ], [ 112.002502006841468, -7.7993019837131 ] ] ] ] } },
{ "type": "Feature", "properties": { "OBJECTID": 2, "Name": "Halte Ahmad Dahlan", "REMARK": "Halte", "type": "lines", "start": "610536.0432, 9137432.3223", "NAMZON": "AREA KOMERSIAL", "LUAS": 96803.318 }, "geometry": { "type": "MultiPolygon", "coordinates": [ [ [ [ 112.002240061653268, -7.798299976436337 ], [ 112.002238010772189, -7.798313601171096 ], [ 112.002221274023242, -7.798420115709657 ], [ 112.002207285192057, -7.798509143825807 ], [ 112.002197445928005, -7.79857176271348 ], [ 112.002185427798807, -7.798648247147749 ], [ 112.0021767168206, -7.798703684904005 ], [ 112.002164042975167, -7.798784343025686 ], [ 112.002143556851195, -7.798914721683249 ], [ 112.002132852829135, -7.798982847882719 ], [ 112.002119424986631, -7.799068302172089 ], [ 112.002110755154575, -7.799124647878354 ], [ 112.00210246656313, -7.799181523582451 ], [ 112.002100522946236, -7.79919402016963 ], [ 112.002099452872912, -7.799200133031344 ], [ 112.002098267243952, -7.799206085178088 ], [ 112.002096906921224, -7.799211796255577 ], [ 112.00209529364912, -7.799217155204192 ], [ 112.002093317339074, -7.799222012149187 ], [ 112.002090834225598, -7.799226165742994 ], [ 112.002087651417284, -7.79922934963538 ], [ 112.002083602448877, -7.79923135077494 ], [ 112.002078850145239, -7.799232376795099 ], [ 112.002076556992009, -7.799232516983563 ], [ 112.001913997662612, -7.799205007336359 ], [ 112.001864852454901, -7.799196690746415 ], [ 112.001871099553014, -7.799146992908829 ], [ 112.001889998099713, -7.799149355773713 ], [ 112.001930160839748, -7.798862756292444 ], [ 112.001757320282664, -7.798828706545448 ], [ 112.001782684096639, -7.798597485062699 ], [ 112.001884927306079, -7.798608729369745 ], [ 112.001946039363432, -7.798275482266293 ], [ 112.001868260537094, -7.798259872270998 ], [ 112.001870868246058, -7.798242250057214 ], [ 112.002240061653268, -7.798299976436337 ] ] ], [ [ [ 112.002723974584583, -7.798375639620291 ], [ 112.002721615824029, -7.79839064423152 ], [ 112.002705752105143, -7.798388568824123 ], [ 112.00269476229262, -7.798457744841889 ], [ 112.002691211605367, -7.798480097189605 ], [ 112.002681228949712, -7.798588341284637 ], [ 112.002668016226593, -7.798731603260063 ], [ 112.002645592018126, -7.79887424856678 ], [ 112.002654746606368, -7.79887548212422 ], [ 112.002647745630469, -7.798951391779343 ], [ 112.002536146067115, -7.798940887944976 ], [ 112.002502006841468, -7.7993019837131 ], [ 112.002162405977003, -7.799257522022008 ], [ 112.002163127192901, -7.799253055144122 ], [ 112.002167862914845, -7.799223726837246 ], [ 112.002168560459552, -7.799217697160533 ], [ 112.002169419142902, -7.799211547717589 ], [ 112.00217140537417, -7.799199048316192 ], [ 112.002180974830708, -7.799142326950332 ], [ 112.002191005556853, -7.799079752830915 ], [ 112.00220973639162, -7.798960605016861 ], [ 112.002221371341761, -7.79888658786995 ], [ 112.00223181458162, -7.798820158997924 ], [ 112.002251483416927, -7.798695044247587 ], [ 112.002267429658701, -7.798593605432008 ], [ 112.00227966403979, -7.798515778311311 ], [ 112.002292166424866, -7.798436247514583 ], [ 112.00230972336567, -7.798324565834443 ], [ 112.002311752563017, -7.798311185850715 ], [ 112.002723974584583, -7.798375639620291 ] ] ], [ [ [ 112.003076540473401, -7.798932317655939 ], [ 112.003066214223111, -7.799046798168915 ], [ 112.00313208534655, -7.799052646223068 ], [ 112.003087914211534, -7.799378690785175 ], [ 112.002924647164875, -7.799357315895306 ], [ 112.002935090720555, -7.798913257746662 ], [ 112.003076540473401, -7.798932317655939 ] ] ], [ [ [ 112.003229418590976, -7.799267318722048 ], [ 112.003666181402437, -7.799306983760258 ], [ 112.003653143175114, -7.799448129595435 ], [ 112.003652727685349, -7.79945263554389 ], [ 112.003217697954241, -7.799395682000178 ], [ 112.003229418590976, -7.799267318722048 ] ] ], [ [ [ 112.004087804355919, -7.799839442601732 ], [ 112.004113856285883, -7.799841652317894 ], [ 112.004106834398144, -7.799918788630114 ], [ 112.004203311537395, -7.799927174443685 ], [ 112.004194528462648, -7.800042000826991 ], [ 112.00417560440053, -7.80028938996039 ], [ 112.003611724071959, -7.800241560790322 ], [ 112.003612139570521, -7.800237058459608 ], [ 112.00368058269359, -7.799496145815835 ], [ 112.003680999968779, -7.799491628105544 ], [ 112.004052449118234, -7.799556430484961 ], [ 112.004052885486644, -7.79955649818652 ], [ 112.004112903933759, -7.799564548078685 ], [ 112.004087804355919, -7.799839442601732 ] ] ], [ [ [ 112.005034422774813, -7.805513660464878 ], [ 112.004617484179803, -7.805527454299068 ], [ 112.004616308539539, -7.805492105407914 ], [ 112.004608042795667, -7.805243577097897 ], [ 112.004600368197075, -7.805012826645335 ], [ 112.004598313520759, -7.80495105721431 ], [ 112.004593976403626, -7.804820622621079 ], [ 112.004589601742424, -7.804688134157509 ], [ 112.004588952570359, -7.804669209617228 ], [ 112.004588831533283, -7.804665994659458 ], [ 112.004588472649999, -7.804656601207371 ], [ 112.004588098808824, -7.804643981692426 ], [ 112.004838930815694, -7.804648558382296 ], [ 112.004838071014419, -7.804690676968227 ], [ 112.004921582121241, -7.804694307038588 ], [ 112.004908735910675, -7.805033296719363 ], [ 112.005019419340854, -7.805062619693317 ], [ 112.005034422774813, -7.805513660464878 ] ] ], [ [ [ 112.004128036072458, -7.805543646486268 ], [ 112.004109267263175, -7.804979375105345 ], [ 112.004054231816767, -7.804994034762117 ], [ 112.004013675486746, -7.804842601513434 ], [ 112.003918473398613, -7.804828029823298 ], [ 112.003785618575549, -7.804936961712631 ], [ 112.003825808793195, -7.805173978741348 ], [ 112.003747751577635, -7.805187142984381 ], [ 112.003741518221787, -7.805573955476477 ], [ 112.003456163829654, -7.805569381924137 ], [ 112.003451331763671, -7.805549398753757 ], [ 112.003618120779308, -7.805459506148302 ], [ 112.003600302594407, -7.80503120800825 ], [ 112.003640578021717, -7.804338386546577 ], [ 112.004148297743242, -7.804414329521997 ], [ 112.004369493521551, -7.804451196235343 ], [ 112.004370894099083, -7.804451341236484 ], [ 112.004372301514991, -7.804451311666565 ], [ 112.004373694913184, -7.804451108479544 ], [ 112.004388103554319, -7.804448086941115 ], [ 112.00444780296209, -7.804435565371794 ], [ 112.004452863622802, -7.80443452592448 ], [ 112.004457514513888, -7.804433546237945 ], [ 112.00448046532361, -7.804466322518489 ], [ 112.004496418722198, -7.804515101196358 ], [ 112.004520464925037, -7.804637085945602 ], [ 112.004526687030165, -7.805024119770102 ], [ 112.004527228940816, -7.805057753294505 ], [ 112.004537122806525, -7.805453021355979 ], [ 112.004539050995433, -7.805530049106164 ], [ 112.004128036072458, -7.805543646486268 ] ] ], [ [ [ 112.002470429866534, -7.806158118901609 ], [ 112.002470751193883, -7.806153627177651 ], [ 112.002476649811413, -7.806071134649406 ], [ 112.002481032702008, -7.806009821122468 ], [ 112.00248579124883, -7.80594326553588 ], [ 112.002490036351304, -7.805883879674737 ], [ 112.002495533846101, -7.805806979280345 ], [ 112.002499854425025, -7.805746537770912 ], [ 112.002505124601583, -7.805672812462812 ], [ 112.00250648140215, -7.805653824366372 ], [ 112.002751332036269, -7.805659809220308 ], [ 112.002751516846018, -7.805737341903911 ], [ 112.002727524797336, -7.805738355668517 ], [ 112.002727213281375, -7.806010198062842 ], [ 112.002742569553391, -7.806010161656504 ], [ 112.00274160595302, -7.806165942872619 ], [ 112.002729078781798, -7.806166576731262 ], [ 112.002697339705989, -7.80616554133806 ], [ 112.002683299054013, -7.806165083519303 ], [ 112.002645535947764, -7.806163851671264 ], [ 112.002586288767944, -7.806161920071296 ], [ 112.002512554709213, -7.80615951541647 ], [ 112.002471090764416, -7.806158163552272 ], [ 112.002470429866534, -7.806158118901609 ] ] ], [ [ [ 112.002096936480825, -7.802232915080034 ], [ 112.002097920495856, -7.802232440366045 ], [ 112.001706702635801, -7.802188187494818 ], [ 112.001716948981738, -7.802068549839006 ], [ 112.001823729418874, -7.80207414328894 ], [ 112.00184616675736, -7.801767906285975 ], [ 112.001853169753687, -7.801768695553918 ], [ 112.00185946420909, -7.801769372540973 ], [ 112.001903396347345, -7.801773996890691 ], [ 112.001963812243503, -7.801780269873523 ], [ 112.001992389672026, -7.801783237476195 ], [ 112.002034260720905, -7.801787585414487 ], [ 112.002093305983166, -7.801793716010614 ], [ 112.002153240210092, -7.801799939458175 ], [ 112.002242377768894, -7.801809195023447 ], [ 112.002321475480173, -7.801817402600274 ], [ 112.002380486267228, -7.801823526001473 ], [ 112.002380968029158, -7.801823613494439 ], [ 112.00238629964629, -7.801824783859478 ], [ 112.002391845477703, -7.801826414976207 ], [ 112.002397020672731, -7.801828543502724 ], [ 112.00240168510949, -7.801831356083486 ], [ 112.002405745793382, -7.801835026589289 ], [ 112.002409289388098, -7.80183938839979 ], [ 112.002412460539247, -7.801844250337711 ], [ 112.00241536501089, -7.801849469252618 ], [ 112.002418082353898, -7.801854938233372 ], [ 112.002423178045376, -7.801866331925986 ], [ 112.002428045025695, -7.801878031857506 ], [ 112.002449613767368, -7.801931125959 ], [ 112.0024714636574, -7.801983843149815 ], [ 112.00249713332029, -7.802045310691122 ], [ 112.002515296551223, -7.802088806002353 ], [ 112.002540321381048, -7.802148727587645 ], [ 112.002576163534542, -7.802234551731165 ], [ 112.002588328001693, -7.802263680817962 ], [ 112.00259221987308, -7.802273003502138 ], [ 112.002626937446664, -7.802356133293517 ], [ 112.002651980557587, -7.802416100045713 ], [ 112.002661815046778, -7.80243943092476 ], [ 112.002666838735649, -7.802451048177154 ], [ 112.002672866874931, -7.802464411311802 ], [ 112.002683694094756, -7.802487232452632 ], [ 112.002695256367204, -7.80251101506875 ], [ 112.002736429270797, -7.802595708682292 ], [ 112.002501579039347, -7.802552895042346 ], [ 112.002442234118035, -7.802542077568256 ], [ 112.002445189154798, -7.802524738076944 ], [ 112.002390160112398, -7.802513549502761 ], [ 112.002397854240584, -7.802475914235409 ], [ 112.002447559116163, -7.802486020158083 ], [ 112.002438250419445, -7.802410440027751 ], [ 112.002396509104443, -7.802414896453759 ], [ 112.002156890932866, -7.802356505876612 ], [ 112.002096936480825, -7.802232915080034 ] ] ], [ [ [ 112.003819505152023, -7.802722418333001 ], [ 112.003392129608358, -7.802618605563639 ], [ 112.003408140568666, -7.802445140538303 ], [ 112.003836429977298, -7.802541433408354 ], [ 112.003819505152023, -7.802722418333001 ] ] ], [ [ [ 112.004198697482209, -7.803524115291587 ], [ 112.004201167228416, -7.803486144757332 ], [ 112.00423460374671, -7.803497598756874 ], [ 112.004162298896276, -7.803739328937786 ], [ 112.004239918332445, -7.803771302585671 ], [ 112.004179042623193, -7.803918283870365 ], [ 112.004137781826017, -7.804028376672145 ], [ 112.004054023154509, -7.803954012513492 ], [ 112.003968687731671, -7.803878250210721 ], [ 112.003918187002256, -7.803833414489194 ], [ 112.003820365496239, -7.803746565437926 ], [ 112.003715758867216, -7.803653693581254 ], [ 112.00359531629914, -7.803546761916903 ], [ 112.003569674279277, -7.803523997657618 ], [ 112.003472378205871, -7.803437614850339 ], [ 112.003425014933597, -7.803395626898139 ], [ 112.003354143281214, -7.803332654947591 ], [ 112.00335374243781, -7.803332274228947 ], [ 112.003338698041091, -7.803318917114812 ], [ 112.003333143411595, -7.80331398577143 ], [ 112.003348317719613, -7.803130413019391 ], [ 112.003617488942794, -7.803208061127773 ], [ 112.003585925041733, -7.80331688729671 ], [ 112.003652979882759, -7.803336230447542 ], [ 112.003660621747329, -7.803310189174485 ], [ 112.003743825458855, -7.803334473790143 ], [ 112.003737795632773, -7.803355022258263 ], [ 112.003748379725863, -7.803358764096886 ], [ 112.003984854265923, -7.803412044598338 ], [ 112.004127030989011, -7.80346074866644 ], [ 112.004198697482209, -7.803524115291587 ] ] ], [ [ [ 112.001582133640682, -7.799799841211629 ], [ 112.001617741050822, -7.799805183644693 ], [ 112.001624232279084, -7.799758217512817 ], [ 112.00162338132624, -7.799758090192941 ], [ 112.001633759175377, -7.799689291871923 ], [ 112.001644903219699, -7.799690964021126 ], [ 112.001644054816538, -7.799503223538577 ], [ 112.001631493561561, -7.799503554436991 ], [ 112.001629478609132, -7.799503607139656 ], [ 112.001626314648362, -7.799383965767278 ], [ 112.001739725925646, -7.799380982299613 ], [ 112.001748000736285, -7.799380802633368 ], [ 112.001765635965114, -7.799212007826003 ], [ 112.00207163998752, -7.799263792052552 ], [ 112.002089061725627, -7.799266739952092 ], [ 112.002020289637528, -7.799707555482613 ], [ 112.001914678500682, -7.800398419132032 ], [ 112.001909278662566, -7.800549188625011 ], [ 112.001916710242412, -7.800605842611426 ], [ 112.001928089720224, -7.800661841488551 ], [ 112.00156422772595, -7.80060436967651 ], [ 112.001356160882111, -7.80056205894002 ], [ 112.001384532839381, -7.800382612581351 ], [ 112.00139903277362, -7.800268947490766 ], [ 112.001468309188795, -7.800277736535485 ], [ 112.001542183957, -7.800287109802569 ], [ 112.001546835263525, -7.800267640888681 ], [ 112.001557127456053, -7.800218104417022 ], [ 112.001589717427166, -7.800061240736596 ], [ 112.001641593621144, -7.800071961189556 ], [ 112.001659240168067, -7.800075616739601 ], [ 112.001670528131584, -7.800029525597712 ], [ 112.001779145146713, -7.800047216050741 ], [ 112.001785651013307, -7.800008314686115 ], [ 112.001698757808413, -7.799995016288206 ], [ 112.001708455339497, -7.799926155362368 ], [ 112.001615681393957, -7.799912235952071 ], [ 112.001623908510155, -7.799857699250929 ], [ 112.00157421013688, -7.799850243147515 ], [ 112.001582133640682, -7.799799841211629 ] ] ], [ [ [ 112.000683187431221, -7.803175651328575 ], [ 112.00068691758257, -7.803157022098706 ], [ 112.000709631002053, -7.803043590825804 ], [ 112.000642405755073, -7.803026520421342 ], [ 112.000690540748352, -7.802816519095001 ], [ 112.000692514131728, -7.802807749595335 ], [ 112.000695009791002, -7.802796654474996 ], [ 112.000819979061049, -7.802813764661072 ], [ 112.000858933434913, -7.802819153366693 ], [ 112.000769514481206, -7.80319504434026 ], [ 112.000683187431221, -7.803175651328575 ] ] ], [ [ [ 111.999116658465141, -7.801944810186958 ], [ 111.999123759456793, -7.801901686449647 ], [ 111.999290250158097, -7.801940626108475 ], [ 111.999268213572648, -7.802029893890221 ], [ 111.999107675604719, -7.801999357708234 ], [ 111.999110779550776, -7.801980507472432 ], [ 111.999109830521959, -7.801980326113683 ], [ 111.999116658465141, -7.801944810186958 ] ] ], [ [ [ 112.002183175352314, -7.805605773027406 ], [ 112.002418329526975, -7.805607572741735 ], [ 112.002446133425906, -7.805607785412338 ], [ 112.002441323165314, -7.805675097225468 ], [ 112.002438304104928, -7.805717330388157 ], [ 112.002433268218823, -7.80578776663565 ], [ 112.002426759690877, -7.805878815609609 ], [ 112.002421127036911, -7.805957610200384 ], [ 112.002420557432444, -7.805965569626062 ], [ 112.002246408560822, -7.8059610866496 ], [ 112.002246250204763, -7.805894620492987 ], [ 112.002190828672397, -7.805892838042574 ], [ 112.002191332995935, -7.805701398941577 ], [ 112.002175016342633, -7.805701437601988 ], [ 112.002175747799001, -7.805605716462633 ], [ 112.002183175352314, -7.805605773027406 ] ] ], [ [ [ 112.003435180407266, -7.804740781387043 ], [ 112.003294997450752, -7.804736570937388 ], [ 112.003278553374358, -7.804716622953053 ], [ 112.003277107980153, -7.804715178389625 ], [ 112.003276320281969, -7.804714579716675 ], [ 112.003223684475657, -7.804678019987749 ], [ 112.003215188941908, -7.804659077868356 ], [ 112.00326348292937, -7.804286553679019 ], [ 112.003264064430255, -7.804282068139003 ], [ 112.003268549673166, -7.804282739441893 ], [ 112.003463670405225, -7.804311924760757 ], [ 112.003435180407266, -7.804740781387043 ] ] ], [ [ [ 112.002594516626914, -7.804331346930869 ], [ 112.002595140410378, -7.804321767543274 ], [ 112.002598899361203, -7.804305364039744 ], [ 112.002600012574234, -7.804300230572477 ], [ 112.002623632754577, -7.804195712977033 ], [ 112.002623761330739, -7.804195247795505 ], [ 112.002628462079997, -7.804174467333991 ], [ 112.002629460920815, -7.804170051350416 ], [ 112.002889416865784, -7.804216068468546 ], [ 112.002881547023335, -7.804357273997167 ], [ 112.002594516626914, -7.804331346930869 ] ] ], [ [ [ 112.002110372109797, -7.803960910911872 ], [ 112.002591728656512, -7.804049238434897 ], [ 112.002569744468033, -7.804146514002121 ], [ 112.002568443197305, -7.804152269258144 ], [ 112.002541932003325, -7.804269410496139 ], [ 112.002541791745358, -7.804269920926827 ], [ 112.002535845353847, -7.804296207793982 ], [ 112.002534846509718, -7.804300622873049 ], [ 112.002056539806262, -7.804215458122852 ], [ 112.002110372109797, -7.803960910911872 ] ] ], [ [ [ 112.001275124247755, -7.804061076164352 ], [ 112.001214672425419, -7.804048992245822 ], [ 112.001213826907204, -7.804048865817754 ], [ 112.001098558847758, -7.804036213386761 ], [ 112.001100849589292, -7.80402094480556 ], [ 112.001130888993131, -7.803820717033825 ], [ 112.001132804786991, -7.8038079473755 ], [ 112.001134092100159, -7.803799366715208 ], [ 112.001171364446506, -7.803806724686553 ], [ 112.001307869745872, -7.803828849585452 ], [ 112.001306464102839, -7.803837246022161 ], [ 112.001275124247755, -7.804061076164352 ] ] ], [ [ [ 112.003413420304724, -7.803768665497032 ], [ 112.003365676531558, -7.803929568186794 ], [ 112.003221525517048, -7.803818556687134 ], [ 112.003042791311287, -7.803791567220855 ], [ 112.003042471269964, -7.803799593886833 ], [ 112.003013169776693, -7.803798430617956 ], [ 112.003016217284298, -7.803787554863788 ], [ 112.003063888232504, -7.803617352122036 ], [ 112.003195146442422, -7.803288820745532 ], [ 112.003415806390947, -7.803475855345155 ], [ 112.003546892986378, -7.803586966513976 ], [ 112.004215596805523, -7.804178358865164 ], [ 112.004230710124361, -7.804192451077559 ], [ 112.004163065941341, -7.804302049382038 ], [ 112.004069110444732, -7.804256675591644 ], [ 112.004081067576422, -7.804225449831907 ], [ 112.003842611128235, -7.804130022317818 ], [ 112.003794747275052, -7.804240529620088 ], [ 112.003693584501619, -7.804199970837823 ], [ 112.003734292590508, -7.804115879908093 ], [ 112.00349338452375, -7.804001259673709 ], [ 112.003550741516861, -7.803835535269957 ], [ 112.003413420304724, -7.803768665497032 ] ] ], [ [ [ 112.002740764259912, -7.803976891718081 ], [ 112.002660291290567, -7.803961829241953 ], [ 112.002722007616896, -7.803688996551045 ], [ 112.002722086648575, -7.803688671673514 ], [ 112.002722169307745, -7.8036883467874 ], [ 112.002869632064346, -7.803144833963017 ], [ 112.002879692416627, -7.803131259049343 ], [ 112.00289192385209, -7.803119589144622 ], [ 112.002905967150582, -7.803110165165638 ], [ 112.002921413963278, -7.803103262122297 ], [ 112.002937813143646, -7.803099081867152 ], [ 112.002954687051755, -7.803097744917007 ], [ 112.002971542439056, -7.803099291331421 ], [ 112.003115747985063, -7.803221522277403 ], [ 112.003067705341181, -7.803358659054379 ], [ 112.003050148909225, -7.803352541511592 ], [ 112.003018354060345, -7.803443300416455 ], [ 112.003032203703285, -7.803448126178294 ], [ 112.002989348475822, -7.803570459613249 ], [ 112.002933235304909, -7.803779088962361 ], [ 112.002932486013279, -7.803788895658957 ], [ 112.002926564317377, -7.803866624611509 ], [ 112.002907630274919, -7.804008124080743 ], [ 112.002906001496584, -7.804020294327686 ], [ 112.00273794954154, -7.803997928185542 ], [ 112.002740764259912, -7.803976891718081 ] ] ], [ [ [ 112.00283196451845, -7.803094917332076 ], [ 112.002838914159241, -7.803106416057584 ], [ 112.00267954409378, -7.803663679101048 ], [ 112.002678355627893, -7.803668058452396 ], [ 112.002463816278095, -7.803627910924769 ], [ 112.002364299749701, -7.803612481988939 ], [ 112.002510347793063, -7.803035665154227 ], [ 112.002651088329714, -7.803052220078945 ], [ 112.002653217084728, -7.803052346176723 ], [ 112.002763061596895, -7.803058483797625 ], [ 112.002776454957797, -7.803059840354946 ], [ 112.002789479542756, -7.803063236370077 ], [ 112.002801824098853, -7.803068591182146 ], [ 112.002813195398645, -7.80307577705713 ], [ 112.002823322783101, -7.803084622794931 ], [ 112.00283196451845, -7.803094917332076 ] ] ], [ [ [ 112.001919411308407, -7.803152378784306 ], [ 112.001919500154798, -7.803151986051392 ], [ 112.001957467623484, -7.802970632130177 ], [ 112.002176971233126, -7.802996451987024 ], [ 112.002164697115163, -7.803051518322484 ], [ 112.002156937450081, -7.803085254747112 ], [ 112.002134977011607, -7.803180732239674 ], [ 112.002126698534511, -7.803216723731905 ], [ 112.002116180590818, -7.803261699706849 ], [ 112.001901039938218, -7.803226771844658 ], [ 112.001919411308407, -7.803152378784306 ] ] ], [ [ [ 112.001083613945809, -7.803137200998524 ], [ 112.001115232817241, -7.802866311797603 ], [ 112.001116577521955, -7.802854789795046 ], [ 112.00132330697231, -7.802883384373462 ], [ 112.001297706937848, -7.80316253848145 ], [ 112.001083613945809, -7.803137200998524 ] ] ], [ [ [ 112.002795518563957, -7.802745485995258 ], [ 112.002801362560717, -7.802763012652674 ], [ 112.00280645669811, -7.802777169373578 ], [ 112.002813223853934, -7.802794675754214 ], [ 112.002822539461164, -7.802817937311175 ], [ 112.002836757363852, -7.802852865243645 ], [ 112.002838991584866, -7.80287403535801 ], [ 112.002837611143107, -7.802895277349472 ], [ 112.002832656303923, -7.802915982441617 ], [ 112.002824268939705, -7.802935556992266 ], [ 112.002812689850089, -7.802953439684245 ], [ 112.002798251541577, -7.802969116013256 ], [ 112.002781366487866, -7.80298213911768 ], [ 112.002762520787982, -7.802992132506932 ], [ 112.002744911073307, -7.802995996360195 ], [ 112.002733146147605, -7.802998307926623 ], [ 112.002727244747831, -7.802999318593623 ], [ 112.002714917040066, -7.803001033665291 ], [ 112.002696345133785, -7.803002999590277 ], [ 112.002677736852675, -7.803004543232031 ], [ 112.002665324329996, -7.803005297999032 ], [ 112.002659118200995, -7.803005540622072 ], [ 112.002652909943606, -7.803005651203348 ], [ 112.002646636910001, -7.80300559914069 ], [ 112.002634087260205, -7.80300513325174 ], [ 112.002615263003761, -7.803003955069396 ], [ 112.00259087709108, -7.803002123500199 ], [ 112.002442696098271, -7.802982352844875 ], [ 112.002481043929194, -7.802719785645801 ], [ 112.00248838957053, -7.802669487378977 ], [ 112.002772655517347, -7.802675228013142 ], [ 112.002776658094945, -7.80268685853641 ], [ 112.002782386991854, -7.802704417122127 ], [ 112.002795518563957, -7.802745485995258 ] ] ], [ [ [ 112.001592925371455, -7.802621332522034 ], [ 112.001706592033969, -7.802646028427255 ], [ 112.001890679539258, -7.802685411015162 ], [ 112.001851622315854, -7.802903477416163 ], [ 112.001547296343716, -7.802862867242686 ], [ 112.001551064141154, -7.802842925593114 ], [ 112.001554580265477, -7.802824312242385 ], [ 112.001592925371455, -7.802621332522034 ] ] ], [ [ [ 112.00316306388288, -7.802634570119223 ], [ 112.003198619399484, -7.802485560654041 ], [ 112.003199290191105, -7.802482390847179 ], [ 112.00336084250246, -7.802516416821257 ], [ 112.003369612184315, -7.802517234432385 ], [ 112.003354421579587, -7.802681800640292 ], [ 112.003346132753691, -7.802771603006202 ], [ 112.003303472674062, -7.803287643174291 ], [ 112.003283024528173, -7.803269494542524 ], [ 112.003218903701921, -7.803212586130559 ], [ 112.003217467720987, -7.803211283539256 ], [ 112.003205218255559, -7.803199790152322 ], [ 112.003193503204216, -7.803188025073428 ], [ 112.003187422476415, -7.80318190655474 ], [ 112.003116769924333, -7.803110381750129 ], [ 112.003108792712808, -7.803102279790194 ], [ 112.003103558203051, -7.803096961492701 ], [ 112.003090598943189, -7.803083306389008 ], [ 112.003082206628363, -7.803074167127473 ], [ 112.0030748362244, -7.803065727280361 ], [ 112.003069965653125, -7.803060144930562 ], [ 112.003034455130773, -7.803019176153647 ], [ 112.003004927449936, -7.802985110267432 ], [ 112.002877258647743, -7.802723436726356 ], [ 112.002839004519657, -7.802645030140027 ], [ 112.002834913796306, -7.802634467053269 ], [ 112.002830013198846, -7.802623130789703 ], [ 112.002822182118564, -7.802606320627917 ], [ 112.002749165592505, -7.802456050847315 ], [ 112.002738577969254, -7.802433686782077 ], [ 112.002730911965358, -7.802416502696948 ], [ 112.002718592512778, -7.802387418300559 ], [ 112.002697130287885, -7.802336046002663 ], [ 112.002655371494967, -7.802236090613596 ], [ 112.0026372566318, -7.802192731765566 ], [ 112.002888107453245, -7.8021699923621 ], [ 112.003020298171535, -7.802163946774301 ], [ 112.00306519386514, -7.802161893118143 ], [ 112.003066888387423, -7.802226396634091 ], [ 112.00298817509028, -7.802228451763706 ], [ 112.002990023284227, -7.802298839135647 ], [ 112.003096293188051, -7.802296063874072 ], [ 112.003100668873941, -7.802462712729979 ], [ 112.002999675745812, -7.802465350678804 ], [ 112.003012120022845, -7.802509129939531 ], [ 112.003112853871386, -7.802480652145399 ], [ 112.003132036573263, -7.802548138612645 ], [ 112.00305240977039, -7.802570649601139 ], [ 112.003080324928519, -7.802615345452917 ], [ 112.003116271284327, -7.802681662547489 ], [ 112.003149328295294, -7.802661983381948 ], [ 112.00316306388288, -7.802634570119223 ] ] ], [ [ [ 112.003446505558557, -7.802029512168801 ], [ 112.003453854643936, -7.801949897715207 ], [ 112.003486154789798, -7.801953610680754 ], [ 112.003487093610659, -7.801953694375278 ], [ 112.003519934437776, -7.801957482932496 ], [ 112.003547058532249, -7.801960612148887 ], [ 112.003587838521895, -7.801965299868766 ], [ 112.003564183998023, -7.802253058580925 ], [ 112.00342640409157, -7.802247278613474 ], [ 112.003446505558557, -7.802029512168801 ] ] ], [ [ [ 112.002498444987935, -7.801845935099638 ], [ 112.002501082756496, -7.801843885744048 ], [ 112.002504881573387, -7.80184269917719 ], [ 112.002509531384064, -7.801842036067931 ], [ 112.002510737717913, -7.80184211279994 ], [ 112.002831767705331, -7.801876261327504 ], [ 112.002829341344921, -7.80201195051289 ], [ 112.002558401708981, -7.802003988664484 ], [ 112.002550514939387, -7.801985109291222 ], [ 112.002533233750256, -7.801944129823829 ], [ 112.002510424305868, -7.801891002490097 ], [ 112.002505524720888, -7.801879321630116 ], [ 112.002503236643165, -7.801873602914974 ], [ 112.002501142070344, -7.801868026641301 ], [ 112.002499335491962, -7.801862665844073 ], [ 112.002497950451342, -7.801857617885291 ], [ 112.00249716592387, -7.801853017101045 ], [ 112.002497224476144, -7.801849043802616 ], [ 112.002498444987935, -7.801845935099638 ] ] ], [ [ [ 112.003609376681439, -7.801935529238047 ], [ 112.00360363183789, -7.801934870871657 ], [ 112.003565707943295, -7.801930700044262 ], [ 112.00354949074466, -7.801929026418729 ], [ 112.003525894527485, -7.801926323866661 ], [ 112.00348998857983, -7.801922210652471 ], [ 112.003489068693469, -7.801922080787154 ], [ 112.003456826607334, -7.801918374919288 ], [ 112.003484018616575, -7.80162400819196 ], [ 112.003494330315561, -7.801512375336796 ], [ 112.003536837946285, -7.8015174768169 ], [ 112.003671613417893, -7.801533651275432 ], [ 112.00367088682124, -7.801551067786911 ], [ 112.003682827071927, -7.801551563133016 ], [ 112.003745982969974, -7.80155418270426 ], [ 112.00374555977379, -7.801542526517626 ], [ 112.003748695753075, -7.801542902557638 ], [ 112.003825046289037, -7.801562822401147 ], [ 112.003875054850965, -7.801403331566015 ], [ 112.004040739791577, -7.801454626645826 ], [ 112.003953377238787, -7.801744660997729 ], [ 112.004127921061155, -7.801790393569486 ], [ 112.004093756268134, -7.80199114759476 ], [ 112.004046554704942, -7.80198571996264 ], [ 112.00397932372907, -7.801977989234194 ], [ 112.003895869653746, -7.801968392253401 ], [ 112.003886317584289, -7.801967294325982 ], [ 112.003876139594027, -7.801966123720005 ], [ 112.003828080794634, -7.801960596800364 ], [ 112.003817458312668, -7.801959375694841 ], [ 112.003756668014404, -7.801952409269846 ], [ 112.003741714910817, -7.801950695571828 ], [ 112.003705789906135, -7.801946577899549 ], [ 112.003609855645308, -7.801935584176729 ], [ 112.003609376681439, -7.801935529238047 ] ] ], [ [ [ 112.002484702768086, -7.801804704857753 ], [ 112.00248004012559, -7.801801884133797 ], [ 112.002475982151353, -7.801798209100183 ], [ 112.002472440365864, -7.80179384547712 ], [ 112.002469271028275, -7.80178898353538 ], [ 112.002466367465559, -7.801783765523115 ], [ 112.002463651033722, -7.801778298349388 ], [ 112.002458558076128, -7.801766910077348 ], [ 112.002453692925499, -7.80175521647273 ], [ 112.002439351503895, -7.801719797704284 ], [ 112.00242730073019, -7.801690415099616 ], [ 112.002390798571298, -7.801602734796409 ], [ 112.00234598268716, -7.80149547518625 ], [ 112.002301386643239, -7.801388743234256 ], [ 112.002265185377283, -7.801302100485252 ], [ 112.002593180531065, -7.801282497870936 ], [ 112.002714474694912, -7.80128020085949 ], [ 112.002715594308938, -7.801339047636716 ], [ 112.002640121769119, -7.80134047637274 ], [ 112.002640321504742, -7.801408717832965 ], [ 112.002657428499077, -7.801489648179036 ], [ 112.00272560115279, -7.801470905147498 ], [ 112.002740995705594, -7.801526596913415 ], [ 112.002777369533831, -7.801526127247105 ], [ 112.002772414442731, -7.801653308127656 ], [ 112.002806022927146, -7.801655767222369 ], [ 112.002795395663625, -7.801800224391215 ], [ 112.002792064721419, -7.801840203552015 ], [ 112.002496823906682, -7.801808798533902 ], [ 112.002495409592612, -7.801808593865538 ], [ 112.002489876175275, -7.801806844240485 ], [ 112.002484702768086, -7.801804704857753 ] ] ], [ [ [ 112.001896581500944, -7.801741003143679 ], [ 112.001896974452563, -7.801382987262443 ], [ 112.001897270665566, -7.801114999461303 ], [ 112.001943036751896, -7.801114038237071 ], [ 112.002002379004367, -7.80110896498206 ], [ 112.001999403366611, -7.801071940145988 ], [ 112.002019308242936, -7.801062708533827 ], [ 112.002083170355846, -7.801057629089294 ], [ 112.002251203395048, -7.801457231550351 ], [ 112.002392138323927, -7.801792492740744 ], [ 112.001896581500944, -7.801741003143679 ] ] ], [ [ [ 112.003901343800393, -7.801329325774314 ], [ 112.003915710287657, -7.801225019130117 ], [ 112.003924660425923, -7.801149795502586 ], [ 112.004049580308745, -7.801177960641461 ], [ 112.004039781013404, -7.801242015676884 ], [ 112.004032009445865, -7.801298445180122 ], [ 112.004101552602975, -7.801307972051121 ], [ 112.004094958627263, -7.801355848285875 ], [ 112.004025415464284, -7.801346322319205 ], [ 112.003901343800393, -7.801329325774314 ] ] ], [ [ [ 112.002153183293743, -7.801034042193782 ], [ 112.002093200646627, -7.800890482982561 ], [ 112.00207103981387, -7.800837764683956 ], [ 112.002045796428064, -7.80077853635999 ], [ 112.002040974710425, -7.800766791091946 ], [ 112.002039001061561, -7.800761720104239 ], [ 112.002037175512967, -7.800756766341781 ], [ 112.002035551697134, -7.800751983038936 ], [ 112.002034205965842, -7.800747443273769 ], [ 112.002034098755075, -7.800746978650638 ], [ 112.002226662442183, -7.80078539961586 ], [ 112.002482830360478, -7.80083651093135 ], [ 112.002560242003483, -7.800851955204391 ], [ 112.002541922440699, -7.801014285854003 ], [ 112.002670385322176, -7.801028705641403 ], [ 112.002687467675031, -7.800877341420359 ], [ 112.002740558895894, -7.800887934032268 ], [ 112.002975645538825, -7.800937114279792 ], [ 112.002988476528131, -7.800939977142483 ], [ 112.002938963876204, -7.801169189215437 ], [ 112.002927368356168, -7.801196143373357 ], [ 112.002912015395609, -7.801216145945065 ], [ 112.002696350293803, -7.801192082709806 ], [ 112.002586466251557, -7.801197699072378 ], [ 112.002233580085118, -7.801226458279803 ], [ 112.002188014566542, -7.801117405123107 ], [ 112.002153183293743, -7.801034042193782 ] ] ], [ [ [ 112.001876299254178, -7.801086493542031 ], [ 112.001738379376235, -7.80109492099528 ], [ 112.001734976450066, -7.800972843669087 ], [ 112.001671390997615, -7.80097299416631 ], [ 112.001687622302242, -7.800655908729138 ], [ 112.00193686444787, -7.800695276482835 ], [ 112.001955489153573, -7.800752490039939 ], [ 112.001978279170984, -7.800808185145229 ], [ 112.002053131338229, -7.800986194180055 ], [ 112.001869286853179, -7.80107146042872 ], [ 112.001876299254178, -7.801086493542031 ] ] ], [ [ [ 112.003658948941748, -7.800268258813317 ], [ 112.00371961222487, -7.800273404968172 ], [ 112.003774701621808, -7.800278077749885 ], [ 112.003828532924928, -7.800282643167652 ], [ 112.003881590507234, -7.800287143485716 ], [ 112.003909854505238, -7.800289541018476 ], [ 112.003879964927506, -7.800523113875661 ], [ 112.003782363172377, -7.801084835940427 ], [ 112.003694545554652, -7.801065044569092 ], [ 112.003651392534209, -7.801055488505973 ], [ 112.00363079135596, -7.801051083950173 ], [ 112.00357128178571, -7.801037685759761 ], [ 112.003570552217468, -7.801037502081731 ], [ 112.003538857913512, -7.801030355367418 ], [ 112.003609228372923, -7.80026858020759 ], [ 112.003609643869339, -7.80026407697244 ], [ 112.003617409212779, -7.800264735977297 ], [ 112.003629667225297, -7.800265775947 ], [ 112.003658948941748, -7.800268258813317 ] ] ], [ [ [ 112.002450807450444, -7.800402697451191 ], [ 112.002445151374147, -7.800445781602346 ], [ 112.002394045808032, -7.800786514515828 ], [ 112.002021429332032, -7.800712169102625 ], [ 112.002001156247317, -7.800640617002457 ], [ 112.001987943884544, -7.800567441012813 ], [ 112.001981915403846, -7.800493330923184 ], [ 112.001983129602877, -7.800418987528323 ], [ 112.001991573638335, -7.800345112696644 ], [ 112.001994050181608, -7.800329813828521 ], [ 112.002072692716212, -7.800342362019826 ], [ 112.002304066087575, -7.800379281985895 ], [ 112.00234138466864, -7.800385237010358 ], [ 112.002450807450444, -7.800402697451191 ] ] ], [ [ [ 112.003650555536254, -7.799476145007887 ], [ 112.003650229313976, -7.799479674865247 ], [ 112.003590074215211, -7.800130865638686 ], [ 112.003335105406691, -7.800099088816753 ], [ 112.003306678172805, -7.800095545718265 ], [ 112.003419685954086, -7.799444929676953 ], [ 112.00365064570849, -7.799475168010219 ], [ 112.003650555536254, -7.799476145007887 ] ] ], [ [ [ 112.002386980841749, -7.799985784377355 ], [ 112.002055043226875, -7.799940475158623 ], [ 112.002096492837509, -7.79966573784606 ], [ 112.002158799893166, -7.799279854602509 ], [ 112.002560953846242, -7.799332505182692 ], [ 112.002535633243568, -7.799548173979496 ], [ 112.002456913166967, -7.79954070350964 ], [ 112.002389332697845, -7.799970304918059 ], [ 112.002386980841749, -7.799985784377355 ] ] ], [ [ [ 112.004413408691249, -7.804273082236646 ], [ 112.004394508905108, -7.804256241417423 ], [ 112.004299880921664, -7.804172292661029 ], [ 112.004266520294593, -7.804142674924896 ], [ 112.004366898781271, -7.803935199359503 ], [ 112.004393136005135, -7.803943619711569 ], [ 112.004407110743614, -7.803885723872815 ], [ 112.004531278152982, -7.803915532990129 ], [ 112.00458070084602, -7.803927397513923 ], [ 112.004584970429505, -7.80392852514743 ], [ 112.004611029861721, -7.803935407473824 ], [ 112.004609343716609, -7.803963032741122 ], [ 112.004607942912955, -7.803974187677723 ], [ 112.004568385344783, -7.804289392833621 ], [ 112.004542008497864, -7.804377100974144 ], [ 112.004520273145147, -7.804403298725394 ], [ 112.00451335751093, -7.804394297084501 ], [ 112.004499815538196, -7.804376672975536 ], [ 112.004436951723562, -7.804294858353118 ], [ 112.00443589115342, -7.804293542213593 ], [ 112.004432278357555, -7.804289841727721 ], [ 112.004413791314676, -7.804273427724553 ], [ 112.004413408691249, -7.804273082236646 ] ] ], [ [ [ 112.004678789007343, -7.802917199512493 ], [ 112.004654166718765, -7.803248263644257 ], [ 112.004411387366844, -7.803239346261288 ], [ 112.004414521150366, -7.802943567881209 ], [ 112.004498031008623, -7.802947198082223 ], [ 112.004500823523145, -7.802910818026475 ], [ 112.004678789007343, -7.802917199512493 ] ] ], [ [ [ 112.005175694981077, -7.801137745541698 ], [ 112.005174788172368, -7.801103595551233 ], [ 112.005229971858455, -7.801102138588289 ], [ 112.005259806574415, -7.801103377336316 ], [ 112.005287873927998, -7.801272892911245 ], [ 112.005287987803769, -7.801273488659444 ], [ 112.005291555720177, -7.801290303467701 ], [ 112.005234982245895, -7.801290822232236 ], [ 112.005179798537426, -7.801292280103371 ], [ 112.005179056157317, -7.801264325965841 ], [ 112.005048496459622, -7.801267736427503 ], [ 112.005044588541907, -7.801138525407278 ], [ 112.005071941772087, -7.80114117011748 ], [ 112.005073164237118, -7.801141167214294 ], [ 112.005169118671489, -7.801140939324668 ], [ 112.005175694981077, -7.801137745541698 ] ] ] ] } },
{ "type": "Feature", "properties": { "OBJECTID": 2, "Name": "Halte Ahmad Dahlan", "REMARK": "Halte", "type": "lines", "start": "610536.0432, 9137432.3223", "NAMZON": "AREA PUBLIK", "LUAS": 22149.772 }, "geometry": { "type": "MultiPolygon", "coordinates": [ [ [ [ 111.998877064244056, -7.800944010221234 ], [ 111.998997911668781, -7.800958909640069 ], [ 111.998924362075186, -7.801194959324195 ], [ 111.998848857288152, -7.801171559753621 ], [ 111.998877064244056, -7.800944010221234 ] ] ], [ [ [ 111.999600523796573, -7.800212053809546 ], [ 111.999728234433334, -7.800238172468265 ], [ 111.999727089477133, -7.800242554425178 ], [ 111.999695402896123, -7.8003638817445 ], [ 111.999573008271227, -7.800334830249921 ], [ 111.999600523796573, -7.800212053809546 ] ] ], [ [ [ 112.001095621549496, -7.799520402088395 ], [ 112.001114543978204, -7.799413588909742 ], [ 112.001216944822545, -7.799438169882726 ], [ 112.001188856860495, -7.79955465532756 ], [ 112.001150118639188, -7.799547829649712 ], [ 112.001120072090927, -7.799728463889099 ], [ 112.001031656061741, -7.799707259136641 ], [ 112.001071667381254, -7.799541324576462 ], [ 112.001060551811577, -7.799538658375239 ], [ 112.001066130521366, -7.799515522992369 ], [ 112.001095621549496, -7.799520402088395 ] ] ], [ [ [ 112.003025674188294, -7.799838108473115 ], [ 112.002505097835382, -7.799767962504086 ], [ 112.002503623459489, -7.799777341043882 ], [ 112.002503622461489, -7.799777340865348 ], [ 112.00248089256101, -7.799921929091256 ], [ 112.002420575769989, -7.80030561285256 ], [ 112.002495605989097, -7.80031860111336 ], [ 112.002487917840739, -7.800362774217546 ], [ 112.002487917840952, -7.800362774307996 ], [ 112.00311756639843, -7.800492312102346 ], [ 112.003143179011843, -7.800211805868708 ], [ 112.003181490378907, -7.799762568724968 ], [ 112.003183980709906, -7.799762779976472 ], [ 112.003184206320014, -7.799760297506033 ], [ 112.003184403880198, -7.799760315397738 ], [ 112.003188297864853, -7.799717668824743 ], [ 112.003215640378698, -7.799418216365713 ], [ 112.003419685954086, -7.799444929676953 ], [ 112.003306678172805, -7.800095545718265 ], [ 112.003335105406691, -7.800099088816753 ], [ 112.003590074215211, -7.800130865638686 ], [ 112.003587269967923, -7.800161221323584 ], [ 112.003579901324343, -7.800240995004922 ], [ 112.003579066761588, -7.80025002590327 ], [ 112.003507630075291, -7.80102334682669 ], [ 112.002982368877682, -7.800906176802303 ], [ 112.00275642633089, -7.800858910370817 ], [ 112.002746930208716, -7.80085692322716 ], [ 112.002394045808032, -7.800786514515828 ], [ 112.002445151374147, -7.800445781602346 ], [ 112.002450807450444, -7.800402697451191 ], [ 112.00234138466864, -7.800385237010358 ], [ 112.002304066087575, -7.800379281985895 ], [ 112.002072692716212, -7.800342362019826 ], [ 112.001994050181608, -7.800329813828521 ], [ 112.002027044421851, -7.800126071670953 ], [ 112.002055043226875, -7.799940475158623 ], [ 112.002386980841749, -7.799985784377355 ], [ 112.002389332697845, -7.799970304918059 ], [ 112.002456913166967, -7.79954070350964 ], [ 112.002535633243568, -7.799548173979496 ], [ 112.002560953846242, -7.799332505182692 ], [ 112.003084878683396, -7.799401097205155 ], [ 112.003025674188294, -7.799838108473115 ] ] ], [ [ [ 112.004542237112531, -7.800318032026721 ], [ 112.004478328503026, -7.80031506740958 ], [ 112.004408203673236, -7.800309118978716 ], [ 112.004416088802373, -7.800207564515985 ], [ 112.004550468625879, -7.800212031846152 ], [ 112.0045506218936, -7.800219708691879 ], [ 112.004542237112531, -7.800318032026721 ] ] ], [ [ [ 112.005222198752563, -7.803502299601761 ], [ 112.00523800363311, -7.80394292516157 ], [ 112.004641070280542, -7.803964220889241 ], [ 112.004641347843119, -7.80395968632733 ], [ 112.004658156415701, -7.803684464829825 ], [ 112.005154980980606, -7.803660945365377 ], [ 112.005152258832794, -7.803504794709423 ], [ 112.005222198752563, -7.803502299601761 ] ] ], [ [ [ 112.002239906439129, -7.802527634840955 ], [ 112.002156890932866, -7.802356505876612 ], [ 112.002396509104443, -7.802414896453759 ], [ 112.002438250419445, -7.802410440027751 ], [ 112.002447559116163, -7.802486020158083 ], [ 112.002397854240584, -7.802475914235409 ], [ 112.002390160112398, -7.802513549502761 ], [ 112.002378998188718, -7.802588169689345 ], [ 112.002376856404439, -7.802603894655855 ], [ 112.002127045040197, -7.802513170693352 ], [ 112.002239906439129, -7.802527634840955 ] ] ], [ [ [ 112.001496887011044, -7.799982576726535 ], [ 112.001513779907754, -7.799982968596896 ], [ 112.001494865719067, -7.800069245279261 ], [ 112.001496887011044, -7.799982576726535 ] ] ], [ [ [ 112.001338445513937, -7.800108832150668 ], [ 112.001337541995866, -7.800113180165184 ], [ 112.001448007849902, -7.800137148228218 ], [ 112.001443876560884, -7.800093988380162 ], [ 112.001490412624278, -7.800089557975779 ], [ 112.001476782565149, -7.800151731189569 ], [ 112.001216445463669, -7.800094969134411 ], [ 112.001218364361335, -7.800084012922047 ], [ 112.001338445513937, -7.800108832150668 ] ] ], [ [ [ 112.003115747985063, -7.803221522277403 ], [ 112.003117397310646, -7.803222920232801 ], [ 112.003195146442422, -7.803288820745532 ], [ 112.003063888232504, -7.803617352122036 ], [ 112.003016217284298, -7.803787554863788 ], [ 112.003013169776693, -7.803798430617956 ], [ 112.003012412656048, -7.80380114751024 ], [ 112.002932486013279, -7.803788895658957 ], [ 112.002933235304909, -7.803779088962361 ], [ 112.002989348475822, -7.803570459613249 ], [ 112.003032203703285, -7.803448126178294 ], [ 112.003018354060345, -7.803443300416455 ], [ 112.003050148909225, -7.803352541511592 ], [ 112.003067705341181, -7.803358659054379 ], [ 112.003115747985063, -7.803221522277403 ] ] ], [ [ [ 112.005059064423946, -7.802360783445938 ], [ 112.005138252184764, -7.802362988471402 ], [ 112.005132519859728, -7.802474275793942 ], [ 112.004744983764354, -7.802455132315061 ], [ 112.004771297502643, -7.802101341288055 ], [ 112.004771633156992, -7.802096828294342 ], [ 112.005076692614679, -7.802131893905146 ], [ 112.005059064423946, -7.802360783445938 ] ] ], [ [ [ 112.003742413007615, -7.801455864321722 ], [ 112.00374555977379, -7.801542526517626 ], [ 112.003745982969974, -7.80155418270426 ], [ 112.003682827071927, -7.801551563133016 ], [ 112.00367088682124, -7.801551067786911 ], [ 112.003671613417893, -7.801533651275432 ], [ 112.003536837946285, -7.8015174768169 ], [ 112.003494330315561, -7.801512375336796 ], [ 112.003520917617692, -7.801224558111308 ], [ 112.00352146482561, -7.801218622852073 ], [ 112.003654711073636, -7.801230179320013 ], [ 112.00365447802497, -7.80123284974834 ], [ 112.003653980170839, -7.801238564209708 ], [ 112.003760555946386, -7.801247807051896 ], [ 112.003742413007615, -7.801455864321722 ] ] ], [ [ [ 112.001943036751896, -7.801114038237071 ], [ 112.001897270665566, -7.801114999461303 ], [ 112.001897273663673, -7.801112448961891 ], [ 112.001889343436858, -7.80110653377084 ], [ 112.001884358113685, -7.801103778921637 ], [ 112.001876299254178, -7.801086493542031 ], [ 112.001869286853179, -7.80107146042872 ], [ 112.002053131338229, -7.800986194180055 ], [ 112.00207453514183, -7.801037094558123 ], [ 112.002083170355846, -7.801057629089294 ], [ 112.002019308242936, -7.801062708533827 ], [ 112.001999403366611, -7.801071940145988 ], [ 112.002002379004367, -7.80110896498206 ], [ 112.001943036751896, -7.801114038237071 ] ] ], [ [ [ 112.002670385322176, -7.801028705641403 ], [ 112.002541922440699, -7.801014285854003 ], [ 112.002560242003483, -7.800851955204391 ], [ 112.002687467675031, -7.800877341420359 ], [ 112.002670385322176, -7.801028705641403 ] ] ] ] } },
{ "type": "Feature", "properties": { "OBJECTID": 3, "Name": "Halte Semampir", "REMARK": "Halte", "type": "lines", "start": "611352.2178, 9138432.1202", "NAMZON": "AREA PERUMAHAN", "LUAS": 42374.761 }, "geometry": { "type": "MultiPolygon", "coordinates": [ [ [ [ 112.011318294867152, -7.796173839801253 ], [ 112.010760300996608, -7.796083337002075 ], [ 112.010817778292008, -7.795732227542838 ], [ 112.010865900154258, -7.795741663438215 ], [ 112.011372568960368, -7.795841009032766 ], [ 112.011318294867152, -7.796173839801253 ] ] ], [ [ [ 112.009733963433334, -7.797291446738654 ], [ 112.009340768304199, -7.797222061786535 ], [ 112.009401149446347, -7.796836403025075 ], [ 112.009808622990136, -7.796870634515655 ], [ 112.009733963433334, -7.797291446738654 ] ] ], [ [ [ 112.008955508426638, -7.796488278125942 ], [ 112.008952843656274, -7.796513422079106 ], [ 112.009023137422872, -7.796523165311456 ], [ 112.009016473226097, -7.796631961289751 ], [ 112.009145132178105, -7.796652713401258 ], [ 112.009133074972453, -7.796768742279347 ], [ 112.008938065583749, -7.796754668289174 ], [ 112.0089268923779, -7.796898273790754 ], [ 112.008883845403773, -7.796892196314241 ], [ 112.008955508426638, -7.796488278125942 ] ] ], [ [ [ 112.008997159211958, -7.796253519310171 ], [ 112.008586782742412, -7.796193667512536 ], [ 112.008640668437266, -7.795708025314792 ], [ 112.008670614003151, -7.795483805907596 ], [ 112.008670709713385, -7.795482874118481 ], [ 112.008686841003197, -7.795263582377967 ], [ 112.008811393397011, -7.794429293388909 ], [ 112.008811873589607, -7.794426077906973 ], [ 112.0088120428628, -7.794424812208591 ], [ 112.008861194106885, -7.794429434346555 ], [ 112.008934319132891, -7.794436310188291 ], [ 112.009296762283427, -7.794470390184029 ], [ 112.009346230095801, -7.794475041356127 ], [ 112.009347424700309, -7.794475152467353 ], [ 112.009346212422358, -7.794486968996973 ], [ 112.009345142091973, -7.794486872060446 ], [ 112.009340460423047, -7.794537787147603 ], [ 112.009335786705293, -7.794588614486232 ], [ 112.009335063075213, -7.79459847538212 ], [ 112.009309124256248, -7.7945962815493 ], [ 112.009207524098457, -7.795454164855644 ], [ 112.009296713472025, -7.795468216953996 ], [ 112.009285379491061, -7.795566253224976 ], [ 112.00927832102181, -7.795606989210322 ], [ 112.009280623596993, -7.795607386193439 ], [ 112.009213129612021, -7.796191186279689 ], [ 112.009167056467945, -7.796189381403077 ], [ 112.009150088064686, -7.796317685126815 ], [ 112.008988533169884, -7.796302138801695 ], [ 112.008997159211958, -7.796253519310171 ] ], [ [ 112.009047484592216, -7.795969867040329 ], [ 112.009046667766029, -7.795969824217398 ], [ 112.009042741249516, -7.795996601843923 ], [ 112.009047484592216, -7.795969867040329 ] ], [ [ 112.009114695923884, -7.795591038818289 ], [ 112.009200608936652, -7.795079472578879 ], [ 112.009202286554057, -7.795069482970693 ], [ 112.009229362868382, -7.794908256404331 ], [ 112.009181115149133, -7.79490385347747 ], [ 112.009163451633313, -7.795018223247921 ], [ 112.009150147937106, -7.795111349369258 ], [ 112.009172079314126, -7.795114547989439 ], [ 112.009109508222565, -7.795541267833933 ], [ 112.009103570187364, -7.795653747899657 ], [ 112.009114695923884, -7.795591038818289 ] ] ], [ [ [ 112.008239496771481, -7.794819460384239 ], [ 112.007420090992412, -7.794747113694201 ], [ 112.007335833777347, -7.794739674395045 ], [ 112.007340367063463, -7.794702672286663 ], [ 112.007351056135761, -7.794615387583365 ], [ 112.007829274205832, -7.794671824982954 ], [ 112.00785630981548, -7.794341729239245 ], [ 112.008016167632476, -7.794355608965227 ], [ 112.00798903004646, -7.79469306156767 ], [ 112.008062305954795, -7.79469892242813 ], [ 112.008089403867288, -7.794361969167353 ], [ 112.00822349507952, -7.7943736110791 ], [ 112.00818645499831, -7.794724446557992 ], [ 112.008274889172014, -7.794733732546573 ], [ 112.008274045640277, -7.794742006457246 ], [ 112.008725740469728, -7.794788076986027 ], [ 112.008677933768581, -7.795108296968913 ], [ 112.008227701889325, -7.795042871489986 ], [ 112.008239496771481, -7.794819460384239 ] ] ], [ [ [ 112.008387524492591, -7.793924566759628 ], [ 112.008387646281065, -7.793923239311404 ], [ 112.008414629320029, -7.793925701777873 ], [ 112.008418754190572, -7.793898993682613 ], [ 112.008471541983553, -7.793907102742383 ], [ 112.008475453304229, -7.793853161820447 ], [ 112.00829531099599, -7.793809493614542 ], [ 112.008300766699378, -7.79378710796182 ], [ 112.008298381945679, -7.793786396426466 ], [ 112.008152193316505, -7.79374940404763 ], [ 112.00855344300507, -7.793792642896785 ], [ 112.008700534895965, -7.793808493685515 ], [ 112.008892284017605, -7.793829158153597 ], [ 112.008894499551573, -7.79379245207994 ], [ 112.008910710302729, -7.79379421870931 ], [ 112.009780920470746, -7.793889044717217 ], [ 112.009787449774421, -7.793899598298952 ], [ 112.009792921217823, -7.793911095007519 ], [ 112.009796760030383, -7.793923231420916 ], [ 112.009798893112858, -7.793935777988715 ], [ 112.009799279995519, -7.793948497847275 ], [ 112.009787205420878, -7.794022779272002 ], [ 112.009633212772485, -7.794007527775296 ], [ 112.009636824036704, -7.793971257026946 ], [ 112.008907713846412, -7.793899044565906 ], [ 112.008904218492418, -7.793967161910668 ], [ 112.008845267816966, -7.793949572664622 ], [ 112.008661938259394, -7.793936350662392 ], [ 112.008852433525789, -7.793965613632948 ], [ 112.008904064031299, -7.793970172043958 ], [ 112.008897905005341, -7.794090198954836 ], [ 112.009465689230908, -7.794149890602596 ], [ 112.009434941255876, -7.79446067112758 ], [ 112.009401929458406, -7.79445756802113 ], [ 112.009296814896942, -7.794447684389018 ], [ 112.008937093873953, -7.794413860190974 ], [ 112.008800528584288, -7.794401018798848 ], [ 112.008799225165703, -7.794400911562882 ], [ 112.008798710854009, -7.794400861235386 ], [ 112.008412286120219, -7.794367309102352 ], [ 112.008338367786976, -7.794360890888294 ], [ 112.007883166818857, -7.7943213672439 ], [ 112.007880231599898, -7.794321111943876 ], [ 112.007891864861634, -7.794200197435149 ], [ 112.007808038872142, -7.794192175631478 ], [ 112.007820011062179, -7.794067740279363 ], [ 112.007833163140774, -7.793949018108638 ], [ 112.007920495748337, -7.793955832297278 ], [ 112.007928555825586, -7.793884043826077 ], [ 112.008387524492591, -7.793924566759628 ] ] ], [ [ [ 112.006469103140958, -7.793660243390057 ], [ 112.006438506861784, -7.793399990686231 ], [ 112.006709964197086, -7.793315840185068 ], [ 112.006760678683563, -7.793304874656672 ], [ 112.00676072689636, -7.793309491651707 ], [ 112.006760904781828, -7.793326630156949 ], [ 112.006757761953637, -7.793421284303114 ], [ 112.006755650343337, -7.793484864343045 ], [ 112.006753593748371, -7.793546799095877 ], [ 112.006751125168464, -7.793621145401224 ], [ 112.006750921144601, -7.793627289240431 ], [ 112.006469103140958, -7.793660243390057 ] ] ], [ [ [ 112.009613732337456, -7.792675965199981 ], [ 112.009667333763744, -7.792384864288174 ], [ 112.009675037570616, -7.79234152836829 ], [ 112.010068832251889, -7.792405904872213 ], [ 112.010060009587363, -7.792455534689714 ], [ 112.01001847384974, -7.792681113055816 ], [ 112.010006739488446, -7.792744839899491 ], [ 112.009607784239975, -7.792708268416876 ], [ 112.009613732337456, -7.792675965199981 ] ] ], [ [ [ 112.009761793220719, -7.791853504842103 ], [ 112.00977561902657, -7.791854986748245 ], [ 112.009744691966063, -7.792082622719893 ], [ 112.009721587118236, -7.792079674916703 ], [ 112.009761793220719, -7.791853504842103 ] ] ], [ [ [ 112.009612443141094, -7.791836506603738 ], [ 112.009679097177241, -7.791861356117982 ], [ 112.009602940994597, -7.792064537578147 ], [ 112.009278326722537, -7.792023121835821 ], [ 112.009278385176515, -7.792047529502889 ], [ 112.009123981878645, -7.792023708341903 ], [ 112.009149996064721, -7.791887400585689 ], [ 112.009153291952543, -7.791870133529867 ], [ 112.00923437597244, -7.791445278745372 ], [ 112.009675450501931, -7.791505921357918 ], [ 112.009612443141094, -7.791836506603738 ] ] ], [ [ [ 112.009471551668241, -7.792575730228622 ], [ 112.009463476660613, -7.792695039915325 ], [ 112.009025983802772, -7.792654935164171 ], [ 112.009049090907325, -7.792316495503711 ], [ 112.009263264036122, -7.792346209552541 ], [ 112.009273173399734, -7.792275832279688 ], [ 112.009520988954947, -7.792316344804417 ], [ 112.009471551668241, -7.792575730228622 ] ] ], [ [ [ 112.007481365791165, -7.794286478811481 ], [ 112.007393639429068, -7.794278863248254 ], [ 112.007407023725662, -7.794122189790659 ], [ 112.007494764179384, -7.794129644333407 ], [ 112.007481365791165, -7.794286478811481 ] ] ], [ [ [ 112.009028208492978, -7.792289525440498 ], [ 112.009013981852121, -7.792497897105381 ], [ 112.008553244195497, -7.792449421519986 ], [ 112.008283148516071, -7.792420779000495 ], [ 112.008294454854209, -7.792332690598945 ], [ 112.007875881934467, -7.792283913112505 ], [ 112.007894864374535, -7.792132276668391 ], [ 112.007965529142538, -7.792141614106534 ], [ 112.008218048331699, -7.792174977288968 ], [ 112.008888790746269, -7.792265245241517 ], [ 112.009024015522471, -7.7922843657139 ], [ 112.009028516875375, -7.792285001659906 ], [ 112.009028208492978, -7.792289525440498 ] ] ] ] } },
{ "type": "Feature", "properties": { "OBJECTID": 3, "Name": "Halte Semampir", "REMARK": "Halte", "type": "lines", "start": "611352.2178, 9138432.1202", "NAMZON": "AREA KOMERSIAL", "LUAS": 59607.777 }, "geometry": { "type": "MultiPolygon", "coordinates": [ [ [ [ 112.008888791765301, -7.790635349457554 ], [ 112.008934652725586, -7.790191412177706 ], [ 112.008946323175238, -7.790192611341026 ], [ 112.008947830976638, -7.790181007642366 ], [ 112.009391601192888, -7.790238364762246 ], [ 112.009391602462912, -7.790238364940103 ], [ 112.009492133427784, -7.790248694721138 ], [ 112.009499583748067, -7.790210551974436 ], [ 112.009924661798792, -7.790293137484347 ], [ 112.00992466225243, -7.790293137573714 ], [ 112.009987438054168, -7.790299587852085 ], [ 112.010034106165307, -7.790304382969853 ], [ 112.010056025032881, -7.790194070227171 ], [ 112.010304332017981, -7.790220986834598 ], [ 112.010358052552149, -7.790226809899819 ], [ 112.010432450355921, -7.79023381187154 ], [ 112.010453810481636, -7.790240285486525 ], [ 112.010393380091514, -7.790580229520501 ], [ 112.010351214071235, -7.790817428582845 ], [ 112.010350422178007, -7.790821881161375 ], [ 112.009865631999531, -7.790730218901726 ], [ 112.009864782893786, -7.790730097922988 ], [ 112.009843223395308, -7.790727852957339 ], [ 112.009348948668617, -7.790676372915614 ], [ 112.009339183941606, -7.79067535517661 ], [ 112.009337236842725, -7.790675320923854 ], [ 112.009335312303079, -7.790675618542533 ], [ 112.009333467436804, -7.790676240661212 ], [ 112.009331755702576, -7.790677168159585 ], [ 112.009330229634827, -7.790678374684064 ], [ 112.009328932675729, -7.790679823954076 ], [ 112.009327903718003, -7.790681473368847 ], [ 112.009327172570735, -7.790683274018245 ], [ 112.009326761777373, -7.790685172487312 ], [ 112.009294973649958, -7.790934303343805 ], [ 112.009278724844862, -7.791061644855133 ], [ 112.008838501244085, -7.791022364978462 ], [ 112.008888791765301, -7.790635349457554 ] ] ], [ [ [ 112.010140005412154, -7.795982728362169 ], [ 112.010131949541446, -7.796031244900933 ], [ 112.009964895902911, -7.796003655455878 ], [ 112.009933856040263, -7.796188483671084 ], [ 112.009929769424232, -7.796187801077546 ], [ 112.009814176501635, -7.796839332592371 ], [ 112.009614232865317, -7.796822535715109 ], [ 112.009406059349246, -7.796805047461921 ], [ 112.009413365689852, -7.796758384167759 ], [ 112.009413496872199, -7.796757496611106 ], [ 112.009414462528753, -7.796751376757775 ], [ 112.009416690798489, -7.79673893013358 ], [ 112.009423866231344, -7.796701215562663 ], [ 112.009428517389907, -7.79667617352413 ], [ 112.009440835330167, -7.796607669911833 ], [ 112.009456431379874, -7.796519780209411 ], [ 112.009462933751408, -7.796483133563508 ], [ 112.009489457743456, -7.796333653392298 ], [ 112.009506212508342, -7.79623922824342 ], [ 112.009514754088059, -7.796191093213101 ], [ 112.009557157714568, -7.795952120919974 ], [ 112.009599628416083, -7.795712769510798 ], [ 112.009604768464754, -7.795683230394554 ], [ 112.009609110581991, -7.795658277726321 ], [ 112.009609362843818, -7.795656828231198 ], [ 112.009613499847021, -7.79563218627076 ], [ 112.009635617173402, -7.795500430730936 ], [ 112.010817778292008, -7.795732227542838 ], [ 112.010760300996608, -7.796083337002075 ], [ 112.010140005412154, -7.795982728362169 ] ] ], [ [ [ 112.008840968700525, -7.797133864364374 ], [ 112.008883845403773, -7.796892196314241 ], [ 112.0089268923779, -7.796898273790754 ], [ 112.008938065583749, -7.796754668289174 ], [ 112.009133074972453, -7.796768742279347 ], [ 112.009145132178105, -7.796652713401258 ], [ 112.009016473226097, -7.796631961289751 ], [ 112.009023137422872, -7.796523165311456 ], [ 112.008952843656274, -7.796513422079106 ], [ 112.008955508426638, -7.796488278125942 ], [ 112.008988533169884, -7.796302138801695 ], [ 112.009150088064686, -7.796317685126815 ], [ 112.009167056467945, -7.796189381403077 ], [ 112.009213129612021, -7.796191186279689 ], [ 112.009280623596993, -7.795607386193439 ], [ 112.00927832102181, -7.795606989210322 ], [ 112.009285379491061, -7.795566253224976 ], [ 112.009296713472025, -7.795468216953996 ], [ 112.009207524098457, -7.795454164855644 ], [ 112.009309124256248, -7.7945962815493 ], [ 112.009335063075213, -7.79459847538212 ], [ 112.009335786705293, -7.794588614486232 ], [ 112.009340460423047, -7.794537787147603 ], [ 112.009345142091973, -7.794486872060446 ], [ 112.009346212422358, -7.794486968996973 ], [ 112.009347424700309, -7.794475152467353 ], [ 112.009398364685325, -7.794479943024718 ], [ 112.009560179114558, -7.794495157854278 ], [ 112.009708157144686, -7.794509071573103 ], [ 112.009707429681512, -7.794513545704083 ], [ 112.009706494890224, -7.794519298286171 ], [ 112.009680926512104, -7.794676586822202 ], [ 112.009648290852653, -7.794877355400541 ], [ 112.009621178149573, -7.79503884416352 ], [ 112.009608160927641, -7.795116373826805 ], [ 112.009586294793962, -7.795246613850249 ], [ 112.009563648994188, -7.795381497256917 ], [ 112.009542585745635, -7.795506954559237 ], [ 112.009521044140328, -7.795635259236825 ], [ 112.009515734506181, -7.795666313674065 ], [ 112.009510266179646, -7.795697372107292 ], [ 112.009483580303495, -7.795847786938288 ], [ 112.00946624306107, -7.795945505593287 ], [ 112.009425361489747, -7.796175935550163 ], [ 112.009402090941037, -7.796307096009605 ], [ 112.009380530316704, -7.796428622042716 ], [ 112.009356806996337, -7.796562336781373 ], [ 112.009335495098966, -7.7966824585488 ], [ 112.009314138459615, -7.796802834566947 ], [ 112.009310565377547, -7.796823259643322 ], [ 112.009276041372303, -7.797020609457221 ], [ 112.009267596223509, -7.797068884442941 ], [ 112.009244231597378, -7.797202440954959 ], [ 112.009243792849574, -7.797204949007758 ], [ 112.008840968700525, -7.797133864364374 ] ] ], [ [ [ 112.007949433139714, -7.793698096394384 ], [ 112.007965004735823, -7.79355940578638 ], [ 112.007973994256943, -7.793479338849002 ], [ 112.007985873341966, -7.793336472368224 ], [ 112.008061492701472, -7.793355372255914 ], [ 112.00820230809255, -7.793390566717182 ], [ 112.00841498442081, -7.793443722054191 ], [ 112.008421892978077, -7.793413068094248 ], [ 112.008488772337643, -7.793430956753853 ], [ 112.008665661368369, -7.793481507383437 ], [ 112.008620807136069, -7.79366070095534 ], [ 112.008578211083915, -7.793653177139284 ], [ 112.00855344300507, -7.793792642896785 ], [ 112.008152193316505, -7.79374940404763 ], [ 112.007949433139714, -7.793698096394384 ] ] ], [ [ [ 112.00945043924348, -7.792946254408177 ], [ 112.009435297714603, -7.793155077828805 ], [ 112.009503068989304, -7.793171506083766 ], [ 112.009503068989744, -7.79317150626466 ], [ 112.00952165699232, -7.793176012147998 ], [ 112.009531834388241, -7.793120740447663 ], [ 112.009565428634545, -7.792938295202156 ], [ 112.009607784239975, -7.792708268416876 ], [ 112.010006739488446, -7.792744839899491 ], [ 112.009980397155502, -7.792887903630362 ], [ 112.009941442244894, -7.793099466251509 ], [ 112.009940586427618, -7.793104114338719 ], [ 112.009888025219297, -7.793389566800873 ], [ 112.009882663815787, -7.793418682268562 ], [ 112.009860327998311, -7.793458854135598 ], [ 112.009833025846575, -7.793495847923018 ], [ 112.009801204802983, -7.793529057500964 ], [ 112.009765388633824, -7.793557938058686 ], [ 112.009726164754852, -7.793582015179108 ], [ 112.009691071685779, -7.793597793366832 ], [ 112.009652410804662, -7.793603262339636 ], [ 112.009613363673836, -7.793603463935662 ], [ 112.009574648520072, -7.793598394634095 ], [ 112.009533716252761, -7.79358847202455 ], [ 112.009452321751041, -7.79356874143956 ], [ 112.009291538996706, -7.793529765639843 ], [ 112.009177532999246, -7.793502128404034 ], [ 112.009080369035573, -7.793478575210383 ], [ 112.008978258908499, -7.793453821839921 ], [ 112.00897602401308, -7.793453279983836 ], [ 112.008971552408525, -7.793452196276045 ], [ 112.008988901570504, -7.793198087473098 ], [ 112.008998913988592, -7.793051431375281 ], [ 112.009025983802772, -7.792654935164171 ], [ 112.009463476660613, -7.792695039915325 ], [ 112.009446493451108, -7.792945969870885 ], [ 112.00945043924348, -7.792946254408177 ] ] ], [ [ [ 112.009721587118236, -7.792079674916703 ], [ 112.009744691966063, -7.792082622719893 ], [ 112.00977561902657, -7.791854986748245 ], [ 112.009761793220719, -7.791853504842103 ], [ 112.009844488260399, -7.79138832263983 ], [ 112.009849832785108, -7.791358258377472 ], [ 112.009875694067873, -7.791212780793566 ], [ 112.009875693160595, -7.79121278061485 ], [ 112.009876840108859, -7.791206328675467 ], [ 112.009877021483874, -7.791205308410009 ], [ 112.009791225653643, -7.791188639862329 ], [ 112.009791225290684, -7.791188639772744 ], [ 112.009736984422204, -7.791183066517559 ], [ 112.00972149603696, -7.791264330755067 ], [ 112.009711141120391, -7.791344019003575 ], [ 112.00970642419027, -7.791343409353581 ], [ 112.009675450501931, -7.791505921357918 ], [ 112.00923437597244, -7.791445278745372 ], [ 112.009248552739905, -7.791371004075237 ], [ 112.00928555630928, -7.791187046564505 ], [ 112.009285662662975, -7.791186394218362 ], [ 112.009316837482928, -7.790942070050864 ], [ 112.009333247381889, -7.790813461051619 ], [ 112.009347853845568, -7.790698990753672 ], [ 112.009861958299211, -7.790752537186566 ], [ 112.010346464529732, -7.790844145858515 ], [ 112.010345672638607, -7.79084859934146 ], [ 112.010333078477117, -7.790919444276793 ], [ 112.010307235168213, -7.791064822157621 ], [ 112.010293073334196, -7.791144489003946 ], [ 112.010246498598548, -7.791406484426508 ], [ 112.010198229992142, -7.791678011131708 ], [ 112.010197048864924, -7.791684654258494 ], [ 112.010184842115294, -7.791753319502161 ], [ 112.010154854059095, -7.791922010756268 ], [ 112.010126838116335, -7.792079610829076 ], [ 112.010117839182385, -7.792130230511337 ], [ 112.010094371454358, -7.792262245228044 ], [ 112.009909414553135, -7.792242728125077 ], [ 112.009697902986687, -7.792212904414013 ], [ 112.009721587118236, -7.792079674916703 ] ] ], [ [ [ 112.009554888709204, -7.792192738945205 ], [ 112.009268558339315, -7.792152365297095 ], [ 112.009278385176515, -7.792047529502889 ], [ 112.009278326722537, -7.792023121835821 ], [ 112.009602940994597, -7.792064537578147 ], [ 112.009554888709204, -7.792192738945205 ] ] ], [ [ [ 112.009465689230908, -7.794149890602596 ], [ 112.009466886285253, -7.794137777456857 ], [ 112.009764070589455, -7.794165099149597 ], [ 112.009753887051502, -7.794227749643274 ], [ 112.009712521023218, -7.794482229502647 ], [ 112.00971179355794, -7.794486702729227 ], [ 112.009575581102851, -7.794473895120218 ], [ 112.009434941255876, -7.79446067112758 ], [ 112.009465689230908, -7.794149890602596 ] ] ], [ [ [ 112.008996449246155, -7.793569922483616 ], [ 112.009000635588805, -7.793571172380851 ], [ 112.009024970238059, -7.793578343513053 ], [ 112.009043289315997, -7.793583469589634 ], [ 112.009052153038908, -7.793585768334775 ], [ 112.009064415572141, -7.793588780717354 ], [ 112.009089005341281, -7.79359455841837 ], [ 112.009158934926532, -7.793610723998365 ], [ 112.009284485891911, -7.793639746445724 ], [ 112.009414357609813, -7.793671229455543 ], [ 112.009440964949619, -7.79367767974392 ], [ 112.009446100765743, -7.793678924660608 ], [ 112.009510118198875, -7.793697217011788 ], [ 112.0095725772332, -7.793720255887827 ], [ 112.009633122973611, -7.79374791008859 ], [ 112.009689265601992, -7.793778841569168 ], [ 112.009691414071284, -7.793780024866651 ], [ 112.009695788833795, -7.7937845926541 ], [ 112.009732881587752, -7.793823322292219 ], [ 112.009769577940588, -7.793870709152326 ], [ 112.009780920470746, -7.793889044717217 ], [ 112.008910710302729, -7.79379421870931 ], [ 112.008894499551573, -7.79379245207994 ], [ 112.008892284017605, -7.793829158153597 ], [ 112.008700534895965, -7.793808493685515 ], [ 112.008754078731002, -7.793506988942821 ], [ 112.00877604771145, -7.793513543476949 ], [ 112.008827410009303, -7.79352886879883 ], [ 112.008830154131871, -7.793529610226017 ], [ 112.008926995981042, -7.793553086463693 ], [ 112.008996449246155, -7.793569922483616 ] ] ] ] } },
{ "type": "Feature", "properties": { "OBJECTID": 3, "Name": "Halte Semampir", "REMARK": "Halte", "type": "lines", "start": "611352.2178, 9138432.1202", "NAMZON": "AREA PUBLIK", "LUAS": 5276.801 }, "geometry": { "type": "MultiPolygon", "coordinates": [ [ [ [ 112.006968426935174, -7.794707234842299 ], [ 112.007007416100038, -7.794268018180339 ], [ 112.007353591147691, -7.794298077212128 ], [ 112.007358108263972, -7.794298469844629 ], [ 112.00735768464196, -7.794302972193818 ], [ 112.007354558326739, -7.794336198391195 ], [ 112.00733953348832, -7.794495901968996 ], [ 112.007328520209697, -7.794612959427725 ], [ 112.007318967819444, -7.794690924003144 ], [ 112.007313239569186, -7.794737679487895 ], [ 112.006968426935174, -7.794707234842299 ] ] ], [ [ [ 112.006431943072272, -7.793344158865301 ], [ 112.006564865249601, -7.793298261905366 ], [ 112.006661706157246, -7.793266732222143 ], [ 112.006760003290438, -7.79324006307657 ], [ 112.006873619974783, -7.793215657461706 ], [ 112.006988445585193, -7.793197743647978 ], [ 112.007104108458563, -7.793186382209631 ], [ 112.007220231428192, -7.793181607505928 ], [ 112.007336439100186, -7.793183436708176 ], [ 112.007452354208723, -7.793191862572908 ], [ 112.007567599444769, -7.793206859768665 ], [ 112.007778518151113, -7.793252814949257 ], [ 112.007988758462886, -7.793301762578428 ], [ 112.008239317552068, -7.793364234832554 ], [ 112.008421892978077, -7.793413068094248 ], [ 112.00841498442081, -7.793443722054191 ], [ 112.00820230809255, -7.793390566717182 ], [ 112.008061492701472, -7.793355372255914 ], [ 112.007985873341966, -7.793336472368224 ], [ 112.00765151707256, -7.793252904513657 ], [ 112.007555523463807, -7.793234829910476 ], [ 112.007458623954108, -7.79322246438413 ], [ 112.007361160527793, -7.793215850533911 ], [ 112.007263475125839, -7.793215012870875 ], [ 112.007165911448965, -7.793219953291547 ], [ 112.007068813154689, -7.793230655604259 ], [ 112.007028671039336, -7.793237517061516 ], [ 112.006973352457706, -7.793246972314826 ], [ 112.006972522032996, -7.793247081011359 ], [ 112.006866976065467, -7.793258818128491 ], [ 112.006866237230938, -7.793258925702709 ], [ 112.006865831147621, -7.793259005353185 ], [ 112.006760438528758, -7.793281790583698 ], [ 112.006704673622281, -7.793293847097247 ], [ 112.006703711139934, -7.793294099911304 ], [ 112.00643582100281, -7.793377144679517 ], [ 112.006431943072272, -7.793344158865301 ] ] ], [ [ [ 112.008324835393111, -7.794382410513977 ], [ 112.008402331141198, -7.794389139476365 ], [ 112.00878039923154, -7.79442196626955 ], [ 112.008779729814549, -7.794426447497363 ], [ 112.008725740469728, -7.794788076986027 ], [ 112.008274045640277, -7.794742006457246 ], [ 112.008274889172014, -7.794733732546573 ], [ 112.008310773375868, -7.794381189546616 ], [ 112.008324835393111, -7.794382410513977 ] ] ], [ [ [ 112.008665661368369, -7.793481507383437 ], [ 112.008737051137828, -7.793501908616624 ], [ 112.008742832877076, -7.793503633160165 ], [ 112.008754078731002, -7.793506988942821 ], [ 112.008700534895965, -7.793808493685515 ], [ 112.00855344300507, -7.793792642896785 ], [ 112.008578211083915, -7.793653177139284 ], [ 112.008620807136069, -7.79366070095534 ], [ 112.008665661368369, -7.793481507383437 ] ] ] ] } },
{ "type": "Feature", "properties": { "OBJECTID": 4, "Name": "Halte Imam Bonjol", "REMARK": "Halte", "type": "lines", "start": "612898.4698, 9136261.2602", "NAMZON": "AREA PERUMAHAN", "LUAS": 150935.328 }, "geometry": { "type": "MultiPolygon", "coordinates": [ [ [ [ 112.019916059939789, -7.812877742238549 ], [ 112.019916757891508, -7.812870520785722 ], [ 112.019964141791078, -7.812882363991185 ], [ 112.019916059939789, -7.812877742238549 ] ] ], [ [ [ 112.020208852744688, -7.811833327547228 ], [ 112.020261529511529, -7.811846737580979 ], [ 112.020259198318797, -7.81185749750258 ], [ 112.020253052858862, -7.811886881714261 ], [ 112.020247906100863, -7.811911494484728 ], [ 112.020192337287298, -7.811897849659681 ], [ 112.020208852744688, -7.811833327547228 ] ] ], [ [ [ 112.021087570136316, -7.812057023453239 ], [ 112.021072642614854, -7.812115342426397 ], [ 112.021313484144414, -7.812152665358379 ], [ 112.021332170091313, -7.812065422223724 ], [ 112.021309147449642, -7.812059204953894 ], [ 112.021374018167663, -7.811820294491031 ], [ 112.021381214974824, -7.811772162455584 ], [ 112.021384858025968, -7.811772704174724 ], [ 112.021425405770188, -7.81151590021132 ], [ 112.021447693722848, -7.811519400193171 ], [ 112.021531426706474, -7.811107267709355 ], [ 112.021621472595456, -7.810664062942977 ], [ 112.021820323510369, -7.810704243567257 ], [ 112.021711754091413, -7.811140908030367 ], [ 112.021639558983395, -7.811431273351902 ], [ 112.021906133188338, -7.811483250126566 ], [ 112.021892743462161, -7.811549152608652 ], [ 112.021878286404259, -7.811620314183847 ], [ 112.021866768779134, -7.811677002389282 ], [ 112.021860096764129, -7.811709840974156 ], [ 112.021858146689453, -7.81171943891496 ], [ 112.021857180620984, -7.811724196712379 ], [ 112.021854243856652, -7.81173865017827 ], [ 112.021793332880591, -7.812033683100998 ], [ 112.021793251426331, -7.812034124656866 ], [ 112.021702491719438, -7.812615336156236 ], [ 112.021698011761487, -7.812614639727464 ], [ 112.021695771782504, -7.812614291513049 ], [ 112.021695133992552, -7.81261419266389 ], [ 112.021479960855345, -7.81258074806987 ], [ 112.021468310867803, -7.812578895026567 ], [ 112.020918213094745, -7.812491409823876 ], [ 112.020890433129878, -7.812486990987431 ], [ 112.020937284393668, -7.812151324637878 ], [ 112.020828596510611, -7.812135344622114 ], [ 112.02080246398981, -7.812131502437878 ], [ 112.020814669545359, -7.812052552889525 ], [ 112.020687440347203, -7.812024321967585 ], [ 112.020651592232426, -7.812016368208191 ], [ 112.020668098250113, -7.811953448241519 ], [ 112.02066888762856, -7.811950439322641 ], [ 112.021087570136316, -7.812057023453239 ] ] ], [ [ [ 112.022081489471248, -7.810419429028057 ], [ 112.022917316548259, -7.810635036239995 ], [ 112.022877714352262, -7.810929023257771 ], [ 112.022773561603273, -7.810896039516502 ], [ 112.022609303447965, -7.810841399118967 ], [ 112.022466173227869, -7.810791971293816 ], [ 112.022461052899899, -7.810803156932615 ], [ 112.022194941152961, -7.810720026456966 ], [ 112.022019591751516, -7.810658076706964 ], [ 112.022081489471248, -7.810419429028057 ] ] ], [ [ [ 112.022736009569329, -7.811507531479988 ], [ 112.022740940246194, -7.811508862980167 ], [ 112.022740939796719, -7.811508864609221 ], [ 112.023201262558288, -7.811633174072275 ], [ 112.023210544437291, -7.811595722207925 ], [ 112.023214493377751, -7.811546374164435 ], [ 112.023234968023729, -7.811144596952341 ], [ 112.023234223464414, -7.811139604888796 ], [ 112.023181785813577, -7.811140914180094 ], [ 112.023180663551912, -7.811096212399014 ], [ 112.023233533160536, -7.811114055504643 ], [ 112.023439471032134, -7.811178949464336 ], [ 112.023258930926687, -7.811762387125288 ], [ 112.02331428210698, -7.81178981994684 ], [ 112.023294534956662, -7.811878694824222 ], [ 112.023349852598528, -7.811892344303486 ], [ 112.023269090615486, -7.81210612673016 ], [ 112.022202166528331, -7.811823292295131 ], [ 112.02219778339267, -7.81182213076257 ], [ 112.022198914526129, -7.811817751519259 ], [ 112.022433710085636, -7.810908706939647 ], [ 112.022434023942949, -7.810906872008718 ], [ 112.022434032990873, -7.810904998924847 ], [ 112.022433732862169, -7.810903156434813 ], [ 112.022433131824357, -7.810901387930982 ], [ 112.022432247227144, -7.810899742210257 ], [ 112.022431103664331, -7.810898263529917 ], [ 112.022429731164436, -7.810896993420857 ], [ 112.022428167900401, -7.810895966158811 ], [ 112.022426456562016, -7.810895208773287 ], [ 112.022424643455594, -7.81089474376286 ], [ 112.022422778486487, -7.810894581859849 ], [ 112.022420911546732, -7.810894728370175 ], [ 112.022419095227178, -7.810895179548927 ], [ 112.022417377559918, -7.810895921713576 ], [ 112.022415805659222, -7.810896936661679 ], [ 112.022414422987566, -7.810898196250896 ], [ 112.022413267548544, -7.810899665116905 ], [ 112.022412369172685, -7.810901303392807 ], [ 112.022412256598955, -7.810901627448882 ], [ 112.022411754052015, -7.810903066698511 ], [ 112.022177002471423, -7.81181194203814 ], [ 112.022175871337723, -7.811816321281421 ], [ 112.022171489109056, -7.811815159746376 ], [ 112.022059464130763, -7.811785462573977 ], [ 112.021882901923703, -7.811734228801507 ], [ 112.021878533042454, -7.811732961413317 ], [ 112.021879436382449, -7.811728513984976 ], [ 112.021879888053547, -7.81172629072302 ], [ 112.021886194426415, -7.811695251017076 ], [ 112.021897914576854, -7.811637562933224 ], [ 112.021914013432408, -7.811558325403482 ], [ 112.021940356430434, -7.811428664978975 ], [ 112.021949530551282, -7.811383511132683 ], [ 112.022016674431839, -7.811053024182016 ], [ 112.022099170195034, -7.810755755780605 ], [ 112.022099374275584, -7.810755021799226 ], [ 112.02209973322816, -7.810753083654987 ], [ 112.022099749297524, -7.810751113780568 ], [ 112.022099422624365, -7.810749170058764 ], [ 112.022098761518052, -7.810747313065941 ], [ 112.022097787878025, -7.810745597918937 ], [ 112.022096529947561, -7.810744077910534 ], [ 112.02209514588165, -7.810742899174979 ], [ 112.022131898219556, -7.810758374539682 ], [ 112.02250949402395, -7.810871127503092 ], [ 112.022848097373668, -7.81098397355583 ], [ 112.022869895174836, -7.810991330177038 ], [ 112.022736009569329, -7.811507531479988 ] ], [ [ 112.022556843332893, -7.811015186272559 ], [ 112.022550737314162, -7.811030515653971 ], [ 112.02252176111071, -7.811113286273408 ], [ 112.02270005521919, -7.81117717754714 ], [ 112.022722848040374, -7.811077575177719 ], [ 112.022556843332893, -7.811015186272559 ] ] ], [ [ [ 112.023086098777981, -7.810740948050111 ], [ 112.023143336881574, -7.81053022890918 ], [ 112.023143336881347, -7.810530228818748 ], [ 112.023141626319855, -7.810518759981775 ], [ 112.022923023894748, -7.810465545634458 ], [ 112.023004245965083, -7.810133703788993 ], [ 112.023047195941402, -7.810144246137084 ], [ 112.023051220951928, -7.810127937774912 ], [ 112.023149582350129, -7.810152081178401 ], [ 112.023133143763985, -7.810218687459231 ], [ 112.023300954825331, -7.810259877530926 ], [ 112.023261501372062, -7.810419737678726 ], [ 112.023324271408114, -7.810435144530778 ], [ 112.023357779834015, -7.810299370913667 ], [ 112.023401560863022, -7.810310117104328 ], [ 112.023378357414146, -7.81040413566587 ], [ 112.023509511793534, -7.810436327639298 ], [ 112.023524055460115, -7.810377395451782 ], [ 112.023627731782128, -7.810402843609157 ], [ 112.023600208531008, -7.810503436039636 ], [ 112.023599677508727, -7.810506214810491 ], [ 112.023599588262059, -7.810509042254898 ], [ 112.023607101333837, -7.810669357570738 ], [ 112.023607221862278, -7.810671928555264 ], [ 112.023607409638473, -7.81067381111056 ], [ 112.023636629835849, -7.81086491379833 ], [ 112.023677504249719, -7.811197777454622 ], [ 112.023676110038565, -7.811215897340161 ], [ 112.023642497845898, -7.811184635943514 ], [ 112.023557963344103, -7.81115516832931 ], [ 112.023417721639078, -7.811109563190048 ], [ 112.02330020101266, -7.811070545986619 ], [ 112.023344103728348, -7.810832086069892 ], [ 112.023070791240528, -7.810797302148567 ], [ 112.023086098777981, -7.810740948050111 ] ] ], [ [ [ 112.023119119786486, -7.809664373275735 ], [ 112.02315029954022, -7.80967424522297 ], [ 112.023119993435898, -7.80977988472287 ], [ 112.023197817382453, -7.809802209288682 ], [ 112.023190935016004, -7.80983762780616 ], [ 112.023083604889919, -7.809809473649123 ], [ 112.023119119786486, -7.809664373275735 ] ] ], [ [ [ 112.024343110410015, -7.809661390084578 ], [ 112.02427927251901, -7.809868266120572 ], [ 112.024489747045749, -7.809921106872391 ], [ 112.024381863194819, -7.810348492659385 ], [ 112.024280531536135, -7.810321664031957 ], [ 112.024129085748655, -7.810282898367152 ], [ 112.023911615573766, -7.810226675303185 ], [ 112.023938634463704, -7.810125320751087 ], [ 112.023973210179562, -7.810134809420421 ], [ 112.024008401260218, -7.810002632213947 ], [ 112.024041054754022, -7.810011167750489 ], [ 112.024067676747592, -7.809907727651195 ], [ 112.024116659971966, -7.809921201572212 ], [ 112.024150901096959, -7.809793334431044 ], [ 112.024107686149563, -7.809783388261327 ], [ 112.024137625259755, -7.809662710856758 ], [ 112.024185163189657, -7.809674081872197 ], [ 112.024200701139492, -7.809617684213445 ], [ 112.024343110410015, -7.809661390084578 ] ] ], [ [ [ 112.024268353775, -7.810798163621866 ], [ 112.024185799242389, -7.810777437919636 ], [ 112.02415481957371, -7.811164590850201 ], [ 112.024177362749796, -7.811315736021922 ], [ 112.024212000824093, -7.811324273777029 ], [ 112.024191171521949, -7.811408319320899 ], [ 112.024213918117525, -7.811560827501481 ], [ 112.024151064311056, -7.811570151113402 ], [ 112.024127554832475, -7.811665010971101 ], [ 112.024059058885769, -7.811582118614181 ], [ 112.023978286917952, -7.811493053135933 ], [ 112.024057541949418, -7.811284051444378 ], [ 112.024097884675982, -7.811296876102709 ], [ 112.024133523124192, -7.811151776303447 ], [ 112.023989435525706, -7.811103309135442 ], [ 112.024013738375615, -7.811032896963581 ], [ 112.023984920165574, -7.811022916824055 ], [ 112.024012040341489, -7.810926653925693 ], [ 112.023999352662173, -7.810922464622336 ], [ 112.024000286383185, -7.81091895771924 ], [ 112.023941918207001, -7.810903502331421 ], [ 112.023977227595424, -7.810773338082933 ], [ 112.024003049003809, -7.810781662250244 ], [ 112.024012829087141, -7.810659597457011 ], [ 112.024060038385102, -7.810536006669906 ], [ 112.024050534644616, -7.810532489779713 ], [ 112.024051503079093, -7.810529831141761 ], [ 112.023977420729153, -7.810503005421578 ], [ 112.023976641478498, -7.810505145366409 ], [ 112.023905851785514, -7.810478949275047 ], [ 112.023966996052792, -7.810264351491593 ], [ 112.024123422935759, -7.810304792804081 ], [ 112.024274804298045, -7.81034354053757 ], [ 112.024376328122855, -7.810370420029677 ], [ 112.024268353775, -7.810798163621866 ] ], [ [ 112.024094160971899, -7.810757894130864 ], [ 112.024114353523245, -7.810759501118321 ], [ 112.024093624487818, -7.810754297000853 ], [ 112.024094160971899, -7.810757894130864 ] ] ], [ [ [ 112.024945305778843, -7.811038392362992 ], [ 112.025012711866054, -7.81105724730223 ], [ 112.025049871642338, -7.810978606584585 ], [ 112.02505338498564, -7.810980257681129 ], [ 112.025063917924413, -7.810951507023391 ], [ 112.025134872056952, -7.810977359996955 ], [ 112.025163027921408, -7.810936963299774 ], [ 112.025220512714753, -7.810976811229855 ], [ 112.025281467752706, -7.810914662279721 ], [ 112.025331512138266, -7.81096347814118 ], [ 112.025401969582191, -7.810912294505148 ], [ 112.025443212276002, -7.810968758703553 ], [ 112.025521261388235, -7.810929948494667 ], [ 112.025552510526452, -7.810992450073399 ], [ 112.025627648293494, -7.810969634574858 ], [ 112.025579834888845, -7.811133193676726 ], [ 112.025706632362898, -7.811175959149119 ], [ 112.025561105257623, -7.811595069194267 ], [ 112.025355583652427, -7.811519932736013 ], [ 112.025352860218604, -7.811519177818626 ], [ 112.025350053496325, -7.811518854513128 ], [ 112.025347229703954, -7.811518968989772 ], [ 112.025256685485047, -7.811491534086732 ], [ 112.024889861965605, -7.811380384683425 ], [ 112.024893471418793, -7.81136885810112 ], [ 112.024971290964899, -7.81112031206353 ], [ 112.024925759516023, -7.811107889813176 ], [ 112.024945305778843, -7.811038392362992 ] ] ], [ [ [ 112.026495379470006, -7.81065426904113 ], [ 112.026482287528353, -7.810695476418196 ], [ 112.026417135848547, -7.810879889075719 ], [ 112.0264156245305, -7.810884168856869 ], [ 112.026411223283333, -7.810883016456405 ], [ 112.026172376236303, -7.810820473075134 ], [ 112.026129647845664, -7.810809283273889 ], [ 112.026217558412768, -7.810564786293138 ], [ 112.026495379470006, -7.81065426904113 ] ] ], [ [ [ 112.026686121330982, -7.810715704517333 ], [ 112.026552574262993, -7.811128079326642 ], [ 112.026437639786693, -7.811091597233186 ], [ 112.026403609716326, -7.811066057570196 ], [ 112.026401109088681, -7.811053668527243 ], [ 112.026433627055695, -7.810901537090377 ], [ 112.026433781282734, -7.810900816795287 ], [ 112.026434025362335, -7.810900125223529 ], [ 112.026503731714726, -7.810702819809016 ], [ 112.026503846961603, -7.81070247765734 ], [ 112.026516955129836, -7.810661218286388 ], [ 112.026686121330982, -7.810715704517333 ] ] ], [ [ [ 112.02647417810104, -7.811370155476859 ], [ 112.026483417555838, -7.811373354863735 ], [ 112.026453954048193, -7.811457979278345 ], [ 112.026460752557043, -7.811460456352109 ], [ 112.026459539238203, -7.811463768220022 ], [ 112.026752226098964, -7.811573007718334 ], [ 112.027176905713404, -7.811731510388065 ], [ 112.027167707075208, -7.811756022328027 ], [ 112.027153493564555, -7.811751062658469 ], [ 112.027059103332732, -7.812045422411363 ], [ 112.027025283355385, -7.812135543582567 ], [ 112.02668927726279, -7.812008287819578 ], [ 112.026303811155387, -7.811861954151347 ], [ 112.026303488917861, -7.811861835550017 ], [ 112.026224308871065, -7.811833647929462 ], [ 112.026332196674048, -7.811477388842967 ], [ 112.026139120897213, -7.811413248374046 ], [ 112.026164814454546, -7.811322731947667 ], [ 112.026036352587482, -7.811279898311115 ], [ 112.026071753029484, -7.811170587026943 ], [ 112.02621206779348, -7.811217805463261 ], [ 112.02620206755175, -7.811249416712194 ], [ 112.026333177603121, -7.811289299970763 ], [ 112.026395530977396, -7.811088291621638 ], [ 112.026425547039764, -7.811110820260226 ], [ 112.026427162874512, -7.811111832003274 ], [ 112.026428925838701, -7.811112559400234 ], [ 112.026545606169208, -7.811149595814456 ], [ 112.02647417810104, -7.811370155476859 ] ] ], [ [ [ 112.026859033574951, -7.812578554174303 ], [ 112.026177993234995, -7.812324370111649 ], [ 112.026218708749624, -7.812187261924096 ], [ 112.026121970910182, -7.812158613161444 ], [ 112.026083248386669, -7.812289008462233 ], [ 112.025812843139732, -7.812188084870822 ], [ 112.025827932939805, -7.812137269901115 ], [ 112.0258385622204, -7.812141915445681 ], [ 112.025924540589088, -7.811976592578857 ], [ 112.026119109334473, -7.812062266512824 ], [ 112.02619176725257, -7.811867292788448 ], [ 112.026262597802713, -7.811892626433025 ], [ 112.026294002006523, -7.811903859079385 ], [ 112.026325614977594, -7.811915165378909 ], [ 112.026403691165697, -7.811944762035786 ], [ 112.026425634776757, -7.811953080081536 ], [ 112.026446883063358, -7.811961134818858 ], [ 112.02661982315314, -7.812026691506463 ], [ 112.026676022021221, -7.812047995236124 ], [ 112.026715241683377, -7.812062862730391 ], [ 112.026882239798894, -7.812126166346974 ], [ 112.026944244574167, -7.81214967086166 ], [ 112.026960904267099, -7.812155985758031 ], [ 112.026990226890803, -7.812167101308676 ], [ 112.027010549583864, -7.812174805122395 ], [ 112.026859033574951, -7.812578554174303 ] ] ], [ [ [ 112.025829265172078, -7.812239124318758 ], [ 112.025826909462523, -7.812260860166154 ], [ 112.025794116087837, -7.812251148288482 ], [ 112.025798666102276, -7.812235826099207 ], [ 112.025829265172078, -7.812239124318758 ] ] ], [ [ [ 112.026165952013812, -7.81243130129354 ], [ 112.026160318778906, -7.812448927431198 ], [ 112.02616122665421, -7.812449258236182 ], [ 112.026142849138992, -7.812514716959766 ], [ 112.026123530689816, -7.812507770868967 ], [ 112.026147939264618, -7.8124255758446 ], [ 112.026165952013812, -7.81243130129354 ] ] ], [ [ [ 112.026676693792098, -7.812628430220023 ], [ 112.026676694245978, -7.812628430399796 ], [ 112.026875121158596, -7.812690042607136 ], [ 112.02687966381616, -7.812676943306974 ], [ 112.027301536298822, -7.812822445563622 ], [ 112.02772774645166, -7.812954784339073 ], [ 112.02772361479218, -7.812968018218586 ], [ 112.028056983842447, -7.813082995191412 ], [ 112.028013164058208, -7.813209355646831 ], [ 112.027899694672044, -7.813172698116066 ], [ 112.027812363644131, -7.813440651212926 ], [ 112.027329473652088, -7.813274453061005 ], [ 112.027162268412837, -7.813220125684167 ], [ 112.027261630008596, -7.812961515957948 ], [ 112.027101903285342, -7.812896097514408 ], [ 112.027147227578993, -7.812787108440348 ], [ 112.027009128008118, -7.812734798541998 ], [ 112.026970978298593, -7.812834199569843 ], [ 112.026807666818726, -7.812774772470077 ], [ 112.026793369289123, -7.81281548723669 ], [ 112.026627664948819, -7.81275845897966 ], [ 112.026538216092192, -7.813017363784097 ], [ 112.02634198085623, -7.812953604708019 ], [ 112.026450092124861, -7.812581504078141 ], [ 112.026459631728954, -7.812553031194286 ], [ 112.026676693792098, -7.812628430220023 ] ] ], [ [ [ 112.027760570665905, -7.813937742627647 ], [ 112.027018461938013, -7.813681793679443 ], [ 112.027018461211853, -7.813681793409884 ], [ 112.026818631213374, -7.813619745828306 ], [ 112.026813740961003, -7.813633747411479 ], [ 112.026392661852952, -7.813487481213773 ], [ 112.026392661126764, -7.81348748094421 ], [ 112.026305251479045, -7.8134603399805 ], [ 112.026287153734373, -7.813454720530487 ], [ 112.02628608040898, -7.81345765012075 ], [ 112.026225511859991, -7.813435580527264 ], [ 112.025966929589927, -7.813355289540777 ], [ 112.025970834363349, -7.813342782383152 ], [ 112.025863393342888, -7.813303633545529 ], [ 112.025438418078437, -7.81315601271245 ], [ 112.025440529011831, -7.813149968938327 ], [ 112.025389710076738, -7.813133815805076 ], [ 112.025262597992253, -7.813114837915976 ], [ 112.025282403917501, -7.813111695046365 ], [ 112.025282100358382, -7.812987261638596 ], [ 112.025293543176758, -7.812956603779482 ], [ 112.025754610096087, -7.813104806006471 ], [ 112.026280528201042, -7.813279171608018 ], [ 112.026296262695425, -7.813237496482049 ], [ 112.026575788493531, -7.81332870685596 ], [ 112.026567709574636, -7.813361270324992 ], [ 112.026709865146827, -7.813403998082491 ], [ 112.026780990968874, -7.813178871831862 ], [ 112.027417070221574, -7.813386549466386 ], [ 112.027893663022496, -7.813553953207681 ], [ 112.027760570665905, -7.813937742627647 ] ] ], [ [ [ 112.024206692504578, -7.813282190013005 ], [ 112.024209606282781, -7.813356430139129 ], [ 112.024069804338623, -7.813361887097861 ], [ 112.024068844226363, -7.813375964513714 ], [ 112.024286315286474, -7.813455631828672 ], [ 112.02439310586503, -7.813479915566735 ], [ 112.024400351298269, -7.813460358117402 ], [ 112.024550684691064, -7.813515748351391 ], [ 112.024700116601608, -7.813549728493243 ], [ 112.024695671765457, -7.813569168724545 ], [ 112.02480019818158, -7.813607681254676 ], [ 112.02493336049254, -7.813639356038179 ], [ 112.024923155940641, -7.813648663346831 ], [ 112.024901438651199, -7.813668471337858 ], [ 112.024900869568825, -7.813669028033996 ], [ 112.024892761784173, -7.813677540232902 ], [ 112.024888744528312, -7.813681758257693 ], [ 112.024887097281692, -7.813683487892452 ], [ 112.024879453548991, -7.813691513290395 ], [ 112.024879146925599, -7.813691847766252 ], [ 112.024848008786918, -7.813727288044396 ], [ 112.024847309040567, -7.813728187833759 ], [ 112.024821967436154, -7.81376459354188 ], [ 112.024821653903771, -7.813765070028881 ], [ 112.024800952326075, -7.813798263728811 ], [ 112.024800710266305, -7.813798669497467 ], [ 112.024797738637105, -7.813803991999609 ], [ 112.024776721422498, -7.813841635321921 ], [ 112.024770130829992, -7.813853847452477 ], [ 112.024752412062526, -7.81388667847851 ], [ 112.024752037555842, -7.813887440006679 ], [ 112.024732764215486, -7.813930625925809 ], [ 112.024732569453093, -7.813931088558386 ], [ 112.024719993324538, -7.813963016254905 ], [ 112.024713956292828, -7.813978349111343 ], [ 112.024713646592403, -7.813979281418288 ], [ 112.024702406837406, -7.81401922901179 ], [ 112.024698189114389, -7.814034217392916 ], [ 112.02469757592668, -7.814036398539868 ], [ 112.024696347737418, -7.814040760838206 ], [ 112.024671491080255, -7.814032075346085 ], [ 112.024670424701867, -7.814031759575193 ], [ 112.024475485215461, -7.813984413607741 ], [ 112.02453143076977, -7.813758890258721 ], [ 112.024456524595678, -7.813741842611416 ], [ 112.024492209421126, -7.813615407258022 ], [ 112.024397112544221, -7.813584050829237 ], [ 112.024367151472859, -7.813696113677938 ], [ 112.024214442272054, -7.81365484691992 ], [ 112.024228604775757, -7.813558615411679 ], [ 112.024067281046342, -7.813527419425288 ], [ 112.024055899933643, -7.813583442572551 ], [ 112.023629644293592, -7.813541402214395 ], [ 112.023605329174117, -7.813752050703783 ], [ 112.023471049986966, -7.813721195968722 ], [ 112.023352371879554, -7.813693924717153 ], [ 112.023351767587911, -7.81369380317903 ], [ 112.023350916636232, -7.813693688569284 ], [ 112.023307211010675, -7.813689476697467 ], [ 112.023308328394734, -7.813685041411452 ], [ 112.023381682718181, -7.813394052689807 ], [ 112.023381822726947, -7.813393450004638 ], [ 112.02344422292893, -7.813097407661941 ], [ 112.023444328614346, -7.813096862038582 ], [ 112.023444424130105, -7.813096236850543 ], [ 112.023462445036046, -7.812961015344867 ], [ 112.023464713533372, -7.812961156367416 ], [ 112.023522983301049, -7.81296475955321 ], [ 112.023586315383113, -7.812968364939789 ], [ 112.02360522836571, -7.812969321229774 ], [ 112.023624102897486, -7.812970129286565 ], [ 112.023636673414117, -7.812970498592231 ], [ 112.023645128696572, -7.812970607443376 ], [ 112.02365309843195, -7.81297057004948 ], [ 112.02366570913901, -7.812970312491422 ], [ 112.023684621000243, -7.81296969146591 ], [ 112.02371960771292, -7.812968354989624 ], [ 112.023792381381398, -7.812959619224698 ], [ 112.023823902311946, -7.812955835626632 ], [ 112.024306629585737, -7.812835496289313 ], [ 112.024417717058725, -7.812813787659721 ], [ 112.024271575810587, -7.813267880233114 ], [ 112.024206692504578, -7.813282190013005 ] ] ], [ [ [ 112.024255918079476, -7.81440800655788 ], [ 112.024162344813661, -7.814385748586623 ], [ 112.024168523000313, -7.814357309871269 ], [ 112.024096560527795, -7.814367055813748 ], [ 112.024088828208718, -7.814368261411969 ], [ 112.023840871816404, -7.814309280659232 ], [ 112.023846257454821, -7.814286763021743 ], [ 112.023657359651324, -7.814241494785677 ], [ 112.023579288152689, -7.814514146203892 ], [ 112.023541283597254, -7.814694379444452 ], [ 112.023538016081403, -7.814693694210179 ], [ 112.023521650275271, -7.814768555998733 ], [ 112.023861531225961, -7.814846882904208 ], [ 112.024129337007849, -7.814908599569848 ], [ 112.024079161439758, -7.815104128840305 ], [ 112.024127209176953, -7.815127942505859 ], [ 112.024086703604567, -7.815245295559415 ], [ 112.024009843435664, -7.815214373321545 ], [ 112.023973133705624, -7.815333415675216 ], [ 112.023939763260387, -7.815321502095509 ], [ 112.023938607932337, -7.815321157597157 ], [ 112.023798052272028, -7.815287254965543 ], [ 112.023668453021941, -7.815255994689612 ], [ 112.02327223449231, -7.815164209556539 ], [ 112.023123335603685, -7.815130391108707 ], [ 112.023174108241491, -7.814890029731757 ], [ 112.023164064498118, -7.81488750810317 ], [ 112.023086978671699, -7.814868151090955 ], [ 112.023037456882221, -7.814855715800629 ], [ 112.023089331697221, -7.81465345060454 ], [ 112.02310749411771, -7.81458263366752 ], [ 112.02335591507908, -7.814647611782145 ], [ 112.023380421170188, -7.814549585267024 ], [ 112.023355911446686, -7.814542599173965 ], [ 112.023375706319371, -7.814439417098732 ], [ 112.023391571585464, -7.814356717977059 ], [ 112.023460865202196, -7.813995516017548 ], [ 112.023254289438484, -7.813950067999968 ], [ 112.023263079404146, -7.813911076909545 ], [ 112.023629338168917, -7.814006594086038 ], [ 112.023636677844451, -7.813964947500594 ], [ 112.024244369994605, -7.814119965418596 ], [ 112.024282564456939, -7.813948946773259 ], [ 112.024385889669674, -7.813985860847644 ], [ 112.024387030477172, -7.813986202667167 ], [ 112.024664518703901, -7.814053596725116 ], [ 112.024690210425121, -7.814062575034319 ], [ 112.024688983142653, -7.814066937330416 ], [ 112.024688369047951, -7.814069118479583 ], [ 112.024687312595802, -7.814072873493465 ], [ 112.024687005099437, -7.814073965877982 ], [ 112.024686360100191, -7.814075746442591 ], [ 112.024686005643716, -7.814076920339089 ], [ 112.024684876974121, -7.814081556436306 ], [ 112.024676898195906, -7.814114341229378 ], [ 112.024667857197784, -7.814151491535915 ], [ 112.024642844272421, -7.814254272059434 ], [ 112.024606836158426, -7.81440655843099 ], [ 112.024601723174769, -7.814428182927052 ], [ 112.024601577114879, -7.814428906819799 ], [ 112.024589311534498, -7.814504518307013 ], [ 112.024589166861176, -7.814506182796547 ], [ 112.024588869176796, -7.81452997770191 ], [ 112.024255918079476, -7.81440800655788 ] ] ], [ [ [ 112.024099148900177, -7.815829897271169 ], [ 112.02330562246388, -7.815647026630315 ], [ 112.023230083459552, -7.815999055949507 ], [ 112.02321409898299, -7.816073547233573 ], [ 112.0231080316549, -7.816051409017279 ], [ 112.023113937850368, -7.816022164647942 ], [ 112.023028188800907, -7.81600494046331 ], [ 112.023022412527482, -7.816033538759124 ], [ 112.022923692845907, -7.816012934479071 ], [ 112.022873237707472, -7.816234415237494 ], [ 112.022798690688617, -7.816216060488139 ], [ 112.022788651751981, -7.816213663653327 ], [ 112.022782619749734, -7.816212103656937 ], [ 112.022776754368437, -7.816210441057178 ], [ 112.02277113801054, -7.816208624102359 ], [ 112.022765885680727, -7.816206581968977 ], [ 112.022761153130247, -7.816204217506665 ], [ 112.022757149538364, -7.816201400876348 ], [ 112.022754150186671, -7.816197960475484 ], [ 112.022752392454194, -7.816193801669296 ], [ 112.022751622661929, -7.816189029080737 ], [ 112.022751572774595, -7.816183810677139 ], [ 112.022764586861598, -7.816120476748325 ], [ 112.022853483881207, -7.815687755272961 ], [ 112.022939122019963, -7.815297769369691 ], [ 112.023189647396336, -7.815359012591318 ], [ 112.023231884226973, -7.815178233601266 ], [ 112.023267152361328, -7.815186244579138 ], [ 112.023663223001506, -7.815277994800236 ], [ 112.023798108986909, -7.815310530163968 ], [ 112.023932690998407, -7.81534299296036 ], [ 112.024111748085261, -7.815406912271736 ], [ 112.024104651710275, -7.815431901506225 ], [ 112.024186044709751, -7.81545489086802 ], [ 112.024099148900177, -7.815829897271169 ] ] ], [ [ [ 112.022417959364233, -7.815461681818618 ], [ 112.022350929636261, -7.815447422638407 ], [ 112.021910266590453, -7.815363364985844 ], [ 112.021912051328414, -7.815354060025474 ], [ 112.021639841545465, -7.815296152618777 ], [ 112.021731892299329, -7.814864151570071 ], [ 112.022201513619748, -7.814965371947757 ], [ 112.022154873467784, -7.81515664833818 ], [ 112.022253305315388, -7.815177947218649 ], [ 112.022294878413632, -7.814985495575451 ], [ 112.022472196680923, -7.815023714309517 ], [ 112.022721939296972, -7.815071212493123 ], [ 112.022659276574601, -7.815363615134311 ], [ 112.02286816068866, -7.815409640219721 ], [ 112.02285386923981, -7.815474645903391 ], [ 112.022850318135426, -7.815490801176597 ], [ 112.022838648553432, -7.815543890157147 ], [ 112.022833849756708, -7.815565719187456 ], [ 112.022833030829105, -7.815569447395641 ], [ 112.022829034820347, -7.815587624228419 ], [ 112.022579868067723, -7.815522735401156 ], [ 112.022567023020429, -7.815568711218103 ], [ 112.022404405300534, -7.81552484627438 ], [ 112.022417959364233, -7.815461681818618 ] ] ], [ [ [ 112.021803772018174, -7.814406256362797 ], [ 112.022530736143707, -7.814560903985553 ], [ 112.022530737595389, -7.814560904253366 ], [ 112.022608085308406, -7.81457565849331 ], [ 112.022610133893195, -7.814566111502733 ], [ 112.022617296701682, -7.814567640097564 ], [ 112.022618945904611, -7.814560522813133 ], [ 112.022622614841211, -7.81456136834199 ], [ 112.022653965361528, -7.814451882964617 ], [ 112.022723808587983, -7.814172252856562 ], [ 112.022747453454713, -7.814064095734209 ], [ 112.02275313267144, -7.8140371628101 ], [ 112.022407313947781, -7.813955866206803 ], [ 112.022408015650228, -7.813952897727429 ], [ 112.021700877484278, -7.813781614132406 ], [ 112.021646735007337, -7.813770037727135 ], [ 112.021525490510186, -7.813744113957608 ], [ 112.021522806027704, -7.813755209138828 ], [ 112.021152647324328, -7.813666137840211 ], [ 112.02115737934767, -7.813632402552339 ], [ 112.02125437890102, -7.813644782131483 ], [ 112.021285546299296, -7.813436519217079 ], [ 112.02132299583964, -7.813443607118464 ], [ 112.021352499790623, -7.813255804489016 ], [ 112.021539867707673, -7.81329595841346 ], [ 112.02149754500094, -7.81358532720404 ], [ 112.022348753514009, -7.813725410571591 ], [ 112.02239266153866, -7.813495955109899 ], [ 112.022494849512299, -7.813520666330696 ], [ 112.022452415153893, -7.813726595975411 ], [ 112.022752093045554, -7.813816323954051 ], [ 112.022832545742659, -7.813602326159214 ], [ 112.02327036933228, -7.813708199756583 ], [ 112.023269463256526, -7.813712635435287 ], [ 112.023235842695669, -7.813877284866233 ], [ 112.023175204651565, -7.814146237255617 ], [ 112.023106013171855, -7.814451533816115 ], [ 112.022993357058922, -7.814890792123926 ], [ 112.022993228689316, -7.814891333280075 ], [ 112.022989648985728, -7.814907658654463 ], [ 112.022940060101135, -7.815089681832351 ], [ 112.022938950444967, -7.815089471075196 ], [ 112.022538980443045, -7.815013400519251 ], [ 112.022619110289767, -7.814689368610684 ], [ 112.022498114177907, -7.814659610166554 ], [ 112.022471529638324, -7.814767113717139 ], [ 112.022312198456675, -7.814727928028764 ], [ 112.022256281175359, -7.814954047188328 ], [ 112.021711706488972, -7.814836671648903 ], [ 112.021803772018174, -7.814406256362797 ] ] ], [ [ [ 112.0207630301704, -7.813581088460444 ], [ 112.020799772604235, -7.813359356289046 ], [ 112.020604386505298, -7.813296682237921 ], [ 112.020639615371721, -7.813086944353724 ], [ 112.021135191313462, -7.813209227253651 ], [ 112.021063694990943, -7.813596328069376 ], [ 112.020919920403713, -7.8135709563512 ], [ 112.020913446734269, -7.813613249925051 ], [ 112.0207630301704, -7.813581088460444 ] ] ], [ [ [ 112.019956355510914, -7.812932051998716 ], [ 112.019966375349227, -7.812882922250027 ], [ 112.020372261646841, -7.812984369846429 ], [ 112.02036619238153, -7.813010024029046 ], [ 112.020365203283191, -7.813014980393486 ], [ 112.019956355510914, -7.812932051998716 ] ] ], [ [ [ 112.023065467769044, -7.813225726438678 ], [ 112.023371202126995, -7.813289956306686 ], [ 112.023350823715759, -7.81338663517913 ], [ 112.02327643012876, -7.813681747873161 ], [ 112.023275324412879, -7.813686133387599 ], [ 112.02269999459952, -7.813547008650882 ], [ 112.022801849652424, -7.813170343674509 ], [ 112.022953947352221, -7.81320229780475 ], [ 112.023065467769044, -7.813225726438678 ] ] ], [ [ [ 112.020535037544704, -7.812600086613525 ], [ 112.020543469713218, -7.812587688298763 ], [ 112.020553618297072, -7.812576642475512 ], [ 112.020565268931236, -7.812567183907214 ], [ 112.02057817270753, -7.812559513977106 ], [ 112.020591870369145, -7.812553855378105 ], [ 112.020606240407901, -7.812550214734522 ], [ 112.020620984633894, -7.812548666024808 ], [ 112.021191319454786, -7.812635588094555 ], [ 112.021550080462617, -7.812689340100224 ], [ 112.02152142488346, -7.812953767109501 ], [ 112.022176696565012, -7.813038329896144 ], [ 112.022164091974062, -7.813134699621488 ], [ 112.022164980238614, -7.8131248003619 ], [ 112.02205599713578, -7.813115071888538 ], [ 112.022053128351189, -7.813147035743032 ], [ 112.021533148386709, -7.813063097210291 ], [ 112.021502340605466, -7.813264790425928 ], [ 112.02114046683198, -7.813187238806292 ], [ 112.020438128096018, -7.813013934708733 ], [ 112.020454916196272, -7.812934573436401 ], [ 112.020523997303528, -7.812627868249781 ], [ 112.020528499814986, -7.812613575611343 ], [ 112.020535037544704, -7.812600086613525 ] ] ], [ [ [ 112.023461664163619, -7.812345372481269 ], [ 112.023455374566595, -7.812369846040291 ], [ 112.023452119541858, -7.812383929467507 ], [ 112.023449525835275, -7.812396228674297 ], [ 112.023444626961108, -7.812420886985477 ], [ 112.023440511446168, -7.812442111112034 ], [ 112.023432699588795, -7.812482401299686 ], [ 112.023428035936718, -7.8125064530774 ], [ 112.023412540275928, -7.812586364773461 ], [ 112.023399532739006, -7.812653448430571 ], [ 112.023389592809039, -7.812704713525458 ], [ 112.023380152018916, -7.812754259006696 ], [ 112.023369885862692, -7.812810472993067 ], [ 112.023367501781493, -7.812822827766368 ], [ 112.023366215113469, -7.81282887785845 ], [ 112.023364814716004, -7.812834777187201 ], [ 112.023363246899578, -7.812840450815454 ], [ 112.023361433420391, -7.812845795828436 ], [ 112.02335927055563, -7.812850674100476 ], [ 112.02335661999949, -7.812854897846406 ], [ 112.023353296146723, -7.812858221512416 ], [ 112.023349255789796, -7.812860405530929 ], [ 112.023344570335823, -7.81286172467374 ], [ 112.023339410846759, -7.812862410963461 ], [ 112.023333911063091, -7.812862639534395 ], [ 112.023328169259656, -7.812862545812099 ], [ 112.023322259130424, -7.812862226391409 ], [ 112.023316235269576, -7.812861755302856 ], [ 112.02330399101595, -7.812860549509737 ], [ 112.023254522711568, -7.812855083573536 ], [ 112.023140695697222, -7.812838920371269 ], [ 112.023223216406961, -7.81242848214229 ], [ 112.023052747293846, -7.812385821663381 ], [ 112.023026294575871, -7.812517960502223 ], [ 112.02280928811274, -7.812478713725337 ], [ 112.022814452630442, -7.812454007743818 ], [ 112.022840114448883, -7.812328887343691 ], [ 112.022603878375705, -7.812277770297302 ], [ 112.022573972748233, -7.812412806210241 ], [ 112.022559565349184, -7.812408533299813 ], [ 112.022200907008184, -7.812337612304297 ], [ 112.022149010539934, -7.812684737258141 ], [ 112.021749882377932, -7.812622702072014 ], [ 112.021731614166939, -7.812619862935533 ], [ 112.021729374187927, -7.812619514721306 ], [ 112.021724893320837, -7.812618817390616 ], [ 112.021815594943121, -7.812037974131369 ], [ 112.021873060367355, -7.811759631639738 ], [ 112.02187742834198, -7.811760899030143 ], [ 112.021878345294184, -7.811756455186577 ], [ 112.022053385560852, -7.811807243141439 ], [ 112.022181087301036, -7.811841099832074 ], [ 112.023278568182889, -7.812132033609517 ], [ 112.023413028950969, -7.812166168379056 ], [ 112.023503811513919, -7.812190148197905 ], [ 112.023502642280334, -7.81219451758663 ], [ 112.02349034337179, -7.812240504752232 ], [ 112.023490153858702, -7.812241261309311 ], [ 112.023486971041194, -7.812253340359059 ], [ 112.023483008055081, -7.812267929264788 ], [ 112.023471635903761, -7.812308665815713 ], [ 112.023461664163619, -7.812345372481269 ] ] ], [ [ [ 112.023776288961628, -7.809880277798804 ], [ 112.023725738781636, -7.810058681103536 ], [ 112.023561771051021, -7.810009237163443 ], [ 112.023572148613511, -7.809965649566298 ], [ 112.023432237729139, -7.809911970692128 ], [ 112.023423578034482, -7.80994335707067 ], [ 112.023297687426052, -7.809907068834861 ], [ 112.023350273393021, -7.809734477884909 ], [ 112.023393537341974, -7.809749285293956 ], [ 112.023392085043142, -7.809753233905935 ], [ 112.023654167741086, -7.809839660110461 ], [ 112.023672871989163, -7.809845828209889 ], [ 112.023748458646935, -7.80987075378226 ], [ 112.023776288961628, -7.809880277798804 ] ] ], [ [ [ 112.025250601482313, -7.812597072260013 ], [ 112.025238164355159, -7.812595240225364 ], [ 112.025231915003502, -7.812594529134427 ], [ 112.025226890651226, -7.812594099964859 ], [ 112.025221848500834, -7.812593810119588 ], [ 112.025215472552517, -7.812593622092064 ], [ 112.025202676299585, -7.812593651325907 ], [ 112.025177227547744, -7.812594271994909 ], [ 112.025171029049972, -7.812594332252587 ], [ 112.025164985306475, -7.812594259184593 ], [ 112.025159173220032, -7.812593977537237 ], [ 112.025153700465879, -7.812593386658402 ], [ 112.025148710913484, -7.812592352344389 ], [ 112.025144398207601, -7.812590697763042 ], [ 112.025141018425188, -7.812588187143167 ], [ 112.025138784255788, -7.812584643606338 ], [ 112.025137478488631, -7.812580249468534 ], [ 112.025136845035746, -7.812575235978849 ], [ 112.025136693879915, -7.812569779960731 ], [ 112.025136881142913, -7.812564012000178 ], [ 112.025137300956587, -7.812558030031616 ], [ 112.025137876407214, -7.812551904786689 ], [ 112.025139289715909, -7.81253941127487 ], [ 112.025143812981995, -7.812502833570851 ], [ 112.025145539217874, -7.812488872325643 ], [ 112.025150656756651, -7.812444962830532 ], [ 112.025158289844782, -7.812376809597746 ], [ 112.025169621458105, -7.812275645897407 ], [ 112.025172380021417, -7.812251016285973 ], [ 112.025181277048617, -7.812185354386121 ], [ 112.025187380884347, -7.812141651420185 ], [ 112.025187386248476, -7.812141619752365 ], [ 112.025520712957004, -7.812240334675971 ], [ 112.02548619619607, -7.812356568961395 ], [ 112.025611667181252, -7.812393727496906 ], [ 112.025531884292249, -7.812671939841704 ], [ 112.025517781761479, -7.812667367837712 ], [ 112.025498371119824, -7.812661292901052 ], [ 112.025474170086198, -7.812654037558096 ], [ 112.025377227305341, -7.812625429829033 ], [ 112.025352935433531, -7.812618484011667 ], [ 112.025340727065668, -7.812615255900349 ], [ 112.025330582943198, -7.812612831334581 ], [ 112.025318352346673, -7.812610156783422 ], [ 112.025306083091451, -7.812607620702409 ], [ 112.025281482460201, -7.812602735001132 ], [ 112.025262979542234, -7.81259922731662 ], [ 112.025250601482313, -7.812597072260013 ] ] ], [ [ [ 112.025066328348231, -7.812594215412253 ], [ 112.025062100210306, -7.812595628428231 ], [ 112.025057557570747, -7.812596748269502 ], [ 112.02505278230575, -7.81259767965053 ], [ 112.025041367059686, -7.812599487243411 ], [ 112.024999603415083, -7.812605394936882 ], [ 112.024975673953392, -7.812609088756533 ], [ 112.024963778618115, -7.812611129044135 ], [ 112.024954858858464, -7.812612815720613 ], [ 112.024936249077669, -7.812616807757744 ], [ 112.024926766534108, -7.812619030312655 ], [ 112.024919305213459, -7.81262077766538 ], [ 112.024919119478767, -7.812594074116673 ], [ 112.024917643090575, -7.812589256217198 ], [ 112.024909915597021, -7.812564040646484 ], [ 112.024889608206706, -7.812501872814533 ], [ 112.02488434607109, -7.812474964514736 ], [ 112.024866444562136, -7.812382990100925 ], [ 112.024856106613612, -7.812323386547912 ], [ 112.02485133837979, -7.812158337254429 ], [ 112.024842557877776, -7.812099969887043 ], [ 112.024837687170731, -7.812070309380477 ], [ 112.024821302706883, -7.812042590552429 ], [ 112.024808789787201, -7.812028263174979 ], [ 112.024778144458338, -7.812015083159916 ], [ 112.024777753006177, -7.812014845341342 ], [ 112.024905475419629, -7.812027723929838 ], [ 112.024906944938607, -7.812015220332861 ], [ 112.024911473880195, -7.811977614285646 ], [ 112.025160285896717, -7.812008308399163 ], [ 112.025143919947823, -7.81212874671551 ], [ 112.025137060848976, -7.812179219311822 ], [ 112.025116723201947, -7.812328873798633 ], [ 112.025083939173953, -7.812559172423949 ], [ 112.025083016135824, -7.812565197216645 ], [ 112.025081907604203, -7.812571022581743 ], [ 112.025080528110621, -7.812576558284263 ], [ 112.025078761272923, -7.812581681604945 ], [ 112.025076453429236, -7.812586230120345 ], [ 112.025073399090346, -7.812589986362911 ], [ 112.025070137387587, -7.812592384664865 ], [ 112.025066328348231, -7.812594215412253 ] ] ] ] } },
{ "type": "Feature", "properties": { "OBJECTID": 4, "Name": "Halte Imam Bonjol", "REMARK": "Halte", "type": "lines", "start": "612898.4698, 9136261.2602", "NAMZON": "AREA KOMERSIAL", "LUAS": 82182.846 }, "geometry": { "type": "MultiPolygon", "coordinates": [ [ [ [ 112.019964141791078, -7.812882363991185 ], [ 112.019916757891508, -7.812870520785722 ], [ 112.019956133288062, -7.812463117739434 ], [ 112.019971984104274, -7.812465254067543 ], [ 112.02005439101417, -7.812476360478128 ], [ 112.020158218627174, -7.812490354544106 ], [ 112.020189475393948, -7.812494671880886 ], [ 112.020201958817424, -7.812496524757375 ], [ 112.0202205303451, -7.812499536879296 ], [ 112.020344288641326, -7.812520905394601 ], [ 112.020365818963668, -7.81252449281553 ], [ 112.020383077643174, -7.812535489645416 ], [ 112.020398320360442, -7.812549131356972 ], [ 112.020411142671904, -7.812565058061629 ], [ 112.02042120618556, -7.812582847306013 ], [ 112.020428243130553, -7.812602028531813 ], [ 112.020432069080016, -7.812622093898003 ], [ 112.020432581172543, -7.812642512755975 ], [ 112.02039027054677, -7.812903555835076 ], [ 112.020378777099538, -7.81295572455929 ], [ 112.020373219488064, -7.812980324756476 ], [ 112.020372261646841, -7.812984369846429 ], [ 112.019966375349227, -7.812882922250027 ], [ 112.019966444070576, -7.812882585292146 ], [ 112.019964141791078, -7.812882363991185 ] ] ], [ [ [ 112.020003068811647, -7.811977492433791 ], [ 112.020139603536734, -7.811990616573613 ], [ 112.020146127425406, -7.811954830836737 ], [ 112.02015531634575, -7.811956496855747 ], [ 112.020157177820252, -7.811947369613319 ], [ 112.020178552127604, -7.811951705112153 ], [ 112.020192337287298, -7.811897849659681 ], [ 112.020247906100863, -7.811911494484728 ], [ 112.020253052858862, -7.811886881714261 ], [ 112.020259198318797, -7.81185749750258 ], [ 112.020261529511529, -7.811846737580979 ], [ 112.020616173512238, -7.811937019840058 ], [ 112.020600168243419, -7.811997993295302 ], [ 112.020592506915904, -7.812027185813873 ], [ 112.020531448009152, -7.812259804697449 ], [ 112.020521967267442, -7.812296397991858 ], [ 112.020517507340102, -7.812314782143209 ], [ 112.020491491545414, -7.812396374302221 ], [ 112.020483564950467, -7.812404467239201 ], [ 112.02047448795588, -7.812411253347327 ], [ 112.020464475102244, -7.812416570216517 ], [ 112.020453762790112, -7.812420294274181 ], [ 112.020442604734498, -7.81242233627405 ], [ 112.020160338049294, -7.812387601378296 ], [ 112.020045874274871, -7.812370957693737 ], [ 112.02003355515437, -7.812369166820792 ], [ 112.019966160732579, -7.812359367339996 ], [ 112.020003068811647, -7.811977492433791 ] ] ], [ [ [ 112.023028241218242, -7.810035668424534 ], [ 112.023449019144991, -7.810146054611384 ], [ 112.023449647087531, -7.810146207747567 ], [ 112.023467352969575, -7.810150185948708 ], [ 112.02358830249365, -7.810177363165175 ], [ 112.023679303646944, -7.810197810698225 ], [ 112.023685785128919, -7.810199267404457 ], [ 112.023636423189103, -7.810371077293107 ], [ 112.023627731782128, -7.810402843609157 ], [ 112.023524055460115, -7.810377395451782 ], [ 112.023509511793534, -7.810436327639298 ], [ 112.023378357414146, -7.81040413566587 ], [ 112.023401560863022, -7.810310117104328 ], [ 112.023357779834015, -7.810299370913667 ], [ 112.023324271408114, -7.810435144530778 ], [ 112.023261501372062, -7.810419737678726 ], [ 112.023300954825331, -7.810259877530926 ], [ 112.023133143763985, -7.810218687459231 ], [ 112.023149582350129, -7.810152081178401 ], [ 112.023051220951928, -7.810127937774912 ], [ 112.023047195941402, -7.810144246137084 ], [ 112.023004245965083, -7.810133703788993 ], [ 112.023028241218242, -7.810035668424534 ] ] ], [ [ [ 112.023083604889919, -7.809809473649123 ], [ 112.023190935016004, -7.80983762780616 ], [ 112.023197817382453, -7.809802209288682 ], [ 112.023119993435898, -7.80977988472287 ], [ 112.02315029954022, -7.80967424522297 ], [ 112.023119119786486, -7.809664373275735 ], [ 112.023138077081597, -7.809586920939751 ], [ 112.023375580074642, -7.809644736319288 ], [ 112.023376374919437, -7.809641587633715 ], [ 112.023384186941954, -7.809643548868471 ], [ 112.023386293187912, -7.809635794667309 ], [ 112.023400927617558, -7.809639748202164 ], [ 112.023409659323221, -7.809611452056973 ], [ 112.023540533889431, -7.809653274861842 ], [ 112.023709440974983, -7.809708539496409 ], [ 112.0237628468427, -7.809726012967872 ], [ 112.023780001670431, -7.809731625881362 ], [ 112.023784524314564, -7.809733105419117 ], [ 112.02380686797683, -7.809740416030728 ], [ 112.023815244355049, -7.809743156950545 ], [ 112.023814049733247, -7.809747525496409 ], [ 112.023813467398099, -7.809749714707408 ], [ 112.023799726600828, -7.809797563051761 ], [ 112.023784809455734, -7.809850209498769 ], [ 112.023776288961628, -7.809880277798804 ], [ 112.023748458646935, -7.80987075378226 ], [ 112.023672871989163, -7.809845828209889 ], [ 112.023654167741086, -7.809839660110461 ], [ 112.023392085043142, -7.809753233905935 ], [ 112.023393537341974, -7.809749285293956 ], [ 112.023350273393021, -7.809734477884909 ], [ 112.023297687426052, -7.809907068834861 ], [ 112.023423578034482, -7.80994335707067 ], [ 112.023432237729139, -7.809911970692128 ], [ 112.023572148613511, -7.809965649566298 ], [ 112.023561771051021, -7.810009237163443 ], [ 112.023725738781636, -7.810058681103536 ], [ 112.023695775879844, -7.810164428327717 ], [ 112.023689006756555, -7.810162907199627 ], [ 112.023457935597392, -7.810110986606267 ], [ 112.0230368445946, -7.810000518333275 ], [ 112.023083604889919, -7.809809473649123 ] ] ], [ [ [ 112.023917036761858, -7.809530626511139 ], [ 112.023877825954301, -7.809657012792691 ], [ 112.023877716203941, -7.809657378445613 ], [ 112.023865307238509, -7.809700592916611 ], [ 112.023877807763213, -7.809659970301928 ], [ 112.023891165187862, -7.809617812613766 ], [ 112.023918884201109, -7.809531193498189 ], [ 112.024200701139492, -7.809617684213445 ], [ 112.024185163189657, -7.809674081872197 ], [ 112.024137625259755, -7.809662710856758 ], [ 112.024107686149563, -7.809783388261327 ], [ 112.024150901096959, -7.809793334431044 ], [ 112.024116659971966, -7.809921201572212 ], [ 112.024067676747592, -7.809907727651195 ], [ 112.024041054754022, -7.810011167750489 ], [ 112.024008401260218, -7.810002632213947 ], [ 112.023973210179562, -7.810134809420421 ], [ 112.023938634463704, -7.810125320751087 ], [ 112.023911615573766, -7.810226675303185 ], [ 112.023785646855444, -7.810194109121685 ], [ 112.023727001086527, -7.810178947395404 ], [ 112.023727131477486, -7.810178492154557 ], [ 112.02372823655945, -7.810174595030307 ], [ 112.023785110565441, -7.80997386970588 ], [ 112.023832436303934, -7.809806843716025 ], [ 112.023850968395067, -7.809742313431457 ], [ 112.023875549827977, -7.809656710801169 ], [ 112.023875646085159, -7.80965639040208 ], [ 112.023914870259404, -7.809529961602189 ], [ 112.023917036761858, -7.809530626511139 ] ] ], [ [ [ 112.025635925600795, -7.810967121178863 ], [ 112.025643572694761, -7.810992168075644 ], [ 112.025683762997701, -7.810868066827165 ], [ 112.025729305520585, -7.810727438901173 ], [ 112.025757662642022, -7.810735248346286 ], [ 112.026150807325095, -7.810838198765063 ], [ 112.026155200405043, -7.810839349379361 ], [ 112.026153804331926, -7.810843658726072 ], [ 112.026153106749916, -7.810845813850526 ], [ 112.026148030129704, -7.81086148806648 ], [ 112.025873625059006, -7.811708809808414 ], [ 112.025869352590604, -7.811707288990567 ], [ 112.025820261410232, -7.811689813497808 ], [ 112.025561105257623, -7.811595069194267 ], [ 112.025706632362898, -7.811175959149119 ], [ 112.025579834888845, -7.811133193676726 ], [ 112.025627648293494, -7.810969634574858 ], [ 112.025635925600795, -7.810967121178863 ] ] ], [ [ [ 112.027059103332732, -7.812045422411363 ], [ 112.027153493564555, -7.811751062658469 ], [ 112.027167707075208, -7.811756022328027 ], [ 112.027059103332732, -7.812045422411363 ] ] ], [ [ [ 112.026168178954848, -7.812451791464808 ], [ 112.026459631728954, -7.812553031194286 ], [ 112.026450092124861, -7.812581504078141 ], [ 112.02634198085623, -7.812953604708019 ], [ 112.026338019102809, -7.812952317387684 ], [ 112.025635353067614, -7.812705726699919 ], [ 112.025547930028765, -7.812677142034464 ], [ 112.025531884292249, -7.812671939841704 ], [ 112.025611667181252, -7.812393727496906 ], [ 112.025629865207577, -7.812330268809723 ], [ 112.026123530689816, -7.812507770868967 ], [ 112.026142849138992, -7.812514716959766 ], [ 112.02616122665421, -7.812449258236182 ], [ 112.026168178954848, -7.812451791464808 ] ] ], [ [ [ 112.027920096110478, -7.813477729829376 ], [ 112.027812363644131, -7.813440651212926 ], [ 112.027899694672044, -7.813172698116066 ], [ 112.028013164058208, -7.813209355646831 ], [ 112.027920096110478, -7.813477729829376 ] ] ], [ [ [ 112.025108910975391, -7.813091892323587 ], [ 112.025008058032199, -7.813112052125831 ], [ 112.02498213787969, -7.813054780954931 ], [ 112.02496772635908, -7.813048833150934 ], [ 112.024956782993698, -7.812989035719119 ], [ 112.024934053358564, -7.812992366668656 ], [ 112.02493113095791, -7.812982544485563 ], [ 112.024912353918126, -7.812919443200173 ], [ 112.024910262708232, -7.812912417286196 ], [ 112.024908285053968, -7.812899892203848 ], [ 112.024936159378555, -7.812895760121554 ], [ 112.024920209591556, -7.812751025073139 ], [ 112.024919949487796, -7.81271353555403 ], [ 112.024921626268522, -7.812713133541177 ], [ 112.024931051585114, -7.812710872234695 ], [ 112.02495567878681, -7.812705082080427 ], [ 112.024974215037844, -7.812701059469918 ], [ 112.024986127964155, -7.812698793937705 ], [ 112.024989331607557, -7.812698247131282 ], [ 112.025142076392669, -7.812669831374879 ], [ 112.025217315558621, -7.81267177696176 ], [ 112.025292043130378, -7.812680743908337 ], [ 112.025365598699949, -7.812696654227568 ], [ 112.025437336217195, -7.812719367492779 ], [ 112.02582794547142, -7.812856951769524 ], [ 112.026245841582067, -7.813004147614976 ], [ 112.026780990968874, -7.813178871831862 ], [ 112.026709865146827, -7.813403998082491 ], [ 112.026567709574636, -7.813361270324992 ], [ 112.026575788493531, -7.81332870685596 ], [ 112.026296262695425, -7.813237496482049 ], [ 112.026280528201042, -7.813279171608018 ], [ 112.025754610096087, -7.813104806006471 ], [ 112.025293543176758, -7.812956603779482 ], [ 112.025282100358382, -7.812987261638596 ], [ 112.025282403917501, -7.813111695046365 ], [ 112.025262597992253, -7.813114837915976 ], [ 112.025108910975391, -7.813091892323587 ] ] ], [ [ [ 112.024829220477599, -7.813153846871574 ], [ 112.024811720727101, -7.813110932968704 ], [ 112.024793143280817, -7.813049718724043 ], [ 112.024780723164497, -7.812994615204471 ], [ 112.024742335389575, -7.812996239482684 ], [ 112.024722413020825, -7.812754246950972 ], [ 112.024853008495811, -7.812728727603644 ], [ 112.024854262013463, -7.812766739279862 ], [ 112.024852057849785, -7.812846909080202 ], [ 112.024853380204348, -7.812897157435097 ], [ 112.024863117898406, -7.812954565596667 ], [ 112.024904162881455, -7.813058558829001 ], [ 112.024940286965574, -7.813127281021639 ], [ 112.024829220477599, -7.813153846871574 ] ] ], [ [ [ 112.024395145000923, -7.813234568527477 ], [ 112.024396425928273, -7.813240344958542 ], [ 112.024271575810587, -7.813267880233114 ], [ 112.024417717058725, -7.812813787659721 ], [ 112.024665790612943, -7.81276531239234 ], [ 112.024545401578564, -7.813204533528821 ], [ 112.024395145000923, -7.813234568527477 ] ] ], [ [ [ 112.0231642060415, -7.816306059528765 ], [ 112.022873237707472, -7.816234415237494 ], [ 112.022923692845907, -7.816012934479071 ], [ 112.023022412527482, -7.816033538759124 ], [ 112.023028188800907, -7.81600494046331 ], [ 112.023113937850368, -7.816022164647942 ], [ 112.0231080316549, -7.816051409017279 ], [ 112.02321409898299, -7.816073547233573 ], [ 112.0231642060415, -7.816306059528765 ] ] ], [ [ [ 112.023135195564819, -7.816441254770536 ], [ 112.022723498897662, -7.816353394856937 ], [ 112.02272975735282, -7.816312042936254 ], [ 112.022735451603083, -7.816301896891439 ], [ 112.022742671932392, -7.816292768245933 ], [ 112.022751241136334, -7.816284882630184 ], [ 112.022760944757223, -7.816278436823287 ], [ 112.022771542853917, -7.816273590584702 ], [ 112.022782772715885, -7.816270463934342 ], [ 112.022794355202777, -7.816269133519637 ], [ 112.022827702640896, -7.816277533553888 ], [ 112.023152912147168, -7.816358691583256 ], [ 112.023135195564819, -7.816441254770536 ] ] ], [ [ [ 112.022248370295301, -7.816251997416517 ], [ 112.022267744785822, -7.816161708909847 ], [ 112.022639295785353, -7.816238116393427 ], [ 112.022651848276752, -7.816245196583266 ], [ 112.02266300997546, -7.816254304239943 ], [ 112.022672452843139, -7.816265174257163 ], [ 112.022679903127639, -7.816277488940697 ], [ 112.022685141389488, -7.816290888861345 ], [ 112.022688017034397, -7.816304981863926 ], [ 112.022688443813891, -7.816319357548992 ], [ 112.022684790031605, -7.81634513400027 ], [ 112.022248370295301, -7.816251997416517 ] ] ], [ [ [ 112.022404405300534, -7.81552484627438 ], [ 112.022567023020429, -7.815568711218103 ], [ 112.022579868067723, -7.815522735401156 ], [ 112.022829034820347, -7.815587624228419 ], [ 112.022815954305571, -7.815647134415091 ], [ 112.022813040956734, -7.815660393084037 ], [ 112.022809143600412, -7.815678115657226 ], [ 112.022787692998307, -7.815773283113869 ], [ 112.022774190819774, -7.815833188649868 ], [ 112.022754515793082, -7.81592047789494 ], [ 112.022749777597838, -7.815941498223545 ], [ 112.022727015249345, -7.816042486108214 ], [ 112.022717414436059, -7.816085946107216 ], [ 112.022705357296843, -7.816142271148579 ], [ 112.022702477651848, -7.816154475177751 ], [ 112.022700898540734, -7.816160358659039 ], [ 112.022699160118691, -7.81616599471393 ], [ 112.022697190461017, -7.816171268654776 ], [ 112.022694889429872, -7.816176025163159 ], [ 112.022692125016121, -7.816180055636777 ], [ 112.022688718797937, -7.816183085562774 ], [ 112.022684536908287, -7.816184888254978 ], [ 112.022679715939319, -7.816185692201781 ], [ 112.022674431594425, -7.816185772827018 ], [ 112.022668816785213, -7.816185336921897 ], [ 112.022662970740399, -7.816184538902651 ], [ 112.022656965384741, -7.816183493456911 ], [ 112.022650855330468, -7.816182281850607 ], [ 112.022638455888824, -7.816179582318213 ], [ 112.022582240988584, -7.816166777912084 ], [ 112.022560607901056, -7.81616203593052 ], [ 112.022520177321368, -7.816153173674462 ], [ 112.022443195840154, -7.816136538634355 ], [ 112.022349742637189, -7.816116343838347 ], [ 112.022280681808752, -7.816101420109939 ], [ 112.022404405300534, -7.81552484627438 ] ] ], [ [ [ 112.020649934635301, -7.813556906788522 ], [ 112.020652333944696, -7.813545746818495 ], [ 112.020531793518273, -7.813516740939244 ], [ 112.020635999409734, -7.813086052100506 ], [ 112.020639615371721, -7.813086944353724 ], [ 112.020604386505298, -7.813296682237921 ], [ 112.020799772604235, -7.813359356289046 ], [ 112.0207630301704, -7.813581088460444 ], [ 112.020649934635301, -7.813556906788522 ] ] ], [ [ [ 112.022976837461627, -7.815124945796485 ], [ 112.022977803440966, -7.815120528061355 ], [ 112.023231884226973, -7.815178233601266 ], [ 112.023189647396336, -7.815359012591318 ], [ 112.022939122019963, -7.815297769369691 ], [ 112.022946415200792, -7.81526455936328 ], [ 112.022976354927621, -7.815127155567394 ], [ 112.022976837461627, -7.815124945796485 ] ] ], [ [ [ 112.022873437551311, -7.815385629466439 ], [ 112.02286816068866, -7.815409640219721 ], [ 112.022659276574601, -7.815363615134311 ], [ 112.022721939296972, -7.815071212493123 ], [ 112.022934098793854, -7.815111565229882 ], [ 112.022933127379289, -7.815115985691397 ], [ 112.022923396261433, -7.815160297069681 ], [ 112.022913919867477, -7.815203443837927 ], [ 112.022907752151937, -7.815230321057997 ], [ 112.022896784776776, -7.81527941621277 ], [ 112.022892479318045, -7.815299001078108 ], [ 112.022882020656624, -7.815346582804756 ], [ 112.022873437551311, -7.815385629466439 ] ] ], [ [ [ 112.022294878413632, -7.814985495575451 ], [ 112.022253305315388, -7.815177947218649 ], [ 112.022154873467784, -7.81515664833818 ], [ 112.022201513619748, -7.814965371947757 ], [ 112.022294878413632, -7.814985495575451 ] ] ], [ [ [ 112.022984080932702, -7.81509180735975 ], [ 112.02302638532278, -7.814898888138473 ], [ 112.023037456882221, -7.814855715800629 ], [ 112.023086978671699, -7.814868151090955 ], [ 112.023164064498118, -7.81488750810317 ], [ 112.023174108241491, -7.814890029731757 ], [ 112.023123335603685, -7.815130391108707 ], [ 112.022982632419485, -7.815098434865777 ], [ 112.022983598396536, -7.815094016226226 ], [ 112.022984080932702, -7.81509180735975 ] ] ], [ [ [ 112.022498114177907, -7.814659610166554 ], [ 112.022619110289767, -7.814689368610684 ], [ 112.022538980443045, -7.815013400519251 ], [ 112.0224767153709, -7.815001557653266 ], [ 112.022256281175359, -7.814954047188328 ], [ 112.022312198456675, -7.814727928028764 ], [ 112.022471529638324, -7.814767113717139 ], [ 112.022498114177907, -7.814659610166554 ] ] ], [ [ [ 112.02335591507908, -7.814647611782145 ], [ 112.02310749411771, -7.81458263366752 ], [ 112.023139018044205, -7.814459721229566 ], [ 112.023139137459111, -7.8144592271251 ], [ 112.023208380939778, -7.814153694381686 ], [ 112.023254289438484, -7.813950067999968 ], [ 112.023460865202196, -7.813995516017548 ], [ 112.023391571585464, -7.814356717977059 ], [ 112.023375706319371, -7.814439417098732 ], [ 112.023355911446686, -7.814542599173965 ], [ 112.023380421170188, -7.814549585267024 ], [ 112.02335591507908, -7.814647611782145 ] ] ], [ [ [ 112.023770796306948, -7.813813276341471 ], [ 112.023794475334427, -7.813818800166371 ], [ 112.024151249703252, -7.813902034281748 ], [ 112.024282564456939, -7.813948946773259 ], [ 112.024244369994605, -7.814119965418596 ], [ 112.023636677844451, -7.813964947500594 ], [ 112.023629338168917, -7.814006594086038 ], [ 112.023263079404146, -7.813911076909545 ], [ 112.023269097908198, -7.813884388169463 ], [ 112.023294432982297, -7.813760322200755 ], [ 112.023302953280933, -7.813718595881828 ], [ 112.023303366833431, -7.813716363667314 ], [ 112.023304252904268, -7.81371190633088 ], [ 112.023348001165076, -7.813716121717122 ], [ 112.023455723230811, -7.813740875362685 ], [ 112.023770796306948, -7.813813276341471 ] ] ], [ [ [ 112.02377592467937, -7.813791251153528 ], [ 112.023605329174117, -7.813752050703783 ], [ 112.023629644293592, -7.813541402214395 ], [ 112.024055899933643, -7.813583442572551 ], [ 112.024067281046342, -7.813527419425288 ], [ 112.024228604775757, -7.813558615411679 ], [ 112.024214442272054, -7.81365484691992 ], [ 112.024367151472859, -7.813696113677938 ], [ 112.024397112544221, -7.813584050829237 ], [ 112.024492209421126, -7.813615407258022 ], [ 112.024456524595678, -7.813741842611416 ], [ 112.02453143076977, -7.813758890258721 ], [ 112.024475485215461, -7.813984413607741 ], [ 112.024392975505904, -7.813964373564495 ], [ 112.024158285632254, -7.813880530842433 ], [ 112.02415704500936, -7.813880165749197 ], [ 112.02379441872985, -7.813795565665079 ], [ 112.02377592467937, -7.813791251153528 ] ] ], [ [ [ 112.022832545742659, -7.813602326159214 ], [ 112.022752093045554, -7.813816323954051 ], [ 112.022452415153893, -7.813726595975411 ], [ 112.022494849512299, -7.813520666330696 ], [ 112.022832545742659, -7.813602326159214 ] ] ], [ [ [ 112.02239266153866, -7.813495955109899 ], [ 112.022348753514009, -7.813725410571591 ], [ 112.02149754500094, -7.81358532720404 ], [ 112.021539867707673, -7.81329595841346 ], [ 112.021677292034482, -7.813325408858944 ], [ 112.022322614887969, -7.813479016501981 ], [ 112.02239266153866, -7.813495955109899 ] ] ], [ [ [ 112.02115737934767, -7.813632402552339 ], [ 112.021155007973277, -7.813632099874455 ], [ 112.021167137257493, -7.813562841413588 ], [ 112.021225668162344, -7.813228623761489 ], [ 112.021352499790623, -7.813255804489016 ], [ 112.02132299583964, -7.813443607118464 ], [ 112.021285546299296, -7.813436519217079 ], [ 112.02125437890102, -7.813644782131483 ], [ 112.02115737934767, -7.813632402552339 ] ] ], [ [ [ 112.022164980238614, -7.8131248003619 ], [ 112.022164091974062, -7.813134699621488 ], [ 112.022176696565012, -7.813038329896144 ], [ 112.02152142488346, -7.812953767109501 ], [ 112.021550080462617, -7.812689340100224 ], [ 112.022516331385873, -7.812834110539469 ], [ 112.02287153755239, -7.812882646933534 ], [ 112.023018323504104, -7.812902704459271 ], [ 112.023124614751907, -7.812917229033486 ], [ 112.023430687911343, -7.81295905097213 ], [ 112.023413039269158, -7.813091476002891 ], [ 112.023371202126995, -7.813289956306686 ], [ 112.023065467769044, -7.813225726438678 ], [ 112.022953947352221, -7.81320229780475 ], [ 112.022801849652424, -7.813170343674509 ], [ 112.02269999459952, -7.813547008650882 ], [ 112.022327917564013, -7.813457033408344 ], [ 112.022295100516089, -7.813449221705079 ], [ 112.021682306184815, -7.813303357730601 ], [ 112.021502340605466, -7.813264790425928 ], [ 112.021533148386709, -7.813063097210291 ], [ 112.022053128351189, -7.813147035743032 ], [ 112.02205599713578, -7.813115071888538 ], [ 112.022164980238614, -7.8131248003619 ] ] ], [ [ [ 112.022559565349184, -7.812408533299813 ], [ 112.022573972748233, -7.812412806210241 ], [ 112.022603878375705, -7.812277770297302 ], [ 112.022840114448883, -7.812328887343691 ], [ 112.022814452630442, -7.812454007743818 ], [ 112.02280928811274, -7.812478713725337 ], [ 112.023026294575871, -7.812517960502223 ], [ 112.023052747293846, -7.812385821663381 ], [ 112.023223216406961, -7.81242848214229 ], [ 112.023140695697222, -7.812838920371269 ], [ 112.022968420635507, -7.812814457639059 ], [ 112.022889553052536, -7.812803258232586 ], [ 112.022875977736362, -7.81280104269392 ], [ 112.022857771904725, -7.812798126581073 ], [ 112.022851376770817, -7.812797138149572 ], [ 112.022500646562875, -7.812740913245038 ], [ 112.022559565349184, -7.812408533299813 ] ] ], [ [ [ 112.020639279892507, -7.812063305008119 ], [ 112.020651592232426, -7.812016368208191 ], [ 112.020687440347203, -7.812024321967585 ], [ 112.020814669545359, -7.812052552889525 ], [ 112.02080246398981, -7.812131502437878 ], [ 112.020828596510611, -7.812135344622114 ], [ 112.020937284393668, -7.812151324637878 ], [ 112.020890433129878, -7.812486990987431 ], [ 112.020661526972404, -7.812450585489298 ], [ 112.020572211953748, -7.812436381043377 ], [ 112.020566605258452, -7.81243217001662 ], [ 112.020561704000812, -7.812427158679506 ], [ 112.020557622732667, -7.812421463426165 ], [ 112.020554456998411, -7.812415216071869 ], [ 112.020552278793915, -7.812408561150644 ], [ 112.020565017187167, -7.812350708729064 ], [ 112.020569083558271, -7.812331967375767 ], [ 112.020569947191944, -7.812327595111547 ], [ 112.020593463060948, -7.812237955087786 ], [ 112.020639279892507, -7.812063305008119 ] ] ], [ [ [ 112.023509654054081, -7.812168301263019 ], [ 112.023435155333061, -7.812148624150246 ], [ 112.02351415084155, -7.811884288700281 ], [ 112.023579883905185, -7.811895957561485 ], [ 112.023574354684953, -7.811920217644412 ], [ 112.023569864659237, -7.811938474360039 ], [ 112.023544234688814, -7.812035983551128 ], [ 112.023527182942018, -7.812102909685046 ], [ 112.023524129652145, -7.812114178057647 ], [ 112.023511407450869, -7.812161747181021 ], [ 112.023510822380686, -7.812163931876486 ], [ 112.023509654054081, -7.812168301263019 ] ] ], [ [ [ 112.025235301175499, -7.811869430432633 ], [ 112.025239527255664, -7.811848957607714 ], [ 112.025262097125804, -7.811739623219678 ], [ 112.025274249227422, -7.811680752876553 ], [ 112.025287033230228, -7.811618824954701 ], [ 112.025290914783923, -7.811608059234483 ], [ 112.025296541330079, -7.811598088791257 ], [ 112.02530375666052, -7.811589194375039 ], [ 112.025312357327138, -7.811581623386837 ], [ 112.025322103522541, -7.811575588947754 ], [ 112.025332721774078, -7.811571259039392 ], [ 112.02534391491541, -7.811568754670839 ], [ 112.025355371148549, -7.811568147143466 ], [ 112.025428741322372, -7.811594389151755 ], [ 112.025540759923985, -7.811634453728593 ], [ 112.025611387083742, -7.811659713823443 ], [ 112.025801655656906, -7.811727765735979 ], [ 112.025876229471336, -7.811754437956541 ], [ 112.02589558319076, -7.811761359558777 ], [ 112.026118981550269, -7.811841260236672 ], [ 112.026158234525525, -7.811855299255516 ], [ 112.02619176725257, -7.811867292788448 ], [ 112.026119109334473, -7.812062266512824 ], [ 112.025924540589088, -7.811976592578857 ], [ 112.0258385622204, -7.812141915445681 ], [ 112.025827932939805, -7.812137269901115 ], [ 112.025691556227798, -7.812077662073443 ], [ 112.025700099768613, -7.812038875960319 ], [ 112.025616543054014, -7.812013670780984 ], [ 112.025356111201319, -7.811935110502072 ], [ 112.025230379123073, -7.811897182838803 ], [ 112.025230892686082, -7.811893571135862 ], [ 112.025231849500614, -7.811886150736298 ], [ 112.025235301175499, -7.811869430432633 ] ] ], [ [ [ 112.023621032964087, -7.811957960147314 ], [ 112.023625667836924, -7.811939599071896 ], [ 112.023628818558336, -7.811926259333014 ], [ 112.023634325446139, -7.811901767771414 ], [ 112.023645220300381, -7.811852364379292 ], [ 112.023654844116081, -7.811808724339238 ], [ 112.023666191042309, -7.81175726771495 ], [ 112.02368028097564, -7.811693377667089 ], [ 112.023682835723562, -7.811681097547167 ], [ 112.023685169106372, -7.811668783595278 ], [ 112.023686745624232, -7.811658865485751 ], [ 112.023688264134606, -7.811646354534341 ], [ 112.023689469657583, -7.81163379911979 ], [ 112.023691015299207, -7.811614926387282 ], [ 112.023692766915644, -7.811592002242722 ], [ 112.023705502378959, -7.811309692660214 ], [ 112.023725611306645, -7.811322866629066 ], [ 112.023734910450614, -7.811330993866993 ], [ 112.023979771560022, -7.811581309514592 ], [ 112.023991659838288, -7.811597601034487 ], [ 112.024009430834184, -7.811621952994248 ], [ 112.02403062773179, -7.811650999654624 ], [ 112.024026392008125, -7.811661954345581 ], [ 112.02402480045771, -7.811666070615196 ], [ 112.023957365029915, -7.811840485651107 ], [ 112.023946520607566, -7.811835745612288 ], [ 112.023932863625802, -7.811829776040131 ], [ 112.023896382601095, -7.811924626296871 ], [ 112.02384162543261, -7.811904657231574 ], [ 112.023809449009988, -7.811993753966614 ], [ 112.023725878805706, -7.811965958161324 ], [ 112.023673098195019, -7.812166616603854 ], [ 112.023572900047384, -7.812139211058661 ], [ 112.02357636352157, -7.812126190728391 ], [ 112.023612992387797, -7.811988484924054 ], [ 112.023621032964087, -7.811957960147314 ] ] ], [ [ [ 112.026139120897213, -7.811413248374046 ], [ 112.026332196674048, -7.811477388842967 ], [ 112.026224308871065, -7.811833647929462 ], [ 112.025899259872304, -7.811717935619047 ], [ 112.025894987403717, -7.811716414801469 ], [ 112.026036352587482, -7.811279898311115 ], [ 112.026164814454546, -7.811322731947667 ], [ 112.026139120897213, -7.811413248374046 ] ] ], [ [ [ 112.023502107523285, -7.811352889398847 ], [ 112.023577392196813, -7.811368022599329 ], [ 112.023603377725578, -7.811249690908036 ], [ 112.023643122744161, -7.811268825414079 ], [ 112.023670261344535, -7.811286604870411 ], [ 112.02363927498665, -7.811577647454612 ], [ 112.023636374537546, -7.811615553445087 ], [ 112.023635316580624, -7.811628003589142 ], [ 112.023634086250595, -7.811640427922391 ], [ 112.023632515713246, -7.811652802431838 ], [ 112.023631538491841, -7.811658930459529 ], [ 112.023630448776316, -7.811665042480022 ], [ 112.023628043447985, -7.81167723360444 ], [ 112.023622810025756, -7.811701553567522 ], [ 112.023605307869161, -7.811780519575477 ], [ 112.023587456192075, -7.811861572030572 ], [ 112.023358869001328, -7.811811153162542 ], [ 112.023502107523285, -7.811352889398847 ] ] ], [ [ [ 112.026408557597563, -7.810910369963207 ], [ 112.026378446240486, -7.811051244535204 ], [ 112.026378228678169, -7.811052768111592 ], [ 112.026378219737794, -7.811054306556579 ], [ 112.02637842025996, -7.811055832735446 ], [ 112.026382234552031, -7.811074734050964 ], [ 112.026382676445692, -7.811076316622364 ], [ 112.026383343053411, -7.811077819058877 ], [ 112.026384220692336, -7.811079208834524 ], [ 112.026385291154071, -7.811080457052003 ], [ 112.02638653170014, -7.811081536633806 ], [ 112.026395530977396, -7.811088291621638 ], [ 112.026333177603121, -7.811289299970763 ], [ 112.02620206755175, -7.811249416712194 ], [ 112.02621206779348, -7.811217805463261 ], [ 112.026071753029484, -7.811170587026943 ], [ 112.026169941503767, -7.810867399542655 ], [ 112.026175069425065, -7.810851565119107 ], [ 112.026175767006961, -7.810849409994648 ], [ 112.026177163079836, -7.810845100647905 ], [ 112.026181555250758, -7.810846250359715 ], [ 112.026405114108826, -7.81090479260929 ], [ 112.02640950446694, -7.810905942322952 ], [ 112.026408557597563, -7.810910369963207 ] ] ], [ [ [ 112.024012040341489, -7.810926653925693 ], [ 112.023984920165574, -7.811022916824055 ], [ 112.024013738375615, -7.811032896963581 ], [ 112.023989435525706, -7.811103309135442 ], [ 112.024133523124192, -7.811151776303447 ], [ 112.024097884675982, -7.811296876102709 ], [ 112.024057541949418, -7.811284051444378 ], [ 112.023978286917952, -7.811493053135933 ], [ 112.02395512153177, -7.811467508645826 ], [ 112.023904133348779, -7.811418815907921 ], [ 112.023802164011499, -7.811324301936579 ], [ 112.023741742408831, -7.811267816899709 ], [ 112.023729383816161, -7.811265445588012 ], [ 112.023710063095066, -7.811247476264979 ], [ 112.023713813246658, -7.811198748597277 ], [ 112.023713865996129, -7.811197320384687 ], [ 112.023713731064689, -7.811195166374521 ], [ 112.023672604952367, -7.810860251197699 ], [ 112.023672532022033, -7.810859723190938 ], [ 112.023643415017034, -7.810669292244494 ], [ 112.023635959333006, -7.810510204094945 ], [ 112.023671359577776, -7.810380820159405 ], [ 112.02369705358052, -7.810291391839794 ], [ 112.023720224214017, -7.810210744348368 ], [ 112.023721125736131, -7.810207793744182 ], [ 112.023723270242627, -7.81020134091488 ], [ 112.023785703770073, -7.810217482002986 ], [ 112.023966996052792, -7.810264351491593 ], [ 112.023905851785514, -7.810478949275047 ], [ 112.023976641478498, -7.810505145366409 ], [ 112.023977420729153, -7.810503005421578 ], [ 112.024051503079093, -7.810529831141761 ], [ 112.024050534644616, -7.810532489779713 ], [ 112.024060038385102, -7.810536006669906 ], [ 112.024012829087141, -7.810659597457011 ], [ 112.024003049003809, -7.810781662250244 ], [ 112.023977227595424, -7.810773338082933 ], [ 112.023941918207001, -7.810903502331421 ], [ 112.024000286383185, -7.81091895771924 ], [ 112.023999352662173, -7.810922464622336 ], [ 112.024012040341489, -7.810926653925693 ] ] ], [ [ [ 112.027261630008596, -7.812961515957948 ], [ 112.027162268412837, -7.813220125684167 ], [ 112.026538216092192, -7.813017363784097 ], [ 112.026627664948819, -7.81275845897966 ], [ 112.026793369289123, -7.81281548723669 ], [ 112.026807666818726, -7.812774772470077 ], [ 112.026970978298593, -7.812834199569843 ], [ 112.027009128008118, -7.812734798541998 ], [ 112.027147227578993, -7.812787108440348 ], [ 112.027101903285342, -7.812896097514408 ], [ 112.027261630008596, -7.812961515957948 ] ] ] ] } },
{ "type": "Feature", "properties": { "OBJECTID": 4, "Name": "Halte Imam Bonjol", "REMARK": "Halte", "type": "lines", "start": "612898.4698, 9136261.2602", "NAMZON": "AREA PUBLIK", "LUAS": 23183.84 }, "geometry": { "type": "MultiPolygon", "coordinates": [ [ [ [ 112.02410177421973, -7.811954212047786 ], [ 112.024131326048376, -7.811967712488933 ], [ 112.024097312922549, -7.812041760284542 ], [ 112.024092849461539, -7.81212935076295 ], [ 112.024057892796719, -7.812127579137185 ], [ 112.023960212146704, -7.812340232867969 ], [ 112.023944862970083, -7.81240216617638 ], [ 112.024124227943133, -7.812366312801709 ], [ 112.0241242286682, -7.812366312619058 ], [ 112.024331493574024, -7.812316246097377 ], [ 112.024446587604118, -7.812288444072383 ], [ 112.024445492951003, -7.812281660385346 ], [ 112.024532422303508, -7.812267709930422 ], [ 112.024556154702381, -7.812261977140963 ], [ 112.024556604503104, -7.81226382912343 ], [ 112.024684669379795, -7.812243277194415 ], [ 112.024685565356378, -7.812170497076167 ], [ 112.024689896461751, -7.812170550065651 ], [ 112.024689896606532, -7.812170535051884 ], [ 112.024713209901876, -7.812170821303091 ], [ 112.024729429751815, -7.812062775393972 ], [ 112.024763308093966, -7.812079997936168 ], [ 112.02476810461971, -7.812087417047437 ], [ 112.024774946658653, -7.812098001202264 ], [ 112.024785127102547, -7.812162942143558 ], [ 112.024797276910888, -7.812249656820271 ], [ 112.02482243120977, -7.812429186240663 ], [ 112.024822513169099, -7.81242969704103 ], [ 112.024822656337818, -7.812430391290906 ], [ 112.024825314950618, -7.81244175344381 ], [ 112.024848911142115, -7.812604508681506 ], [ 112.024849972673593, -7.812636683676192 ], [ 112.024280943660074, -7.812750342874219 ], [ 112.023792166299742, -7.812870951875865 ], [ 112.023772512019477, -7.812875801979611 ], [ 112.023676764255541, -7.812879469832765 ], [ 112.023657816813582, -7.812880002310096 ], [ 112.023645185813891, -7.812880118826644 ], [ 112.023638905388808, -7.812880056259279 ], [ 112.023626342262247, -7.812879741200857 ], [ 112.023613778772201, -7.812879276913039 ], [ 112.023550062340931, -7.812876482823321 ], [ 112.023516492940232, -7.81286247863713 ], [ 112.023484538718137, -7.812845118742383 ], [ 112.023472962557591, -7.812824427338924 ], [ 112.023464530685075, -7.812802274911299 ], [ 112.023459422910022, -7.812779134037817 ], [ 112.023457974908496, -7.812637739960918 ], [ 112.023460778488058, -7.812623361880365 ], [ 112.023497866534356, -7.812432120325834 ], [ 112.023502765425206, -7.812407470154208 ], [ 112.023505362775381, -7.812395178173855 ], [ 112.023506737219975, -7.812389050088643 ], [ 112.023509643439724, -7.812376973517497 ], [ 112.023515866934375, -7.812352915248566 ], [ 112.023558952699972, -7.812191648948875 ], [ 112.023559398437229, -7.812189971972451 ], [ 112.023572900047384, -7.812139211058661 ], [ 112.023673098195019, -7.812166616603854 ], [ 112.023725878805706, -7.811965958161324 ], [ 112.023809449009988, -7.811993753966614 ], [ 112.02384162543261, -7.811904657231574 ], [ 112.023896382601095, -7.811924626296871 ], [ 112.023932863625802, -7.811829776040131 ], [ 112.023946520607566, -7.811835745612288 ], [ 112.023957365029915, -7.811840485651107 ], [ 112.02402480045771, -7.811666070615196 ], [ 112.024026392008125, -7.811661954345581 ], [ 112.02403062773179, -7.811650999654624 ], [ 112.024041929106644, -7.811666486753207 ], [ 112.02407123442967, -7.811706645409021 ], [ 112.024071892138664, -7.811707475885005 ], [ 112.024111994132483, -7.811753655112478 ], [ 112.02410177421973, -7.811954212047786 ] ] ], [ [ [ 112.024747822509951, -7.811940254969215 ], [ 112.024695751381159, -7.811925689586597 ], [ 112.024719293675517, -7.811841984569319 ], [ 112.024655965490382, -7.811812223220032 ], [ 112.024693146768698, -7.811733537155763 ], [ 112.024635620842062, -7.811693660682048 ], [ 112.024685375158128, -7.811622275755316 ], [ 112.024635327749223, -7.811573456841939 ], [ 112.024696279974293, -7.811511310947319 ], [ 112.024655063150675, -7.811454882062074 ], [ 112.024725556163048, -7.811403672747177 ], [ 112.024694299901583, -7.811341156643196 ], [ 112.024772334582394, -7.81130235382609 ], [ 112.024751936441547, -7.81123554198 ], [ 112.024842116048347, -7.811208159345339 ], [ 112.024852137075683, -7.811114685965716 ], [ 112.024871447701358, -7.811116744912897 ], [ 112.02487167222948, -7.811115249175949 ], [ 112.024907280162509, -7.811120565499587 ], [ 112.024921760229148, -7.811122109421202 ], [ 112.024925759516023, -7.811107889813176 ], [ 112.024971290964899, -7.81112031206353 ], [ 112.024893471418793, -7.81136885810112 ], [ 112.024889861965605, -7.811380384683425 ], [ 112.025256685485047, -7.811491534086732 ], [ 112.025347229703954, -7.811518968989772 ], [ 112.025344458669835, -7.811519520174792 ], [ 112.025343729119882, -7.811519725439815 ], [ 112.025328272434876, -7.811522135237983 ], [ 112.025313214700589, -7.811526370098097 ], [ 112.025298773424822, -7.811532369800677 ], [ 112.025296226400883, -7.811533295777599 ], [ 112.025293846237801, -7.811534590354367 ], [ 112.025292341753101, -7.811535728150568 ], [ 112.025273580097036, -7.811548449152411 ], [ 112.025257308040139, -7.811564215638175 ], [ 112.02524401595872, -7.811582551596485 ], [ 112.025212109037412, -7.811729212469617 ], [ 112.025175093676012, -7.811899349183215 ], [ 112.025160285896717, -7.812008308399163 ], [ 112.024911473880195, -7.811977614285646 ], [ 112.024906944938607, -7.812015220332861 ], [ 112.024905475419629, -7.812027723929838 ], [ 112.024777753006177, -7.812014845341342 ], [ 112.024776798441493, -7.812014264302894 ], [ 112.024775351326923, -7.812013640142005 ], [ 112.024738693008203, -7.81200106969412 ], [ 112.024747822509951, -7.811940254969215 ] ] ], [ [ [ 112.02582312370032, -7.81043774332569 ], [ 112.026217558412768, -7.810564786293138 ], [ 112.026129647845664, -7.810809283273889 ], [ 112.026014729042288, -7.810779189898299 ], [ 112.02601321446835, -7.810778792915218 ], [ 112.025914712775688, -7.81075299817836 ], [ 112.025763558594505, -7.810713416641837 ], [ 112.025736279233286, -7.810705905200112 ], [ 112.02582312370032, -7.81043774332569 ] ] ], [ [ [ 112.025214830681577, -7.813706308061825 ], [ 112.02520292984255, -7.813756066819591 ], [ 112.025272648135129, -7.813781754321277 ], [ 112.025272969628816, -7.813782379290482 ], [ 112.025273896512701, -7.813783879288152 ], [ 112.025275046099935, -7.813785217758126 ], [ 112.025276390197362, -7.813786362209592 ], [ 112.025299797885836, -7.813803333888574 ], [ 112.025317525585507, -7.813816186135526 ], [ 112.025324005969296, -7.813820885167778 ], [ 112.025328237701842, -7.813823914665017 ], [ 112.025336030041117, -7.813829493967201 ], [ 112.025029684767034, -7.814656407546685 ], [ 112.024668065212296, -7.814523169891226 ], [ 112.024656439875855, -7.814554731070753 ], [ 112.024611452328955, -7.814538250654684 ], [ 112.024611480700699, -7.814534996063793 ], [ 112.024611826720445, -7.814507302690796 ], [ 112.024615525697399, -7.814484502255878 ], [ 112.024618793122457, -7.814464360062843 ], [ 112.024621667375953, -7.814452202166866 ], [ 112.024628800959434, -7.814422033206707 ], [ 112.024641070858308, -7.814370139302712 ], [ 112.0246463364373, -7.81434786867823 ], [ 112.024661234640263, -7.814284861178891 ], [ 112.024667098946594, -7.81426005852625 ], [ 112.024680812644391, -7.814203709549575 ], [ 112.024694273133292, -7.814148402177941 ], [ 112.024703244994939, -7.814111537836522 ], [ 112.024710067268018, -7.814083504069719 ], [ 112.024711660847856, -7.814079104708294 ], [ 112.024712254500201, -7.814077466262605 ], [ 112.024713025622219, -7.814075339902421 ], [ 112.024714566959346, -7.814071087184246 ], [ 112.024757727784248, -7.814086170486937 ], [ 112.024765242944795, -7.814064838623801 ], [ 112.024722273640165, -7.814049821784465 ], [ 112.02472381588403, -7.814045569064061 ], [ 112.024724586099055, -7.814043442706083 ], [ 112.024732004515485, -7.814022974802146 ], [ 112.024747586340325, -7.813979983242279 ], [ 112.024756155990914, -7.813961530314263 ], [ 112.024786811505308, -7.813895522611698 ], [ 112.024789347483662, -7.813890060980558 ], [ 112.02479959876554, -7.813867988089712 ], [ 112.024817844662593, -7.813836364997535 ], [ 112.024847744847847, -7.813784544097386 ], [ 112.024918507941024, -7.81369285750046 ], [ 112.024965922321456, -7.813647101382175 ], [ 112.025214830681577, -7.813706308061825 ] ] ], [ [ [ 112.024186044709751, -7.81545489086802 ], [ 112.024104651710275, -7.815431901506225 ], [ 112.024111748085261, -7.815406912271736 ], [ 112.02414006994627, -7.815417022897811 ], [ 112.024142245686903, -7.815417799045005 ], [ 112.024146066826916, -7.815407154668126 ], [ 112.024149887968989, -7.815396511195699 ], [ 112.024147391811098, -7.815395620059117 ], [ 112.024117339888434, -7.81538489228855 ], [ 112.024122532933362, -7.815368940143482 ], [ 112.024166993801572, -7.815232360312221 ], [ 112.024232091159632, -7.815256173218754 ], [ 112.024186044709751, -7.81545489086802 ] ] ], [ [ [ 112.02218878309975, -7.81269091866472 ], [ 112.022149010539934, -7.812684737258141 ], [ 112.022200907008184, -7.812337612304297 ], [ 112.022559565349184, -7.812408533299813 ], [ 112.022500646562875, -7.812740913245038 ], [ 112.02218878309975, -7.81269091866472 ] ] ], [ [ [ 112.022550737314162, -7.811030515653971 ], [ 112.022556843332893, -7.811015186272559 ], [ 112.022722848040374, -7.811077575177719 ], [ 112.02270005521919, -7.81117717754714 ], [ 112.02252176111071, -7.811113286273408 ], [ 112.022550737314162, -7.811030515653971 ] ] ] ] } },
{ "type": "Feature", "properties": { "OBJECTID": 5, "Name": "Halte Permata Hijau", "REMARK": "Halte", "type": "lines", "start": "613671.0252, 9133392.3318", "NAMZON": "AREA PERUMAHAN", "LUAS": 110384.104 }, "geometry": { "type": "MultiPolygon", "coordinates": [ [ [ [ 112.027540587523703, -7.83977385277413 ], [ 112.027691400704512, -7.839842625352071 ], [ 112.027536930527631, -7.839783325703121 ], [ 112.027540587523703, -7.83977385277413 ] ] ], [ [ [ 112.027131599169891, -7.838498399955991 ], [ 112.02767305958686, -7.838439962350166 ], [ 112.028414258645029, -7.838784788426763 ], [ 112.028448053709212, -7.838799264383268 ], [ 112.028418946068243, -7.838802637491433 ], [ 112.028380217475586, -7.838807123009248 ], [ 112.028361768586691, -7.838809115268424 ], [ 112.027539569013072, -7.838897851224222 ], [ 112.02749849629366, -7.838879197333524 ], [ 112.027456930552162, -7.838860319440019 ], [ 112.027156047381084, -7.838723665924779 ], [ 112.027131599169891, -7.838498399955991 ] ] ], [ [ [ 112.033502815783748, -7.840863913291428 ], [ 112.032798159086198, -7.840721022610194 ], [ 112.032793710962849, -7.840720120959363 ], [ 112.032794437301931, -7.840715654057171 ], [ 112.032795954314722, -7.840706328481229 ], [ 112.032799471662187, -7.840684700602675 ], [ 112.032802458323914, -7.840666335363627 ], [ 112.032811510323214, -7.840610671445118 ], [ 112.032815027660789, -7.840589039948894 ], [ 112.032818000033515, -7.840570765186842 ], [ 112.032834567368852, -7.840468887783818 ], [ 112.032835467924016, -7.840463350525686 ], [ 112.032839923188703, -7.840464206937892 ], [ 112.03355353529885, -7.840601388114387 ], [ 112.033502815783748, -7.840863913291428 ] ] ], [ [ [ 112.033470765074895, -7.841029808256573 ], [ 112.033215016438277, -7.840980673926881 ], [ 112.033194440851958, -7.841081574568099 ], [ 112.033142415872987, -7.841070539556684 ], [ 112.033100160405297, -7.841061577319624 ], [ 112.033060469337926, -7.84105315776999 ], [ 112.033016718424705, -7.841043878123686 ], [ 112.032990714154337, -7.841038362547585 ], [ 112.032945112083027, -7.841028690394047 ], [ 112.03292984726599, -7.841025452028268 ], [ 112.032869895980582, -7.841012736417477 ], [ 112.032834382736837, -7.841005203782763 ], [ 112.032784768005868, -7.840994679540316 ], [ 112.032754693003483, -7.840988301167168 ], [ 112.032750252032486, -7.840987358799821 ], [ 112.032750979272379, -7.840982889182162 ], [ 112.032753464729481, -7.840967603817549 ], [ 112.03275980614093, -7.84092860957834 ], [ 112.03276824348147, -7.840876724929159 ], [ 112.032777017646836, -7.840822773758945 ], [ 112.032785196801626, -7.840772481521848 ], [ 112.03278935293487, -7.840746925085668 ], [ 112.032790079271763, -7.84074245727908 ], [ 112.032794526490662, -7.840743359836556 ], [ 112.032810010535698, -7.840746499089308 ], [ 112.032883469019339, -7.840761395605132 ], [ 112.032995261050587, -7.840784064722681 ], [ 112.033104159357933, -7.840806146704097 ], [ 112.033194516560044, -7.840824470156154 ], [ 112.033252802250971, -7.840836289007607 ], [ 112.033310809369681, -7.840848051555667 ], [ 112.03334506048617, -7.840854997566209 ], [ 112.033451797368244, -7.840876641590976 ], [ 112.033498526095357, -7.840886116790137 ], [ 112.033470765074895, -7.841029808256573 ] ] ], [ [ [ 112.033156685198577, -7.841266724471836 ], [ 112.033152863181968, -7.841265949445804 ], [ 112.033152238872347, -7.841269788611373 ], [ 112.032918660488079, -7.841232015489576 ], [ 112.032901524968239, -7.841315003898458 ], [ 112.032898635140313, -7.841314413842046 ], [ 112.032852192760629, -7.841304932767043 ], [ 112.032835607945771, -7.841301546598634 ], [ 112.032833884767172, -7.841301195388115 ], [ 112.032817078546898, -7.841297765445402 ], [ 112.032797524675232, -7.841293774265309 ], [ 112.032751073231424, -7.841284294105188 ], [ 112.032741272250604, -7.841282294050516 ], [ 112.032737260572532, -7.841281475440534 ], [ 112.032716740305048, -7.841277286749757 ], [ 112.03270355648317, -7.841274595873795 ], [ 112.032699105615137, -7.841273686994078 ], [ 112.032699652088425, -7.841269838251795 ], [ 112.032699743027308, -7.841269201317192 ], [ 112.032702202583721, -7.841251871122831 ], [ 112.032703607552378, -7.841241978750428 ], [ 112.032710642961774, -7.841204156746397 ], [ 112.032724921429633, -7.841127392557149 ], [ 112.032726429653863, -7.841119283447508 ], [ 112.03273978707881, -7.841047474120163 ], [ 112.032740629352247, -7.841042943624282 ], [ 112.032745260530078, -7.84101803991872 ], [ 112.032745891304799, -7.841014172881283 ], [ 112.032746618546966, -7.841009704168066 ], [ 112.032751059513757, -7.841010644726613 ], [ 112.032758715509132, -7.84101226656834 ], [ 112.032797454649454, -7.841020474134887 ], [ 112.032799190559885, -7.841020839785197 ], [ 112.032875839515427, -7.84103710499823 ], [ 112.032919517843837, -7.841046373984673 ], [ 112.032949605566643, -7.841052759549348 ], [ 112.033014860799184, -7.841066600801279 ], [ 112.033029054846352, -7.841069611163371 ], [ 112.033119131064623, -7.841088716732475 ], [ 112.033144407579954, -7.841094078525265 ], [ 112.033189922482052, -7.841103732202931 ], [ 112.033156685198577, -7.841266724471836 ] ] ], [ [ [ 112.032866547444698, -7.841484402190812 ], [ 112.032674779870874, -7.841445027118656 ], [ 112.032684738656059, -7.841374884302914 ], [ 112.032690732907994, -7.841332660327449 ], [ 112.032695284772046, -7.841300601950924 ], [ 112.032695921277309, -7.841296116276261 ], [ 112.032700372145584, -7.841297025155964 ], [ 112.032728582754061, -7.84130278495728 ], [ 112.03283411234105, -7.841324331698019 ], [ 112.03289694990697, -7.841337161206345 ], [ 112.032866547444698, -7.841484402190812 ] ] ], [ [ [ 112.032608843984349, -7.841431488674457 ], [ 112.03258619780361, -7.841539895058005 ], [ 112.032486210552904, -7.841519240818241 ], [ 112.032421389895106, -7.841505851540323 ], [ 112.032420977931267, -7.841505768439317 ], [ 112.032183995167429, -7.841456813419358 ], [ 112.031964998418289, -7.841411575664089 ], [ 112.031743055323318, -7.841365734524134 ], [ 112.031508056302073, -7.841317193893571 ], [ 112.031507354898096, -7.841317061757514 ], [ 112.03142513822047, -7.84130121511295 ], [ 112.031295618471788, -7.841276251980325 ], [ 112.031293076877432, -7.841275762582529 ], [ 112.031293744252196, -7.841271284067818 ], [ 112.031291802440705, -7.841270909871328 ], [ 112.031328189192237, -7.841016652438152 ], [ 112.031328831154113, -7.841012166750324 ], [ 112.031332223095305, -7.841012871126418 ], [ 112.031333279335215, -7.84101309102699 ], [ 112.031420420845208, -7.841031193016631 ], [ 112.031521608342459, -7.841052213513437 ], [ 112.031588957182592, -7.841066204519962 ], [ 112.031662807700783, -7.84108154526137 ], [ 112.031739003003153, -7.84109737405764 ], [ 112.031795217786112, -7.841109051668967 ], [ 112.031854698382773, -7.841121407724917 ], [ 112.031931934508535, -7.841137452803679 ], [ 112.032041476674948, -7.841160208174691 ], [ 112.032142704141847, -7.841181236555941 ], [ 112.03223583922663, -7.841200584438568 ], [ 112.032324089661898, -7.841218916853059 ], [ 112.032382357963755, -7.841231020755868 ], [ 112.032479490259391, -7.841251198988155 ], [ 112.032515886967005, -7.841258759330528 ], [ 112.032580446437919, -7.841272170945107 ], [ 112.032661325902097, -7.841288972088141 ], [ 112.032669223198681, -7.841290612331926 ], [ 112.032673671383918, -7.841291536593667 ], [ 112.032673034880659, -7.841296023172738 ], [ 112.032672216506242, -7.841301786334267 ], [ 112.032664091629954, -7.841359016242714 ], [ 112.032661396706928, -7.841377997580547 ], [ 112.032655819654636, -7.841417280263823 ], [ 112.032652528446192, -7.841440458292749 ], [ 112.032608843984349, -7.841431488674457 ] ] ], [ [ [ 112.032549391071854, -7.841716087362413 ], [ 112.032402330297487, -7.841685537960167 ], [ 112.03241274523009, -7.841623381304075 ], [ 112.032427582425285, -7.841534838391384 ], [ 112.032428329637455, -7.841530375055827 ], [ 112.0324327741817, -7.84153129299781 ], [ 112.032581573829347, -7.841562029837526 ], [ 112.032549391071854, -7.841716087362413 ] ] ], [ [ [ 112.032284144991777, -7.841660986909288 ], [ 112.032226409260105, -7.841938927462938 ], [ 112.032127700332481, -7.84191853761873 ], [ 112.032152509778669, -7.841747714988239 ], [ 112.03219053794696, -7.841485873580051 ], [ 112.032191188973442, -7.841481389678725 ], [ 112.032195638053949, -7.84148230851663 ], [ 112.032401666907006, -7.841524867391694 ], [ 112.03240611054423, -7.841525785336196 ], [ 112.032405363331819, -7.841530248671748 ], [ 112.032402545152351, -7.841547064225815 ], [ 112.032388663449467, -7.841629912376601 ], [ 112.032385667405649, -7.841647791060174 ], [ 112.032380115199743, -7.841680923142297 ], [ 112.032284144991777, -7.841660986909288 ] ] ], [ [ [ 112.031905914566693, -7.841992653911493 ], [ 112.031937540020451, -7.841728339207416 ], [ 112.031938077653834, -7.841723844730994 ], [ 112.031942556231613, -7.84172458713712 ], [ 112.032124004021497, -7.841754687395135 ], [ 112.032128478064905, -7.841755429810329 ], [ 112.032127827926828, -7.841759906474133 ], [ 112.032090419558145, -7.842017483005014 ], [ 112.031905914566693, -7.841992653911493 ] ] ], [ [ [ 112.031873808082025, -7.841988333288457 ], [ 112.031872980337681, -7.841994428175877 ], [ 112.031675448547631, -7.841943534312207 ], [ 112.031746629420041, -7.84141754451815 ], [ 112.03174970513362, -7.841394811617652 ], [ 112.031750313518074, -7.841390319681082 ], [ 112.031754764413378, -7.841391239423906 ], [ 112.031945751808067, -7.84143069071942 ], [ 112.031950209054841, -7.841431611348937 ], [ 112.031949669636631, -7.84143611758722 ], [ 112.031916969802808, -7.841709410363701 ], [ 112.031883441551287, -7.8419896296807 ], [ 112.031873808082025, -7.841988333288457 ] ] ], [ [ [ 112.031866490426339, -7.84204221500256 ], [ 112.031621179107319, -7.841976778098926 ], [ 112.030968601623329, -7.841775566511568 ], [ 112.031062346177094, -7.84125415391783 ], [ 112.030887181860734, -7.84121956361408 ], [ 112.030926705105301, -7.840933248561527 ], [ 112.030927325291316, -7.840928757500522 ], [ 112.030929550290423, -7.840929220543292 ], [ 112.030954024351615, -7.840934304971074 ], [ 112.03096977355618, -7.840937576592998 ], [ 112.030970239056259, -7.840937670417497 ], [ 112.031037212198811, -7.840951583752321 ], [ 112.031149507416387, -7.840974912361022 ], [ 112.031302140256088, -7.841006621998096 ], [ 112.031306589344069, -7.84100754627284 ], [ 112.031305947381966, -7.841012031960686 ], [ 112.031290188106269, -7.841122151162976 ], [ 112.031276313695187, -7.841219098294575 ], [ 112.03126949374014, -7.841266754429475 ], [ 112.031258733728066, -7.84134193720002 ], [ 112.031245412117784, -7.841435024720805 ], [ 112.031233056111617, -7.841521360188378 ], [ 112.031227180372639, -7.841562418978276 ], [ 112.03121793254725, -7.841627041652038 ], [ 112.031211876695835, -7.841669357122746 ], [ 112.031204606463447, -7.841720158125051 ], [ 112.031193472855279, -7.841797952871556 ], [ 112.031190183686746, -7.84182093681894 ], [ 112.031190072071411, -7.8418227540726 ], [ 112.031190255204862, -7.841824566082302 ], [ 112.031190726620409, -7.841826324929651 ], [ 112.031191475323197, -7.841827985420542 ], [ 112.031192482162567, -7.8418295050941 ], [ 112.031193224216878, -7.841830307306433 ], [ 112.031193719829659, -7.841830843318335 ], [ 112.031195157403417, -7.841831965800948 ], [ 112.031196757629658, -7.84183284459618 ], [ 112.031198477821448, -7.841833455389216 ], [ 112.031221138571297, -7.841839500207094 ], [ 112.031427481289057, -7.841894542491819 ], [ 112.031429373127494, -7.841894878824051 ], [ 112.031431295913947, -7.841894892202466 ], [ 112.031433192505901, -7.84189458095818 ], [ 112.031435009417578, -7.841893955170841 ], [ 112.031436694085741, -7.841893031248794 ], [ 112.031438197606192, -7.841891838253226 ], [ 112.031439477430084, -7.841890407943144 ], [ 112.031440497383983, -7.841888782914852 ], [ 112.031441226745059, -7.841887009369062 ], [ 112.031441645687366, -7.841885138906302 ], [ 112.031514824961818, -7.841346293312411 ], [ 112.031515435162746, -7.841341801371424 ], [ 112.031519886962059, -7.841342720210198 ], [ 112.031723604521019, -7.841384802136423 ], [ 112.031728056323175, -7.84138572187732 ], [ 112.031727447940725, -7.841390214718302 ], [ 112.031651631622907, -7.841950457215663 ], [ 112.031651534525338, -7.841952276242434 ], [ 112.031651731262968, -7.841954087313929 ], [ 112.031652217187414, -7.841955844316102 ], [ 112.031652979485401, -7.841957500250476 ], [ 112.03165399900395, -7.841959011751821 ], [ 112.031655249347864, -7.841960340899187 ], [ 112.031656696872872, -7.841961452502582 ], [ 112.031658304322619, -7.841962317711875 ], [ 112.03166003083065, -7.841962914921078 ], [ 112.031869915991223, -7.842016991719479 ], [ 112.031866490426339, -7.84204221500256 ] ] ], [ [ [ 112.031583057690312, -7.842392448570162 ], [ 112.03141088807314, -7.842346521705771 ], [ 112.031503890773081, -7.84236060923247 ], [ 112.031511006345326, -7.84229379946748 ], [ 112.031532538580038, -7.842310772424812 ], [ 112.031561548813016, -7.842330735161072 ], [ 112.031588731889826, -7.842371296241706 ], [ 112.031583057690312, -7.842392448570162 ] ] ], [ [ [ 112.031050166830084, -7.842736916051407 ], [ 112.030973010748554, -7.84272595496396 ], [ 112.030989149520963, -7.842620439212091 ], [ 112.030996638348341, -7.842571475457002 ], [ 112.031042920434132, -7.842290783819296 ], [ 112.031112399085345, -7.842301308122068 ], [ 112.031050166830084, -7.842736916051407 ] ] ], [ [ [ 112.030152274496132, -7.84260935711128 ], [ 112.030260467930887, -7.841852045387075 ], [ 112.030260388181148, -7.841852034005623 ], [ 112.030261026719899, -7.841847570163313 ], [ 112.030682375765949, -7.841924240345209 ], [ 112.030678467330418, -7.841950259234038 ], [ 112.030647025818482, -7.842159563906405 ], [ 112.030610017883774, -7.842405924549941 ], [ 112.03059445015424, -7.842509561299323 ], [ 112.030577346704177, -7.84262342085375 ], [ 112.030570533399555, -7.842668777252404 ], [ 112.030152274496132, -7.84260935711128 ] ] ], [ [ [ 112.029905678540828, -7.841633020095395 ], [ 112.029920223836896, -7.84153015487936 ], [ 112.029884651492694, -7.841515233565373 ], [ 112.029882401575179, -7.841520386035564 ], [ 112.029559146598899, -7.841380021701749 ], [ 112.029593987924244, -7.841202384323462 ], [ 112.029602348466099, -7.841160046036234 ], [ 112.029615503329723, -7.841093420470101 ], [ 112.029637857201024, -7.840980211024396 ], [ 112.029645049550055, -7.840943764276578 ], [ 112.029718946680134, -7.840974761683754 ], [ 112.0298429060187, -7.841026758491312 ], [ 112.029927825013729, -7.841062379434315 ], [ 112.030080506551784, -7.841126423343617 ], [ 112.030085523579189, -7.841128528319958 ], [ 112.029984402788443, -7.841644089581463 ], [ 112.029905678540828, -7.841633020095395 ] ] ], [ [ [ 112.029002740442735, -7.841138417173619 ], [ 112.029095761870138, -7.840925389486475 ], [ 112.029064366300972, -7.840921347203463 ], [ 112.029072537809043, -7.840858235648311 ], [ 112.028978027338567, -7.840844749417201 ], [ 112.029008479698135, -7.840726443138412 ], [ 112.029022190797861, -7.840673178134545 ], [ 112.029080792450515, -7.84069881816948 ], [ 112.029399449921428, -7.840838231829493 ], [ 112.029402121833527, -7.840839344971153 ], [ 112.029404973697893, -7.840840610520017 ], [ 112.029387699786795, -7.840917723867168 ], [ 112.029371484458807, -7.840990109027878 ], [ 112.02935772273274, -7.841051541081543 ], [ 112.029339755342249, -7.841131751051331 ], [ 112.029200516476308, -7.841108162212901 ], [ 112.029176708520239, -7.841184794999095 ], [ 112.029049445101123, -7.841151604453198 ], [ 112.029047918243521, -7.841158034463453 ], [ 112.029002740442735, -7.841138417173619 ] ] ], [ [ [ 112.029300802060149, -7.840432733490978 ], [ 112.02934762873015, -7.840451755681238 ], [ 112.029392594286435, -7.840470022701373 ], [ 112.029414908656321, -7.840479087432913 ], [ 112.02947701558368, -7.840504317282313 ], [ 112.029495182836769, -7.840511697262201 ], [ 112.029567900881162, -7.840541237854871 ], [ 112.029573423413709, -7.840543480883514 ], [ 112.029663439901768, -7.840580049024307 ], [ 112.029721822797654, -7.840603765798759 ], [ 112.029758200897504, -7.84061854371608 ], [ 112.029762400675835, -7.840620250037228 ], [ 112.029760661425385, -7.840624426382782 ], [ 112.029645113527621, -7.840901912955601 ], [ 112.029644180335964, -7.840904153678554 ], [ 112.029640000392249, -7.840902400278206 ], [ 112.02955303596417, -7.840865921452862 ], [ 112.029105676144567, -7.840670199368646 ], [ 112.029101351659506, -7.840668307939109 ], [ 112.02910250467265, -7.840659560276044 ], [ 112.029122825978945, -7.840505298717142 ], [ 112.029140330230931, -7.840372427265001 ], [ 112.029140941013495, -7.840367792424264 ], [ 112.02914528241412, -7.840369556289073 ], [ 112.029160444630747, -7.840375715424719 ], [ 112.029272115402676, -7.840421079594556 ], [ 112.029300802060149, -7.840432733490978 ] ] ], [ [ [ 112.029618937141166, -7.840257917238223 ], [ 112.02962388584406, -7.840219693362768 ], [ 112.029630393929082, -7.840169427834682 ], [ 112.029632712532077, -7.840151523679424 ], [ 112.029636025316691, -7.840125936752542 ], [ 112.029642148003816, -7.840078646806488 ], [ 112.029642729220498, -7.840074162171846 ], [ 112.029647221965917, -7.840074772525175 ], [ 112.029700710314359, -7.840082039011922 ], [ 112.029735270521996, -7.840086733473189 ], [ 112.0297689969603, -7.840091315108675 ], [ 112.029830832091434, -7.840099715210574 ], [ 112.029849533418457, -7.840102256124483 ], [ 112.02985402979202, -7.840102866466657 ], [ 112.029853259869711, -7.840107326238948 ], [ 112.029814696475796, -7.840330622521398 ], [ 112.02979875872029, -7.840422907882603 ], [ 112.029769256470303, -7.840593737364368 ], [ 112.029768468661331, -7.840598300284361 ], [ 112.029764168111498, -7.84059655351071 ], [ 112.029731014744968, -7.84058308544979 ], [ 112.029672631849508, -7.840559367771837 ], [ 112.029588883258725, -7.840525347437402 ], [ 112.029584540039011, -7.840523582677633 ], [ 112.029585139922062, -7.840518943341416 ], [ 112.029592862955738, -7.840459301426447 ], [ 112.02960123482184, -7.840394641103267 ], [ 112.029607444728725, -7.840346673532912 ], [ 112.029609915526322, -7.840327591449796 ], [ 112.029618937141166, -7.840257917238223 ] ] ], [ [ [ 112.029517908563236, -7.840057205535485 ], [ 112.029528865525904, -7.840058693656243 ], [ 112.02957070194968, -7.84006437786955 ], [ 112.029609767602906, -7.840069684473365 ], [ 112.029615768213304, -7.840070500061958 ], [ 112.029620261865631, -7.840071110413367 ], [ 112.029619681555673, -7.840075595045791 ], [ 112.029612770258339, -7.84012896824497 ], [ 112.029603541278462, -7.840200251928084 ], [ 112.029589862003036, -7.840305901817998 ], [ 112.029577138648435, -7.84040417020189 ], [ 112.029563421105578, -7.840510120452896 ], [ 112.029562865698253, -7.840514405147442 ], [ 112.029562820313075, -7.840514758886938 ], [ 112.029561216118182, -7.840514107103639 ], [ 112.029558476186608, -7.840512994129055 ], [ 112.029488165801439, -7.840484431658262 ], [ 112.029425806490835, -7.840459099323129 ], [ 112.029368710978119, -7.84043590572902 ], [ 112.029364383193723, -7.840434147259945 ], [ 112.029365044814199, -7.840429533096635 ], [ 112.029419730804108, -7.84004843205825 ], [ 112.029420372808886, -7.840043955414821 ], [ 112.029424866460928, -7.840044565768371 ], [ 112.02945671214961, -7.840048892458002 ], [ 112.029517908563236, -7.840057205535485 ] ] ], [ [ [ 112.029363610170535, -7.840036244683457 ], [ 112.029393412710704, -7.84004029328795 ], [ 112.029397906362703, -7.840040903641814 ], [ 112.029397264357698, -7.84004538028524 ], [ 112.029343401358261, -7.840420740761656 ], [ 112.029342739737558, -7.840425354924982 ], [ 112.029338411046439, -7.840423596457843 ], [ 112.02927683886945, -7.840398584148206 ], [ 112.029148335419762, -7.840346382087602 ], [ 112.029143994019392, -7.840344618222758 ], [ 112.029144604801942, -7.84033998338202 ], [ 112.02918717409996, -7.840016840113676 ], [ 112.029187765300279, -7.840012356359044 ], [ 112.029192258044986, -7.840012966717403 ], [ 112.029222678425469, -7.840017098840193 ], [ 112.029264092061524, -7.840022725330856 ], [ 112.029315794917878, -7.840029749324789 ], [ 112.029363610170535, -7.840036244683457 ] ] ], [ [ [ 112.029737988845341, -7.839373742105939 ], [ 112.029895298999818, -7.83943675738014 ], [ 112.029943619238296, -7.839456113212588 ], [ 112.029959989564503, -7.839462670931002 ], [ 112.029964293674809, -7.839464395084889 ], [ 112.029963505857424, -7.839468953482832 ], [ 112.02996030722673, -7.839487474796237 ], [ 112.029946237551741, -7.839568947762944 ], [ 112.029865622494412, -7.840035737338697 ], [ 112.029863823319673, -7.840046156142541 ], [ 112.029861352586096, -7.840060464693123 ], [ 112.029858650241508, -7.840076111448272 ], [ 112.029857880317024, -7.84008057031617 ], [ 112.029853383943717, -7.840079959974008 ], [ 112.029845812868544, -7.840078931168072 ], [ 112.029798634505383, -7.840072522037301 ], [ 112.029676176349497, -7.840055886167849 ], [ 112.029650125323641, -7.840052347549777 ], [ 112.029645632578479, -7.840051737196466 ], [ 112.029646212888153, -7.840047252564042 ], [ 112.029648211958843, -7.84003181554538 ], [ 112.029733041263867, -7.839376633877361 ], [ 112.029733641160831, -7.839372000872025 ], [ 112.029737988845341, -7.839373742105939 ] ] ], [ [ [ 112.029527963631253, -7.839289610774344 ], [ 112.029633966690668, -7.83933207288301 ], [ 112.029687694960174, -7.839353595182003 ], [ 112.02970755958701, -7.839361552552028 ], [ 112.029711906364383, -7.839363293788459 ], [ 112.029711306467178, -7.839367926793779 ], [ 112.02962574105409, -7.840028794545848 ], [ 112.029623746439498, -7.84004419989891 ], [ 112.029623165224848, -7.840048685437966 ], [ 112.029618672479714, -7.840048075084354 ], [ 112.029577047450317, -7.840042420204816 ], [ 112.02947107600815, -7.840028024014631 ], [ 112.029439875382778, -7.840023785286835 ], [ 112.029428001183121, -7.840022172786653 ], [ 112.02942350753132, -7.840021562433072 ], [ 112.029424118688638, -7.840017081342943 ], [ 112.029426181149717, -7.840001970665237 ], [ 112.029441546639859, -7.839889367988495 ], [ 112.029522994257718, -7.839292492648021 ], [ 112.029523624117459, -7.839287872231337 ], [ 112.029527963631253, -7.839289610774344 ] ] ], [ [ [ 112.029296577740297, -7.83919692143926 ], [ 112.029334491273829, -7.839212108979853 ], [ 112.029457745225628, -7.839261482167645 ], [ 112.029497588853772, -7.839277442776602 ], [ 112.029501927460416, -7.839279181322123 ], [ 112.029501297600433, -7.839283801738809 ], [ 112.029446880973339, -7.839682579025761 ], [ 112.029417334010589, -7.839899108089664 ], [ 112.029414491127881, -7.839919943849847 ], [ 112.02940371024664, -7.839998949653472 ], [ 112.029401652243919, -7.840014029569953 ], [ 112.029401041084142, -7.840018509755679 ], [ 112.029396548339335, -7.840017899399598 ], [ 112.029384059018639, -7.840016203386008 ], [ 112.02933518953202, -7.84000956408981 ], [ 112.029195185017116, -7.839990545302019 ], [ 112.029191337332051, -7.839990022000617 ], [ 112.02919069136567, -7.839989934945914 ], [ 112.029191271678087, -7.839985449409014 ], [ 112.029266709409768, -7.839401916304269 ], [ 112.029270141396907, -7.839375372208696 ], [ 112.029286296537038, -7.83926631835877 ], [ 112.029295542839932, -7.839203907001919 ], [ 112.029296577740297, -7.83919692143926 ] ] ], [ [ [ 112.027587054979236, -7.838915466564562 ], [ 112.028025977793106, -7.838868094627494 ], [ 112.028351396289196, -7.83883297389717 ], [ 112.02836137557415, -7.838831896788157 ], [ 112.028366228303, -7.838831373038555 ], [ 112.028364922013608, -7.838836062938142 ], [ 112.028350495297033, -7.838887860895165 ], [ 112.028338931095334, -7.838929384874632 ], [ 112.028306334930548, -7.839023119976752 ], [ 112.028295634950823, -7.839053890087107 ], [ 112.028238906521068, -7.839196757087955 ], [ 112.027587054979236, -7.838915466564562 ] ] ], [ [ [ 112.029181520023968, -7.838507868324829 ], [ 112.029182024124083, -7.838503371216638 ], [ 112.029186549709422, -7.838503696604334 ], [ 112.029221241335648, -7.838506193965903 ], [ 112.029280143806815, -7.838510434678621 ], [ 112.029381207977721, -7.838517709791812 ], [ 112.029498891367723, -7.838526182416193 ], [ 112.029596119360406, -7.838533181959659 ], [ 112.029699735241124, -7.838540640686467 ], [ 112.029793164246968, -7.838547367290696 ], [ 112.0298592655666, -7.838552125739229 ], [ 112.029890040278559, -7.83855434049284 ], [ 112.029977547650304, -7.838560640175792 ], [ 112.030054223187634, -7.838566160488423 ], [ 112.030067685650977, -7.838567129666782 ], [ 112.03007221305036, -7.838567455040329 ], [ 112.030071695355758, -7.838571952181558 ], [ 112.030069036779594, -7.838595066631636 ], [ 112.030063999334843, -7.838638862860503 ], [ 112.030058098778369, -7.838690160656433 ], [ 112.030054447449231, -7.838721904803147 ], [ 112.030043064563145, -7.838820862696572 ], [ 112.030042911833021, -7.838822190759639 ], [ 112.030042547770762, -7.838825358026766 ], [ 112.030038024812114, -7.83882499556114 ], [ 112.029250920368696, -7.838761958615583 ], [ 112.029230692242507, -7.838760338480221 ], [ 112.029158459172365, -7.838754553024642 ], [ 112.029153936214016, -7.838754190549358 ], [ 112.029154293885554, -7.838751003400462 ], [ 112.029154440316589, -7.83874969434559 ], [ 112.029173178585154, -7.838582356012408 ], [ 112.029174328772825, -7.838572089833329 ], [ 112.029175802872317, -7.838558923289288 ], [ 112.029179576448868, -7.838525228006969 ], [ 112.029181520023968, -7.838507868324829 ] ] ], [ [ [ 112.029622896938633, -7.838512440544823 ], [ 112.029556154293871, -7.838507635691213 ], [ 112.029519841657091, -7.838505021126854 ], [ 112.029447529340374, -7.838499815643158 ], [ 112.029384469574069, -7.838495275801016 ], [ 112.029351817139656, -7.838492925412676 ], [ 112.029272042003953, -7.838487181915467 ], [ 112.029228703778813, -7.838484061736561 ], [ 112.029202299537531, -7.838482160942514 ], [ 112.029189146402032, -7.838481214495063 ], [ 112.02918461900083, -7.838480888207414 ], [ 112.029185152127639, -7.838476392837161 ], [ 112.02918597136518, -7.83846948467721 ], [ 112.029189976054724, -7.838435724616335 ], [ 112.029197701958665, -7.838370582909818 ], [ 112.029201962535097, -7.838334659753245 ], [ 112.029207611908745, -7.838287027283161 ], [ 112.029210034987045, -7.838266603155681 ], [ 112.029492525290848, -7.838284758301271 ], [ 112.02949294526708, -7.838284781694264 ], [ 112.029589669921378, -7.838291074315036 ], [ 112.029625928400151, -7.838293433056959 ], [ 112.029758164084924, -7.838302035556532 ], [ 112.029839765618348, -7.838307343996029 ], [ 112.0298975631151, -7.838311104365841 ], [ 112.02995853272823, -7.838315070415119 ], [ 112.029995730959172, -7.838317490136429 ], [ 112.030005837834835, -7.838318148261937 ], [ 112.030095652224148, -7.838323990979625 ], [ 112.030100183173019, -7.838324285594227 ], [ 112.030099665480904, -7.83832878363989 ], [ 112.030096142019332, -7.838359415036565 ], [ 112.03009130081341, -7.838401503239369 ], [ 112.030084068315773, -7.838464384495087 ], [ 112.030080208312754, -7.838497941611242 ], [ 112.030076515254862, -7.838530050341609 ], [ 112.030075316505872, -7.838540475817153 ], [ 112.030074798809068, -7.838544972053965 ], [ 112.03007027140994, -7.838544646680413 ], [ 112.030049574720607, -7.838543156156989 ], [ 112.0300173604208, -7.838540837309004 ], [ 112.029990574285208, -7.838538909462068 ], [ 112.029971029629721, -7.838537502037799 ], [ 112.029895349199876, -7.838532053438779 ], [ 112.029844059223123, -7.83852836127435 ], [ 112.029793077663996, -7.838524690960116 ], [ 112.029721979970788, -7.838519572997173 ], [ 112.029677942362156, -7.838516403023013 ], [ 112.029622896938633, -7.838512440544823 ] ] ], [ [ [ 112.032142311133441, -7.841660188513392 ], [ 112.032132378897742, -7.841728571636389 ], [ 112.032131728759708, -7.841733048300195 ], [ 112.032127254716542, -7.841732305885007 ], [ 112.031945245298488, -7.841702112039439 ], [ 112.031940766720936, -7.841701369633291 ], [ 112.031941304352074, -7.841696874252452 ], [ 112.03197195315019, -7.841440720740609 ], [ 112.031972492568158, -7.84143621450233 ], [ 112.031976949815032, -7.841437135131529 ], [ 112.032164497211511, -7.841475876643391 ], [ 112.032168946291918, -7.841476795481628 ], [ 112.032168294356026, -7.841481278480777 ], [ 112.032150190370857, -7.841605932036607 ], [ 112.032142311133441, -7.841660188513392 ] ] ], [ [ [ 112.031260319696202, -7.841495749878171 ], [ 112.031267338653549, -7.841448615106405 ], [ 112.031273406519432, -7.841407866062085 ], [ 112.03128220719536, -7.841348763255626 ], [ 112.031289077141224, -7.841302624615451 ], [ 112.031289743613513, -7.841298147911811 ], [ 112.031292411334576, -7.841298661420053 ], [ 112.031488700362956, -7.841336484655525 ], [ 112.031493160177718, -7.841337343783263 ], [ 112.031492549969869, -7.841341833011005 ], [ 112.031489511454069, -7.841364208574321 ], [ 112.031420903716622, -7.841869382258953 ], [ 112.031217296383446, -7.84181506946832 ], [ 112.03121405096563, -7.841814203746451 ], [ 112.031215532838971, -7.841803852645162 ], [ 112.031217879564892, -7.841787452472023 ], [ 112.031224122650784, -7.841743826942263 ], [ 112.031230016230907, -7.841702646916368 ], [ 112.031234161358142, -7.841673686272461 ], [ 112.031242563051876, -7.841614981483754 ], [ 112.031248945016017, -7.841572139746167 ], [ 112.03125481927367, -7.841532689923511 ], [ 112.031260319696202, -7.841495749878171 ] ] ], [ [ [ 112.030753903670941, -7.841448076943507 ], [ 112.030752065456184, -7.841460312824585 ], [ 112.030285143746866, -7.841419594403417 ], [ 112.030307051243, -7.841315243027064 ], [ 112.030325147911114, -7.841229041841395 ], [ 112.030410997572332, -7.841265053821977 ], [ 112.030420940842021, -7.8412692250978 ], [ 112.030493218386127, -7.841299542575166 ], [ 112.030544389186375, -7.841321006769754 ], [ 112.030593218529333, -7.841341489060828 ], [ 112.030687656920136, -7.841381102162317 ], [ 112.030759253577557, -7.841411134554241 ], [ 112.030753903670941, -7.841448076943507 ] ] ], [ [ [ 112.030904455134205, -7.840928626272802 ], [ 112.030864824063272, -7.84121572572167 ], [ 112.030842349544486, -7.841212368360962 ], [ 112.030854654988914, -7.841125355607441 ], [ 112.030866630586871, -7.841040670734954 ], [ 112.030872789549562, -7.840997121382881 ], [ 112.030880716225738, -7.840941067709418 ], [ 112.030883102606325, -7.840924191714237 ], [ 112.030883567044071, -7.840920906626879 ], [ 112.030883737312934, -7.840919704235381 ], [ 112.030902850328062, -7.840923674882151 ], [ 112.030905075322693, -7.840924136116232 ], [ 112.030904455134205, -7.840928626272802 ] ] ], [ [ [ 112.03136051097475, -7.840729634196215 ], [ 112.031361010473574, -7.840725119915827 ], [ 112.031362794452889, -7.840725486359076 ], [ 112.031365471328854, -7.840726036021721 ], [ 112.031420926216811, -7.840737422519807 ], [ 112.031477048056843, -7.840748945752904 ], [ 112.031545320196201, -7.840762964357417 ], [ 112.031564475741718, -7.840766897788884 ], [ 112.031631297832888, -7.840780617854313 ], [ 112.03170229222809, -7.840795195930317 ], [ 112.03171950771781, -7.840798729831416 ], [ 112.031788302539837, -7.840812855644296 ], [ 112.031862885771318, -7.840828170140977 ], [ 112.031921913175111, -7.840840290344802 ], [ 112.031982308963748, -7.840852691174497 ], [ 112.032043726505833, -7.840865302029779 ], [ 112.032072804650412, -7.840871272292641 ], [ 112.032116295286301, -7.840880202669463 ], [ 112.032204030621912, -7.840898217120891 ], [ 112.032217980329875, -7.840901081594667 ], [ 112.032259447429624, -7.840909595456146 ], [ 112.032275145729642, -7.840912819218556 ], [ 112.032351727114005, -7.840928542950302 ], [ 112.03241059937082, -7.840940631807569 ], [ 112.032428391079563, -7.840944284553293 ], [ 112.032485160853781, -7.840955940814873 ], [ 112.032551447613628, -7.840969551699691 ], [ 112.032640495098377, -7.840987835068317 ], [ 112.032712380623863, -7.841002595281297 ], [ 112.032714379663815, -7.84100300641211 ], [ 112.032719957551436, -7.841004151295015 ], [ 112.032724402983732, -7.841005063805899 ], [ 112.032723676646015, -7.84100953161247 ], [ 112.032722927973538, -7.841014136945637 ], [ 112.032722190417005, -7.841018101017849 ], [ 112.032714865893851, -7.841057476619837 ], [ 112.032702084911122, -7.841126190512939 ], [ 112.032691185398107, -7.841184786568928 ], [ 112.032682449323133, -7.841231754619585 ], [ 112.032681257950131, -7.841238156311841 ], [ 112.032681191854977, -7.841238569793815 ], [ 112.032679959834596, -7.841247245297327 ], [ 112.032677494026714, -7.841264615301483 ], [ 112.032677413790566, -7.841265178951819 ], [ 112.032676856618764, -7.841269102787211 ], [ 112.032672407526789, -7.841268178527696 ], [ 112.03266531783504, -7.841266705429899 ], [ 112.032586585336531, -7.841250350328038 ], [ 112.032521144763663, -7.841236756372738 ], [ 112.032518355345957, -7.841236176243772 ], [ 112.032443086486225, -7.841220540678903 ], [ 112.032422473481901, -7.84121625814073 ], [ 112.032380465280156, -7.841207532183224 ], [ 112.031336174266997, -7.840990596431895 ], [ 112.031331714289067, -7.840989669470845 ], [ 112.031332214692895, -7.840985154283847 ], [ 112.03136051097475, -7.840729634196215 ] ] ], [ [ [ 112.030449657885754, -7.840911354321508 ], [ 112.0304539536357, -7.840913359763345 ], [ 112.030453291291821, -7.840918043569015 ], [ 112.030417119149803, -7.841173856976872 ], [ 112.03041195234043, -7.841210399163752 ], [ 112.030409842290865, -7.841225321838626 ], [ 112.030405518896146, -7.841223509105968 ], [ 112.029669260905933, -7.840914674077643 ], [ 112.029665080962033, -7.840912920677554 ], [ 112.029666528085258, -7.840909445972512 ], [ 112.029781660315663, -7.840632957083472 ], [ 112.029783399565929, -7.840628780737871 ], [ 112.029787599342242, -7.840630486154346 ], [ 112.030013961609356, -7.840722442143162 ], [ 112.030252494792961, -7.840819341630644 ], [ 112.030252890659995, -7.840819517928626 ], [ 112.030449657885754, -7.840911354321508 ] ] ], [ [ [ 112.030861999407136, -7.840244358902401 ], [ 112.030862622343605, -7.840239879592124 ], [ 112.03086711599785, -7.840240489929767 ], [ 112.030924420299741, -7.840248274192223 ], [ 112.03092378647608, -7.840252751720304 ], [ 112.030918053505843, -7.840293238566677 ], [ 112.030902667817898, -7.840401893500944 ], [ 112.030886025167106, -7.840519424780506 ], [ 112.030875055756127, -7.840596889915393 ], [ 112.030868796809614, -7.840641087077246 ], [ 112.030840148861358, -7.840843401883649 ], [ 112.0308322959919, -7.840898860267797 ], [ 112.030815086806101, -7.841019475198441 ], [ 112.030788856628988, -7.841203306777297 ], [ 112.030784342536066, -7.841235663518086 ], [ 112.030780038805929, -7.841268367945821 ], [ 112.030779027073748, -7.84127554428497 ], [ 112.030778467025769, -7.841279043953953 ], [ 112.030777844137631, -7.841282437959584 ], [ 112.030767488506001, -7.841355396673622 ], [ 112.030766681402895, -7.841362065132025 ], [ 112.030765632440875, -7.841369223473872 ], [ 112.030764853913936, -7.841374236772999 ], [ 112.030712410228872, -7.841352238497436 ], [ 112.03070808410655, -7.841350423966051 ], [ 112.030712843989804, -7.841316224319288 ], [ 112.030717885467467, -7.841279991750659 ], [ 112.030721608885401, -7.841253238020828 ], [ 112.0307565320919, -7.841002269030072 ], [ 112.030777049155844, -7.840854832650924 ], [ 112.030800560607787, -7.840685872780602 ], [ 112.030837193970171, -7.840422617573584 ], [ 112.030854591821679, -7.84029759222692 ], [ 112.030861999407136, -7.840244358902401 ] ] ], [ [ [ 112.03066963835046, -7.840213663373953 ], [ 112.030742644581792, -7.840223580748764 ], [ 112.030824273406921, -7.840234669936247 ], [ 112.030835663138973, -7.840236217558719 ], [ 112.03084015679319, -7.840236827896641 ], [ 112.030839532947311, -7.840241306304691 ], [ 112.030833628795449, -7.840283733551777 ], [ 112.030816731797259, -7.840405163505695 ], [ 112.030775244093007, -7.840703303236916 ], [ 112.030753574711582, -7.840859018787857 ], [ 112.030731689670205, -7.841016291374014 ], [ 112.030699497955808, -7.841247629564653 ], [ 112.030696079324841, -7.841272192946604 ], [ 112.030691009330326, -7.841308631792907 ], [ 112.030686456216372, -7.84134135130172 ], [ 112.030682130094263, -7.841339536770056 ], [ 112.030435781764012, -7.841236202757938 ], [ 112.030431458366877, -7.841234389121149 ], [ 112.030433763633184, -7.841218082205184 ], [ 112.030438931347589, -7.84118154001605 ], [ 112.030477575442873, -7.840908241728688 ], [ 112.030566160810309, -7.840281753560308 ], [ 112.030576924080492, -7.840205632899422 ], [ 112.030577557000967, -7.840201155373618 ], [ 112.0305820506548, -7.840201765714377 ], [ 112.03066963835046, -7.840213663373953 ] ] ], [ [ [ 112.032231458417002, -7.84088076422581 ], [ 112.032200096304123, -7.840874324751942 ], [ 112.032144841928542, -7.840862979473494 ], [ 112.03211254064145, -7.840856346939906 ], [ 112.032078998010448, -7.840849459686262 ], [ 112.032038153403235, -7.84084107270787 ], [ 112.031989049498705, -7.840830990280491 ], [ 112.031924764527758, -7.840817790429922 ], [ 112.031891172901183, -7.840810893331952 ], [ 112.031864133724227, -7.840805341328256 ], [ 112.031790109466328, -7.840790142131922 ], [ 112.031721288333131, -7.840776010956785 ], [ 112.031710187010049, -7.84077373188254 ], [ 112.03163489056152, -7.840758270779093 ], [ 112.031566629311925, -7.840744254875989 ], [ 112.031554459960404, -7.840741755926198 ], [ 112.031479112706137, -7.840726284969217 ], [ 112.031422691421582, -7.840714700064408 ], [ 112.031367970636637, -7.84070346461534 ], [ 112.031365134055036, -7.84070288188026 ], [ 112.031363509781599, -7.840702548509427 ], [ 112.031364010187374, -7.840698034226817 ], [ 112.031388247494206, -7.840479206460632 ], [ 112.031388915480093, -7.840473135260354 ], [ 112.031389446867124, -7.840468311590119 ], [ 112.03138994364933, -7.840463799125214 ], [ 112.031394412597493, -7.840464688078724 ], [ 112.031424062826702, -7.840470588254274 ], [ 112.031439451438544, -7.840473650918066 ], [ 112.031495514293226, -7.84048480710312 ], [ 112.031509805856658, -7.840487650868266 ], [ 112.031570198830082, -7.840499668298075 ], [ 112.031625032160917, -7.840510579665547 ], [ 112.031699369172628, -7.840525372951724 ], [ 112.031743118603984, -7.840534078442682 ], [ 112.031797733256724, -7.840544946005632 ], [ 112.031867524196343, -7.840558834220967 ], [ 112.031927527001173, -7.840570773868289 ], [ 112.031966071586652, -7.84057844386559 ], [ 112.032018199969812, -7.840588817346552 ], [ 112.032087620698533, -7.840602631363871 ], [ 112.03212006845898, -7.840609088085523 ], [ 112.032185489369454, -7.840622106954791 ], [ 112.03220229806908, -7.840625451000966 ], [ 112.032356614370102, -7.840656158560794 ], [ 112.0323889369146, -7.84066259024383 ], [ 112.032461257715283, -7.840676981342176 ], [ 112.032530085023922, -7.840690677354141 ], [ 112.032594703808201, -7.840703536232021 ], [ 112.03269266778814, -7.840723030458006 ], [ 112.032729459291772, -7.840730351052493 ], [ 112.032763386131705, -7.840737102553395 ], [ 112.032767836029009, -7.840737987920616 ], [ 112.03276710968963, -7.840742454822802 ], [ 112.032756334369466, -7.84080874447435 ], [ 112.032745440207066, -7.840875757953202 ], [ 112.032744468136016, -7.840881717750786 ], [ 112.032740262844527, -7.840907569148309 ], [ 112.032734687054671, -7.84094184405584 ], [ 112.032730914158279, -7.840965030876424 ], [ 112.032728762825926, -7.84097825786641 ], [ 112.032728035581343, -7.840982725675204 ], [ 112.032723590147015, -7.840981812259926 ], [ 112.032713725624461, -7.84097978703573 ], [ 112.032672236733987, -7.84097126784801 ], [ 112.032638989907966, -7.84096444141657 ], [ 112.032577797384263, -7.840951877130474 ], [ 112.032558619141668, -7.840947939280992 ], [ 112.032490659110692, -7.840933985202146 ], [ 112.032448620333042, -7.840925353382508 ], [ 112.032416544986091, -7.840918767349407 ], [ 112.032355477695646, -7.840906228950405 ], [ 112.032270276768429, -7.840888734691586 ], [ 112.032231458417002, -7.84088076422581 ] ] ], [ [ [ 112.031166863951782, -7.840132557893426 ], [ 112.031294225388052, -7.840161450677853 ], [ 112.031398051793246, -7.840184634475075 ], [ 112.031396665958908, -7.840197153236655 ], [ 112.031386078699228, -7.840292755585524 ], [ 112.031384189804925, -7.840309815768839 ], [ 112.03137690833853, -7.840375564152914 ], [ 112.031373397596624, -7.840407269967818 ], [ 112.031368769829513, -7.840449059186605 ], [ 112.031359879828116, -7.840529335594979 ], [ 112.031353246048553, -7.840589241646692 ], [ 112.031348951869646, -7.840628015615716 ], [ 112.031345299178852, -7.840661006959394 ], [ 112.031339840078658, -7.840710303093383 ], [ 112.031331363524146, -7.84078684775548 ], [ 112.031320502980478, -7.840884915318407 ], [ 112.031316229226789, -7.840923513779792 ], [ 112.031309915717401, -7.8409805221889 ], [ 112.031309834095367, -7.840981260395718 ], [ 112.031309415313331, -7.840985037375901 ], [ 112.031304956242451, -7.840984110412348 ], [ 112.031031955768356, -7.84092739071582 ], [ 112.031025803471309, -7.840926120597286 ], [ 112.030989092835611, -7.840918494864693 ], [ 112.030984639211908, -7.840917569693048 ], [ 112.030985206767369, -7.840913067907877 ], [ 112.031024231286267, -7.840603613576049 ], [ 112.031059715202119, -7.840322230266613 ], [ 112.031085040894467, -7.840121402319356 ], [ 112.031086025681233, -7.840113598378358 ], [ 112.031090465070065, -7.840114639350658 ], [ 112.031166863951782, -7.840132557893426 ] ] ], [ [ [ 112.030434706345034, -7.840181749650834 ], [ 112.03046204024325, -7.840185462346007 ], [ 112.030503278795493, -7.840191064719495 ], [ 112.030521154519434, -7.840193492761225 ], [ 112.030550596889796, -7.840197492419113 ], [ 112.030555090543601, -7.840198102760154 ], [ 112.030554457625115, -7.840202581190372 ], [ 112.030542141458369, -7.840289684411588 ], [ 112.030521173828731, -7.840437969334636 ], [ 112.030518443328134, -7.840457275445172 ], [ 112.030457927698905, -7.840885256929437 ], [ 112.030457265355054, -7.840889940735073 ], [ 112.030452968700601, -7.840887936199888 ], [ 112.030273770371224, -7.840804298809942 ], [ 112.030269454647893, -7.84080228437066 ], [ 112.030270051619922, -7.840797570879085 ], [ 112.030323434680355, -7.840376038181586 ], [ 112.030332883000867, -7.840301429311791 ], [ 112.030348937145405, -7.840174661722394 ], [ 112.030349504745686, -7.840170175312203 ], [ 112.03035399839915, -7.8401707856555 ], [ 112.03039117061455, -7.840175835438975 ], [ 112.030434706345034, -7.840181749650834 ] ] ], [ [ [ 112.030072636230571, -7.840411947598509 ], [ 112.030078046663419, -7.840374145862532 ], [ 112.030080679669069, -7.840355754359998 ], [ 112.03008603303951, -7.840318352517484 ], [ 112.030094051510716, -7.84026233389317 ], [ 112.030101482399743, -7.840210422775678 ], [ 112.030105754214347, -7.840180576395154 ], [ 112.0301089596461, -7.840158185048887 ], [ 112.030109540987382, -7.840154121873937 ], [ 112.030111771365185, -7.840150505067089 ], [ 112.030115196438388, -7.840146614916371 ], [ 112.030115434303411, -7.840146344817214 ], [ 112.030119042264374, -7.840143431897818 ], [ 112.030119749193332, -7.840142861288159 ], [ 112.030124591113832, -7.840140151558442 ], [ 112.030125671262056, -7.840139768155412 ], [ 112.030127103823759, -7.840139962719558 ], [ 112.030132959272024, -7.840140757853923 ], [ 112.030221915102388, -7.840152842191852 ], [ 112.030263509295892, -7.840158492558411 ], [ 112.030322544636647, -7.840166512342573 ], [ 112.030327037383131, -7.840167122688372 ], [ 112.030326469784839, -7.840171610002958 ], [ 112.030301453076547, -7.840369153243874 ], [ 112.030248363582714, -7.840788366288931 ], [ 112.030247775508656, -7.840793010118355 ], [ 112.030243428651843, -7.840791243566173 ], [ 112.030035042023897, -7.840706591259326 ], [ 112.030030712418551, -7.840704831897834 ], [ 112.030031373124615, -7.840700217736654 ], [ 112.030032443974434, -7.84069273465447 ], [ 112.030038968080589, -7.840647159412666 ], [ 112.030047021338177, -7.840590900127523 ], [ 112.030049340477348, -7.840574696281743 ], [ 112.030058576040673, -7.840510176744456 ], [ 112.030060642845555, -7.840495735327234 ], [ 112.030067715300135, -7.840446327618411 ], [ 112.030072636230571, -7.840411947598509 ] ] ], [ [ [ 112.031407143305884, -7.840308449955134 ], [ 112.031408971000616, -7.840291950662273 ], [ 112.031418560223258, -7.840205400386894 ], [ 112.031420331180286, -7.840189432127689 ], [ 112.031682257571262, -7.840241126665607 ], [ 112.031810082990233, -7.840265796315175 ], [ 112.03192851055978, -7.840288999371341 ], [ 112.032808739964054, -7.840458212042339 ], [ 112.032813195228627, -7.840459068454863 ], [ 112.032812305395979, -7.840464540568484 ], [ 112.032793026803972, -7.840583188947145 ], [ 112.032792443348796, -7.840586751983477 ], [ 112.032785068188218, -7.840632069748391 ], [ 112.032779425316065, -7.840666723772429 ], [ 112.032773711076132, -7.840701860027241 ], [ 112.032772194067292, -7.840711187412009 ], [ 112.032771467727969, -7.840715654314175 ], [ 112.032767017830949, -7.840714768946961 ], [ 112.031590699155714, -7.840480683141141 ], [ 112.031577512828505, -7.840478068203124 ], [ 112.03157518716452, -7.840477607218955 ], [ 112.031512728947789, -7.840465177910195 ], [ 112.031488877010972, -7.840460432050427 ], [ 112.031451553798803, -7.840453004113405 ], [ 112.03139691102821, -7.840442129336328 ], [ 112.031392429376325, -7.84044123770065 ], [ 112.031392924344559, -7.840436725240202 ], [ 112.031397764413427, -7.84039312575656 ], [ 112.031407143305884, -7.840308449955134 ] ] ], [ [ [ 112.029955323427998, -7.840116627335219 ], [ 112.030004081332862, -7.840123250549894 ], [ 112.03005649367779, -7.840130370391929 ], [ 112.030067015159574, -7.840131799871525 ], [ 112.03008490449173, -7.84013423061243 ], [ 112.030089397237845, -7.840134840960851 ], [ 112.03008875705423, -7.840139317599916 ], [ 112.030083922609222, -7.840173091446506 ], [ 112.030073746371841, -7.840244181187281 ], [ 112.030060851542615, -7.840334265888441 ], [ 112.030043581462351, -7.840454919855064 ], [ 112.030026941753519, -7.84057116594246 ], [ 112.030014597061566, -7.840657410936713 ], [ 112.030011857956325, -7.840676547036896 ], [ 112.0300097278283, -7.840691424539706 ], [ 112.030009068031177, -7.840696039603101 ], [ 112.030004738428218, -7.840694281145764 ], [ 112.02999860943666, -7.840691790890948 ], [ 112.029794267426254, -7.840608780936261 ], [ 112.029789967783188, -7.840607034160678 ], [ 112.029790755591904, -7.840602471240697 ], [ 112.029837645116885, -7.840330961637365 ], [ 112.029875739928372, -7.840110379762314 ], [ 112.029876509852656, -7.840105920894408 ], [ 112.029881006226248, -7.840106531236282 ], [ 112.029912498996183, -7.840110809914524 ], [ 112.029955323427998, -7.840116627335219 ] ] ], [ [ [ 112.030785426883028, -7.839800659480991 ], [ 112.030863712855634, -7.839832860599089 ], [ 112.030893095290423, -7.839844945901175 ], [ 112.030885385306718, -7.839902075304754 ], [ 112.030873578022025, -7.839989550807025 ], [ 112.030856339196333, -7.840117278172862 ], [ 112.030846153007246, -7.840192745334827 ], [ 112.030843831813669, -7.840209944048569 ], [ 112.030843227020469, -7.840214425123243 ], [ 112.03083873336648, -7.840213814785352 ], [ 112.030833613703123, -7.840213119155244 ], [ 112.030751582060574, -7.840201975785291 ], [ 112.030628209349246, -7.840185216726411 ], [ 112.030585216159281, -7.84017937627427 ], [ 112.03058072250569, -7.840178765933494 ], [ 112.030581356330828, -7.840174287501058 ], [ 112.030583731133305, -7.840157492932167 ], [ 112.030641845980682, -7.839746492388485 ], [ 112.030642499404109, -7.839741870105223 ], [ 112.030646827238044, -7.839743650267389 ], [ 112.030785426883028, -7.839800659480991 ] ] ], [ [ [ 112.030616532401353, -7.839731189131106 ], [ 112.030620860235061, -7.839732969293588 ], [ 112.030620206811363, -7.839737591576846 ], [ 112.030561259318972, -7.840154473795413 ], [ 112.030558889877142, -7.840171235792038 ], [ 112.030558256049545, -7.840175713320061 ], [ 112.030553763302947, -7.840175102976785 ], [ 112.03050597252988, -7.840168611315502 ], [ 112.030398980387616, -7.84015407677501 ], [ 112.030375227441311, -7.84015085003254 ], [ 112.03035684002576, -7.84014835269131 ], [ 112.030352346370307, -7.840147741443598 ], [ 112.030352913970532, -7.84014325503344 ], [ 112.030355002031186, -7.84012676686033 ], [ 112.030414977467643, -7.839653175864683 ], [ 112.030415566431259, -7.839648525702112 ], [ 112.030419910606369, -7.839650313062259 ], [ 112.030616532401353, -7.839731189131106 ] ] ], [ [ [ 112.030140037558368, -7.839941069790773 ], [ 112.0301496163802, -7.839874149985638 ], [ 112.030161015921053, -7.83979451228645 ], [ 112.030172001737952, -7.839717763414179 ], [ 112.030175274036893, -7.839694904318803 ], [ 112.030184480149984, -7.839630588347791 ], [ 112.030194242632177, -7.83956238200718 ], [ 112.030194904229859, -7.839557762417246 ], [ 112.030199230244321, -7.839559541684547 ], [ 112.030389499574014, -7.839637804257837 ], [ 112.030393843748939, -7.839639591618282 ], [ 112.030393255689788, -7.83964424087424 ], [ 112.030389962125824, -7.839670248309819 ], [ 112.030333900319775, -7.840112931106759 ], [ 112.030332531125524, -7.8401237477087 ], [ 112.030330446611686, -7.840140203313982 ], [ 112.030329879011219, -7.840144689724175 ], [ 112.030325385358012, -7.840144079380594 ], [ 112.030295576459054, -7.840140029955298 ], [ 112.030188005494509, -7.840125417186294 ], [ 112.030130184070742, -7.84011756173084 ], [ 112.03011956188449, -7.840116118932812 ], [ 112.030115068231638, -7.840115508586891 ], [ 112.030115709321905, -7.840111031945584 ], [ 112.030120270915688, -7.840079160762922 ], [ 112.030122715785012, -7.840062083843669 ], [ 112.030134088579075, -7.839982631616229 ], [ 112.030140037558368, -7.839941069790773 ] ] ], [ [ [ 112.030890952837439, -7.839694148082946 ], [ 112.030931337406571, -7.839722764583447 ], [ 112.03091611188465, -7.839833848399137 ], [ 112.030915318709106, -7.839832172640713 ], [ 112.030914261073889, -7.839830647663414 ], [ 112.030912968103777, -7.8398293149993 ], [ 112.030911474354127, -7.839828211644944 ], [ 112.030909819804165, -7.839827367348446 ], [ 112.030866823798164, -7.839809681733276 ], [ 112.030844466492823, -7.83980048513761 ], [ 112.030803302582939, -7.839783553839843 ], [ 112.030637637412028, -7.839715411423481 ], [ 112.030410429384659, -7.839621960062547 ], [ 112.030191274253383, -7.83953181080609 ], [ 112.030190061334963, -7.839531311819315 ], [ 112.030189631925452, -7.839531141029711 ], [ 112.030190222694387, -7.839526486340604 ], [ 112.030190368606654, -7.839525336465059 ], [ 112.03015848763944, -7.839512549962359 ], [ 112.030158373605374, -7.839513385925934 ], [ 112.030157745599993, -7.839518019904443 ], [ 112.03011146224172, -7.839498981995357 ], [ 112.029981246779272, -7.839446819624409 ], [ 112.029980860954595, -7.839446669529646 ], [ 112.029901154574006, -7.839414739410614 ], [ 112.029728477278255, -7.839345567328892 ], [ 112.029690026277365, -7.839330164984602 ], [ 112.029648578471054, -7.839313561656089 ], [ 112.029518581898472, -7.839261486320657 ], [ 112.029466766481775, -7.839240729888734 ], [ 112.029342811675775, -7.839191075331922 ], [ 112.029291674444679, -7.839170593971653 ], [ 112.029289912708705, -7.839170049293238 ], [ 112.029288070974403, -7.839169797842694 ], [ 112.029286211850106, -7.839169851224471 ], [ 112.029284387022983, -7.839170205694562 ], [ 112.029282645450465, -7.839170853898047 ], [ 112.029281032433303, -7.839171776731293 ], [ 112.029279593261123, -7.839172950568725 ], [ 112.029278365038792, -7.839174342760555 ], [ 112.02927738213927, -7.839175916141469 ], [ 112.029276669854852, -7.839177629046371 ], [ 112.029276248025084, -7.839179435301292 ], [ 112.029260080392092, -7.839288573292817 ], [ 112.029255300230872, -7.839320843858279 ], [ 112.029247681222571, -7.839372274282093 ], [ 112.029166769739419, -7.839998151278166 ], [ 112.029120373661627, -7.840350324050799 ], [ 112.02908095790788, -7.840649520495782 ], [ 112.029079729227973, -7.840658848077561 ], [ 112.029075404740865, -7.840656955743331 ], [ 112.028973517381885, -7.840612377984127 ], [ 112.029004522471269, -7.840378667693557 ], [ 112.029039456278184, -7.840115347010985 ], [ 112.02907617187843, -7.839838594941319 ], [ 112.029164082696155, -7.839260797947694 ], [ 112.029202010289126, -7.839011518318272 ], [ 112.029221079112972, -7.839018582282393 ], [ 112.029278652287587, -7.839036939722307 ], [ 112.029406891975185, -7.839076827845465 ], [ 112.029488981076511, -7.839085241828165 ], [ 112.029627365858346, -7.839152385128384 ], [ 112.029833502011911, -7.839252384943464 ], [ 112.030122670729398, -7.839362679191702 ], [ 112.030366212339345, -7.839455570736841 ], [ 112.030431923880158, -7.839480634271411 ], [ 112.030480575933097, -7.83949919062327 ], [ 112.030486174669107, -7.839467163151205 ], [ 112.030497819090513, -7.839392714416951 ], [ 112.030526701111398, -7.83920806056383 ], [ 112.03055052026555, -7.839059066833341 ], [ 112.030889463941179, -7.839089213833359 ], [ 112.030883978090799, -7.839200260245687 ], [ 112.030924291931456, -7.839200161577704 ], [ 112.030890952837439, -7.839694148082946 ] ] ], [ [ [ 112.029985812410771, -7.839473014953591 ], [ 112.029990115614325, -7.839474739109405 ], [ 112.030102913098261, -7.839519923962557 ], [ 112.030154602841037, -7.83954118528158 ], [ 112.030168948141423, -7.839547085907935 ], [ 112.0301732741557, -7.839548865175534 ], [ 112.030172612557777, -7.839553484765482 ], [ 112.03016229813791, -7.839625541670211 ], [ 112.030135056063102, -7.839815864938508 ], [ 112.030124149587351, -7.839892056493495 ], [ 112.030115894834367, -7.839949724454639 ], [ 112.030107496539259, -7.840008400291437 ], [ 112.030098523125559, -7.840071088640348 ], [ 112.030093242871828, -7.840107980210835 ], [ 112.03009260178132, -7.840112456852134 ], [ 112.030088108128496, -7.840111846505915 ], [ 112.030020549097614, -7.840102668169028 ], [ 112.029918803652521, -7.840088846920241 ], [ 112.029897317041375, -7.840085927537242 ], [ 112.029884856749803, -7.840084235085752 ], [ 112.029880360376467, -7.840083624743872 ], [ 112.029881130298463, -7.840079164971568 ], [ 112.02988383800826, -7.840063487452943 ], [ 112.029888558606302, -7.840036151551504 ], [ 112.029977677676413, -7.839520117178521 ], [ 112.029985025500579, -7.839477573349345 ], [ 112.029985812410771, -7.839473014953591 ] ] ], [ [ [ 112.031129424249173, -7.838800542354849 ], [ 112.031123436520673, -7.838843638173712 ], [ 112.031118700712867, -7.838879866377156 ], [ 112.031117627096407, -7.838886954234696 ], [ 112.031116999768642, -7.838890385332524 ], [ 112.031114721729892, -7.838906688564581 ], [ 112.031114095186325, -7.838911175119091 ], [ 112.03106516087739, -7.838907256665723 ], [ 112.031060638825338, -7.838906894209108 ], [ 112.031060958106735, -7.838903960392159 ], [ 112.031061128393745, -7.838902397136865 ], [ 112.031089080611778, -7.838645191138021 ], [ 112.031089569268516, -7.838640692259164 ], [ 112.031094095763336, -7.838641018528151 ], [ 112.031151421675489, -7.838645145258636 ], [ 112.031150786065083, -7.838649632739765 ], [ 112.031145122683, -7.838689640977891 ], [ 112.031129424249173, -7.838800542354849 ] ] ], [ [ [ 112.03009433054568, -7.838573581766246 ], [ 112.030094847333075, -7.838569084627223 ], [ 112.030099374734675, -7.838569410904887 ], [ 112.030102129637314, -7.838569609471544 ], [ 112.030136149999421, -7.838572057750278 ], [ 112.030194695977869, -7.838576272976281 ], [ 112.030303193943155, -7.838584083189187 ], [ 112.030304555519578, -7.838584181154038 ], [ 112.030395377483799, -7.838590719548208 ], [ 112.030543486351633, -7.838601381214988 ], [ 112.030620756956679, -7.838606944283318 ], [ 112.030663984516565, -7.838610055542556 ], [ 112.030784953474182, -7.838618763955342 ], [ 112.03085532366903, -7.838623829250054 ], [ 112.03094149849629, -7.83863003340809 ], [ 112.031051018780445, -7.838637916893972 ], [ 112.031062413934094, -7.838638737348547 ], [ 112.031066940428914, -7.838639063617832 ], [ 112.031066451771906, -7.838643562496714 ], [ 112.031038518135972, -7.838900585757397 ], [ 112.031038366480715, -7.838901980744905 ], [ 112.031038029476491, -7.838905083731859 ], [ 112.031033507424468, -7.838904721274931 ], [ 112.030445248888313, -7.838857609646747 ], [ 112.030380424355329, -7.838852417669885 ], [ 112.030069684613565, -7.838827531917237 ], [ 112.030065161654889, -7.83882716945191 ], [ 112.030065679353982, -7.838822674119488 ], [ 112.030078669434275, -7.838709733569691 ], [ 112.030083771701129, -7.838665374632684 ], [ 112.030087526049925, -7.838632742092902 ], [ 112.030091500586337, -7.83859818350303 ], [ 112.030093148659986, -7.838583857066689 ], [ 112.03009433054568, -7.838573581766246 ] ] ], [ [ [ 112.031257379320081, -7.837896621800476 ], [ 112.031254918924262, -7.837914003548193 ], [ 112.031247791791756, -7.837964351086082 ], [ 112.03119147450586, -7.838362196062254 ], [ 112.031185762107611, -7.838402554431139 ], [ 112.031180519483158, -7.838439586096226 ], [ 112.031172189786631, -7.838498433607397 ], [ 112.03116368267213, -7.838558526939752 ], [ 112.031155233512635, -7.838618215854267 ], [ 112.031154597904532, -7.838622704239814 ], [ 112.031096854724311, -7.83861854778046 ], [ 112.031092322788069, -7.838618221524769 ], [ 112.031092929370104, -7.838613731401463 ], [ 112.031104696700424, -7.838526624095236 ], [ 112.031121839524815, -7.838399720889914 ], [ 112.031137088669468, -7.83828683540978 ], [ 112.031187319982365, -7.837914993852213 ], [ 112.031190593374518, -7.837890760034205 ], [ 112.031191199057432, -7.83788627353075 ], [ 112.031195721182854, -7.837886670355175 ], [ 112.031258014031195, -7.837892137939232 ], [ 112.031257379320081, -7.837896621800476 ] ] ], [ [ [ 112.03093701326118, -7.837864821453518 ], [ 112.03099538239924, -7.837869085851378 ], [ 112.031016144262239, -7.837870908094989 ], [ 112.031034121187176, -7.837872486628964 ], [ 112.031147424698929, -7.837882431074359 ], [ 112.031164067209517, -7.837883891676515 ], [ 112.031168589337184, -7.83788428940565 ], [ 112.031167982744847, -7.837888775006911 ], [ 112.031166713477845, -7.837898175042 ], [ 112.031142427073107, -7.838077954585212 ], [ 112.031111401465608, -7.838307624888372 ], [ 112.031099366048096, -7.838396724384682 ], [ 112.03108222230982, -7.838523627592213 ], [ 112.031070271503012, -7.838612100117906 ], [ 112.031069664920693, -7.838616590241246 ], [ 112.031065132984466, -7.838616263985279 ], [ 112.030851568665355, -7.838600889673862 ], [ 112.030802859424469, -7.838597383954403 ], [ 112.030798332929947, -7.838597057682193 ], [ 112.030798832475455, -7.838592559681044 ], [ 112.030800306229338, -7.838579273755148 ], [ 112.030827764568016, -7.838331748973393 ], [ 112.030879526111875, -7.837865155676318 ], [ 112.030880024751937, -7.837860658581763 ], [ 112.030884550340346, -7.837860988474037 ], [ 112.03093701326118, -7.837864821453518 ] ] ], [ [ [ 112.030682765822036, -7.837849277045482 ], [ 112.030760812847319, -7.837852714626758 ], [ 112.030787188921124, -7.837853875580207 ], [ 112.030852870303505, -7.83785867470738 ], [ 112.0308573958919, -7.837859004599939 ], [ 112.030856897253813, -7.837863502598897 ], [ 112.030806273174392, -7.838319846028644 ], [ 112.030804735538055, -7.838333708226727 ], [ 112.030777664913003, -7.838577733761459 ], [ 112.030776200916719, -7.838590931030263 ], [ 112.030775702277921, -7.838595429029199 ], [ 112.030771175783386, -7.838595102756693 ], [ 112.030561834985107, -7.838580032698958 ], [ 112.030557299421176, -7.838579706446278 ], [ 112.03055796224865, -7.8385752198031 ], [ 112.03055978125478, -7.838562916137587 ], [ 112.030590974568639, -7.838351889152132 ], [ 112.030611566995319, -7.838212576997885 ], [ 112.030611632807663, -7.838212047750831 ], [ 112.030647530852576, -7.837852251967781 ], [ 112.030647980495658, -7.837847745044439 ], [ 112.030652517553932, -7.837847944674599 ], [ 112.030682765822036, -7.837849277045482 ] ] ], [ [ [ 112.030452564059544, -7.837839139080102 ], [ 112.030522770555578, -7.837842231402421 ], [ 112.030620757236761, -7.837846546360212 ], [ 112.030625294295049, -7.837846745990666 ], [ 112.030624844651726, -7.837851252914049 ], [ 112.03058909706769, -7.838209544278135 ], [ 112.030567764181114, -7.838353863307201 ], [ 112.030566025469952, -7.838365625932786 ], [ 112.030537090954539, -7.838561372632882 ], [ 112.030535285333883, -7.838573587632399 ], [ 112.030534621599188, -7.838578074277809 ], [ 112.030530086033011, -7.83857774712045 ], [ 112.030322797126203, -7.838562824768935 ], [ 112.030318264283125, -7.838562498506995 ], [ 112.030318889017011, -7.838558010148166 ], [ 112.030320469987316, -7.838546641331542 ], [ 112.030362602911609, -7.838243732822315 ], [ 112.030371370464266, -7.838180700391787 ], [ 112.030388843184681, -7.838055085180303 ], [ 112.030418459269569, -7.83784216367529 ], [ 112.030419085789475, -7.837837664459043 ], [ 112.030423635547322, -7.837837864965054 ], [ 112.030452564059544, -7.837839139080102 ] ] ], [ [ [ 112.031261677155243, -7.837865222465063 ], [ 112.03126107782397, -7.837869709857392 ], [ 112.031182923535965, -7.837862855731964 ], [ 112.031182403725097, -7.837862803643517 ], [ 112.031149444370186, -7.837859910584099 ], [ 112.031036139957678, -7.837849966140666 ], [ 112.031017013680568, -7.837848287315603 ], [ 112.030997204322489, -7.837846548660773 ], [ 112.030967113551071, -7.837844351301166 ], [ 112.030938538565366, -7.837842264186985 ], [ 112.030871204431946, -7.837837347020459 ], [ 112.030870786241223, -7.837837311866966 ], [ 112.030788681572361, -7.83783131387095 ], [ 112.03078835320926, -7.837831294777137 ], [ 112.030638262017533, -7.837824684389538 ], [ 112.030409820858466, -7.83781462801163 ], [ 112.030176736492237, -7.837804359470779 ], [ 112.030174864721857, -7.837804430975018 ], [ 112.030173030892385, -7.837804809889525 ], [ 112.03017128394994, -7.837805484337153 ], [ 112.030169672825096, -7.837806436109743 ], [ 112.030168240079774, -7.837807638875152 ], [ 112.030167026450926, -7.837809061783377 ], [ 112.03016606358149, -7.837810664058149 ], [ 112.03016537857313, -7.837812402220976 ], [ 112.030164989449105, -7.837814229197917 ], [ 112.030144922478726, -7.837971809362688 ], [ 112.03013561282566, -7.8380449183652 ], [ 112.030132882123979, -7.83806636252668 ], [ 112.030131759231026, -7.83807517885231 ], [ 112.030131187113568, -7.838079673413363 ], [ 112.030126653439893, -7.838079376092178 ], [ 112.030121866683814, -7.838079061301373 ], [ 112.030093651411889, -7.838077210210006 ], [ 112.030028028335465, -7.838072902829993 ], [ 112.029997303124091, -7.838070886933503 ], [ 112.029975041131848, -7.838069425554317 ], [ 112.029939329602968, -7.838067081782544 ], [ 112.029913718606281, -7.838065400673881 ], [ 112.029898175487233, -7.838064380501099 ], [ 112.02987037838632, -7.838062556409215 ], [ 112.029518751038808, -7.838039478577045 ], [ 112.029516831114279, -7.838039515828219 ], [ 112.029514944631075, -7.83803987497147 ], [ 112.029513146888419, -7.838040545923069 ], [ 112.029511487723909, -7.838041510472779 ], [ 112.029510016041471, -7.838042739559627 ], [ 112.029508773478412, -7.838044199618267 ], [ 112.029507795298898, -7.838045847150338 ], [ 112.029507110411856, -7.838047635959741 ], [ 112.029506738643462, -7.838049514446041 ], [ 112.029483683224655, -7.838257001527154 ], [ 112.029483183666983, -7.838261500433044 ], [ 112.029478653634172, -7.838261209427083 ], [ 112.02920076775932, -7.838243349619455 ], [ 112.029198858719226, -7.838243387747113 ], [ 112.029196983113565, -7.838243745053688 ], [ 112.02919519442554, -7.838244410555445 ], [ 112.029193543399685, -7.838245366039973 ], [ 112.029192076223595, -7.838246584261852 ], [ 112.029190835439351, -7.838248030749104 ], [ 112.029189854501709, -7.838249663816669 ], [ 112.029189163231109, -7.838251439075041 ], [ 112.029188780544487, -7.838253304021593 ], [ 112.029184958023535, -7.83828553516603 ], [ 112.029179925307318, -7.838327972040006 ], [ 112.029175129830406, -7.838368407755196 ], [ 112.029167855315038, -7.838429747982063 ], [ 112.029163438346089, -7.838466987453236 ], [ 112.029160707872364, -7.838490021586148 ], [ 112.02916065462432, -7.83849049744165 ], [ 112.029152463160528, -7.838563643506617 ], [ 112.029151360887539, -7.838573478159855 ], [ 112.029131698686868, -7.83874904445909 ], [ 112.029131207016874, -7.838753433006377 ], [ 112.029126630817103, -7.838753549099519 ], [ 112.028976981062371, -7.838757330686338 ], [ 112.028977155864922, -7.838752802727816 ], [ 112.028977602596868, -7.838741196106316 ], [ 112.028985925368133, -7.838652818366227 ], [ 112.029029291945875, -7.83819230606798 ], [ 112.029029934451074, -7.838181016419922 ], [ 112.029253765880696, -7.838198842006352 ], [ 112.029471074147153, -7.83821614799551 ], [ 112.02948653802423, -7.838121074562908 ], [ 112.02949456568507, -7.83807171607243 ], [ 112.029508711707351, -7.837984742236051 ], [ 112.029657493321679, -7.837986173890632 ], [ 112.029851907703502, -7.838003645086217 ], [ 112.029866040748587, -7.837895928388257 ], [ 112.030146841644296, -7.837913189163592 ], [ 112.030149714421569, -7.83788165855491 ], [ 112.030155233013403, -7.837821087762726 ], [ 112.030171375513447, -7.837643922015062 ], [ 112.030291447459831, -7.837653832966584 ], [ 112.030493305742297, -7.837670493405404 ], [ 112.030602426764489, -7.837679500403955 ], [ 112.030648761380306, -7.837683324899441 ], [ 112.03066944166099, -7.837683324953652 ], [ 112.030718933938118, -7.837683325061343 ], [ 112.030718933676752, -7.837689116971263 ], [ 112.030802691218739, -7.837696029831631 ], [ 112.030802691240083, -7.837689035043137 ], [ 112.030836954914605, -7.837689035316632 ], [ 112.030901676697809, -7.837689035218995 ], [ 112.030901676828549, -7.837704199637385 ], [ 112.030983681789493, -7.837710968424646 ], [ 112.031022243172018, -7.837714151674041 ], [ 112.031082448782641, -7.837719120633608 ], [ 112.031097243597358, -7.837719750076969 ], [ 112.031097218747291, -7.837720339819899 ], [ 112.031279010321839, -7.837735344154343 ], [ 112.031261677155243, -7.837865222465063 ] ] ], [ [ [ 112.030186167410704, -7.837827407276539 ], [ 112.030215358059706, -7.837828692524516 ], [ 112.030288473462249, -7.837831912531475 ], [ 112.030391783616835, -7.837836462335202 ], [ 112.030396334281647, -7.837836662839308 ], [ 112.030395708668408, -7.837841162053333 ], [ 112.030365429513822, -7.838058846050254 ], [ 112.030348896110482, -7.838177711081802 ], [ 112.030341142727579, -7.838233450496968 ], [ 112.030297794200521, -7.838545098682631 ], [ 112.03029622479967, -7.838556377933311 ], [ 112.030295600974696, -7.838560867194333 ], [ 112.030291068131646, -7.838560540932097 ], [ 112.030101960491919, -7.838546927918546 ], [ 112.030097433997511, -7.83854660163866 ], [ 112.030097950787095, -7.838542105404052 ], [ 112.030105056315733, -7.838480333278662 ], [ 112.030112130747469, -7.838418824415704 ], [ 112.03011729518083, -7.838373929909526 ], [ 112.030124058847406, -7.838315133259726 ], [ 112.030139423369192, -7.83819447038567 ], [ 112.030152335713439, -7.838093076764511 ], [ 112.030168490373612, -7.837966222102803 ], [ 112.030186167410704, -7.837827407276539 ] ] ], [ [ [ 112.029528079996311, -7.838062750946816 ], [ 112.029657481116729, -7.838071243744679 ], [ 112.029703045541737, -7.838074233632964 ], [ 112.029883528964334, -7.83808607899453 ], [ 112.029889767076497, -7.838086488821722 ], [ 112.029923814988322, -7.838088722707727 ], [ 112.030035983075365, -7.838096088102758 ], [ 112.030088483180748, -7.838099537619883 ], [ 112.030091013964565, -7.83809969603612 ], [ 112.030115497439908, -7.838101303015021 ], [ 112.030123791940909, -7.838101847091004 ], [ 112.030128325617071, -7.838102145316619 ], [ 112.030127752590417, -7.838106638975524 ], [ 112.030122702271143, -7.838146303842215 ], [ 112.030117342294417, -7.838188393313628 ], [ 112.030111093438165, -7.838237463468798 ], [ 112.030106443488165, -7.838273973641436 ], [ 112.03010347255983, -7.838297309534015 ], [ 112.030102899535137, -7.838301804097312 ], [ 112.030098365863438, -7.83830150858493 ], [ 112.030032357330569, -7.8382972148146 ], [ 112.029958058840748, -7.83829238237051 ], [ 112.029897113722967, -7.838288418069694 ], [ 112.02984290833507, -7.838284892207009 ], [ 112.02975292069506, -7.838279038099916 ], [ 112.029626690907733, -7.838270827003255 ], [ 112.029588120242195, -7.838268318351949 ], [ 112.029510362990109, -7.838263260036053 ], [ 112.029505832948416, -7.838262965412747 ], [ 112.029506333412797, -7.838258466504699 ], [ 112.029528079996311, -7.838062750946816 ] ] ], [ [ [ 112.031538588206615, -7.836448867083237 ], [ 112.031538657163892, -7.836448510572786 ], [ 112.031538790877704, -7.836447933225227 ], [ 112.031539056394195, -7.836446370641197 ], [ 112.031540048649447, -7.836442708927105 ], [ 112.031540625924606, -7.836441052424528 ], [ 112.031541319985976, -7.836439310620516 ], [ 112.031542038646094, -7.836437613977289 ], [ 112.031552675895554, -7.836412795059369 ], [ 112.031553345295009, -7.836411350870049 ], [ 112.031553938241203, -7.836410165532123 ], [ 112.031554691183942, -7.836408763646006 ], [ 112.031555525865002, -7.836407407685241 ], [ 112.031556254134784, -7.83640629889172 ], [ 112.031557166939749, -7.836404994291664 ], [ 112.031584503494884, -7.836368260354572 ], [ 112.031593519255068, -7.836344970258625 ], [ 112.031602365391862, -7.836315776521671 ], [ 112.031615946774991, -7.836262301070654 ], [ 112.031634658822597, -7.836261162717842 ], [ 112.031644524925156, -7.836260561542001 ], [ 112.031643790422606, -7.836263190681506 ], [ 112.031628589498965, -7.836323035408692 ], [ 112.031619269253468, -7.836353793145173 ], [ 112.03160855560688, -7.836381470219576 ], [ 112.031579016108282, -7.836421163388371 ], [ 112.031578287838556, -7.836422272181891 ], [ 112.03157769489242, -7.836423457519841 ], [ 112.031567058553534, -7.836448277340446 ], [ 112.031566274016271, -7.836450107999179 ], [ 112.031565754384701, -7.836451601564992 ], [ 112.031565448933918, -7.836453152489331 ], [ 112.03156528615429, -7.836454448922264 ], [ 112.031562610750001, -7.836475852249611 ], [ 112.031555018284394, -7.836526155706414 ], [ 112.031554924190331, -7.836526985290275 ], [ 112.031552497073307, -7.836558984198918 ], [ 112.031525280040043, -7.836558067726692 ], [ 112.031525366137174, -7.836556936990444 ], [ 112.031527793256302, -7.83652493808167 ], [ 112.031527887843239, -7.83652394027441 ], [ 112.031527981937359, -7.836523110690551 ], [ 112.031528060280948, -7.836522514485734 ], [ 112.031528112810861, -7.836522116412148 ], [ 112.03153565442571, -7.836472154950806 ], [ 112.03153828713755, -7.836451092694469 ], [ 112.031538409982915, -7.836449784601857 ], [ 112.031538588206615, -7.836448867083237 ] ] ] ] } },
{ "type": "Feature", "properties": { "OBJECTID": 5, "Name": "Halte Permata Hijau", "REMARK": "Halte", "type": "lines", "start": "613671.0252, 9133392.3318", "NAMZON": "AREA KOMERSIAL", "LUAS": 16170.613 }, "geometry": { "type": "MultiPolygon", "coordinates": [ [ [ [ 112.030805826600698, -7.834816448182456 ], [ 112.031262951663933, -7.834776679285299 ], [ 112.031265670974022, -7.834991155287573 ], [ 112.031266417157724, -7.835050031237571 ], [ 112.031267453568958, -7.835131759374808 ], [ 112.031267569341992, -7.835138633591841 ], [ 112.0312676958781, -7.835146196046558 ], [ 112.031267798787212, -7.835149316949932 ], [ 112.031267878153784, -7.835151716183321 ], [ 112.031268053537872, -7.835157015658385 ], [ 112.031268301178883, -7.835161456661511 ], [ 112.031268347657559, -7.835162284996955 ], [ 112.031268859612879, -7.835169465747438 ], [ 112.031269312863145, -7.835174903823259 ], [ 112.031269685735268, -7.835179374365811 ], [ 112.031237358843256, -7.835188319507409 ], [ 112.031226903448939, -7.835191213009809 ], [ 112.031134628794263, -7.835193310045846 ], [ 112.031063216865803, -7.83518814778645 ], [ 112.031028902857017, -7.835185667707197 ], [ 112.031016670530718, -7.835184783265051 ], [ 112.031015822464568, -7.83518475368516 ], [ 112.031014892945208, -7.835184793944918 ], [ 112.03100549894954, -7.835185587493919 ], [ 112.030964210708561, -7.835189076463765 ], [ 112.030963299510418, -7.835189190841104 ], [ 112.030924688561868, -7.835195626190672 ], [ 112.030922717250249, -7.83519615195942 ], [ 112.030922311326307, -7.835196309417209 ], [ 112.030879454228852, -7.83521387409733 ], [ 112.030841473279224, -7.835223915267202 ], [ 112.030805826600698, -7.834816448182456 ] ] ], [ [ [ 112.031630666061574, -7.834744688562387 ], [ 112.031634765903462, -7.834819244109468 ], [ 112.031634795360972, -7.834819789402876 ], [ 112.031634843758752, -7.83482066024128 ], [ 112.031637959868334, -7.834877338972424 ], [ 112.031648065661443, -7.835058122346549 ], [ 112.031648192808404, -7.835060403887982 ], [ 112.031649248949932, -7.835079379660535 ], [ 112.031649589611447, -7.835085500848386 ], [ 112.031649765708693, -7.835087772321374 ], [ 112.031468800915889, -7.835124475312185 ], [ 112.031468042248648, -7.835124656244345 ], [ 112.031339049694381, -7.835160179227194 ], [ 112.031331652249122, -7.835162225946074 ], [ 112.0313255399832, -7.834771234197423 ], [ 112.031630666061574, -7.834744688562387 ] ] ], [ [ [ 112.031117134510623, -7.842268161694684 ], [ 112.031114124945915, -7.842289227586317 ], [ 112.031112399085345, -7.842301308122068 ], [ 112.031042920434132, -7.842290783819296 ], [ 112.030996638348341, -7.842571475457002 ], [ 112.030989149520963, -7.842620439212091 ], [ 112.030973010748554, -7.84272595496396 ], [ 112.030635090766225, -7.842677948584778 ], [ 112.030640025237034, -7.842643057953696 ], [ 112.030655697697085, -7.842532231710106 ], [ 112.030659891936239, -7.842502572734081 ], [ 112.030667542292079, -7.84244847147681 ], [ 112.030677743960013, -7.842376330736148 ], [ 112.030699219728305, -7.842224479344158 ], [ 112.030747179314005, -7.841885344484917 ], [ 112.030753219720424, -7.841842630203355 ], [ 112.030753282122959, -7.84184218959788 ], [ 112.030758050453983, -7.841808475604217 ], [ 112.030770554692822, -7.841720050564228 ], [ 112.030789939084812, -7.841582979806864 ], [ 112.030805550899501, -7.841472588737096 ], [ 112.030809707676212, -7.841443190325602 ], [ 112.030820304235604, -7.841368261194138 ], [ 112.03082607632102, -7.841327448660882 ], [ 112.030842349544486, -7.841212368360962 ], [ 112.030864824063272, -7.84121572572167 ], [ 112.030780831134848, -7.841824187502584 ], [ 112.030775532842995, -7.841860359199322 ], [ 112.030776750414347, -7.84186753460324 ], [ 112.030780963771846, -7.841872908303355 ], [ 112.031255826216281, -7.842006349523755 ], [ 112.031300868829817, -7.842025980888231 ], [ 112.031318905303138, -7.84204208875177 ], [ 112.031338769514306, -7.842068961068948 ], [ 112.031400282626478, -7.842199824702848 ], [ 112.031424343100454, -7.842225489282701 ], [ 112.031511006345326, -7.84229379946748 ], [ 112.031503890773081, -7.84236060923247 ], [ 112.03141088807314, -7.842346521705771 ], [ 112.031117134510623, -7.842268161694684 ] ] ], [ [ [ 112.030269944592902, -7.841785227850579 ], [ 112.03026991973347, -7.841785224293716 ], [ 112.030273151797275, -7.841762638612709 ], [ 112.030214821589041, -7.841754567003569 ], [ 112.030218741723417, -7.841735894350082 ], [ 112.030270323604327, -7.841490189935653 ], [ 112.030285143746866, -7.841419594403417 ], [ 112.030752065456184, -7.841460312824585 ], [ 112.030708846945629, -7.841748024301604 ], [ 112.030692385118698, -7.841857611613062 ], [ 112.030682375765949, -7.841924240345209 ], [ 112.030261026719899, -7.841847570163313 ], [ 112.030269944592902, -7.841785227850579 ] ] ], [ [ [ 112.028383332028156, -7.840108250283602 ], [ 112.028366290038605, -7.840101708072232 ], [ 112.028358617142572, -7.840119381650148 ], [ 112.027961879956365, -7.839948101882865 ], [ 112.027994154248319, -7.83986199195719 ], [ 112.028058748980385, -7.839700333604253 ], [ 112.028090658454602, -7.83962683208896 ], [ 112.028094818540737, -7.839628631681252 ], [ 112.028095414136942, -7.839628889796295 ], [ 112.028096911211193, -7.839629502957253 ], [ 112.028241038794818, -7.839688492004079 ], [ 112.02838683215252, -7.839748081986704 ], [ 112.028504286191065, -7.839791536605875 ], [ 112.028502751789418, -7.839795667226262 ], [ 112.028503831804031, -7.839796109416097 ], [ 112.028383332028156, -7.840108250283602 ] ] ], [ [ [ 112.031062346177094, -7.84125415391783 ], [ 112.030968601623329, -7.841775566511568 ], [ 112.030815930347529, -7.841735725237735 ], [ 112.030887181860734, -7.84121956361408 ], [ 112.031062346177094, -7.84125415391783 ] ] ], [ [ [ 112.030933511688346, -7.840187139346918 ], [ 112.030932888648309, -7.840190470947952 ], [ 112.030932164609553, -7.840193669846406 ], [ 112.030928230494823, -7.840221408101612 ], [ 112.030927595764268, -7.840225885631912 ], [ 112.030870187130631, -7.840218087154136 ], [ 112.030865694383536, -7.840217476814308 ], [ 112.030866299174278, -7.840212994835207 ], [ 112.030868624819306, -7.84019576264701 ], [ 112.030878796753527, -7.840120401337106 ], [ 112.030882413931437, -7.840093600837253 ], [ 112.030895894843169, -7.839993718016866 ], [ 112.030907983570046, -7.839904149901262 ], [ 112.030916733024711, -7.839839324953227 ], [ 112.030916829139116, -7.839837473369363 ], [ 112.030916620540765, -7.83983563157556 ], [ 112.03091611188465, -7.839833848399137 ], [ 112.030931337406571, -7.839722764583447 ], [ 112.030890952837439, -7.839694148082946 ], [ 112.030924291931456, -7.839200161577704 ], [ 112.030883978090799, -7.839200260245687 ], [ 112.030889463941179, -7.839089213833359 ], [ 112.03055052026555, -7.839059066833341 ], [ 112.030565858428602, -7.838963129977976 ], [ 112.030638083276614, -7.838950819559086 ], [ 112.030829882613205, -7.838966517643413 ], [ 112.031033424826404, -7.838983177235585 ], [ 112.031084208100197, -7.838987333550181 ], [ 112.031103088315319, -7.838988878209143 ], [ 112.031099602197983, -7.839011806564654 ], [ 112.03109341121862, -7.839054865799785 ], [ 112.031089919381017, -7.839079523421092 ], [ 112.031060013692937, -7.839290716386 ], [ 112.031040407891041, -7.839429175068293 ], [ 112.031030871972206, -7.839496516230465 ], [ 112.031005912059967, -7.839672782842908 ], [ 112.031000423354641, -7.839711543457414 ], [ 112.030991918847164, -7.839771601510474 ], [ 112.030972435144321, -7.83990919526748 ], [ 112.030956920201561, -7.840018759460959 ], [ 112.030941355365968, -7.840129058165829 ], [ 112.030938634819975, -7.840149084170914 ], [ 112.030934574876966, -7.840180235112285 ], [ 112.030933511688346, -7.840187139346918 ] ] ] ] } },
{ "type": "Feature", "properties": { "OBJECTID": 5, "Name": "Halte Permata Hijau", "REMARK": "Halte", "type": "lines", "start": "613671.0252, 9133392.3318", "NAMZON": "AREA PUBLIK", "LUAS": 15749.67 }, "geometry": { "type": "MultiPolygon", "coordinates": [ [ [ [ 112.031594812027762, -7.839119112179305 ], [ 112.031573651961722, -7.839117588954253 ], [ 112.031550014670941, -7.839411092148709 ], [ 112.031523745468306, -7.839408988316936 ], [ 112.03148380095125, -7.839690457709123 ], [ 112.031583434274111, -7.839702952452207 ], [ 112.031579386415643, -7.839735049930399 ], [ 112.031911425540471, -7.839771612344144 ], [ 112.031907409567467, -7.839807879935019 ], [ 112.032018165365344, -7.839829580363068 ], [ 112.032183048368495, -7.839861277255708 ], [ 112.032906103478481, -7.840000275400296 ], [ 112.033347087572679, -7.840071582690893 ], [ 112.033344972183784, -7.840084592080355 ], [ 112.033369040355439, -7.840089216068811 ], [ 112.033260408634675, -7.840453891627696 ], [ 112.03288981711097, -7.840378718190324 ], [ 112.032875443276623, -7.84037598049161 ], [ 112.032853899300335, -7.840372240191564 ], [ 112.032762932628131, -7.840356817716409 ], [ 112.031842073263149, -7.840200695556608 ], [ 112.03182078423599, -7.840196988944649 ], [ 112.031810403648308, -7.840194952298774 ], [ 112.031796574099673, -7.840191888541193 ], [ 112.031712695332075, -7.840172415654546 ], [ 112.031563597724642, -7.84013834236104 ], [ 112.031553312368914, -7.840135937376172 ], [ 112.031543172755988, -7.840133419885964 ], [ 112.031532903603363, -7.840130597018738 ], [ 112.031522561471576, -7.840127602490126 ], [ 112.031428717739772, -7.840099920107936 ], [ 112.031369611392137, -7.840082582412112 ], [ 112.031362766080704, -7.840080529861735 ], [ 112.031356049442593, -7.840078430870681 ], [ 112.031349498475706, -7.840076209377097 ], [ 112.03134643013901, -7.840075061041754 ], [ 112.031343352483361, -7.840073811434153 ], [ 112.03134027280673, -7.840072477720367 ], [ 112.031333916019548, -7.840069556634113 ], [ 112.031324266336355, -7.840064898984513 ], [ 112.03127880286587, -7.840042587018332 ], [ 112.031269254461506, -7.840037807022578 ], [ 112.031263144493096, -7.840034568783646 ], [ 112.031260309925543, -7.84003296042968 ], [ 112.031257597693781, -7.840031310172813 ], [ 112.031255058584776, -7.84002961698425 ], [ 112.031252671642918, -7.840027842025271 ], [ 112.031250261597549, -7.840025892569719 ], [ 112.03124782125316, -7.84002379305455 ], [ 112.03124537886552, -7.840021600389078 ], [ 112.031240378192905, -7.840016925022964 ], [ 112.031230303321053, -7.840007180143263 ], [ 112.031210170260778, -7.839987466950241 ], [ 112.031202921022398, -7.839980121813741 ], [ 112.031198376876603, -7.839975211084342 ], [ 112.031196330412314, -7.839972849226941 ], [ 112.031192111322724, -7.839967718831854 ], [ 112.031185826347411, -7.839959705680672 ], [ 112.031162770671116, -7.839929511077745 ], [ 112.031158705920333, -7.839924075514674 ], [ 112.031154786361739, -7.839918672155201 ], [ 112.031151086242744, -7.839913251074431 ], [ 112.031149357227662, -7.839910526671379 ], [ 112.031147640662695, -7.839907701847178 ], [ 112.031144195065636, -7.839901777285456 ], [ 112.03113910094801, -7.839892668677986 ], [ 112.03113241455651, -7.83988038221787 ], [ 112.031129222549495, -7.839874312327884 ], [ 112.031126203798863, -7.839868253771131 ], [ 112.03112484977801, -7.839865332190632 ], [ 112.031123564562876, -7.839862360698577 ], [ 112.031122332735322, -7.839859339332637 ], [ 112.031119906457377, -7.839853006190399 ], [ 112.031117589726662, -7.839846594095326 ], [ 112.031115378153217, -7.839840161845533 ], [ 112.031113322619632, -7.839833747302133 ], [ 112.031112983284686, -7.839832587761559 ], [ 112.031119009939729, -7.839814880736 ], [ 112.031119227646855, -7.839814159379979 ], [ 112.031119394567057, -7.839813439052723 ], [ 112.03111951339443, -7.839812708894573 ], [ 112.031119584137926, -7.839811972523205 ], [ 112.031119606804182, -7.839811232651851 ], [ 112.031119580495186, -7.839810492900414 ], [ 112.031119506126771, -7.839809756884324 ], [ 112.031119383705658, -7.839809027316796 ], [ 112.031119213240686, -7.839808307815493 ], [ 112.031118996550276, -7.839807600184854 ], [ 112.031118732736346, -7.839806908044739 ], [ 112.031118425435594, -7.839806235003882 ], [ 112.031118073747791, -7.839805583777788 ], [ 112.031117680398225, -7.839804956168637 ], [ 112.031117247209664, -7.839804355789616 ], [ 112.031116775095768, -7.83980378535178 ], [ 112.031116266781837, -7.839803246657258 ], [ 112.031115724088437, -7.839802742414886 ], [ 112.031115149740884, -7.839802274426829 ], [ 112.031114545559731, -7.839801845401871 ], [ 112.031113914268104, -7.839801456237796 ], [ 112.031113259498198, -7.839801108734527 ], [ 112.031112583070609, -7.839800805600876 ], [ 112.031111887703958, -7.839800545925771 ], [ 112.031111177034987, -7.839800333317979 ], [ 112.031110454689198, -7.839800166864215 ], [ 112.031109722484999, -7.839800048368883 ], [ 112.031108984050135, -7.839799977823055 ], [ 112.031108159579816, -7.839799958135407 ], [ 112.031107779748282, -7.839795611516579 ], [ 112.031106676118227, -7.839778719645975 ], [ 112.031106369575951, -7.839772091899546 ], [ 112.031106278270158, -7.839768896805912 ], [ 112.031106239427828, -7.839763066102884 ], [ 112.031128294609587, -7.839614914177387 ], [ 112.031128393912311, -7.839613989616667 ], [ 112.031129088747718, -7.839603350123211 ], [ 112.031129652079329, -7.839596396464706 ], [ 112.031129985682824, -7.839593017637924 ], [ 112.031130370106595, -7.839589651348571 ], [ 112.031131280035126, -7.839582754724469 ], [ 112.031133372327133, -7.83956873470417 ], [ 112.031173009947494, -7.839314215170649 ], [ 112.031176806078435, -7.839289379537917 ], [ 112.031178323247943, -7.839278629500805 ], [ 112.03118022173696, -7.839264357621658 ], [ 112.031199196417063, -7.839118598193706 ], [ 112.031202850198255, -7.839090096389265 ], [ 112.031206679805251, -7.839058965908774 ], [ 112.031207293440545, -7.83905476246944 ], [ 112.031209602796608, -7.839040129625081 ], [ 112.031211252246138, -7.839034851007336 ], [ 112.031215635690558, -7.839028276897247 ], [ 112.031228344688543, -7.839020485856357 ], [ 112.031237753191292, -7.839014499074352 ], [ 112.031312182670021, -7.838967135046602 ], [ 112.03131259284693, -7.838966861811793 ], [ 112.031439244778909, -7.838878299269054 ], [ 112.031505475429199, -7.83883059623401 ], [ 112.031506621746715, -7.838829831000563 ], [ 112.031508822833004, -7.83882869056304 ], [ 112.031510224156278, -7.838827987110133 ], [ 112.031532977333114, -7.838816756373912 ], [ 112.031533725609421, -7.838816404530832 ], [ 112.031540401739804, -7.838813111467073 ], [ 112.031562290625544, -7.838807419706985 ], [ 112.031586143174351, -7.83880471948123 ], [ 112.031592967787887, -7.838804636745023 ], [ 112.031617597927948, -7.838804337837091 ], [ 112.031594812027762, -7.839119112179305 ] ] ], [ [ [ 112.031101190859346, -7.839867504647094 ], [ 112.031102651738294, -7.839871097045995 ], [ 112.031104146742919, -7.839874551889428 ], [ 112.031105756979159, -7.839878026348008 ], [ 112.031109028210423, -7.839884594379892 ], [ 112.031112410662587, -7.839891026476415 ], [ 112.031119235537943, -7.839903567644373 ], [ 112.031124486338697, -7.839912955334422 ], [ 112.031128137779078, -7.839919233925137 ], [ 112.031130082007635, -7.839922434430917 ], [ 112.031132030450351, -7.839925504689841 ], [ 112.031132236191382, -7.839925817115602 ], [ 112.031136132923933, -7.839931527129679 ], [ 112.031136319503219, -7.83993179257247 ], [ 112.031140431987467, -7.839937460454943 ], [ 112.031144663259951, -7.839943119002339 ], [ 112.031167876348178, -7.839973520333171 ], [ 112.031174414243694, -7.839981853030187 ], [ 112.031178961730816, -7.839987384184051 ], [ 112.031181342003151, -7.839990134124986 ], [ 112.031181588465671, -7.839990409369739 ], [ 112.031186381779293, -7.839995589006527 ], [ 112.031186632747634, -7.839995852482801 ], [ 112.031194146565326, -7.840003463775774 ], [ 112.031214467820945, -7.840023361914889 ], [ 112.031224729969921, -7.84003328722049 ], [ 112.031230036992852, -7.840038249442359 ], [ 112.031232830240327, -7.840040756891502 ], [ 112.031235682303731, -7.840043209026979 ], [ 112.031238566734544, -7.840045546221785 ], [ 112.031238932939004, -7.840045831121943 ], [ 112.031241738753067, -7.84004791708038 ], [ 112.031242212095648, -7.840048249652479 ], [ 112.031245188169109, -7.840050234803362 ], [ 112.031245586948074, -7.840050488873445 ], [ 112.031248787847133, -7.840052433679272 ], [ 112.031252071994089, -7.840054300501111 ], [ 112.031252358979941, -7.840054458071961 ], [ 112.031258847638838, -7.840057895260649 ], [ 112.031268711147149, -7.840062833662992 ], [ 112.031314321725816, -7.840085218527856 ], [ 112.031324231104449, -7.840090000351688 ], [ 112.03133101192077, -7.840093116658908 ], [ 112.031334560084787, -7.840094652720076 ], [ 112.031338170654664, -7.840096118083612 ], [ 112.031341898954309, -7.840097512614019 ], [ 112.031349009072585, -7.840099923571112 ], [ 112.03135611146763, -7.84010214461873 ], [ 112.031363147381413, -7.840104254585314 ], [ 112.031422302742996, -7.840121606632369 ], [ 112.03151618459826, -7.840149299775049 ], [ 112.03152672912519, -7.840152352595347 ], [ 112.03153742029744, -7.840155291099211 ], [ 112.03154798462856, -7.840157915175246 ], [ 112.031558476891945, -7.840160369396502 ], [ 112.031707592655181, -7.84019444626404 ], [ 112.031791544023292, -7.840213935252852 ], [ 112.031805755608076, -7.84021708309001 ], [ 112.031816646151768, -7.840219219781621 ], [ 112.031838217368502, -7.840222977254233 ], [ 112.032758877167282, -7.84037906463323 ], [ 112.032850048902091, -7.840394521878136 ], [ 112.032871371485584, -7.84039822292675 ], [ 112.032885429552607, -7.840400900803783 ], [ 112.033253927704564, -7.840475650683603 ], [ 112.0332543868534, -7.840475743616756 ], [ 112.033244991469502, -7.840509837064308 ], [ 112.033243811869681, -7.840509611140186 ], [ 112.032829878733295, -7.840430038169712 ], [ 112.032752303596368, -7.840415124599146 ], [ 112.031934575899129, -7.840257926722694 ], [ 112.031414200285084, -7.840155970026146 ], [ 112.031178118256349, -7.840102678136197 ], [ 112.031080554238585, -7.840079795496185 ], [ 112.031058229338655, -7.840074559291889 ], [ 112.031060772758636, -7.840058846901122 ], [ 112.031062893617062, -7.840045745702025 ], [ 112.031083263293823, -7.839919903622802 ], [ 112.031101190859346, -7.839867504647094 ] ] ], [ [ [ 112.031044178187258, -7.839726164834564 ], [ 112.031047324013997, -7.839703897539015 ], [ 112.03105660640685, -7.839638202138164 ], [ 112.031058752062393, -7.839623016189395 ], [ 112.031066509499041, -7.839568225500527 ], [ 112.031070891888703, -7.839537272742135 ], [ 112.031075145021333, -7.839507234669163 ], [ 112.03108954201889, -7.839405554331123 ], [ 112.031094581408254, -7.839369961192177 ], [ 112.031103081429947, -7.839309929378054 ], [ 112.031109553387736, -7.839264219503357 ], [ 112.031119190904207, -7.839196154555951 ], [ 112.031125078054814, -7.839154570269806 ], [ 112.031131615988642, -7.839108398979179 ], [ 112.031135121176405, -7.839083639125628 ], [ 112.031142775201829, -7.839029582174632 ], [ 112.031144225571126, -7.839019327923408 ], [ 112.03116054805588, -7.839020453763345 ], [ 112.031192168000928, -7.839022637405856 ], [ 112.031191471311544, -7.839023681908146 ], [ 112.031190676635447, -7.839025080278677 ], [ 112.031190088988339, -7.839026577628612 ], [ 112.031187708841529, -7.83903419143971 ], [ 112.031187348887215, -7.839035708129459 ], [ 112.031185223542053, -7.839049563626217 ], [ 112.031184887785102, -7.839051330781205 ], [ 112.031184682013347, -7.839053216097023 ], [ 112.031184207175002, -7.839055959462057 ], [ 112.031180352654914, -7.839087286262775 ], [ 112.03117670865484, -7.839115709358694 ], [ 112.031157741093239, -7.839261416312815 ], [ 112.031155858634619, -7.839275568769239 ], [ 112.031154372671125, -7.839286100764654 ], [ 112.031150599725393, -7.839310776258171 ], [ 112.031110955840489, -7.839565335601136 ], [ 112.031108826097125, -7.839579616186183 ], [ 112.031107865416175, -7.839586896408794 ], [ 112.031107438367073, -7.839590631805976 ], [ 112.031107068486932, -7.8395943797251 ], [ 112.031106475231553, -7.839601704269242 ], [ 112.031105798731232, -7.839612055207733 ], [ 112.031083682859631, -7.839760609748695 ], [ 112.031083560099304, -7.839762321212601 ], [ 112.03108360809982, -7.839769293271748 ], [ 112.031083711384284, -7.839772933310905 ], [ 112.031084037084952, -7.839779975235033 ], [ 112.031085165225477, -7.839797245093524 ], [ 112.031086273159488, -7.839811096292437 ], [ 112.031086997949217, -7.839818149901404 ], [ 112.031087462224107, -7.839821799005443 ], [ 112.03108799233226, -7.839825296005675 ], [ 112.031088048482204, -7.839825631408175 ], [ 112.031088678970079, -7.839829009683593 ], [ 112.031088773510263, -7.839829466184418 ], [ 112.031089308908733, -7.839831796469405 ], [ 112.031061487038173, -7.839913532835651 ], [ 112.031061041535125, -7.839915298450437 ], [ 112.031042921363223, -7.840027247647607 ], [ 112.031036103176973, -7.840069369629651 ], [ 112.031027406943281, -7.84006370301882 ], [ 112.031019819170439, -7.840056628224987 ], [ 112.031013567114712, -7.840048355421763 ], [ 112.031008836406102, -7.840039132870457 ], [ 112.031005769205549, -7.840029235166884 ], [ 112.031004456940494, -7.840018959641609 ], [ 112.031004939359889, -7.840008610986999 ], [ 112.03101781612672, -7.839912747080669 ], [ 112.03102284821594, -7.839877133158043 ], [ 112.03103495195711, -7.839791464866159 ], [ 112.031036954094958, -7.839777294932857 ], [ 112.031044178187258, -7.839726164834564 ] ] ] ] } }
]
}
